panel_id,utility_id_eia,display_name,state,iso_market,year,ownership,ownership_2024,residential_customers_2024,reporting_standard,reporting_other_standard,reliability_row_status,reliability_customers,routine_saidi_minutes,routine_saidi_per_100_minutes,residential_average_price_cents_kwh,real_residential_price_2024_cents_kwh,bundled_residential_customer_share_pct,included_residential_main_sample,included_residential_saidi_sample,commercial_average_price_cents_kwh,real_commercial_price_2024_cents_kwh,bundled_commercial_customer_share_pct,included_commercial_main_sample,included_commercial_saidi_sample,industrial_average_price_cents_kwh,real_industrial_price_2024_cents_kwh,bundled_industrial_customer_share_pct,included_industrial_main_sample,included_industrial_saidi_sample,analysis_excluded_fields,source_report,source_url,source_file_url
COOP_CT_7716,7716,Groton Dept of Utilities - (CT),CT,ISO-NE,2013,COOP,COOP,12284,,0.0,,,,,16.250727,21.88241644185,100.0,True,False,14.6599,19.740288345,100.0,True,False,10.613107,14.291079230849999,100.0,True,False,,"EIA Electric Sales, Revenue, and Average Price",https://www.eia.gov/electricity/sales_revenue_price/archive/f8612013.zip,
COOP_CT_7716,7716,Groton Dept of Utilities - (CT),CT,ISO-NE,2014,COOP,COOP,12284,,0.0,,,,,15.837987,20.986244508915394,100.0,True,False,14.034497,18.59651643871406,100.0,True,False,10.852258,14.37986657406861,100.0,True,False,,"EIA Electric Sales, Revenue, and Average Price",https://www.eia.gov/electricity/sales_revenue_price/archive/f8612014.zip,
COOP_CT_7716,7716,Groton Dept of Utilities - (CT),CT,ISO-NE,2015,COOP,COOP,12284,,0.0,,,,,15.925748,21.07743625546721,100.0,True,False,13.938642,18.447537801224655,100.0,True,False,10.956069,14.500156975860746,100.0,True,False,,"EIA Electric Sales, Revenue, and Average Price",https://www.eia.gov/electricity/sales_revenue_price/archive/f8612015.zip,
COOP_CT_7716,7716,Groton Dept of Utilities - (CT),CT,ISO-NE,2016,COOP,COOP,12284,,0.0,,,,,16.063847,20.995247049656886,100.0,True,False,14.56794,19.040115316373377,100.0,True,False,10.152669,13.269411360080367,100.0,True,False,,"EIA Electric Sales, Revenue, and Average Price",https://www.eia.gov/electricity/sales_revenue_price/archive/f8612016.zip,
COOP_CT_7716,7716,Groton Dept of Utilities - (CT),CT,ISO-NE,2017,COOP,COOP,12284,,0.0,,,,,15.917839,20.370616231978406,100.0,True,False,13.947898,17.8496137195997,100.0,True,False,9.6981065,12.411006650359719,100.0,True,False,,"EIA Electric Sales, Revenue, and Average Price",https://www.eia.gov/electricity/sales_revenue_price/archive/f8612017.zip,
COOP_CT_7716,7716,Groton Dept of Utilities - (CT),CT,ISO-NE,2018,COOP,COOP,12284,,0.0,,,,,15.671152,19.576764039298272,100.0,True,False,13.953676,17.431253460678537,100.0,True,False,9.7226686,12.145781561846537,100.0,True,False,,"EIA Electric Sales, Revenue, and Average Price",https://www.eia.gov/electricity/sales_revenue_price/archive/f8612018.zip,
COOP_CT_7716,7716,Groton Dept of Utilities - (CT),CT,ISO-NE,2019,COOP,COOP,12284,,0.0,,,,,15.946572,19.566136522483937,100.0,True,False,14.22183,17.449911327623127,100.0,True,False,9.7803069,12.00024808072805,100.0,True,False,,"EIA Electric Sales, Revenue, and Average Price",https://www.eia.gov/electricity/sales_revenue_price/archive/f8612019.zip,
COOP_CT_7716,7716,Groton Dept of Utilities - (CT),CT,ISO-NE,2020,COOP,COOP,12284,,0.0,,,,,15.96062,19.344878270535922,100.0,True,False,14.600523,17.69638899498641,100.0,True,False,10.695277,12.96308236363391,100.0,True,False,,"EIA Electric Sales, Revenue, and Average Price",https://www.eia.gov/electricity/sales_revenue_price/archive/f8612020.zip,
COOP_CT_7716,7716,Groton Dept of Utilities - (CT),CT,ISO-NE,2021,COOP,COOP,12284,,0.0,,,,,15.904849,18.41217560562424,100.0,True,False,14.937099,17.29186425011606,100.0,True,False,9.819787,11.367831449001875,100.0,True,False,,"EIA Electric Sales, Revenue, and Average Price",https://www.eia.gov/electricity/sales_revenue_price/archive/f8612021.zip,
COOP_CT_7716,7716,Groton Dept of Utilities - (CT),CT,ISO-NE,2022,COOP,COOP,12284,,0.0,,,,,17.676051,18.94646528111219,100.0,True,False,17.094451,18.32306448828268,100.0,True,False,10.954625,11.741956516764045,100.0,True,False,,"EIA Electric Sales, Revenue, and Average Price",https://www.eia.gov/electricity/sales_revenue_price/archive/f8612022.zip,
COOP_CT_7716,7716,Groton Dept of Utilities - (CT),CT,ISO-NE,2023,COOP,COOP,12284,,0.0,,,,,20.068337,20.660274461455536,100.0,True,False,19.431665,20.004823127250624,100.0,True,False,12.819499,13.197624088052478,100.0,True,False,,"EIA Electric Sales, Revenue, and Average Price",https://www.eia.gov/electricity/sales_revenue_price/archive/f8612023.zip,
COOP_CT_7716,7716,Groton Dept of Utilities - (CT),CT,ISO-NE,2024,COOP,COOP,12284,,0.0,,,,,18.704273,18.704273,100.0,True,False,17.984809,17.984809,100.0,True,False,13.539973,13.539973,100.0,True,False,,"EIA Electric Sales, Revenue, and Average Price",https://www.eia.gov/electricity/sales_revenue_price/xls/f8612024.zip,
COOP_CT_NORWICH,13831,Norwich Public Utilities,CT,ISO-NE,2013,COOP,COOP,18870,ieee_standard,0.0,reported,20900.0,42.0,0.42,16.241238,21.869639028899996,100.0,True,True,13.72676,18.483768678,100.0,True,True,12.964968,17.4579776604,100.0,True,True,,"EIA Electric Sales, Revenue, and Average Price",https://www.eia.gov/electricity/sales_revenue_price/archive/f8612013.zip,https://www.eia.gov/electricity/data/eia861/archive/zip/f8612013.zip
COOP_CT_NORWICH,13831,Norwich Public Utilities,CT,ISO-NE,2014,COOP,COOP,18870,ieee_standard,0.0,reported,20005.0,38.486,0.38486,17.735607,23.5007002478302,100.0,True,True,15.147182,20.07088811684478,100.0,True,True,14.087041,18.66614026347641,100.0,True,True,,"EIA Electric Sales, Revenue, and Average Price",https://www.eia.gov/electricity/sales_revenue_price/archive/f8612014.zip,https://www.eia.gov/electricity/data/eia861/archive/zip/f8612014.zip
COOP_CT_NORWICH,13831,Norwich Public Utilities,CT,ISO-NE,2015,COOP,COOP,18870,ieee_standard,0.0,reported,20049.0,27.123,0.27123,19.6232,25.97094636486048,100.0,True,True,16.826053,22.26897345974662,100.0,True,True,15.892936,21.034010173476307,100.0,True,True,,"EIA Electric Sales, Revenue, and Average Price",https://www.eia.gov/electricity/sales_revenue_price/archive/f8612015.zip,https://www.eia.gov/electricity/data/eia861/archive/zip/f8612015.zip
COOP_CT_NORWICH,13831,Norwich Public Utilities,CT,ISO-NE,2016,COOP,COOP,18870,ieee_standard,0.0,reported,20046.0,56.343,0.56343,19.69577,25.742124970638763,100.0,True,True,16.528121,21.60204735899327,100.0,True,True,15.482788,20.235810206450736,100.0,True,True,,"EIA Electric Sales, Revenue, and Average Price",https://www.eia.gov/electricity/sales_revenue_price/archive/f8612016.zip,https://www.eia.gov/electricity/data/eia861/archive/zip/f8612016.zip
COOP_CT_NORWICH,13831,Norwich Public Utilities,CT,ISO-NE,2017,COOP,COOP,18870,ieee_standard,0.0,reported,20175.0,48.52,0.4852,19.32797,24.734680342802292,100.0,True,True,16.162625,20.683877451982017,100.0,True,True,14.900964,19.069285669400596,100.0,True,True,,"EIA Electric Sales, Revenue, and Average Price",https://www.eia.gov/electricity/sales_revenue_price/archive/f8612017.zip,https://www.eia.gov/electricity/data/eia861/archive/zip/f8612017.zip
COOP_CT_NORWICH,13831,Norwich Public Utilities,CT,ISO-NE,2018,COOP,COOP,18870,ieee_standard,0.0,reported,20298.0,84.48,0.8448,19.461177,24.31135056669852,100.0,True,True,16.24962,20.29939958901949,100.0,True,True,14.737122,18.409952249352912,100.0,True,True,,"EIA Electric Sales, Revenue, and Average Price",https://www.eia.gov/electricity/sales_revenue_price/archive/f8612018.zip,https://www.eia.gov/electricity/data/eia861/archive/zip/f8612018.zip
COOP_CT_NORWICH,13831,Norwich Public Utilities,CT,ISO-NE,2019,COOP,COOP,18870,ieee_standard,0.0,reported,20456.0,94.71,0.9470999999999999,19.888324,24.40259026124197,100.0,True,True,16.356096,20.06861457815846,100.0,True,True,14.602853,17.91741920556745,100.0,True,True,,"EIA Electric Sales, Revenue, and Average Price",https://www.eia.gov/electricity/sales_revenue_price/archive/f8612019.zip,https://www.eia.gov/electricity/data/eia861/archive/zip/f8612019.zip
COOP_CT_NORWICH,13831,Norwich Public Utilities,CT,ISO-NE,2020,COOP,COOP,18870,ieee_standard,0.0,reported,20564.0,132.19,1.3219,19.796919,23.994618516489943,100.0,True,True,16.440398,19.926387447928853,100.0,True,True,15.580847,18.884578955381734,100.0,True,True,,"EIA Electric Sales, Revenue, and Average Price",https://www.eia.gov/electricity/sales_revenue_price/archive/f8612020.zip,https://www.eia.gov/electricity/data/eia861/archive/zip/f8612020.zip
COOP_CT_NORWICH,13831,Norwich Public Utilities,CT,ISO-NE,2021,COOP,COOP,18870,ieee_standard,0.0,reported,20642.0,113.441,1.13441,20.058157,23.220233590974743,100.0,True,True,16.635982,19.258568374714145,100.0,True,True,18.554659,21.479716016824568,100.0,True,True,,"EIA Electric Sales, Revenue, and Average Price",https://www.eia.gov/electricity/sales_revenue_price/archive/f8612021.zip,https://www.eia.gov/electricity/data/eia861/archive/zip/f8612021.zip
COOP_CT_NORWICH,13831,Norwich Public Utilities,CT,ISO-NE,2022,COOP,COOP,18870,ieee_standard,0.0,reported,20747.0,120.49,1.2048999999999999,22.809475,24.44883906297263,100.0,True,True,19.497934,20.899290773963987,100.0,True,True,17.52558,18.78517961966472,100.0,True,True,,"EIA Electric Sales, Revenue, and Average Price",https://www.eia.gov/electricity/sales_revenue_price/archive/f8612022.zip,https://www.eia.gov/electricity/data/eia861/archive/zip/f8612022.zip
COOP_CT_NORWICH,13831,Norwich Public Utilities,CT,ISO-NE,2023,COOP,COOP,18870,ieee_standard,0.0,reported,20808.0,153.15,1.5315,25.445149,26.19568138867864,100.0,True,True,22.270958,22.927864167297415,100.0,True,True,20.656368,21.2656500763779,100.0,True,True,,"EIA Electric Sales, Revenue, and Average Price",https://www.eia.gov/electricity/sales_revenue_price/archive/f8612023.zip,https://www.eia.gov/electricity/data/eia861/archive/zip/f8612023.zip
COOP_CT_NORWICH,13831,Norwich Public Utilities,CT,ISO-NE,2024,COOP,COOP,18870,ieee_standard,0.0,reported,20898.0,287.98,2.8798000000000004,22.782728,22.782728,100.0,True,True,20.309405,20.309405,100.0,True,True,18.361983,18.361983,100.0,True,True,,"EIA Electric Sales, Revenue, and Average Price",https://www.eia.gov/electricity/sales_revenue_price/xls/f8612024.zip,https://www.eia.gov/electricity/data/eia861/zip/f8612024.zip
COOP_CT_WALLINGFORD,20038,Wallingford Electric Division,CT,ISO-NE,2013,COOP,COOP,21405,other_standard,1.0,reported,24738.0,29.0,0.29,12.911938,17.3865701139,100.0,True,True,11.723661,15.786495719549999,100.0,True,True,10.169298,13.693468221899998,100.0,True,True,,"EIA Electric Sales, Revenue, and Average Price",https://www.eia.gov/electricity/sales_revenue_price/archive/f8612013.zip,https://www.eia.gov/electricity/data/eia861/archive/zip/f8612013.zip
COOP_CT_WALLINGFORD,20038,Wallingford Electric Division,CT,ISO-NE,2014,COOP,COOP,21405,other_standard,1.0,reported,24624.0,12.6,0.126,12.939094,17.145044405443706,100.0,True,True,11.703443,15.50773569861841,100.0,True,True,10.111978,13.398952958906538,100.0,True,True,,"EIA Electric Sales, Revenue, and Average Price",https://www.eia.gov/electricity/sales_revenue_price/archive/f8612014.zip,https://www.eia.gov/electricity/data/eia861/archive/zip/f8612014.zip
COOP_CT_WALLINGFORD,20038,Wallingford Electric Division,CT,ISO-NE,2015,COOP,COOP,21405,other_standard,1.0,reported,24738.0,9.2,0.092,12.797178,16.936831070343906,100.0,True,True,11.506997,15.229300109442418,100.0,True,True,9.4742623,12.539012905128608,100.0,True,True,,"EIA Electric Sales, Revenue, and Average Price",https://www.eia.gov/electricity/sales_revenue_price/archive/f8612015.zip,https://www.eia.gov/electricity/data/eia861/archive/zip/f8612015.zip
COOP_CT_WALLINGFORD,20038,Wallingford Electric Division,CT,ISO-NE,2016,COOP,COOP,21405,other_standard,1.0,reported,24777.0,52.5,0.525,12.874124,16.826318996185467,100.0,True,True,11.383569,14.878182259941568,100.0,True,True,8.971766,11.725985913692528,100.0,True,True,,"EIA Electric Sales, Revenue, and Average Price",https://www.eia.gov/electricity/sales_revenue_price/archive/f8612016.zip,https://www.eia.gov/electricity/data/eia861/archive/zip/f8612016.zip
COOP_CT_WALLINGFORD,20038,Wallingford Electric Division,CT,ISO-NE,2017,COOP,COOP,21405,other_standard,1.0,reported,24906.0,22.03,0.22030000000000002,13.522815,17.305620112192432,100.0,True,True,11.971335,15.320136801826632,100.0,True,True,9.4612458,12.107887714420125,100.0,True,True,,"EIA Electric Sales, Revenue, and Average Price",https://www.eia.gov/electricity/sales_revenue_price/archive/f8612017.zip,https://www.eia.gov/electricity/data/eia861/archive/zip/f8612017.zip
COOP_CT_WALLINGFORD,20038,Wallingford Electric Division,CT,ISO-NE,2018,COOP,COOP,21405,other_standard,1.0,reported,25018.0,29.54,0.2954,13.792815,17.23030219429266,100.0,True,True,11.982312,14.96858014453897,100.0,True,True,9.8895929,12.35430724225121,100.0,True,True,,"EIA Electric Sales, Revenue, and Average Price",https://www.eia.gov/electricity/sales_revenue_price/archive/f8612018.zip,https://www.eia.gov/electricity/data/eia861/archive/zip/f8612018.zip
COOP_CT_WALLINGFORD,20038,Wallingford Electric Division,CT,ISO-NE,2019,COOP,COOP,21405,other_standard,1.0,reported,25205.0,24.223,0.24223,14.111642,17.314712775160597,100.0,True,True,12.043705,14.777393929336187,100.0,True,True,9.7833646,12.003999819700214,100.0,True,True,,"EIA Electric Sales, Revenue, and Average Price",https://www.eia.gov/electricity/sales_revenue_price/archive/f8612019.zip,https://www.eia.gov/electricity/data/eia861/archive/zip/f8612019.zip
COOP_CT_WALLINGFORD,20038,Wallingford Electric Division,CT,ISO-NE,2020,COOP,COOP,21405,other_standard,1.0,reported,23325.0,19.534,0.19533999999999999,13.090255,15.865886757862429,100.0,True,True,11.035184,13.375062571063385,100.0,True,True,8.23801,9.98478133314731,100.0,True,True,,"EIA Electric Sales, Revenue, and Average Price",https://www.eia.gov/electricity/sales_revenue_price/archive/f8612020.zip,https://www.eia.gov/electricity/data/eia861/archive/zip/f8612020.zip
COOP_CT_WALLINGFORD,20038,Wallingford Electric Division,CT,ISO-NE,2021,COOP,COOP,21405,other_standard,1.0,reported,25429.0,31.68,0.31679999999999997,13.572951,15.712664565286541,100.0,True,True,11.342382,13.130456577743772,100.0,True,True,9.1523878,10.595219821601127,100.0,True,True,,"EIA Electric Sales, Revenue, and Average Price",https://www.eia.gov/electricity/sales_revenue_price/archive/f8612021.zip,https://www.eia.gov/electricity/data/eia861/archive/zip/f8612021.zip
COOP_CT_WALLINGFORD,20038,Wallingford Electric Division,CT,ISO-NE,2022,COOP,COOP,21405,other_standard,1.0,reported,25219.0,32.55,0.32549999999999996,15.807262,16.943362557193574,100.0,True,True,13.272448,14.226366241383152,100.0,True,True,11.722105,12.564596888979988,100.0,True,True,,"EIA Electric Sales, Revenue, and Average Price",https://www.eia.gov/electricity/sales_revenue_price/archive/f8612022.zip,https://www.eia.gov/electricity/data/eia861/archive/zip/f8612022.zip
COOP_CT_WALLINGFORD,20038,Wallingford Electric Division,CT,ISO-NE,2023,COOP,COOP,21405,other_standard,1.0,reported,25048.0,45.19,0.45189999999999997,16.727282,17.22067140461937,100.0,True,True,14.323681,14.746173574737954,100.0,True,True,12.037527,12.39258697206358,100.0,True,True,,"EIA Electric Sales, Revenue, and Average Price",https://www.eia.gov/electricity/sales_revenue_price/archive/f8612023.zip,https://www.eia.gov/electricity/data/eia861/archive/zip/f8612023.zip
COOP_CT_WALLINGFORD,20038,Wallingford Electric Division,CT,ISO-NE,2024,COOP,COOP,21405,other_standard,1.0,reported,25100.0,37.15,0.3715,15.651391,15.651391,100.0,True,True,12.821672,12.821672,100.0,True,True,11.010399,11.010399,100.0,True,True,,"EIA Electric Sales, Revenue, and Average Price",https://www.eia.gov/electricity/sales_revenue_price/xls/f8612024.zip,https://www.eia.gov/electricity/data/eia861/zip/f8612024.zip
COOP_MA_12473,12473,Town of Middleborough - (MA),MA,ISO-NE,2013,COOP,COOP,14884,,0.0,,,,,11.464752,15.4378618056,100.0,True,False,11.422207,15.38057283585,100.0,True,False,9.3741093,12.622706877915,100.0,True,False,,"EIA Electric Sales, Revenue, and Average Price",https://www.eia.gov/electricity/sales_revenue_price/archive/f8612013.zip,
COOP_MA_12473,12473,Town of Middleborough - (MA),MA,ISO-NE,2014,COOP,COOP,14884,,0.0,,,,,12.365228,16.384638920115723,100.0,True,False,12.131032,16.07431573832438,100.0,True,False,10.567939,14.003127531882862,100.0,True,False,,"EIA Electric Sales, Revenue, and Average Price",https://www.eia.gov/electricity/sales_revenue_price/archive/f8612014.zip,
COOP_MA_12473,12473,Town of Middleborough - (MA),MA,ISO-NE,2015,COOP,COOP,14884,,0.0,,,,,12.878991,17.04510907978927,100.0,True,False,12.796672,16.93616138859676,100.0,True,False,10.600277,14.029272769969433,100.0,True,False,,"EIA Electric Sales, Revenue, and Average Price",https://www.eia.gov/electricity/sales_revenue_price/archive/f8612015.zip,
COOP_MA_12473,12473,Town of Middleborough - (MA),MA,ISO-NE,2016,COOP,COOP,14884,,0.0,,,,,12.9023,16.863144675667545,100.0,True,False,12.807037,16.738637126529937,100.0,True,False,10.507288,13.732893956341542,100.0,True,False,,"EIA Electric Sales, Revenue, and Average Price",https://www.eia.gov/electricity/sales_revenue_price/archive/f8612016.zip,
COOP_MA_12473,12473,Town of Middleborough - (MA),MA,ISO-NE,2017,COOP,COOP,14884,,0.0,,,,,12.913216,16.525494915273566,100.0,True,False,12.85308,16.448536769276096,100.0,True,False,10.833234,13.863669080031551,100.0,True,False,,"EIA Electric Sales, Revenue, and Average Price",https://www.eia.gov/electricity/sales_revenue_price/archive/f8612017.zip,
COOP_MA_12473,12473,Town of Middleborough - (MA),MA,ISO-NE,2018,COOP,COOP,14884,,0.0,,,,,14.34675,17.922290555333934,100.0,True,False,14.301108,17.86527351764062,100.0,True,False,12.364991,15.44663156576152,100.0,True,False,,"EIA Electric Sales, Revenue, and Average Price",https://www.eia.gov/electricity/sales_revenue_price/archive/f8612018.zip,
COOP_MA_12473,12473,Town of Middleborough - (MA),MA,ISO-NE,2019,COOP,COOP,14884,,0.0,,,,,14.900228,18.282292599571733,100.0,True,False,15.012075,18.419526713062098,100.0,True,False,12.709176,15.593914021413275,100.0,True,False,,"EIA Electric Sales, Revenue, and Average Price",https://www.eia.gov/electricity/sales_revenue_price/archive/f8612019.zip,
COOP_MA_12473,12473,Town of Middleborough - (MA),MA,ISO-NE,2020,COOP,COOP,14884,,0.0,,,,,14.386278,17.436715909287297,100.0,True,False,14.478344,17.548303401681398,100.0,True,False,12.099262,14.664765563826531,100.0,True,False,,"EIA Electric Sales, Revenue, and Average Price",https://www.eia.gov/electricity/sales_revenue_price/archive/f8612020.zip,
COOP_MA_12473,12473,Town of Middleborough - (MA),MA,ISO-NE,2021,COOP,COOP,14884,,0.0,,,,,14.398104,16.667899156794306,100.0,True,False,14.171889,16.406022398038136,100.0,True,False,12.393268,14.347009942915113,100.0,True,False,,"EIA Electric Sales, Revenue, and Average Price",https://www.eia.gov/electricity/sales_revenue_price/archive/f8612021.zip,
COOP_MA_12473,12473,Town of Middleborough - (MA),MA,ISO-NE,2022,COOP,COOP,14884,,0.0,,,,,14.430328,15.467465467657966,100.0,True,False,13.99643,15.002382322528774,100.0,True,False,12.818635,13.73993676408546,100.0,True,False,,"EIA Electric Sales, Revenue, and Average Price",https://www.eia.gov/electricity/sales_revenue_price/archive/f8612022.zip,
COOP_MA_12473,12473,Town of Middleborough - (MA),MA,ISO-NE,2023,COOP,COOP,14884,,0.0,,,,,14.513991,14.942096975504025,100.0,True,False,14.025314,14.439005915043923,100.0,True,False,12.799487,13.177021812312208,100.0,True,False,,"EIA Electric Sales, Revenue, and Average Price",https://www.eia.gov/electricity/sales_revenue_price/archive/f8612023.zip,
COOP_MA_12473,12473,Town of Middleborough - (MA),MA,ISO-NE,2024,COOP,COOP,14884,,0.0,,,,,15.836386,15.836386,100.0,True,False,14.945468,14.945468,100.0,True,False,13.606023,13.606023,100.0,True,False,,"EIA Electric Sales, Revenue, and Average Price",https://www.eia.gov/electricity/sales_revenue_price/xls/f8612024.zip,
COOP_MA_13679,13679,Town of North Attleborough - (MA),MA,ISO-NE,2013,COOP,COOP,12607,,0.0,,,,,13.143878,17.6988889209,100.0,True,False,13.571655,18.274912040249998,100.0,True,False,12.634365,17.01280419075,100.0,True,False,,"EIA Electric Sales, Revenue, and Average Price",https://www.eia.gov/electricity/sales_revenue_price/archive/f8612013.zip,
COOP_MA_13679,13679,Town of North Attleborough - (MA),MA,ISO-NE,2014,COOP,COOP,12607,,0.0,,,,,15.098109,20.005863566894963,100.0,True,False,15.37922,20.378351824408103,100.0,True,False,14.437446,19.13044705998701,100.0,True,False,,"EIA Electric Sales, Revenue, and Average Price",https://www.eia.gov/electricity/sales_revenue_price/archive/f8612014.zip,
COOP_MA_13679,13679,Town of North Attleborough - (MA),MA,ISO-NE,2015,COOP,COOP,12607,,0.0,,,,,15.754953,20.851392196170746,100.0,True,False,15.878711,21.015183646098503,100.0,True,False,15.006184,19.860410116863076,100.0,True,False,,"EIA Electric Sales, Revenue, and Average Price",https://www.eia.gov/electricity/sales_revenue_price/archive/f8612015.zip,
COOP_MA_13679,13679,Town of North Attleborough - (MA),MA,ISO-NE,2016,COOP,COOP,12607,,0.0,,,,,15.853942,20.72090384083784,100.0,True,False,15.484469,20.23800725241927,100.0,True,False,14.650126,19.147531390121035,100.0,True,False,,"EIA Electric Sales, Revenue, and Average Price",https://www.eia.gov/electricity/sales_revenue_price/archive/f8612016.zip,
COOP_MA_13679,13679,Town of North Attleborough - (MA),MA,ISO-NE,2017,COOP,COOP,12607,,0.0,,,,,15.8813,20.323855993575425,100.0,True,False,14.655526,18.75519006215489,100.0,True,False,14.70813,18.822509243877175,100.0,True,False,,"EIA Electric Sales, Revenue, and Average Price",https://www.eia.gov/electricity/sales_revenue_price/archive/f8612017.zip,
COOP_MA_13679,13679,Town of North Attleborough - (MA),MA,ISO-NE,2018,COOP,COOP,12607,,0.0,,,,,15.82929,19.77431367136403,100.0,True,False,15.52746,19.39726068317392,100.0,True,False,14.678515,18.336739035030757,100.0,True,False,,"EIA Electric Sales, Revenue, and Average Price",https://www.eia.gov/electricity/sales_revenue_price/archive/f8612018.zip,
COOP_MA_13679,13679,Town of North Attleborough - (MA),MA,ISO-NE,2019,COOP,COOP,12607,,0.0,,,,,15.945786,19.56517211563169,100.0,True,False,17.08299,20.960499507494646,100.0,True,False,14.586258,17.89705746038544,100.0,True,False,,"EIA Electric Sales, Revenue, and Average Price",https://www.eia.gov/electricity/sales_revenue_price/archive/f8612019.zip,
COOP_MA_13679,13679,Town of North Attleborough - (MA),MA,ISO-NE,2020,COOP,COOP,12607,,0.0,,,,,15.086618,18.28555461655475,100.0,True,False,16.401948,19.879784586041154,100.0,True,False,14.032231,17.00759748424814,100.0,True,False,,"EIA Electric Sales, Revenue, and Average Price",https://www.eia.gov/electricity/sales_revenue_price/archive/f8612020.zip,
COOP_MA_13679,13679,Town of North Attleborough - (MA),MA,ISO-NE,2021,COOP,COOP,12607,,0.0,,,,,14.582379,16.881224266622535,100.0,True,False,15.705416,18.181302906514897,100.0,True,False,13.496078,15.6236728888908,100.0,True,False,,"EIA Electric Sales, Revenue, and Average Price",https://www.eia.gov/electricity/sales_revenue_price/archive/f8612021.zip,
COOP_MA_13679,13679,Town of North Attleborough - (MA),MA,ISO-NE,2022,COOP,COOP,12607,,0.0,,,,,15.463801,16.57521630597965,100.0,True,False,16.650977,17.84771709626192,100.0,True,False,14.387411,15.42146393425724,100.0,True,False,,"EIA Electric Sales, Revenue, and Average Price",https://www.eia.gov/electricity/sales_revenue_price/archive/f8612022.zip,
COOP_MA_13679,13679,Town of North Attleborough - (MA),MA,ISO-NE,2023,COOP,COOP,12607,,0.0,,,,,15.927139,16.396927315190716,100.0,True,False,17.180782,17.687547881144063,100.0,True,False,14.620338,15.051580796119177,100.0,True,False,,"EIA Electric Sales, Revenue, and Average Price",https://www.eia.gov/electricity/sales_revenue_price/archive/f8612023.zip,
COOP_MA_13679,13679,Town of North Attleborough - (MA),MA,ISO-NE,2024,COOP,COOP,12607,,0.0,,,,,15.905916,15.905916,100.0,True,False,15.812798,15.812798,100.0,True,False,14.996402,14.996402,100.0,True,False,,"EIA Electric Sales, Revenue, and Average Price",https://www.eia.gov/electricity/sales_revenue_price/xls/f8612024.zip,
COOP_MA_13839,13839,City of Norwood - (MA),MA,ISO-NE,2013,COOP,COOP,13601,,0.0,,,,,13.803683,18.587349343649997,100.0,True,False,17.183167,23.13799352385,100.0,True,False,13.459434,18.123800852699997,100.0,True,False,,"EIA Electric Sales, Revenue, and Average Price",https://www.eia.gov/electricity/sales_revenue_price/archive/f8612013.zip,
COOP_MA_13839,13839,City of Norwood - (MA),MA,ISO-NE,2014,COOP,COOP,13601,,0.0,,,,,13.61472,18.04028774871583,100.0,True,False,16.584875,21.97591410447541,100.0,True,False,13.139138,17.410114221231623,100.0,True,False,,"EIA Electric Sales, Revenue, and Average Price",https://www.eia.gov/electricity/sales_revenue_price/archive/f8612014.zip,
COOP_MA_13839,13839,City of Norwood - (MA),MA,ISO-NE,2015,COOP,COOP,13601,,0.0,,,,,14.118461,18.685524959505813,100.0,True,False,16.173874,21.405826479168102,100.0,True,False,13.657813,18.07586575503966,100.0,True,False,,"EIA Electric Sales, Revenue, and Average Price",https://www.eia.gov/electricity/sales_revenue_price/archive/f8612015.zip,
COOP_MA_13839,13839,City of Norwood - (MA),MA,ISO-NE,2016,COOP,COOP,13601,,0.0,,,,,14.127393,18.464325899181766,100.0,True,False,16.270751,21.265667989022297,100.0,True,False,13.687229,17.889037058198337,100.0,True,False,,"EIA Electric Sales, Revenue, and Average Price",https://www.eia.gov/electricity/sales_revenue_price/archive/f8612016.zip,
COOP_MA_13839,13839,City of Norwood - (MA),MA,ISO-NE,2017,COOP,COOP,13601,,0.0,,,,,14.646605,18.743773545917637,100.0,True,False,16.911293,21.641974120327692,100.0,True,False,14.103237,18.04840648002775,100.0,True,False,,"EIA Electric Sales, Revenue, and Average Price",https://www.eia.gov/electricity/sales_revenue_price/archive/f8612017.zip,
COOP_MA_13839,13839,City of Norwood - (MA),MA,ISO-NE,2018,COOP,COOP,13601,,0.0,,,,,16.242569,20.290591317410545,100.0,True,False,18.756464,23.431006855117776,100.0,True,False,15.561686,19.44001659071722,100.0,True,False,,"EIA Electric Sales, Revenue, and Average Price",https://www.eia.gov/electricity/sales_revenue_price/archive/f8612018.zip,
COOP_MA_13839,13839,City of Norwood - (MA),MA,ISO-NE,2019,COOP,COOP,13601,,0.0,,,,,17.7331,21.758171948608137,100.0,True,False,20.152254,24.72642728479657,100.0,True,False,16.810886,20.62663314346895,100.0,True,False,,"EIA Electric Sales, Revenue, and Average Price",https://www.eia.gov/electricity/sales_revenue_price/archive/f8612019.zip,
COOP_MA_13839,13839,City of Norwood - (MA),MA,ISO-NE,2020,COOP,COOP,13601,,0.0,,,,,17.560202,21.28363247142163,100.0,True,False,19.968206,24.202224872905003,100.0,True,False,16.54423,20.052235779672,100.0,True,False,,"EIA Electric Sales, Revenue, and Average Price",https://www.eia.gov/electricity/sales_revenue_price/archive/f8612020.zip,
COOP_MA_13839,13839,City of Norwood - (MA),MA,ISO-NE,2021,COOP,COOP,13601,,0.0,,,,,17.282717,20.007258185620454,100.0,True,False,19.411175,22.471257841649617,100.0,True,False,16.003646,18.526547500214928,100.0,True,False,,"EIA Electric Sales, Revenue, and Average Price",https://www.eia.gov/electricity/sales_revenue_price/archive/f8612021.zip,
COOP_MA_13839,13839,City of Norwood - (MA),MA,ISO-NE,2022,COOP,COOP,13601,,0.0,,,,,17.254621,18.494746236885675,100.0,True,False,19.347345,20.737878631612883,100.0,True,False,15.780906,16.91511229705634,100.0,True,False,,"EIA Electric Sales, Revenue, and Average Price",https://www.eia.gov/electricity/sales_revenue_price/archive/f8612022.zip,
COOP_MA_13839,13839,City of Norwood - (MA),MA,ISO-NE,2023,COOP,COOP,13601,,0.0,,,,,18.04366,18.57587740773871,100.0,True,False,19.720037,20.301700973531503,100.0,True,False,16.160637,16.637312593064063,100.0,True,False,,"EIA Electric Sales, Revenue, and Average Price",https://www.eia.gov/electricity/sales_revenue_price/archive/f8612023.zip,
COOP_MA_13839,13839,City of Norwood - (MA),MA,ISO-NE,2024,COOP,COOP,13601,,0.0,,,,,17.66734,17.66734,100.0,True,False,19.572329,19.572329,100.0,True,False,15.617086,15.617086,100.0,True,False,,"EIA Electric Sales, Revenue, and Average Price",https://www.eia.gov/electricity/sales_revenue_price/xls/f8612024.zip,
COOP_MA_17127,17127,Town of Shrewsbury - (MA),MA,ISO-NE,2013,COOP,COOP,15713,,0.0,,,,,11.579563,15.59246055765,100.0,True,False,11.91114,16.038945567,100.0,True,False,10.385593,13.98472025415,100.0,True,False,,"EIA Electric Sales, Revenue, and Average Price",https://www.eia.gov/electricity/sales_revenue_price/archive/f8612013.zip,
COOP_MA_17127,17127,Town of Shrewsbury - (MA),MA,ISO-NE,2014,COOP,COOP,15713,,0.0,,,,,11.758476,15.580657591663224,100.0,True,False,11.937911,15.81841929606778,100.0,True,False,10.74708,14.240499669362935,100.0,True,False,,"EIA Electric Sales, Revenue, and Average Price",https://www.eia.gov/electricity/sales_revenue_price/archive/f8612014.zip,
COOP_MA_17127,17127,Town of Shrewsbury - (MA),MA,ISO-NE,2015,COOP,COOP,15713,,0.0,,,,,12.563051,16.626968267153515,100.0,True,False,12.66469,16.761485625055286,100.0,True,False,11.397433,15.084294158959338,100.0,True,False,,"EIA Electric Sales, Revenue, and Average Price",https://www.eia.gov/electricity/sales_revenue_price/archive/f8612015.zip,
COOP_MA_17127,17127,Town of Shrewsbury - (MA),MA,ISO-NE,2016,COOP,COOP,15713,,0.0,,,,,11.933951,15.59752464795636,100.0,True,False,12.107653,15.824550988721404,100.0,True,False,10.820332,14.142038547759325,100.0,True,False,,"EIA Electric Sales, Revenue, and Average Price",https://www.eia.gov/electricity/sales_revenue_price/archive/f8612016.zip,
COOP_MA_17127,17127,Town of Shrewsbury - (MA),MA,ISO-NE,2017,COOP,COOP,15713,,0.0,,,,,11.18128,14.309075739633721,100.0,True,False,11.445703,14.647467116497657,100.0,True,False,10.098479,12.923377365212266,100.0,True,False,,"EIA Electric Sales, Revenue, and Average Price",https://www.eia.gov/electricity/sales_revenue_price/archive/f8612017.zip,
COOP_MA_17127,17127,Town of Shrewsbury - (MA),MA,ISO-NE,2018,COOP,COOP,15713,,0.0,,,,,11.510889,14.379667674434787,100.0,True,False,11.72327,14.644978911504671,100.0,True,False,10.352025,12.93198807298383,100.0,True,False,,"EIA Electric Sales, Revenue, and Average Price",https://www.eia.gov/electricity/sales_revenue_price/archive/f8612018.zip,
COOP_MA_17127,17127,Town of Shrewsbury - (MA),MA,ISO-NE,2019,COOP,COOP,15713,,0.0,,,,,12.04285,14.776344860813703,100.0,True,False,12.004356,14.729113464668092,100.0,True,False,10.684142,13.109236329764453,100.0,True,False,,"EIA Electric Sales, Revenue, and Average Price",https://www.eia.gov/electricity/sales_revenue_price/archive/f8612019.zip,
COOP_MA_17127,17127,Town of Shrewsbury - (MA),MA,ISO-NE,2020,COOP,COOP,15713,,0.0,,,,,12.149512,14.725670474355974,100.0,True,False,11.96571,14.502895462114529,100.0,True,False,10.732957,13.008751956245838,100.0,True,False,,"EIA Electric Sales, Revenue, and Average Price",https://www.eia.gov/electricity/sales_revenue_price/archive/f8612020.zip,
COOP_MA_17127,17127,Town of Shrewsbury - (MA),MA,ISO-NE,2021,COOP,COOP,15713,,0.0,,,,,12.152778,14.06860779578397,100.0,True,False,11.944633,13.827649689772864,100.0,True,False,10.680824,12.364606988772158,100.0,True,False,,"EIA Electric Sales, Revenue, and Average Price",https://www.eia.gov/electricity/sales_revenue_price/archive/f8612021.zip,
COOP_MA_17127,17127,Town of Shrewsbury - (MA),MA,ISO-NE,2022,COOP,COOP,15713,,0.0,,,,,13.523366,14.495318236113542,100.0,True,False,13.589385,14.566082157952971,100.0,True,False,11.358041,12.174366857617054,100.0,True,False,,"EIA Electric Sales, Revenue, and Average Price",https://www.eia.gov/electricity/sales_revenue_price/archive/f8612022.zip,
COOP_MA_17127,17127,Town of Shrewsbury - (MA),MA,ISO-NE,2023,COOP,COOP,15713,,0.0,,,,,16.99918,17.500589332324136,100.0,True,False,15.734927,16.199045812862682,100.0,True,False,14.168435,14.586348424849195,100.0,True,False,,"EIA Electric Sales, Revenue, and Average Price",https://www.eia.gov/electricity/sales_revenue_price/archive/f8612023.zip,
COOP_MA_17127,17127,Town of Shrewsbury - (MA),MA,ISO-NE,2024,COOP,COOP,15713,,0.0,,,,,14.272446,14.272446,100.0,True,False,14.593243,14.593243,100.0,True,False,12.109957,12.109957,100.0,True,False,,"EIA Electric Sales, Revenue, and Average Price",https://www.eia.gov/electricity/sales_revenue_price/xls/f8612024.zip,
COOP_MA_20481,20481,City of Westfield - (MA),MA,ISO-NE,2013,COOP,COOP,16200,,0.0,,,,,13.5581,18.256659555,100.0,True,False,13.651407,18.38230209585,100.0,True,False,11.475333,15.452109651149998,100.0,True,False,,"EIA Electric Sales, Revenue, and Average Price",https://www.eia.gov/electricity/sales_revenue_price/archive/f8612013.zip,
COOP_MA_20481,20481,City of Westfield - (MA),MA,ISO-NE,2014,COOP,COOP,16200,,0.0,,,,,14.687062,19.461202629450316,100.0,True,False,14.532895,19.256922479630397,100.0,True,False,12.188559,16.150542324939483,100.0,True,False,,"EIA Electric Sales, Revenue, and Average Price",https://www.eia.gov/electricity/sales_revenue_price/archive/f8612014.zip,
COOP_MA_20481,20481,City of Westfield - (MA),MA,ISO-NE,2015,COOP,COOP,16200,,0.0,,,,,14.05611,18.603004551173054,100.0,True,False,14.399295,19.05720362309938,100.0,True,False,12.464237,16.49618974509303,100.0,True,False,,"EIA Electric Sales, Revenue, and Average Price",https://www.eia.gov/electricity/sales_revenue_price/archive/f8612015.zip,
COOP_MA_20481,20481,City of Westfield - (MA),MA,ISO-NE,2016,COOP,COOP,16200,,0.0,,,,,13.899372,18.16630530501713,100.0,True,False,14.493014,18.942187971793803,100.0,True,False,12.361395,16.15618860808332,100.0,True,False,,"EIA Electric Sales, Revenue, and Average Price",https://www.eia.gov/electricity/sales_revenue_price/archive/f8612016.zip,
COOP_MA_20481,20481,City of Westfield - (MA),MA,ISO-NE,2017,COOP,COOP,16200,,0.0,,,,,13.834132,17.704023383735187,100.0,True,False,14.264673,18.255001784957376,100.0,True,False,12.294035,15.733107297260052,100.0,True,False,,"EIA Electric Sales, Revenue, and Average Price",https://www.eia.gov/electricity/sales_revenue_price/archive/f8612017.zip,
COOP_MA_20481,20481,City of Westfield - (MA),MA,ISO-NE,2018,COOP,COOP,16200,,0.0,,,,,13.497883,16.861866346587377,100.0,True,False,14.173241,17.70553911602082,100.0,True,False,12.21336,15.257210627974507,100.0,True,False,,"EIA Electric Sales, Revenue, and Average Price",https://www.eia.gov/electricity/sales_revenue_price/archive/f8612018.zip,
COOP_MA_20481,20481,City of Westfield - (MA),MA,ISO-NE,2019,COOP,COOP,16200,,0.0,,,,,14.125057,17.331172721627407,100.0,True,False,15.151362,18.590429177730194,100.0,True,False,12.929196,15.863874321199141,100.0,True,False,,"EIA Electric Sales, Revenue, and Average Price",https://www.eia.gov/electricity/sales_revenue_price/archive/f8612019.zip,
COOP_MA_20481,20481,City of Westfield - (MA),MA,ISO-NE,2020,COOP,COOP,16200,,0.0,,,,,14.454366,17.519241154026176,100.0,True,False,15.778326,19.123931011629374,100.0,True,False,12.822673,15.541567200264632,100.0,True,False,,"EIA Electric Sales, Revenue, and Average Price",https://www.eia.gov/electricity/sales_revenue_price/archive/f8612020.zip,
COOP_MA_20481,20481,City of Westfield - (MA),MA,ISO-NE,2021,COOP,COOP,16200,,0.0,,,,,15.26174,17.667683417011983,100.0,True,False,16.266592,18.830945732904624,100.0,True,False,13.560807,15.698606119302259,100.0,True,False,,"EIA Electric Sales, Revenue, and Average Price",https://www.eia.gov/electricity/sales_revenue_price/archive/f8612021.zip,
COOP_MA_20481,20481,City of Westfield - (MA),MA,ISO-NE,2022,COOP,COOP,16200,,0.0,,,,,17.362071,18.60991889023769,100.0,True,False,18.327687,19.644935705865027,100.0,True,False,15.801894,16.937608747950264,100.0,True,False,,"EIA Electric Sales, Revenue, and Average Price",https://www.eia.gov/electricity/sales_revenue_price/archive/f8612022.zip,
COOP_MA_20481,20481,City of Westfield - (MA),MA,ISO-NE,2023,COOP,COOP,16200,,0.0,,,,,18.228703,18.766378452602122,100.0,True,False,19.738,20.320193811784673,100.0,True,False,17.10311,17.607584860891308,100.0,True,False,,"EIA Electric Sales, Revenue, and Average Price",https://www.eia.gov/electricity/sales_revenue_price/archive/f8612023.zip,
COOP_MA_20481,20481,City of Westfield - (MA),MA,ISO-NE,2024,COOP,COOP,16200,,0.0,,,,,17.587449,17.587449,100.0,True,False,20.242565,20.242565,100.0,True,False,17.767779,17.767779,100.0,True,False,,"EIA Electric Sales, Revenue, and Average Price",https://www.eia.gov/electricity/sales_revenue_price/xls/f8612024.zip,
COOP_MA_2144,2144,Town of Braintree - (MA),MA,ISO-NE,2013,COOP,COOP,14039,,0.0,,,,,13.1764,17.742681419999997,100.0,True,False,14.39481,19.383331405499998,100.0,True,False,13.193534,17.765753207699998,100.0,True,False,,"EIA Electric Sales, Revenue, and Average Price",https://www.eia.gov/electricity/sales_revenue_price/archive/f8612013.zip,
COOP_MA_2144,2144,Town of Braintree - (MA),MA,ISO-NE,2014,COOP,COOP,14039,,0.0,,,,,13.043036,17.282773538997464,100.0,True,False,14.285387,18.9289601315168,100.0,True,False,12.912528,17.109842926138043,100.0,True,False,,"EIA Electric Sales, Revenue, and Average Price",https://www.eia.gov/electricity/sales_revenue_price/archive/f8612014.zip,
COOP_MA_2144,2144,Town of Braintree - (MA),MA,ISO-NE,2015,COOP,COOP,14039,,0.0,,,,,13.870137,18.3568726864256,100.0,True,False,14.682496,19.43201496790934,100.0,True,False,13.430442,17.774944394307223,100.0,True,False,,"EIA Electric Sales, Revenue, and Average Price",https://www.eia.gov/electricity/sales_revenue_price/archive/f8612015.zip,
COOP_MA_2144,2144,Town of Braintree - (MA),MA,ISO-NE,2016,COOP,COOP,14039,,0.0,,,,,14.187749,18.543210436050742,100.0,True,False,15.070286,19.69667525338018,100.0,True,False,13.378562,17.485613151018665,100.0,True,False,,"EIA Electric Sales, Revenue, and Average Price",https://www.eia.gov/electricity/sales_revenue_price/archive/f8612016.zip,
COOP_MA_2144,2144,Town of Braintree - (MA),MA,ISO-NE,2017,COOP,COOP,14039,,0.0,,,,,14.119427,18.069125390226286,100.0,True,False,15.213621,19.469403785888748,100.0,True,False,13.392624,17.13901012839642,100.0,True,False,,"EIA Electric Sales, Revenue, and Average Price",https://www.eia.gov/electricity/sales_revenue_price/archive/f8612017.zip,
COOP_MA_2144,2144,Town of Braintree - (MA),MA,ISO-NE,2018,COOP,COOP,14039,,0.0,,,,,14.094802,17.60755131049902,100.0,True,False,15.277589,19.08511607457951,100.0,True,False,13.614141,17.00709851801171,100.0,True,False,,"EIA Electric Sales, Revenue, and Average Price",https://www.eia.gov/electricity/sales_revenue_price/archive/f8612018.zip,
COOP_MA_2144,2144,Town of Braintree - (MA),MA,ISO-NE,2019,COOP,COOP,14039,,0.0,,,,,14.319506,17.569757897216274,100.0,True,False,15.355454,18.840846128479658,100.0,True,False,13.780968,16.908982149892932,100.0,True,False,,"EIA Electric Sales, Revenue, and Average Price",https://www.eia.gov/electricity/sales_revenue_price/archive/f8612019.zip,
COOP_MA_2144,2144,Town of Braintree - (MA),MA,ISO-NE,2020,COOP,COOP,14039,,0.0,,,,,14.261032,17.284912995373453,100.0,True,False,15.305701,18.55109154219698,100.0,True,False,13.740628,16.65416356136024,100.0,True,False,,"EIA Electric Sales, Revenue, and Average Price",https://www.eia.gov/electricity/sales_revenue_price/archive/f8612020.zip,
COOP_MA_2144,2144,Town of Braintree - (MA),MA,ISO-NE,2021,COOP,COOP,14039,,0.0,,,,,14.327091,16.585691282561598,100.0,True,False,15.42353,17.85497886956447,100.0,True,False,13.697445,15.856784474243023,100.0,True,False,,"EIA Electric Sales, Revenue, and Average Price",https://www.eia.gov/electricity/sales_revenue_price/archive/f8612021.zip,
COOP_MA_2144,2144,Town of Braintree - (MA),MA,ISO-NE,2022,COOP,COOP,14039,,0.0,,,,,14.736295,15.795422947678027,100.0,True,False,15.78987,16.924720558244314,100.0,True,False,14.180093,15.199245561547768,100.0,True,False,,"EIA Electric Sales, Revenue, and Average Price",https://www.eia.gov/electricity/sales_revenue_price/archive/f8612022.zip,
COOP_MA_2144,2144,Town of Braintree - (MA),MA,ISO-NE,2023,COOP,COOP,14039,,0.0,,,,,15.808419,16.274705539461916,100.0,True,False,16.817376,17.313422825294158,100.0,True,False,15.190381,15.638437835386133,100.0,True,False,,"EIA Electric Sales, Revenue, and Average Price",https://www.eia.gov/electricity/sales_revenue_price/archive/f8612023.zip,
COOP_MA_2144,2144,Town of Braintree - (MA),MA,ISO-NE,2024,COOP,COOP,14039,,0.0,,,,,15.787043,15.787043,100.0,True,False,16.767541,16.767541,100.0,True,False,15.126234,15.126234,100.0,True,False,,"EIA Electric Sales, Revenue, and Average Price",https://www.eia.gov/electricity/sales_revenue_price/xls/f8612024.zip,
COOP_MA_5480,5480,Town of Danvers,MA,ISO-NE,2013,COOP,COOP,11594,,0.0,,,,,15.613541,21.024413633549997,100.0,True,False,14.485119,19.504936989449998,100.0,True,False,12.994816,17.4981694848,100.0,True,False,,"EIA Electric Sales, Revenue, and Average Price",https://www.eia.gov/electricity/sales_revenue_price/archive/f8612013.zip,
COOP_MA_5480,5480,Town of Danvers,MA,ISO-NE,2014,COOP,COOP,11594,,0.0,,,,,15.832069,20.97840281823818,100.0,True,False,14.949901,19.80947943511248,100.0,True,False,13.486051,17.869793916720788,100.0,True,False,,"EIA Electric Sales, Revenue, and Average Price",https://www.eia.gov/electricity/sales_revenue_price/archive/f8612014.zip,
COOP_MA_5480,5480,Town of Danvers,MA,ISO-NE,2015,COOP,COOP,11594,,0.0,,,,,16.190212,21.427449523407013,100.0,True,False,15.258125,20.19384942330185,100.0,True,False,13.673036,18.096013117167765,100.0,True,False,,"EIA Electric Sales, Revenue, and Average Price",https://www.eia.gov/electricity/sales_revenue_price/archive/f8612015.zip,
COOP_MA_5480,5480,Town of Danvers,MA,ISO-NE,2016,COOP,COOP,11594,,0.0,,,,,15.890585,20.768795783386878,100.0,True,False,14.970427,19.566160789744437,100.0,True,False,13.350587,17.44905017602182,100.0,True,False,,"EIA Electric Sales, Revenue, and Average Price",https://www.eia.gov/electricity/sales_revenue_price/archive/f8612016.zip,
COOP_MA_5480,5480,Town of Danvers,MA,ISO-NE,2017,COOP,COOP,11594,,0.0,,,,,15.224701,19.48358325006415,100.0,True,False,14.755,18.88249042491518,100.0,True,False,12.881158,16.484469169557407,100.0,True,False,,"EIA Electric Sales, Revenue, and Average Price",https://www.eia.gov/electricity/sales_revenue_price/archive/f8612017.zip,
COOP_MA_5480,5480,Town of Danvers,MA,ISO-NE,2018,COOP,COOP,11594,,0.0,,,,,14.487022,18.09752156868384,100.0,True,False,13.963986,17.444132950153538,100.0,True,False,12.075423,15.084896550407734,100.0,True,False,,"EIA Electric Sales, Revenue, and Average Price",https://www.eia.gov/electricity/sales_revenue_price/archive/f8612018.zip,
COOP_MA_5480,5480,Town of Danvers,MA,ISO-NE,2019,COOP,COOP,11594,,0.0,,,,,14.12662,17.333090492505352,100.0,True,False,13.805774,16.939418633832975,100.0,True,False,11.833636,14.519643314775161,100.0,True,False,,"EIA Electric Sales, Revenue, and Average Price",https://www.eia.gov/electricity/sales_revenue_price/archive/f8612019.zip,
COOP_MA_5480,5480,Town of Danvers,MA,ISO-NE,2020,COOP,COOP,11594,,0.0,,,,,14.893228,18.051158583772885,100.0,True,False,14.461244,17.52757755153108,100.0,True,False,12.519598,15.17422877720571,100.0,True,False,,"EIA Electric Sales, Revenue, and Average Price",https://www.eia.gov/electricity/sales_revenue_price/archive/f8612020.zip,
COOP_MA_5480,5480,Town of Danvers,MA,ISO-NE,2021,COOP,COOP,11594,,0.0,,,,,15.827113,18.322184881230765,100.0,True,False,14.490957,16.775390007006653,100.0,True,False,12.352259,14.299536061873484,100.0,True,False,,"EIA Electric Sales, Revenue, and Average Price",https://www.eia.gov/electricity/sales_revenue_price/archive/f8612021.zip,
COOP_MA_5480,5480,Town of Danvers,MA,ISO-NE,2022,COOP,COOP,11594,,0.0,,,,,16.382613,17.560065221490774,100.0,True,False,15.803652,16.939493099040007,100.0,True,False,12.924773,13.853703121288586,100.0,True,False,,"EIA Electric Sales, Revenue, and Average Price",https://www.eia.gov/electricity/sales_revenue_price/archive/f8612022.zip,
COOP_MA_5480,5480,Town of Danvers,MA,ISO-NE,2023,COOP,COOP,11594,,0.0,,,,,16.153251,16.62970873494805,100.0,True,False,15.277146,15.72776206357944,100.0,True,False,13.428443,13.82452955469162,100.0,True,False,,"EIA Electric Sales, Revenue, and Average Price",https://www.eia.gov/electricity/sales_revenue_price/archive/f8612023.zip,
COOP_MA_5480,5480,Town of Danvers,MA,ISO-NE,2024,COOP,COOP,11594,,0.0,,,,,16.446283,16.446283,100.0,True,False,15.882686,15.882686,100.0,True,False,13.336746,13.336746,100.0,True,False,,"EIA Electric Sales, Revenue, and Average Price",https://www.eia.gov/electricity/sales_revenue_price/xls/f8612024.zip,
COOP_MA_8774,8774,City of Holyoke - (MA),MA,ISO-NE,2013,COOP,COOP,15040,,0.0,,,,,12.237479,16.47837734745,100.0,True,False,12.580194,16.9398602307,100.0,True,False,8.6064352,11.588995318559999,100.0,True,False,,"EIA Electric Sales, Revenue, and Average Price",https://www.eia.gov/electricity/sales_revenue_price/archive/f8612013.zip,
COOP_MA_8774,8774,City of Holyoke - (MA),MA,ISO-NE,2014,COOP,COOP,15040,,0.0,,,,,12.256185,16.240150667916396,100.0,True,False,12.173097,16.130054284849738,100.0,True,False,9.5726229,12.684276402742517,100.0,True,False,,"EIA Electric Sales, Revenue, and Average Price",https://www.eia.gov/electricity/sales_revenue_price/archive/f8612014.zip,
COOP_MA_8774,8774,City of Holyoke - (MA),MA,ISO-NE,2015,COOP,COOP,15040,,0.0,,,,,12.22396,16.1781875293632,100.0,True,False,12.153688,16.08518382237599,100.0,True,False,9.7405608,12.891454100272256,100.0,True,False,,"EIA Electric Sales, Revenue, and Average Price",https://www.eia.gov/electricity/sales_revenue_price/archive/f8612015.zip,
COOP_MA_8774,8774,City of Holyoke - (MA),MA,ISO-NE,2016,COOP,COOP,15040,,0.0,,,,,12.228052,15.981910975375387,100.0,True,False,12.124704,15.846836432391509,100.0,True,False,9.7520349,12.745787603827152,100.0,True,False,,"EIA Electric Sales, Revenue, and Average Price",https://www.eia.gov/electricity/sales_revenue_price/archive/f8612016.zip,
COOP_MA_8774,8774,City of Holyoke - (MA),MA,ISO-NE,2017,COOP,COOP,15040,,0.0,,,,,12.346822,15.800660670493532,100.0,True,False,15.627261,19.998753385303313,100.0,True,False,7.3375866,9.39016663615628,100.0,True,False,,"EIA Electric Sales, Revenue, and Average Price",https://www.eia.gov/electricity/sales_revenue_price/archive/f8612017.zip,
COOP_MA_8774,8774,City of Holyoke - (MA),MA,ISO-NE,2018,COOP,COOP,15040,,0.0,,,,,12.994382,16.232881300015773,100.0,True,False,14.411625,18.00333389962984,100.0,True,False,9.8950081,12.361072034822017,100.0,True,False,,"EIA Electric Sales, Revenue, and Average Price",https://www.eia.gov/electricity/sales_revenue_price/archive/f8612018.zip,
COOP_MA_8774,8774,City of Holyoke - (MA),MA,ISO-NE,2019,COOP,COOP,15040,,0.0,,,,,13.37259,16.407910214132762,100.0,True,False,12.547445,15.395473201284796,100.0,True,False,10.317738,12.659665683083512,100.0,True,False,,"EIA Electric Sales, Revenue, and Average Price",https://www.eia.gov/electricity/sales_revenue_price/archive/f8612019.zip,
COOP_MA_8774,8774,City of Holyoke - (MA),MA,ISO-NE,2020,COOP,COOP,15040,,0.0,,,,,13.596544,16.479528275216474,100.0,True,False,12.592986,15.263177823453168,100.0,True,False,10.224993,12.393080275207474,100.0,True,False,,"EIA Electric Sales, Revenue, and Average Price",https://www.eia.gov/electricity/sales_revenue_price/archive/f8612020.zip,
COOP_MA_8774,8774,City of Holyoke - (MA),MA,ISO-NE,2021,COOP,COOP,15040,,0.0,,,,,14.084339,16.30467054148971,100.0,True,False,12.961788,15.005154517271619,100.0,True,False,10.230415,11.843193072654277,100.0,True,False,,"EIA Electric Sales, Revenue, and Average Price",https://www.eia.gov/electricity/sales_revenue_price/archive/f8612021.zip,
COOP_MA_8774,8774,City of Holyoke - (MA),MA,ISO-NE,2022,COOP,COOP,15040,,0.0,,,,,13.942722,14.944814217677868,100.0,True,False,12.791199,13.710528882118352,100.0,True,False,10.517476,11.273388715552512,100.0,True,False,,"EIA Electric Sales, Revenue, and Average Price",https://www.eia.gov/electricity/sales_revenue_price/archive/f8612022.zip,
COOP_MA_8774,8774,City of Holyoke - (MA),MA,ISO-NE,2023,COOP,COOP,15040,,0.0,,,,,15.812827,16.27924355822381,100.0,True,False,14.462478,14.889064543452832,100.0,True,False,11.23742,11.56887994449414,100.0,True,False,,"EIA Electric Sales, Revenue, and Average Price",https://www.eia.gov/electricity/sales_revenue_price/archive/f8612023.zip,
COOP_MA_8774,8774,City of Holyoke - (MA),MA,ISO-NE,2024,COOP,COOP,15040,,0.0,,,,,16.580047,16.580047,100.0,True,False,14.889116,14.889116,100.0,True,False,11.594015,11.594015,100.0,True,False,,"EIA Electric Sales, Revenue, and Average Price",https://www.eia.gov/electricity/sales_revenue_price/xls/f8612024.zip,
COOP_MA_8973,8973,Town of Hudson - (MA),MA,ISO-NE,2013,COOP,COOP,11448,,0.0,,,,,13.321404,17.937936556199997,100.0,True,False,10.216334,13.756804547699998,100.0,True,False,10.809957,14.55614759835,100.0,True,False,,"EIA Electric Sales, Revenue, and Average Price",https://www.eia.gov/electricity/sales_revenue_price/archive/f8612013.zip,
COOP_MA_8973,8973,Town of Hudson - (MA),MA,ISO-NE,2014,COOP,COOP,11448,,0.0,,,,,15.123092,20.038967480073214,100.0,True,False,11.188592,14.82552848556415,100.0,True,False,13.261452,17.572187312392987,100.0,True,False,,"EIA Electric Sales, Revenue, and Average Price",https://www.eia.gov/electricity/sales_revenue_price/archive/f8612014.zip,
COOP_MA_8973,8973,Town of Hudson - (MA),MA,ISO-NE,2015,COOP,COOP,11448,,0.0,,,,,13.611447,18.014501201900867,100.0,True,False,10.970365,14.519077470440227,100.0,True,False,11.503741,15.224990852982515,100.0,True,False,,"EIA Electric Sales, Revenue, and Average Price",https://www.eia.gov/electricity/sales_revenue_price/archive/f8612015.zip,
COOP_MA_8973,8973,Town of Hudson - (MA),MA,ISO-NE,2016,COOP,COOP,11448,,0.0,,,,,11.916926,15.575273185960961,100.0,True,False,8.8670257,11.589091652028108,100.0,True,False,10.767909,14.073522342638336,100.0,True,False,,"EIA Electric Sales, Revenue, and Average Price",https://www.eia.gov/electricity/sales_revenue_price/archive/f8612016.zip,
COOP_MA_8973,8973,Town of Hudson - (MA),MA,ISO-NE,2017,COOP,COOP,11448,,0.0,,,,,10.261738,13.132305627108655,100.0,True,False,7.5543583,9.667576975000237,100.0,True,False,9.5740001,12.252183342350861,100.0,True,False,,"EIA Electric Sales, Revenue, and Average Price",https://www.eia.gov/electricity/sales_revenue_price/archive/f8612017.zip,
COOP_MA_8973,8973,Town of Hudson - (MA),MA,ISO-NE,2018,COOP,COOP,11448,,0.0,,,,,10.581354,13.218471142024844,100.0,True,False,8.0292866,10.030369762995056,100.0,True,False,10.641787,13.29396543760611,100.0,True,False,,"EIA Electric Sales, Revenue, and Average Price",https://www.eia.gov/electricity/sales_revenue_price/archive/f8612018.zip,
COOP_MA_8973,8973,Town of Hudson - (MA),MA,ISO-NE,2019,COOP,COOP,11448,,0.0,,,,,11.016538,13.517079815845824,100.0,True,False,8.8738341,10.888023424625267,100.0,True,False,12.027525,14.757541381156317,100.0,True,False,,"EIA Electric Sales, Revenue, and Average Price",https://www.eia.gov/electricity/sales_revenue_price/archive/f8612019.zip,
COOP_MA_8973,8973,Town of Hudson - (MA),MA,ISO-NE,2020,COOP,COOP,11448,,0.0,,,,,11.543667,13.99136329983438,100.0,True,False,9.3806926,11.369756089695583,100.0,True,False,12.607342,15.280577841275269,100.0,True,False,,"EIA Electric Sales, Revenue, and Average Price",https://www.eia.gov/electricity/sales_revenue_price/archive/f8612020.zip,
COOP_MA_8973,8973,Town of Hudson - (MA),MA,ISO-NE,2021,COOP,COOP,11448,,0.0,,,,,11.930937,13.811794578096253,100.0,True,False,9.4530571,10.943288259774928,100.0,True,False,13.148749,15.22158906269881,100.0,True,False,,"EIA Electric Sales, Revenue, and Average Price",https://www.eia.gov/electricity/sales_revenue_price/archive/f8612021.zip,
COOP_MA_8973,8973,Town of Hudson - (MA),MA,ISO-NE,2022,COOP,COOP,11448,,0.0,,,,,12.310322,13.195090259261617,100.0,True,False,9.8964828,10.607763452103862,100.0,True,False,13.59825,14.575584303806536,100.0,True,False,,"EIA Electric Sales, Revenue, and Average Price",https://www.eia.gov/electricity/sales_revenue_price/archive/f8612022.zip,
COOP_MA_8973,8973,Town of Hudson - (MA),MA,ISO-NE,2023,COOP,COOP,11448,,0.0,,,,,13.388093,13.782989387485951,100.0,True,False,10.701088,11.016728247895594,100.0,True,False,14.861988,15.300358526112985,100.0,True,False,,"EIA Electric Sales, Revenue, and Average Price",https://www.eia.gov/electricity/sales_revenue_price/archive/f8612023.zip,
COOP_MA_8973,8973,Town of Hudson - (MA),MA,ISO-NE,2024,COOP,COOP,11448,,0.0,,,,,13.386663,13.386663,100.0,True,False,10.777996,10.777996,100.0,True,False,15.04928,15.04928,100.0,True,False,,"EIA Electric Sales, Revenue, and Average Price",https://www.eia.gov/electricity/sales_revenue_price/xls/f8612024.zip,
COOP_MA_CHICOPEE,3477,Chicopee Electric Light,MA,ISO-NE,2013,COOP,COOP,23218,ieee_standard,0.0,reported,25699.0,,,12.301916,16.5651449898,100.0,True,False,12.654948,17.0405202294,100.0,True,False,10.639733,14.326932471149998,100.0,True,False,,"EIA Electric Sales, Revenue, and Average Price",https://www.eia.gov/electricity/sales_revenue_price/archive/f8612013.zip,https://www.eia.gov/electricity/data/eia861/archive/zip/f8612013.zip
COOP_MA_CHICOPEE,3477,Chicopee Electric Light,MA,ISO-NE,2014,COOP,COOP,23218,ieee_standard,0.0,reported,25750.0,,,12.448366,16.494801556060697,100.0,True,False,12.815747,16.981602529816378,100.0,True,False,10.823648,14.34195667709748,100.0,True,False,,"EIA Electric Sales, Revenue, and Average Price",https://www.eia.gov/electricity/sales_revenue_price/archive/f8612014.zip,https://www.eia.gov/electricity/data/eia861/archive/zip/f8612014.zip
COOP_MA_CHICOPEE,3477,Chicopee Electric Light,MA,ISO-NE,2015,COOP,COOP,23218,ieee_standard,0.0,reported,26013.0,,,12.600624,16.67669544558348,100.0,True,False,12.771538,16.902896999203875,100.0,True,False,10.999026,14.557009779837434,100.0,True,False,,"EIA Electric Sales, Revenue, and Average Price",https://www.eia.gov/electricity/sales_revenue_price/archive/f8612015.zip,https://www.eia.gov/electricity/data/eia861/archive/zip/f8612015.zip
COOP_MA_CHICOPEE,3477,Chicopee Electric Light,MA,ISO-NE,2016,COOP,COOP,23218,ieee_standard,0.0,reported,26308.0,,,12.185193,15.925894798596484,100.0,True,False,12.549672,16.4022642914964,100.0,True,False,10.344928,13.520691467673522,100.0,True,False,,"EIA Electric Sales, Revenue, and Average Price",https://www.eia.gov/electricity/sales_revenue_price/archive/f8612016.zip,https://www.eia.gov/electricity/data/eia861/archive/zip/f8612016.zip
COOP_MA_CHICOPEE,3477,Chicopee Electric Light,MA,ISO-NE,2017,COOP,COOP,23218,ieee_standard,0.0,reported,26375.0,,,12.498455,15.99471073288602,100.0,True,False,12.874327,16.475727299540964,100.0,True,False,10.702878,13.696847939954951,100.0,True,False,,"EIA Electric Sales, Revenue, and Average Price",https://www.eia.gov/electricity/sales_revenue_price/archive/f8612017.zip,https://www.eia.gov/electricity/data/eia861/archive/zip/f8612017.zip
COOP_MA_CHICOPEE,3477,Chicopee Electric Light,MA,ISO-NE,2018,COOP,COOP,23218,ieee_standard,0.0,reported,26219.0,,,13.191747,16.479434204015178,100.0,True,False,13.617564,17.011374608455252,100.0,True,False,11.428333,14.276536817684223,100.0,True,False,,"EIA Electric Sales, Revenue, and Average Price",https://www.eia.gov/electricity/sales_revenue_price/archive/f8612018.zip,https://www.eia.gov/electricity/data/eia861/archive/zip/f8612018.zip
COOP_MA_CHICOPEE,3477,Chicopee Electric Light,MA,ISO-NE,2019,COOP,COOP,23218,ieee_standard,0.0,reported,25914.0,,,13.502793,16.56766678586724,100.0,True,False,13.825548,16.963680950749463,100.0,True,False,11.67094,14.32001845824411,100.0,True,False,,"EIA Electric Sales, Revenue, and Average Price",https://www.eia.gov/electricity/sales_revenue_price/archive/f8612019.zip,https://www.eia.gov/electricity/data/eia861/archive/zip/f8612019.zip
COOP_MA_CHICOPEE,3477,Chicopee Electric Light,MA,ISO-NE,2020,COOP,COOP,23218,ieee_standard,0.0,reported,25982.0,,,12.591027,15.260803440971035,100.0,True,False,13.060237,15.829503800563467,100.0,True,False,10.855141,13.15684360974095,100.0,True,False,,"EIA Electric Sales, Revenue, and Average Price",https://www.eia.gov/electricity/sales_revenue_price/archive/f8612020.zip,https://www.eia.gov/electricity/data/eia861/archive/zip/f8612020.zip
COOP_MA_CHICOPEE,3477,Chicopee Electric Light,MA,ISO-NE,2021,COOP,COOP,23218,ieee_standard,0.0,reported,26019.0,,,13.069727,15.130109606294813,100.0,True,False,13.60446,15.749140814835192,100.0,True,False,11.30334,13.0852597852439,100.0,True,False,,"EIA Electric Sales, Revenue, and Average Price",https://www.eia.gov/electricity/sales_revenue_price/archive/f8612021.zip,https://www.eia.gov/electricity/data/eia861/archive/zip/f8612021.zip
COOP_MA_CHICOPEE,3477,Chicopee Electric Light,MA,ISO-NE,2022,COOP,COOP,23218,ieee_standard,0.0,reported,26019.0,,,16.086448,17.242614231448904,100.0,True,False,16.412069,17.591638285028573,100.0,True,False,14.336274,15.366651612484675,100.0,True,False,,"EIA Electric Sales, Revenue, and Average Price",https://www.eia.gov/electricity/sales_revenue_price/archive/f8612022.zip,https://www.eia.gov/electricity/data/eia861/archive/zip/f8612022.zip
COOP_MA_CHICOPEE,3477,Chicopee Electric Light,MA,ISO-NE,2023,COOP,COOP,23218,ieee_standard,0.0,reported,26032.0,,,16.802939,17.29855999025207,100.0,True,False,17.082308,17.586169283240444,100.0,True,False,14.77205,15.207767706828138,100.0,True,False,,"EIA Electric Sales, Revenue, and Average Price",https://www.eia.gov/electricity/sales_revenue_price/archive/f8612023.zip,https://www.eia.gov/electricity/data/eia861/archive/zip/f8612023.zip
COOP_MA_CHICOPEE,3477,Chicopee Electric Light,MA,ISO-NE,2024,COOP,COOP,23218,ieee_standard,0.0,reported,26049.0,,,16.164584,16.164584,100.0,True,False,16.529782,16.529782,100.0,True,False,14.259497,14.259497,100.0,True,False,,"EIA Electric Sales, Revenue, and Average Price",https://www.eia.gov/electricity/sales_revenue_price/xls/f8612024.zip,https://www.eia.gov/electricity/data/eia861/zip/f8612024.zip
COOP_MA_PEABODY,14605,Peabody Municipal Light Plant,MA,ISO-NE,2013,COOP,COOP,22546,,0.0,not_reported,,,,11.871206,15.9851724393,100.0,True,False,14.042099,18.908388408449998,100.0,True,False,12.793268,17.2267750254,100.0,True,False,,"EIA Electric Sales, Revenue, and Average Price",https://www.eia.gov/electricity/sales_revenue_price/archive/f8612013.zip,https://www.eia.gov/electricity/data/eia861/archive/zip/f8612013.zip
COOP_MA_PEABODY,14605,Peabody Municipal Light Plant,MA,ISO-NE,2014,COOP,COOP,22546,,0.0,not_reported,,,,12.074072,15.998840459349353,100.0,True,False,14.655498,19.419378512428413,100.0,True,False,13.110988,17.372813850740982,100.0,True,False,,"EIA Electric Sales, Revenue, and Average Price",https://www.eia.gov/electricity/sales_revenue_price/archive/f8612014.zip,https://www.eia.gov/electricity/data/eia861/archive/zip/f8612014.zip
COOP_MA_PEABODY,14605,Peabody Municipal Light Plant,MA,ISO-NE,2015,COOP,COOP,22546,,0.0,not_reported,,,,11.996281,15.876858536262937,100.0,True,False,14.258311,18.87061387717091,100.0,True,False,12.969493,17.164886821845236,100.0,True,False,,"EIA Electric Sales, Revenue, and Average Price",https://www.eia.gov/electricity/sales_revenue_price/archive/f8612015.zip,https://www.eia.gov/electricity/data/eia861/archive/zip/f8612015.zip
COOP_MA_PEABODY,14605,Peabody Municipal Light Plant,MA,ISO-NE,2016,COOP,COOP,22546,,0.0,not_reported,,,,12.408429,16.217661457627614,100.0,True,False,15.260554,19.945353148883303,100.0,True,False,12.74063,16.651844008366737,100.0,True,False,,"EIA Electric Sales, Revenue, and Average Price",https://www.eia.gov/electricity/sales_revenue_price/archive/f8612016.zip,https://www.eia.gov/electricity/data/eia861/archive/zip/f8612016.zip
COOP_MA_PEABODY,14605,Peabody Municipal Light Plant,MA,ISO-NE,2017,COOP,COOP,22546,,0.0,not_reported,,,,11.653044,14.91280865815759,100.0,True,False,13.941238,17.84109068427405,100.0,True,False,12.231492,15.653068829036028,100.0,True,False,,"EIA Electric Sales, Revenue, and Average Price",https://www.eia.gov/electricity/sales_revenue_price/archive/f8612017.zip,https://www.eia.gov/electricity/data/eia861/archive/zip/f8612017.zip
COOP_MA_PEABODY,14605,Peabody Municipal Light Plant,MA,ISO-NE,2018,COOP,COOP,22546,,0.0,not_reported,,,,11.284463,14.096811099859915,100.0,True,False,14.263333,17.818084117551557,100.0,True,False,12.005411,14.99743594738893,100.0,True,False,,"EIA Electric Sales, Revenue, and Average Price",https://www.eia.gov/electricity/sales_revenue_price/archive/f8612018.zip,https://www.eia.gov/electricity/data/eia861/archive/zip/f8612018.zip
COOP_MA_PEABODY,14605,Peabody Municipal Light Plant,MA,ISO-NE,2019,COOP,COOP,22546,,0.0,not_reported,,,,11.085175,13.601296092077087,100.0,True,False,12.888262,15.813649092077085,100.0,True,False,11.753214,14.42096707066381,100.0,True,False,,"EIA Electric Sales, Revenue, and Average Price",https://www.eia.gov/electricity/sales_revenue_price/archive/f8612019.zip,https://www.eia.gov/electricity/data/eia861/archive/zip/f8612019.zip
COOP_MA_PEABODY,14605,Peabody Municipal Light Plant,MA,ISO-NE,2020,COOP,COOP,22546,,0.0,not_reported,,,,10.527695,12.759966608084753,100.0,True,False,13.823135,16.754165182316513,100.0,True,False,11.425734,13.848424019964357,100.0,True,False,,"EIA Electric Sales, Revenue, and Average Price",https://www.eia.gov/electricity/sales_revenue_price/archive/f8612020.zip,https://www.eia.gov/electricity/data/eia861/archive/zip/f8612020.zip
COOP_MA_PEABODY,14605,Peabody Municipal Light Plant,MA,ISO-NE,2021,COOP,COOP,22546,,0.0,not_reported,,,,10.632833,12.309050427405904,100.0,True,False,13.818447,15.996861885391771,100.0,True,False,11.479517,13.289210282458432,100.0,True,False,,"EIA Electric Sales, Revenue, and Average Price",https://www.eia.gov/electricity/sales_revenue_price/archive/f8612021.zip,https://www.eia.gov/electricity/data/eia861/archive/zip/f8612021.zip
COOP_MA_PEABODY,14605,Peabody Municipal Light Plant,MA,ISO-NE,2022,COOP,COOP,22546,,0.0,not_reported,,,,12.586173,13.490767240181173,100.0,True,False,16.241696,17.409020225749448,100.0,True,False,13.403149,14.366460992111506,100.0,True,False,,"EIA Electric Sales, Revenue, and Average Price",https://www.eia.gov/electricity/sales_revenue_price/archive/f8612022.zip,https://www.eia.gov/electricity/data/eia861/archive/zip/f8612022.zip
COOP_MA_PEABODY,14605,Peabody Municipal Light Plant,MA,ISO-NE,2023,COOP,COOP,22546,,0.0,not_reported,,,,14.70791,15.141735827656598,100.0,True,False,17.637563,18.157802134337945,100.0,True,False,15.174337,15.621920600128442,100.0,True,False,,"EIA Electric Sales, Revenue, and Average Price",https://www.eia.gov/electricity/sales_revenue_price/archive/f8612023.zip,https://www.eia.gov/electricity/data/eia861/archive/zip/f8612023.zip
COOP_MA_PEABODY,14605,Peabody Municipal Light Plant,MA,ISO-NE,2024,COOP,COOP,22546,,0.0,not_reported,,,,15.709837,15.709837,100.0,True,False,18.626588,18.626588,100.0,True,False,16.045173,16.045173,100.0,True,False,,"EIA Electric Sales, Revenue, and Average Price",https://www.eia.gov/electricity/sales_revenue_price/xls/f8612024.zip,https://www.eia.gov/electricity/data/eia861/zip/f8612024.zip
COOP_MA_READING,15748,Reading Municipal Light Department,MA,ISO-NE,2013,COOP,COOP,27405,ieee_standard,0.0,reported,29500.0,11.84,0.1184,12.316255,16.584453170249997,100.0,True,True,10.877342,14.6468848701,100.0,True,True,10.206106,13.743032034299999,100.0,True,True,,"EIA Electric Sales, Revenue, and Average Price",https://www.eia.gov/electricity/sales_revenue_price/archive/f8612013.zip,https://www.eia.gov/electricity/data/eia861/archive/zip/f8612013.zip
COOP_MA_READING,15748,Reading Municipal Light Department,MA,ISO-NE,2014,COOP,COOP,27405,ieee_standard,0.0,reported,29767.0,,,11.593136,15.36157257365531,100.0,True,False,10.34301,13.705083658558186,100.0,True,False,9.3783486,12.426851771594736,100.0,True,False,,"EIA Electric Sales, Revenue, and Average Price",https://www.eia.gov/electricity/sales_revenue_price/archive/f8612014.zip,https://www.eia.gov/electricity/data/eia861/archive/zip/f8612014.zip
COOP_MA_READING,15748,Reading Municipal Light Department,MA,ISO-NE,2015,COOP,COOP,27405,ieee_standard,0.0,reported,29787.0,20.37,0.20370000000000002,13.416414,17.756378592827023,100.0,True,True,12.257615,16.222729306438772,100.0,True,True,11.488011,15.204172485625547,100.0,True,True,,"EIA Electric Sales, Revenue, and Average Price",https://www.eia.gov/electricity/sales_revenue_price/archive/f8612015.zip,https://www.eia.gov/electricity/data/eia861/archive/zip/f8612015.zip
COOP_MA_READING,15748,Reading Municipal Light Department,MA,ISO-NE,2016,COOP,COOP,27405,ieee_standard,0.0,reported,29785.0,22.7,0.22699999999999998,14.877322,19.44447371960748,100.0,True,True,13.245885,17.31220597197822,100.0,True,True,12.617996,16.491562904675472,100.0,True,True,,"EIA Electric Sales, Revenue, and Average Price",https://www.eia.gov/electricity/sales_revenue_price/archive/f8612016.zip,https://www.eia.gov/electricity/data/eia861/archive/zip/f8612016.zip
COOP_MA_READING,15748,Reading Municipal Light Department,MA,ISO-NE,2017,COOP,COOP,27405,ieee_standard,0.0,reported,29715.0,13.52,0.1352,15.152927,19.39173154774237,100.0,True,True,12.647848,16.185894188802614,100.0,True,True,,,,False,False,,"EIA Electric Sales, Revenue, and Average Price",https://www.eia.gov/electricity/sales_revenue_price/archive/f8612017.zip,https://www.eia.gov/electricity/data/eia861/archive/zip/f8612017.zip
COOP_MA_READING,15748,Reading Municipal Light Department,MA,ISO-NE,2018,COOP,COOP,27405,ieee_standard,0.0,reported,29760.0,19.309,0.19309,16.254676,20.30571566067668,100.0,True,True,13.714902,17.132971480086464,100.0,True,True,,,,False,False,,"EIA Electric Sales, Revenue, and Average Price",https://www.eia.gov/electricity/sales_revenue_price/archive/f8612018.zip,https://www.eia.gov/electricity/data/eia861/archive/zip/f8612018.zip
COOP_MA_READING,15748,Reading Municipal Light Department,MA,ISO-NE,2019,COOP,COOP,27405,ieee_standard,0.0,reported,30111.0,16.399,0.16399,15.201184,18.651559811563168,100.0,True,True,12.397964,15.212062895074945,100.0,True,True,,,,False,False,,"EIA Electric Sales, Revenue, and Average Price",https://www.eia.gov/electricity/sales_revenue_price/archive/f8612019.zip,https://www.eia.gov/electricity/data/eia861/archive/zip/f8612019.zip
COOP_MA_READING,15748,Reading Municipal Light Department,MA,ISO-NE,2020,COOP,COOP,27405,ieee_standard,0.0,reported,30111.0,18.929,0.18928999999999999,14.747858,17.874964616734776,100.0,True,True,11.808136,14.311909783074402,100.0,True,True,,,,False,False,,"EIA Electric Sales, Revenue, and Average Price",https://www.eia.gov/electricity/sales_revenue_price/archive/f8612020.zip,https://www.eia.gov/electricity/data/eia861/archive/zip/f8612020.zip
COOP_MA_READING,15748,Reading Municipal Light Department,MA,ISO-NE,2021,COOP,COOP,27405,ieee_standard,0.0,reported,30504.0,13.925,0.13925,14.609379,16.912480692970995,100.0,True,True,11.795257,13.654725247468146,100.0,True,True,,,,False,False,,"EIA Electric Sales, Revenue, and Average Price",https://www.eia.gov/electricity/sales_revenue_price/archive/f8612021.zip,https://www.eia.gov/electricity/data/eia861/archive/zip/f8612021.zip
COOP_MA_READING,15748,Reading Municipal Light Department,MA,ISO-NE,2022,COOP,COOP,27405,ieee_standard,0.0,reported,30504.0,14.34,0.1434,16.934517,18.151635701486953,100.0,True,True,13.607179,14.585155049472242,100.0,True,True,,,,False,False,,"EIA Electric Sales, Revenue, and Average Price",https://www.eia.gov/electricity/sales_revenue_price/archive/f8612022.zip,https://www.eia.gov/electricity/data/eia861/archive/zip/f8612022.zip
COOP_MA_READING,15748,Reading Municipal Light Department,MA,ISO-NE,2023,COOP,COOP,27405,ieee_standard,0.0,reported,30504.0,26.13,0.2613,15.955373,16.4259941077777,100.0,True,True,13.227203,13.617353761668845,100.0,True,True,,,,False,False,,"EIA Electric Sales, Revenue, and Average Price",https://www.eia.gov/electricity/sales_revenue_price/archive/f8612023.zip,https://www.eia.gov/electricity/data/eia861/archive/zip/f8612023.zip
COOP_MA_READING,15748,Reading Municipal Light Department,MA,ISO-NE,2024,COOP,COOP,27405,ieee_standard,0.0,reported,32638.0,23.24,0.2324,15.859442,15.859442,100.0,True,True,13.107392,13.107392,100.0,True,True,,,,False,False,,"EIA Electric Sales, Revenue, and Average Price",https://www.eia.gov/electricity/sales_revenue_price/xls/f8612024.zip,https://www.eia.gov/electricity/data/eia861/zip/f8612024.zip
COOP_MA_TAUNTON,18488,Taunton Municipal Lighting Plant,MA,ISO-NE,2013,COOP,COOP,35684,,0.0,not_reported,,,,13.986172,18.8330799066,100.0,True,False,15.73268,21.184840253999997,100.0,True,False,12.340249,16.61676229095,100.0,True,False,,"EIA Electric Sales, Revenue, and Average Price",https://www.eia.gov/electricity/sales_revenue_price/archive/f8612013.zip,https://www.eia.gov/electricity/data/eia861/archive/zip/f8612013.zip
COOP_MA_TAUNTON,18488,Taunton Municipal Lighting Plant,MA,ISO-NE,2014,COOP,COOP,35684,,0.0,not_reported,,,,14.157032,18.758882367597568,100.0,True,False,15.967415,21.15774405960324,100.0,True,False,12.809886,16.973836367420443,100.0,True,False,,"EIA Electric Sales, Revenue, and Average Price",https://www.eia.gov/electricity/sales_revenue_price/archive/f8612014.zip,https://www.eia.gov/electricity/data/eia861/archive/zip/f8612014.zip
COOP_MA_TAUNTON,18488,Taunton Municipal Lighting Plant,MA,ISO-NE,2015,COOP,COOP,35684,,0.0,not_reported,,,,15.209077,20.128935292206837,100.0,True,False,16.888644,22.35181150369067,100.0,True,False,13.246644,17.531691102287134,100.0,True,False,,"EIA Electric Sales, Revenue, and Average Price",https://www.eia.gov/electricity/sales_revenue_price/archive/f8612015.zip,https://www.eia.gov/electricity/data/eia861/archive/zip/f8612015.zip
COOP_MA_TAUNTON,18488,Taunton Municipal Lighting Plant,MA,ISO-NE,2016,COOP,COOP,35684,ieee_standard,0.0,reported,29112.0,26.585,0.26585000000000003,15.524381,20.290171737068924,100.0,True,True,16.209846,21.186065916022013,100.0,True,True,12.993033,16.981731571481262,100.0,True,True,,"EIA Electric Sales, Revenue, and Average Price",https://www.eia.gov/electricity/sales_revenue_price/archive/f8612016.zip,https://www.eia.gov/electricity/data/eia861/archive/zip/f8612016.zip
COOP_MA_TAUNTON,18488,Taunton Municipal Lighting Plant,MA,ISO-NE,2017,COOP,COOP,35684,ieee_standard,0.0,reported,38000.0,67.088,0.6708799999999999,15.469054,19.79629034479809,100.0,True,True,16.171451,20.695172393391054,100.0,True,True,12.500772,15.997675878959523,100.0,True,True,,"EIA Electric Sales, Revenue, and Average Price",https://www.eia.gov/electricity/sales_revenue_price/archive/f8612017.zip,https://www.eia.gov/electricity/data/eia861/archive/zip/f8612017.zip
COOP_MA_TAUNTON,18488,Taunton Municipal Lighting Plant,MA,ISO-NE,2018,COOP,COOP,35684,ieee_standard,0.0,reported,38000.0,81.228,0.8122799999999999,15.561774,19.440126522344165,100.0,True,True,16.200146,20.23759552866195,100.0,True,True,13.924161,17.394382642845876,100.0,True,True,,"EIA Electric Sales, Revenue, and Average Price",https://www.eia.gov/electricity/sales_revenue_price/archive/f8612018.zip,https://www.eia.gov/electricity/data/eia861/archive/zip/f8612018.zip
COOP_MA_TAUNTON,18488,Taunton Municipal Lighting Plant,MA,ISO-NE,2019,COOP,COOP,35684,ieee_standard,0.0,reported,38000.0,68.489,0.68489,15.3957,18.890227194860813,100.0,True,True,16.669221,20.45281291862955,100.0,True,True,13.547028,16.62194227837259,100.0,True,True,,"EIA Electric Sales, Revenue, and Average Price",https://www.eia.gov/electricity/sales_revenue_price/archive/f8612019.zip,https://www.eia.gov/electricity/data/eia861/archive/zip/f8612019.zip
COOP_MA_TAUNTON,18488,Taunton Municipal Lighting Plant,MA,ISO-NE,2020,COOP,COOP,35684,ieee_standard,0.0,reported,38800.0,84.159,0.8415900000000001,15.3851,18.64732614898558,100.0,True,True,17.28386,20.94869546076437,100.0,True,True,13.084351,15.858730885389475,100.0,True,True,,"EIA Electric Sales, Revenue, and Average Price",https://www.eia.gov/electricity/sales_revenue_price/archive/f8612020.zip,https://www.eia.gov/electricity/data/eia861/archive/zip/f8612020.zip
COOP_MA_TAUNTON,18488,Taunton Municipal Lighting Plant,MA,ISO-NE,2021,COOP,COOP,35684,ieee_standard,0.0,reported,39087.0,342.696,3.4269600000000002,15.397638,17.825005114341717,100.0,True,True,16.968609,19.643632497936693,100.0,True,True,13.163971,15.239210741286817,100.0,True,True,,"EIA Electric Sales, Revenue, and Average Price",https://www.eia.gov/electricity/sales_revenue_price/archive/f8612021.zip,https://www.eia.gov/electricity/data/eia861/archive/zip/f8612021.zip
COOP_MA_TAUNTON,18488,Taunton Municipal Lighting Plant,MA,ISO-NE,2022,COOP,COOP,35684,ieee_standard,0.0,reported,39168.0,102.369,1.02369,17.221485,18.459228684149778,100.0,True,True,19.008437,20.37461261390954,100.0,True,True,14.398986,15.433870853406141,100.0,True,True,,"EIA Electric Sales, Revenue, and Average Price",https://www.eia.gov/electricity/sales_revenue_price/archive/f8612022.zip,https://www.eia.gov/electricity/data/eia861/archive/zip/f8612022.zip
COOP_MA_TAUNTON,18488,Taunton Municipal Lighting Plant,MA,ISO-NE,2023,COOP,COOP,35684,ieee_standard,0.0,reported,40152.0,87.463,0.8746299999999999,20.734492,21.34607842886305,100.0,True,True,22.071861,22.722894584394137,100.0,True,True,18.200451,18.73729312908553,100.0,True,True,,"EIA Electric Sales, Revenue, and Average Price",https://www.eia.gov/electricity/sales_revenue_price/archive/f8612023.zip,https://www.eia.gov/electricity/data/eia861/archive/zip/f8612023.zip
COOP_MA_TAUNTON,18488,Taunton Municipal Lighting Plant,MA,ISO-NE,2024,COOP,COOP,35684,ieee_standard,0.0,reported,39242.0,192.98,1.9298,21.463636,21.463636,100.0,True,True,22.624372,22.624372,100.0,True,True,19.09677,19.09677,100.0,True,True,,"EIA Electric Sales, Revenue, and Average Price",https://www.eia.gov/electricity/sales_revenue_price/xls/f8612024.zip,https://www.eia.gov/electricity/data/eia861/zip/f8612024.zip
COOP_ME_5609,5609,Eastern Maine Electric Coop,ME,ISO-NE,2013,COOP,COOP,10803,,0.0,,,,,,,0.0,False,False,,,0.0,False,False,,,0.0,False,False,,"EIA Electric Sales, Revenue, and Average Price",https://www.eia.gov/electricity/sales_revenue_price/archive/f8612013.zip,
COOP_ME_5609,5609,Eastern Maine Electric Coop,ME,ISO-NE,2014,COOP,COOP,10803,,0.0,,,,,,,0.0,False,False,,,0.0,False,False,,,0.0,False,False,,"EIA Electric Sales, Revenue, and Average Price",https://www.eia.gov/electricity/sales_revenue_price/archive/f8612014.zip,
COOP_ME_5609,5609,Eastern Maine Electric Coop,ME,ISO-NE,2015,COOP,COOP,10803,,0.0,,,,,16.574264,21.93573532252833,100.0,True,False,15.215404,20.1373089610096,100.0,True,False,13.691007,18.119797407045205,100.0,True,False,,"EIA Electric Sales, Revenue, and Average Price",https://www.eia.gov/electricity/sales_revenue_price/archive/f8612015.zip,
COOP_ME_5609,5609,Eastern Maine Electric Coop,ME,ISO-NE,2016,COOP,COOP,10803,,0.0,,,,,16.970456,22.180173669814707,100.0,True,False,15.659127,20.466283073223522,100.0,True,False,14.053422,18.367646727653916,100.0,True,False,,"EIA Electric Sales, Revenue, and Average Price",https://www.eia.gov/electricity/sales_revenue_price/archive/f8612016.zip,
COOP_ME_5609,5609,Eastern Maine Electric Coop,ME,ISO-NE,2017,COOP,COOP,10803,,0.0,,,,,17.310918,22.153388233242413,100.0,True,False,15.792355,20.210029960986876,100.0,True,False,14.049498,17.979634799042017,100.0,True,False,,"EIA Electric Sales, Revenue, and Average Price",https://www.eia.gov/electricity/sales_revenue_price/archive/f8612017.zip,
COOP_ME_5609,5609,Eastern Maine Electric Coop,ME,ISO-NE,2018,COOP,COOP,10803,,0.0,,,,,16.704107,20.867155217828948,100.0,True,False,14.935253,18.657462058195954,100.0,True,False,13.058346,16.31278660212819,100.0,True,False,,"EIA Electric Sales, Revenue, and Average Price",https://www.eia.gov/electricity/sales_revenue_price/archive/f8612018.zip,
COOP_ME_5609,5609,Eastern Maine Electric Coop,ME,ISO-NE,2019,COOP,COOP,10803,,0.0,,,,,17.289222,21.213542197002138,100.0,True,False,15.38315,18.87482858672377,100.0,True,False,13.245185,16.251586734475374,100.0,True,False,,"EIA Electric Sales, Revenue, and Average Price",https://www.eia.gov/electricity/sales_revenue_price/archive/f8612019.zip,
COOP_ME_5609,5609,Eastern Maine Electric Coop,ME,ISO-NE,2020,COOP,COOP,10803,,0.0,,,,,17.281202,20.945473863705917,100.0,True,False,15.467838,18.747607750724587,100.0,True,False,13.226469,16.030983304784964,100.0,True,False,,"EIA Electric Sales, Revenue, and Average Price",https://www.eia.gov/electricity/sales_revenue_price/archive/f8612020.zip,
COOP_ME_5609,5609,Eastern Maine Electric Coop,ME,ISO-NE,2021,COOP,COOP,10803,,0.0,,,,,16.635336,19.257820535772623,100.0,True,False,14.891994,17.23964865343283,100.0,True,False,12.683824,14.683370765659657,100.0,True,False,,"EIA Electric Sales, Revenue, and Average Price",https://www.eia.gov/electricity/sales_revenue_price/archive/f8612021.zip,
COOP_ME_5609,5609,Eastern Maine Electric Coop,ME,ISO-NE,2022,COOP,COOP,10803,,0.0,,,,,16.769878,17.97516375662681,100.0,True,False,15.079494,16.163288368410996,100.0,True,False,12.862392,13.786838670020536,100.0,True,False,,"EIA Electric Sales, Revenue, and Average Price",https://www.eia.gov/electricity/sales_revenue_price/archive/f8612022.zip,
COOP_ME_5609,5609,Eastern Maine Electric Coop,ME,ISO-NE,2023,COOP,COOP,10803,,0.0,,,,,16.77375,17.268510028899744,100.0,True,False,15.277325,15.727946343379434,100.0,True,False,13.034389,13.418852502695016,100.0,True,False,,"EIA Electric Sales, Revenue, and Average Price",https://www.eia.gov/electricity/sales_revenue_price/archive/f8612023.zip,
COOP_ME_5609,5609,Eastern Maine Electric Coop,ME,ISO-NE,2024,COOP,COOP,10803,,0.0,,,,,17.057021,17.057021,100.0,True,False,15.591154,15.591154,100.0,True,False,13.239143,13.239143,100.0,True,False,,"EIA Electric Sales, Revenue, and Average Price",https://www.eia.gov/electricity/sales_revenue_price/xls/f8612024.zip,
COOP_NH_NHEC,13441,New Hampshire Electric Cooperative,NH,ISO-NE,2013,COOP,COOP,74144,other_standard,1.0,reported,79269.0,360.0,3.6,17.280419,23.268948204449995,99.64623671567914,True,True,15.696135,21.13563058425,91.0214327090172,True,True,11.189903,15.067763884649999,50.0,True,True,,"EIA Electric Sales, Revenue, and Average Price",https://www.eia.gov/electricity/sales_revenue_price/archive/f8612013.zip,https://www.eia.gov/electricity/data/eia861/archive/zip/f8612013.zip
COOP_NH_NHEC,13441,New Hampshire Electric Cooperative,NH,ISO-NE,2014,COOP,COOP,74144,other_standard,1.0,reported,79673.0,452.4,4.524,19.867917,26.32613374697408,99.5586607438076,True,True,19.220414,25.46815499763831,92.1159420289855,True,True,27.197496,36.038247858534575,54.54545454545455,True,True,,"EIA Electric Sales, Revenue, and Average Price",https://www.eia.gov/electricity/sales_revenue_price/archive/f8612014.zip,https://www.eia.gov/electricity/data/eia861/archive/zip/f8612014.zip
COOP_NH_NHEC,13441,New Hampshire Electric Cooperative,NH,ISO-NE,2015,COOP,COOP,74144,other_standard,1.0,reported,80141.0,400.8,4.008,20.280126,26.84037591313407,99.2590681743268,True,True,18.218399,24.1117179299313,90.53334623947345,True,True,14.318924,18.95083407428521,36.36363636363637,True,True,,"EIA Electric Sales, Revenue, and Average Price",https://www.eia.gov/electricity/sales_revenue_price/archive/f8612015.zip,https://www.eia.gov/electricity/data/eia861/archive/zip/f8612015.zip
COOP_NH_NHEC,13441,New Hampshire Electric Cooperative,NH,ISO-NE,2016,COOP,COOP,74144,other_standard,1.0,reported,80253.0,187.8,1.8780000000000001,19.375344,25.323332197579273,99.194973213268,True,True,17.390509,22.729177685412562,90.20119945830916,True,True,12.161736,15.895236793073659,35.483870967741936,True,True,,"EIA Electric Sales, Revenue, and Average Price",https://www.eia.gov/electricity/sales_revenue_price/archive/f8612016.zip,https://www.eia.gov/electricity/data/eia861/archive/zip/f8612016.zip
COOP_NH_NHEC,13441,New Hampshire Electric Cooperative,NH,ISO-NE,2017,COOP,COOP,74144,other_standard,1.0,reported,80984.0,395.21,3.9520999999999997,20.268311,25.93806766429705,99.15566907904072,True,True,18.475235,23.64340548868572,90.07367196587823,True,True,13.519629,17.301542876374487,38.70967741935484,True,True,,"EIA Electric Sales, Revenue, and Average Price",https://www.eia.gov/electricity/sales_revenue_price/archive/f8612017.zip,https://www.eia.gov/electricity/data/eia861/archive/zip/f8612017.zip
COOP_NH_NHEC,13441,New Hampshire Electric Cooperative,NH,ISO-NE,2018,COOP,COOP,74144,other_standard,1.0,reported,81389.0,389.438,3.89438,20.767377,25.943085693007767,99.09174247232212,True,True,19.170533,23.948271387360723,89.54267404602389,True,True,15.379502,19.212428141588816,38.70967741935484,True,True,,"EIA Electric Sales, Revenue, and Average Price",https://www.eia.gov/electricity/sales_revenue_price/archive/f8612018.zip,https://www.eia.gov/electricity/data/eia861/archive/zip/f8612018.zip
COOP_NH_NHEC,13441,New Hampshire Electric Cooperative,NH,ISO-NE,2019,COOP,COOP,74144,other_standard,1.0,reported,81880.0,319.942,3.19942,20.95635,25.713037580299787,99.14792236003083,True,True,19.372755,23.76999703426124,89.14390858028278,True,True,13.963493,17.13293680728051,35.483870967741936,True,True,,"EIA Electric Sales, Revenue, and Average Price",https://www.eia.gov/electricity/sales_revenue_price/archive/f8612019.zip,https://www.eia.gov/electricity/data/eia861/archive/zip/f8612019.zip
COOP_NH_NHEC,13441,New Hampshire Electric Cooperative,NH,ISO-NE,2020,COOP,COOP,74144,other_standard,1.0,reported,82436.0,304.178,3.04178,19.75352,23.942017278438858,99.25672289961584,True,True,18.625344,22.574625072638568,87.21760957713845,True,True,14.037036,17.01342132693658,35.483870967741936,True,True,,"EIA Electric Sales, Revenue, and Average Price",https://www.eia.gov/electricity/sales_revenue_price/archive/f8612020.zip,https://www.eia.gov/electricity/data/eia861/archive/zip/f8612020.zip
COOP_NH_NHEC,13441,New Hampshire Electric Cooperative,NH,ISO-NE,2021,COOP,COOP,74144,other_standard,1.0,reported,83126.0,356.683,3.56683,20.229589,23.41869106066989,99.36394492121748,True,True,18.645778,21.58519950987809,87.35333718022697,True,True,15.20267,17.59930130203408,45.16129032258065,True,True,,"EIA Electric Sales, Revenue, and Average Price",https://www.eia.gov/electricity/sales_revenue_price/archive/f8612021.zip,https://www.eia.gov/electricity/data/eia861/archive/zip/f8612021.zip
COOP_NH_NHEC,13441,New Hampshire Electric Cooperative,NH,ISO-NE,2022,COOP,COOP,74144,other_standard,1.0,reported,83822.0,341.18,3.4118,25.61893,27.46021539450432,99.40668676349684,True,True,23.96567,25.68813218481843,87.9749834170378,True,True,20.411147,21.878138277784853,45.16129032258065,True,True,,"EIA Electric Sales, Revenue, and Average Price",https://www.eia.gov/electricity/sales_revenue_price/archive/f8612022.zip,https://www.eia.gov/electricity/data/eia861/archive/zip/f8612022.zip
COOP_NH_NHEC,13441,New Hampshire Electric Cooperative,NH,ISO-NE,2023,COOP,COOP,74144,other_standard,1.0,reported,84468.0,405.62,4.0562000000000005,26.608294,27.3931346175371,99.35915751663332,True,True,24.796268,25.527660936718732,86.73603299587552,True,True,20.620573,21.228799263859262,32.25806451612903,True,True,,"EIA Electric Sales, Revenue, and Average Price",https://www.eia.gov/electricity/sales_revenue_price/archive/f8612023.zip,https://www.eia.gov/electricity/data/eia861/archive/zip/f8612023.zip
COOP_NH_NHEC,13441,New Hampshire Electric Cooperative,NH,ISO-NE,2024,COOP,COOP,74144,other_standard,1.0,reported,85138.0,514.88,5.1488,23.833295,23.833295,98.14954682779457,True,True,22.129839,22.129839,85.39608574091332,True,True,16.924323,16.924323,28.125,True,True,,"EIA Electric Sales, Revenue, and Average Price",https://www.eia.gov/electricity/sales_revenue_price/xls/f8612024.zip,https://www.eia.gov/electricity/data/eia861/zip/f8612024.zip
COOP_NY_6775,6775,Village of Freeport - (NY),NY,NYISO,2013,COOP,COOP,13353,,0.0,,,,,13.310145,17.92277574975,100.0,True,False,13.006255,17.51357267025,100.0,True,False,,,,False,False,,"EIA Electric Sales, Revenue, and Average Price",https://www.eia.gov/electricity/sales_revenue_price/archive/f8612013.zip,
COOP_NY_6775,6775,Village of Freeport - (NY),NY,NYISO,2014,COOP,COOP,13353,,0.0,,,,,12.380738,16.40519056296865,100.0,True,False,12.04885,15.965419857412765,100.0,True,False,,,,False,False,,"EIA Electric Sales, Revenue, and Average Price",https://www.eia.gov/electricity/sales_revenue_price/archive/f8612014.zip,
COOP_NY_6775,6775,Village of Freeport - (NY),NY,NYISO,2015,COOP,COOP,13353,,0.0,,,,,12.077721,15.984642887029084,100.0,True,False,11.601477,15.354342661755599,100.0,True,False,,,,False,False,,"EIA Electric Sales, Revenue, and Average Price",https://www.eia.gov/electricity/sales_revenue_price/archive/f8612015.zip,
COOP_NY_6775,6775,Village of Freeport - (NY),NY,NYISO,2016,COOP,COOP,13353,,0.0,,,,,11.765346,15.377160022421306,100.0,True,False,11.37407,14.86576718578625,100.0,True,False,,,,False,False,,"EIA Electric Sales, Revenue, and Average Price",https://www.eia.gov/electricity/sales_revenue_price/archive/f8612016.zip,
COOP_NY_6775,6775,Village of Freeport - (NY),NY,NYISO,2017,COOP,COOP,13353,,0.0,,,,,12.494197,15.989261621111755,100.0,True,False,12.163917,15.566590734121515,100.0,True,False,,,,False,False,,"EIA Electric Sales, Revenue, and Average Price",https://www.eia.gov/electricity/sales_revenue_price/archive/f8612017.zip,
COOP_NY_6775,6775,Village of Freeport - (NY),NY,NYISO,2018,COOP,COOP,13353,,0.0,,,,,12.932559,16.155650584417995,100.0,True,False,12.597646,15.737269550611831,100.0,True,False,,,,False,False,,"EIA Electric Sales, Revenue, and Average Price",https://www.eia.gov/electricity/sales_revenue_price/archive/f8612018.zip,
COOP_NY_6775,6775,Village of Freeport - (NY),NY,NYISO,2019,COOP,COOP,13353,,0.0,,,,,12.715021,15.601085723768737,100.0,True,False,12.338404,15.138983922912205,100.0,True,False,,,,False,False,,"EIA Electric Sales, Revenue, and Average Price",https://www.eia.gov/electricity/sales_revenue_price/archive/f8612019.zip,
COOP_NY_6775,6775,Village of Freeport - (NY),NY,NYISO,2020,COOP,COOP,13353,,0.0,,,,,12.559319,15.222372139417452,100.0,True,False,12.509956,15.162542306612181,100.0,True,False,,,,False,False,,"EIA Electric Sales, Revenue, and Average Price",https://www.eia.gov/electricity/sales_revenue_price/archive/f8612020.zip,
COOP_NY_6775,6775,Village of Freeport - (NY),NY,NYISO,2021,COOP,COOP,13353,,0.0,,,,,13.41351,15.528088421826373,100.0,True,False,13.22192,15.306295135748552,100.0,True,False,,,,False,False,,"EIA Electric Sales, Revenue, and Average Price",https://www.eia.gov/electricity/sales_revenue_price/archive/f8612021.zip,
COOP_NY_6775,6775,Village of Freeport - (NY),NY,NYISO,2022,COOP,COOP,13353,,0.0,,,,,14.023603,15.031508302142868,100.0,True,False,13.722149,14.708388180750799,100.0,True,False,,,,False,False,,"EIA Electric Sales, Revenue, and Average Price",https://www.eia.gov/electricity/sales_revenue_price/archive/f8612022.zip,
COOP_NY_6775,6775,Village of Freeport - (NY),NY,NYISO,2023,COOP,COOP,13353,,0.0,,,,,13.706038,14.110312521617468,100.0,True,False,13.584641,13.98533478485745,100.0,True,False,,,,False,False,,"EIA Electric Sales, Revenue, and Average Price",https://www.eia.gov/electricity/sales_revenue_price/archive/f8612023.zip,
COOP_NY_6775,6775,Village of Freeport - (NY),NY,NYISO,2024,COOP,COOP,13353,,0.0,,,,,14.117485,14.117485,100.0,True,False,13.752259,13.752259,100.0,True,False,,,,False,False,,"EIA Electric Sales, Revenue, and Average Price",https://www.eia.gov/electricity/sales_revenue_price/xls/f8612024.zip,
COOP_NY_9645,9645,Jamestown Board of Public Util,NY,NYISO,2013,COOP,COOP,15562,,0.0,,,,,7.3825403,9.940959640965,100.0,True,False,7.6884009,10.352816231895,100.0,True,False,6.6002207,8.887527183585,98.47328244274809,True,False,,"EIA Electric Sales, Revenue, and Average Price",https://www.eia.gov/electricity/sales_revenue_price/archive/f8612013.zip,
COOP_NY_9645,9645,Jamestown Board of Public Util,NY,NYISO,2014,COOP,COOP,15562,,0.0,,,,,7.0396096,9.327887964102262,100.0,True,False,7.3929395,9.796070421488457,100.0,True,False,6.3365752,8.396326913030643,98.46153846153848,True,False,,"EIA Electric Sales, Revenue, and Average Price",https://www.eia.gov/electricity/sales_revenue_price/archive/f8612014.zip,
COOP_NY_9645,9645,Jamestown Board of Public Util,NY,NYISO,2015,COOP,COOP,15562,,0.0,,,,,7.0278728,9.301261137218285,100.0,True,False,7.2231298,9.559680206196003,100.0,True,False,6.0148657,7.9605647644899395,98.41269841269842,True,False,,"EIA Electric Sales, Revenue, and Average Price",https://www.eia.gov/electricity/sales_revenue_price/archive/f8612015.zip,
COOP_NY_9645,9645,Jamestown Board of Public Util,NY,NYISO,2016,COOP,COOP,15562,,0.0,,,,,7.7039863,10.069013707343707,100.0,True,False,7.7934758,10.185975364215206,100.0,True,False,6.3453095,8.293240128534267,98.38709677419357,True,False,,"EIA Electric Sales, Revenue, and Average Price",https://www.eia.gov/electricity/sales_revenue_price/archive/f8612016.zip,
COOP_NY_9645,9645,Jamestown Board of Public Util,NY,NYISO,2017,COOP,COOP,15562,,0.0,,,,,7.7787258,9.954707925214548,100.0,True,False,7.9621493,10.189441404201633,100.0,True,False,6.4166028,8.211551401659364,99.17355371900828,True,False,,"EIA Electric Sales, Revenue, and Average Price",https://www.eia.gov/electricity/sales_revenue_price/archive/f8612017.zip,
COOP_NY_9645,9645,Jamestown Board of Public Util,NY,NYISO,2018,COOP,COOP,15562,,0.0,,,,,7.9342191,9.911609252261322,100.0,True,False,8.2493078,10.305225313885204,100.0,True,False,6.7281161,8.404917603932612,99.14529914529916,True,False,,"EIA Electric Sales, Revenue, and Average Price",https://www.eia.gov/electricity/sales_revenue_price/archive/f8612018.zip,
COOP_NY_9645,9645,Jamestown Board of Public Util,NY,NYISO,2019,COOP,COOP,15562,,0.0,,,,,8.2543006,10.12786775974304,100.0,True,False,8.5990981,10.550927647323341,100.0,True,False,7.1104821,8.724424503854388,100.0,True,False,,"EIA Electric Sales, Revenue, and Average Price",https://www.eia.gov/electricity/sales_revenue_price/archive/f8612019.zip,
COOP_NY_9645,9645,Jamestown Board of Public Util,NY,NYISO,2020,COOP,COOP,15562,,0.0,,,,,8.460859,10.254882793974689,100.0,True,False,8.8179952,10.68774544686673,100.0,True,False,7.3087336,8.858463004806568,100.0,True,False,,"EIA Electric Sales, Revenue, and Average Price",https://www.eia.gov/electricity/sales_revenue_price/archive/f8612020.zip,
COOP_NY_9645,9645,Jamestown Board of Public Util,NY,NYISO,2021,COOP,COOP,15562,,0.0,,,,,8.7061062,10.078583971191046,100.0,True,False,9.0004593,10.41934048936106,100.0,True,False,7.646185,8.85157104811809,100.0,True,False,,"EIA Electric Sales, Revenue, and Average Price",https://www.eia.gov/electricity/sales_revenue_price/archive/f8612021.zip,
COOP_NY_9645,9645,Jamestown Board of Public Util,NY,NYISO,2022,COOP,COOP,15562,,0.0,,,,,8.2080788,8.798010370576153,100.0,True,False,8.4810601,9.09061140023164,100.0,True,False,6.8713798,7.365240053563752,100.0,True,False,,"EIA Electric Sales, Revenue, and Average Price",https://www.eia.gov/electricity/sales_revenue_price/archive/f8612022.zip,
COOP_NY_9645,9645,Jamestown Board of Public Util,NY,NYISO,2023,COOP,COOP,15562,,0.0,,,,,8.1182208,8.357676566159775,100.0,True,False,8.2569478,8.5004954701484,100.0,True,False,6.7120891,6.91006947988486,100.0,True,False,,"EIA Electric Sales, Revenue, and Average Price",https://www.eia.gov/electricity/sales_revenue_price/archive/f8612023.zip,
COOP_NY_9645,9645,Jamestown Board of Public Util,NY,NYISO,2024,COOP,COOP,15562,,0.0,,,,,8.4251059,8.4251059,100.0,True,False,8.7170836,8.7170836,100.0,True,False,7.2374343,7.2374343,100.0,True,False,,"EIA Electric Sales, Revenue, and Average Price",https://www.eia.gov/electricity/sales_revenue_price/xls/f8612024.zip,
COOP_NY_FAIRPORT,5930,Fairport Municipal Commission,NY,NYISO,2013,COOP,COOP,16462,other_standard,1.0,reported,16776.0,21.76,0.21760000000000002,5.035053,6.779950617149999,100.0,True,True,5.729769,7.71542044695,100.0,True,True,3.5197303,4.739492835465,100.0,True,True,,"EIA Electric Sales, Revenue, and Average Price",https://www.eia.gov/electricity/sales_revenue_price/archive/f8612013.zip,https://www.eia.gov/electricity/data/eia861/archive/zip/f8612013.zip
COOP_NY_FAIRPORT,5930,Fairport Municipal Commission,NY,NYISO,2014,COOP,COOP,16462,other_standard,1.0,reported,16802.0,79.0,0.79,5.7143735,7.571873842696464,100.0,True,True,6.0871902,8.065877431865148,100.0,True,True,3.9085473,5.179050173008798,100.0,True,True,,"EIA Electric Sales, Revenue, and Average Price",https://www.eia.gov/electricity/sales_revenue_price/archive/f8612014.zip,https://www.eia.gov/electricity/data/eia861/archive/zip/f8612014.zip
COOP_NY_FAIRPORT,5930,Fairport Municipal Commission,NY,NYISO,2015,COOP,COOP,16462,other_standard,1.0,reported,16719.0,37.16,0.3716,5.2338537,6.9269096642864865,100.0,True,True,6.0655471,8.02764067061616,100.0,True,True,3.5172037,4.654954780412412,100.0,True,True,,"EIA Electric Sales, Revenue, and Average Price",https://www.eia.gov/electricity/sales_revenue_price/archive/f8612015.zip,https://www.eia.gov/electricity/data/eia861/archive/zip/f8612015.zip
COOP_NY_FAIRPORT,5930,Fairport Municipal Commission,NY,NYISO,2016,COOP,COOP,16462,other_standard,1.0,reported,17152.0,22.292,0.22292,5.0590549,6.612121459030156,100.0,True,True,5.7874749,7.564157285561067,100.0,True,True,3.5975032,4.7018916730177525,100.0,True,True,,"EIA Electric Sales, Revenue, and Average Price",https://www.eia.gov/electricity/sales_revenue_price/archive/f8612016.zip,https://www.eia.gov/electricity/data/eia861/archive/zip/f8612016.zip
COOP_NY_FAIRPORT,5930,Fairport Municipal Commission,NY,NYISO,2017,COOP,COOP,16462,ieee_standard,0.0,reported,17152.0,29.68,0.2968,5.1889241,6.640447958919798,100.0,True,True,5.4584373,6.985353443053192,100.0,True,True,3.5510772,4.544437900856293,100.0,True,True,,"EIA Electric Sales, Revenue, and Average Price",https://www.eia.gov/electricity/sales_revenue_price/archive/f8612017.zip,https://www.eia.gov/electricity/data/eia861/archive/zip/f8612017.zip
COOP_NY_FAIRPORT,5930,Fairport Municipal Commission,NY,NYISO,2018,COOP,COOP,16462,ieee_standard,0.0,reported,17578.0,21.474,0.21474000000000001,5.743235,7.174581448590328,100.0,True,True,6.6679974,8.329815939150764,100.0,True,True,3.9212866,4.898561541529442,100.0,True,True,,"EIA Electric Sales, Revenue, and Average Price",https://www.eia.gov/electricity/sales_revenue_price/archive/f8612018.zip,https://www.eia.gov/electricity/data/eia861/archive/zip/f8612018.zip
COOP_NY_FAIRPORT,5930,Fairport Municipal Commission,NY,NYISO,2019,COOP,COOP,16462,ieee_standard,0.0,reported,17623.0,21.703,0.21703,5.552841,6.813228892933618,100.0,True,True,6.2939636,7.722572040256958,100.0,True,True,3.7314525,4.578420305139186,100.0,True,True,,"EIA Electric Sales, Revenue, and Average Price",https://www.eia.gov/electricity/sales_revenue_price/archive/f8612019.zip,https://www.eia.gov/electricity/data/eia861/archive/zip/f8612019.zip
COOP_NY_FAIRPORT,5930,Fairport Municipal Commission,NY,NYISO,2020,COOP,COOP,16462,ieee_standard,0.0,reported,17666.0,17.69,0.1769,5.7185078,6.931048874048138,100.0,True,True,6.6374175,8.044802367841905,100.0,True,True,4.0941174,4.962225949134998,100.0,True,True,,"EIA Electric Sales, Revenue, and Average Price",https://www.eia.gov/electricity/sales_revenue_price/archive/f8612020.zip,https://www.eia.gov/electricity/data/eia861/archive/zip/f8612020.zip
COOP_NY_FAIRPORT,5930,Fairport Municipal Commission,NY,NYISO,2021,COOP,COOP,16462,ieee_standard,0.0,reported,17658.0,17.986,0.17986000000000002,6.5543107,7.587567765165323,100.0,True,True,7.4460758,8.619915549175536,100.0,True,True,4.6201568,5.3485033606492545,100.0,True,True,,"EIA Electric Sales, Revenue, and Average Price",https://www.eia.gov/electricity/sales_revenue_price/archive/f8612021.zip,https://www.eia.gov/electricity/data/eia861/archive/zip/f8612021.zip
COOP_NY_FAIRPORT,5930,Fairport Municipal Commission,NY,NYISO,2022,COOP,COOP,16462,ieee_standard,0.0,reported,17666.0,17.69,0.1769,5.9302124,6.356429009297439,100.0,True,True,6.8164344,7.306345614219986,100.0,True,True,4.2136663,4.516511196937735,100.0,True,True,,"EIA Electric Sales, Revenue, and Average Price",https://www.eia.gov/electricity/sales_revenue_price/archive/f8612022.zip,https://www.eia.gov/electricity/data/eia861/archive/zip/f8612022.zip
COOP_NY_FAIRPORT,5930,Fairport Municipal Commission,NY,NYISO,2023,COOP,COOP,16462,ieee_standard,0.0,reported,17895.0,14.799,0.14798999999999998,5.5306821,5.69381559344251,100.0,True,True,6.2110831,6.39428576213904,100.0,True,True,3.6314048,3.73851704048258,100.0,True,True,,"EIA Electric Sales, Revenue, and Average Price",https://www.eia.gov/electricity/sales_revenue_price/archive/f8612023.zip,https://www.eia.gov/electricity/data/eia861/archive/zip/f8612023.zip
COOP_NY_FAIRPORT,5930,Fairport Municipal Commission,NY,NYISO,2024,COOP,COOP,16462,ieee_standard,0.0,reported,17955.0,20.211,0.20210999999999998,6.6904341,6.6904341,100.0,True,True,7.5580234,7.5580234,100.0,True,True,4.9509571,4.9509571,100.0,True,True,,"EIA Electric Sales, Revenue, and Average Price",https://www.eia.gov/electricity/sales_revenue_price/xls/f8612024.zip,https://www.eia.gov/electricity/data/eia861/zip/f8612024.zip
COOP_VT_BURLINGTON,2548,Burlington Electric Department,VT,ISO-NE,2013,COOP,COOP,17861,other_standard,1.0,reported,20458.0,,,15.798506,21.2734782543,100.0,True,False,14.515451,19.54578054405,100.0,True,False,11.710024,15.7681328172,100.0,True,False,,"EIA Electric Sales, Revenue, and Average Price",https://www.eia.gov/electricity/sales_revenue_price/archive/f8612013.zip,https://www.eia.gov/electricity/data/eia861/archive/zip/f8612013.zip
COOP_VT_BURLINGTON,2548,Burlington Electric Department,VT,ISO-NE,2014,COOP,COOP,17861,other_standard,1.0,reported,20538.0,,,15.722796,20.83360980279861,100.0,True,False,13.948838,18.483013332644507,100.0,True,False,11.653058,15.440972673141642,100.0,True,False,,"EIA Electric Sales, Revenue, and Average Price",https://www.eia.gov/electricity/sales_revenue_price/archive/f8612014.zip,https://www.eia.gov/electricity/data/eia861/archive/zip/f8612014.zip
COOP_VT_BURLINGTON,2548,Burlington Electric Department,VT,ISO-NE,2015,COOP,COOP,17861,other_standard,1.0,reported,20592.0,,,15.637054,20.695355025603725,100.0,True,False,14.33407,18.97087952832136,100.0,True,False,11.479744,15.193231262298143,100.0,True,False,,"EIA Electric Sales, Revenue, and Average Price",https://www.eia.gov/electricity/sales_revenue_price/archive/f8612015.zip,https://www.eia.gov/electricity/data/eia861/archive/zip/f8612015.zip
COOP_VT_BURLINGTON,2548,Burlington Electric Department,VT,ISO-NE,2016,COOP,COOP,17861,other_standard,1.0,reported,20728.0,,,15.735841,20.566547311432927,100.0,True,False,14.339118,18.74104782523028,100.0,True,False,11.545748,15.09014818387413,100.0,True,False,,"EIA Electric Sales, Revenue, and Average Price",https://www.eia.gov/electricity/sales_revenue_price/archive/f8612016.zip,https://www.eia.gov/electricity/data/eia861/archive/zip/f8612016.zip
COOP_VT_BURLINGTON,2548,Burlington Electric Department,VT,ISO-NE,2017,COOP,COOP,17861,other_standard,1.0,reported,21069.0,,,15.847432,20.28051392744794,100.0,True,False,14.440408,18.479896021136465,100.0,True,False,11.542337,14.77113303176172,100.0,True,False,,"EIA Electric Sales, Revenue, and Average Price",https://www.eia.gov/electricity/sales_revenue_price/archive/f8612017.zip,https://www.eia.gov/electricity/data/eia861/archive/zip/f8612017.zip
COOP_VT_BURLINGTON,2548,Burlington Electric Department,VT,ISO-NE,2018,COOP,COOP,17861,other_standard,1.0,reported,21285.0,,,15.711802,19.62754495560854,100.0,True,False,14.393432,17.98060678498205,100.0,True,False,11.558463,14.43909821102875,100.0,True,False,,"EIA Electric Sales, Revenue, and Average Price",https://www.eia.gov/electricity/sales_revenue_price/archive/f8612018.zip,https://www.eia.gov/electricity/data/eia861/archive/zip/f8612018.zip
COOP_VT_BURLINGTON,2548,Burlington Electric Department,VT,ISO-NE,2019,COOP,COOP,17861,other_standard,1.0,reported,21266.0,,,15.75492,19.330983211991434,100.0,True,False,14.444349,17.722937852248393,100.0,True,False,11.45025,14.04923608137045,100.0,True,False,,"EIA Electric Sales, Revenue, and Average Price",https://www.eia.gov/electricity/sales_revenue_price/archive/f8612019.zip,https://www.eia.gov/electricity/data/eia861/archive/zip/f8612019.zip
COOP_VT_BURLINGTON,2548,Burlington Electric Department,VT,ISO-NE,2020,COOP,COOP,17861,other_standard,1.0,reported,21451.0,,,15.65296,18.971982653153074,100.0,True,False,14.543881,17.627736737430016,100.0,True,False,11.346924,13.752903303569822,100.0,True,False,,"EIA Electric Sales, Revenue, and Average Price",https://www.eia.gov/electricity/sales_revenue_price/archive/f8612020.zip,https://www.eia.gov/electricity/data/eia861/archive/zip/f8612020.zip
COOP_VT_BURLINGTON,2548,Burlington Electric Department,VT,ISO-NE,2021,COOP,COOP,17861,other_standard,1.0,reported,21492.0,,,16.236542,18.796158488024208,100.0,True,False,15.014547,17.381521572628483,100.0,True,False,11.622863,13.45515412287866,100.0,True,False,,"EIA Electric Sales, Revenue, and Average Price",https://www.eia.gov/electricity/sales_revenue_price/archive/f8612021.zip,https://www.eia.gov/electricity/data/eia861/archive/zip/f8612021.zip
COOP_VT_BURLINGTON,2548,Burlington Electric Department,VT,ISO-NE,2022,COOP,COOP,17861,other_standard,1.0,reported,21560.0,,,17.21025,18.44718620150287,100.0,True,False,16.056055,17.210036823786478,100.0,True,False,12.217889,13.096013908705203,100.0,True,False,,"EIA Electric Sales, Revenue, and Average Price",https://www.eia.gov/electricity/sales_revenue_price/archive/f8612022.zip,https://www.eia.gov/electricity/data/eia861/archive/zip/f8612022.zip
COOP_VT_BURLINGTON,2548,Burlington Electric Department,VT,ISO-NE,2023,COOP,COOP,17861,other_standard,1.0,reported,21640.0,,,17.973758,18.503913572100277,100.0,True,False,16.883825,17.38183181093603,100.0,True,False,12.570976,12.941770631436501,100.0,True,False,,"EIA Electric Sales, Revenue, and Average Price",https://www.eia.gov/electricity/sales_revenue_price/archive/f8612023.zip,https://www.eia.gov/electricity/data/eia861/archive/zip/f8612023.zip
COOP_VT_BURLINGTON,2548,Burlington Electric Department,VT,ISO-NE,2024,COOP,COOP,17861,other_standard,1.0,reported,21843.0,,,18.884319,18.884319,100.0,True,False,17.765003,17.765003,100.0,True,False,13.719759,13.719759,100.0,True,False,,"EIA Electric Sales, Revenue, and Average Price",https://www.eia.gov/electricity/sales_revenue_price/xls/f8612024.zip,https://www.eia.gov/electricity/data/eia861/zip/f8612024.zip
COOP_VT_VEC,19791,Vermont Electric Cooperative,VT,ISO-NE,2013,COOP,COOP,35964,ieee_standard,0.0,reported,37983.0,,,18.726674,25.216402874699998,100.0,True,False,16.018693,21.569971059149996,100.0,True,False,10.333476,13.914542107799997,100.0,True,False,,"EIA Electric Sales, Revenue, and Average Price",https://www.eia.gov/electricity/sales_revenue_price/archive/f8612013.zip,https://www.eia.gov/electricity/data/eia861/archive/zip/f8612013.zip
COOP_VT_VEC,19791,Vermont Electric Cooperative,VT,ISO-NE,2014,COOP,COOP,35964,ieee_standard,0.0,reported,38281.0,,,19.292383,25.563518065625555,100.0,True,False,16.5686,21.954348792584284,100.0,True,False,10.976135,14.544010730206058,100.0,True,False,,"EIA Electric Sales, Revenue, and Average Price",https://www.eia.gov/electricity/sales_revenue_price/archive/f8612014.zip,https://www.eia.gov/electricity/data/eia861/archive/zip/f8612014.zip
COOP_VT_VEC,19791,Vermont Electric Cooperative,VT,ISO-NE,2015,COOP,COOP,35964,ieee_standard,0.0,reported,38329.0,210.52,2.1052,19.27828,25.514451052160833,100.0,True,True,16.323576,21.60395433867686,100.0,True,True,10.810125,14.30700276063218,100.0,True,True,,"EIA Electric Sales, Revenue, and Average Price",https://www.eia.gov/electricity/sales_revenue_price/archive/f8612015.zip,https://www.eia.gov/electricity/data/eia861/archive/zip/f8612015.zip
COOP_VT_VEC,19791,Vermont Electric Cooperative,VT,ISO-NE,2016,COOP,COOP,35964,ieee_standard,0.0,reported,38424.0,217.59,2.1759,19.271246,25.18727741397886,100.0,True,True,15.946149,20.841417236209924,100.0,True,True,10.673041,13.949531053558776,100.0,True,True,,"EIA Electric Sales, Revenue, and Average Price",https://www.eia.gov/electricity/sales_revenue_price/archive/f8612016.zip,https://www.eia.gov/electricity/data/eia861/archive/zip/f8612016.zip
COOP_VT_VEC,19791,Vermont Electric Cooperative,VT,ISO-NE,2017,COOP,COOP,35964,ieee_standard,0.0,reported,38372.0,200.78,2.0078,19.248172,24.63256004656865,100.0,True,True,15.780141,20.19439927728305,100.0,True,True,10.877285,13.920042688009048,100.0,True,True,,"EIA Electric Sales, Revenue, and Average Price",https://www.eia.gov/electricity/sales_revenue_price/archive/f8612017.zip,https://www.eia.gov/electricity/data/eia861/archive/zip/f8612017.zip
COOP_VT_VEC,19791,Vermont Electric Cooperative,VT,ISO-NE,2018,COOP,COOP,35964,ieee_standard,0.0,reported,38982.0,357.66,3.5766000000000004,19.12505,23.891452976129735,100.0,True,True,15.563808,19.442667441994228,100.0,True,True,10.989974,13.728928657958457,100.0,True,True,,"EIA Electric Sales, Revenue, and Average Price",https://www.eia.gov/electricity/sales_revenue_price/archive/f8612018.zip,https://www.eia.gov/electricity/data/eia861/archive/zip/f8612018.zip
COOP_VT_VEC,19791,Vermont Electric Cooperative,VT,ISO-NE,2019,COOP,COOP,35964,ieee_standard,0.0,reported,39179.0,170.42,1.7042,19.096907,23.431536854389723,100.0,True,True,15.489559,19.005390379014987,100.0,True,True,10.746994,13.18635452248394,100.0,True,True,,"EIA Electric Sales, Revenue, and Average Price",https://www.eia.gov/electricity/sales_revenue_price/archive/f8612019.zip,https://www.eia.gov/electricity/data/eia861/archive/zip/f8612019.zip
COOP_VT_VEC,19791,Vermont Electric Cooperative,VT,ISO-NE,2020,COOP,COOP,35964,ieee_standard,0.0,reported,39539.0,158.43,1.5843,19.570195,23.71982040833318,100.0,True,True,15.777342,19.122738366217213,100.0,True,True,11.207915,13.584419110380024,100.0,True,True,,"EIA Electric Sales, Revenue, and Average Price",https://www.eia.gov/electricity/sales_revenue_price/archive/f8612020.zip,https://www.eia.gov/electricity/data/eia861/archive/zip/f8612020.zip
COOP_VT_VEC,19791,Vermont Electric Cooperative,VT,ISO-NE,2021,COOP,COOP,35964,ieee_standard,0.0,reported,39961.0,215.29,2.1529,19.587482,22.67535883276879,100.0,True,True,15.778561,18.265978880783713,100.0,True,True,11.414937,13.214449541214602,100.0,True,True,,"EIA Electric Sales, Revenue, and Average Price",https://www.eia.gov/electricity/sales_revenue_price/archive/f8612021.zip,https://www.eia.gov/electricity/data/eia861/archive/zip/f8612021.zip
COOP_VT_VEC,19791,Vermont Electric Cooperative,VT,ISO-NE,2022,COOP,COOP,35964,ieee_standard,0.0,reported,40253.0,178.5,1.785,19.889925,21.3194549764778,100.0,True,True,16.012554,17.163409317099966,100.0,True,True,11.874344,12.727777620237848,100.0,True,True,,"EIA Electric Sales, Revenue, and Average Price",https://www.eia.gov/electricity/sales_revenue_price/archive/f8612022.zip,https://www.eia.gov/electricity/data/eia861/archive/zip/f8612022.zip
COOP_VT_VEC,19791,Vermont Electric Cooperative,VT,ISO-NE,2023,COOP,COOP,35964,ieee_standard,0.0,reported,40245.0,204.33,2.0433000000000003,21.405177,22.036546013555355,100.0,True,True,17.2647,17.773941133970965,100.0,True,True,12.574857,12.945766105759306,100.0,True,True,,"EIA Electric Sales, Revenue, and Average Price",https://www.eia.gov/electricity/sales_revenue_price/archive/f8612023.zip,https://www.eia.gov/electricity/data/eia861/archive/zip/f8612023.zip
COOP_VT_VEC,19791,Vermont Electric Cooperative,VT,ISO-NE,2024,COOP,COOP,35964,ieee_standard,0.0,reported,40741.0,231.8,2.318,23.261459,23.261459,100.0,True,True,18.450251,18.450251,100.0,True,True,12.899943,12.899943,100.0,True,True,,"EIA Electric Sales, Revenue, and Average Price",https://www.eia.gov/electricity/sales_revenue_price/xls/f8612024.zip,https://www.eia.gov/electricity/data/eia861/zip/f8612024.zip
DOM_CT_CLP,4176,Connecticut Light & Power (Eversource Connecticut),CT,ISO-NE,2013,DOM,DOM,1174420,ieee_standard,0.0,reported,1217400.0,98.0,0.98,16.012217,21.56125080135,57.2088180297571,True,True,13.988723,18.83651495565,49.6624790773815,True,True,12.086429,16.27498096995,44.99538035109332,True,True,,"EIA Electric Sales, Revenue, and Average Price",https://www.eia.gov/electricity/sales_revenue_price/archive/f8612013.zip,https://www.eia.gov/electricity/data/eia861/archive/zip/f8612013.zip
DOM_CT_CLP,4176,Connecticut Light & Power (Eversource Connecticut),CT,ISO-NE,2014,DOM,DOM,1174420,ieee_standard,0.0,reported,1248364.0,93.67,0.9367,18.267932,24.206061516797543,63.289178482574215,True,True,15.900737,21.06939187119915,57.527489376615414,True,True,14.222121,18.845129039528842,52.9238038984052,True,True,,"EIA Electric Sales, Revenue, and Average Price",https://www.eia.gov/electricity/sales_revenue_price/archive/f8612014.zip,https://www.eia.gov/electricity/data/eia861/archive/zip/f8612014.zip
DOM_CT_CLP,4176,Connecticut Light & Power (Eversource Connecticut),CT,ISO-NE,2015,DOM,DOM,1174420,ieee_standard,0.0,reported,1254049.0,78.6,0.7859999999999999,20.025157,26.502929104066126,66.84578275100479,True,True,17.165998,22.718884450920456,57.04443926155833,True,True,15.726143,20.813262687998193,52.394192153228296,True,True,,"EIA Electric Sales, Revenue, and Average Price",https://www.eia.gov/electricity/sales_revenue_price/archive/f8612015.zip,https://www.eia.gov/electricity/data/eia861/archive/zip/f8612015.zip
DOM_CT_CLP,4176,Connecticut Light & Power (Eversource Connecticut),CT,ISO-NE,2016,DOM,DOM,1174420,ieee_standard,0.0,reported,1260086.0,103.8,1.038,19.240163,25.14665232186708,69.56376092374813,True,True,16.009188,20.92380842051113,56.13512578100807,True,True,14.42464,18.852824009240297,51.03933482571154,True,True,,"EIA Electric Sales, Revenue, and Average Price",https://www.eia.gov/electricity/sales_revenue_price/archive/f8612016.zip,https://www.eia.gov/electricity/data/eia861/archive/zip/f8612016.zip
DOM_CT_CLP,4176,Connecticut Light & Power (Eversource Connecticut),CT,ISO-NE,2017,DOM,DOM,1174420,ieee_standard,0.0,reported,1265772.0,78.2,0.782,19.467463,24.91319442188346,72.83308365040855,True,True,16.12204,20.631939405631954,58.13532637217467,True,True,14.725691,18.844982670807156,52.96212366461638,True,True,,"EIA Electric Sales, Revenue, and Average Price",https://www.eia.gov/electricity/sales_revenue_price/archive/f8612017.zip,https://www.eia.gov/electricity/data/eia861/archive/zip/f8612017.zip
DOM_CT_CLP,4176,Connecticut Light & Power (Eversource Connecticut),CT,ISO-NE,2018,DOM,DOM,1174420,ieee_standard,0.0,reported,1271056.0,81.0,0.81,20.322093,25.386826663775267,74.82927138197823,True,True,17.569637,21.948395229982097,60.31968895129064,True,True,16.453682,20.554318539674,55.01639344262295,True,True,,"EIA Electric Sales, Revenue, and Average Price",https://www.eia.gov/electricity/sales_revenue_price/archive/f8612018.zip,https://www.eia.gov/electricity/data/eia861/archive/zip/f8612018.zip
DOM_CT_CLP,4176,Connecticut Light & Power (Eversource Connecticut),CT,ISO-NE,2019,DOM,DOM,1174420,ieee_standard,0.0,reported,1275462.0,66.8,0.6679999999999999,21.221578,26.0384672248394,76.71720723853333,True,True,17.770265,21.803772687366163,61.15075702890142,True,True,16.939453,20.784382374732335,54.892761394101875,True,True,,"EIA Electric Sales, Revenue, and Average Price",https://www.eia.gov/electricity/sales_revenue_price/archive/f8612019.zip,https://www.eia.gov/electricity/data/eia861/archive/zip/f8612019.zip
DOM_CT_CLP,4176,Connecticut Light & Power (Eversource Connecticut),CT,ISO-NE,2020,DOM,DOM,1174420,ieee_standard,0.0,reported,1281157.0,69.68,0.6968000000000001,21.552107,26.121973105591458,75.42665619326728,True,True,15.325033,18.574522661209024,60.496579771152355,True,True,11.56958,14.022770841059245,54.38179347826087,True,True,,"EIA Electric Sales, Revenue, and Average Price",https://www.eia.gov/electricity/sales_revenue_price/archive/f8612020.zip,https://www.eia.gov/electricity/data/eia861/archive/zip/f8612020.zip
DOM_CT_CLP,4176,Connecticut Light & Power (Eversource Connecticut),CT,ISO-NE,2021,DOM,DOM,1174420,ieee_standard,0.0,reported,1286768.0,75.996,0.75996,21.297124,24.654518064444023,83.78927949661329,True,True,16.483243,19.081750770860918,64.58212087543869,True,True,16.257555,18.82048409124125,56.74002751031637,True,True,,"EIA Electric Sales, Revenue, and Average Price",https://www.eia.gov/electricity/sales_revenue_price/archive/f8612021.zip,https://www.eia.gov/electricity/data/eia861/archive/zip/f8612021.zip
DOM_CT_CLP,4176,Connecticut Light & Power (Eversource Connecticut),CT,ISO-NE,2022,DOM,DOM,1174420,ieee_standard,0.0,reported,1293731.0,73.4,0.7340000000000001,25.475009,27.305950495080634,89.18990648922713,True,True,20.527574,22.002933126661677,71.73460622215924,True,True,23.107303,24.7680725762581,63.83495145631068,True,True,,"EIA Electric Sales, Revenue, and Average Price",https://www.eia.gov/electricity/sales_revenue_price/archive/f8612022.zip,https://www.eia.gov/electricity/data/eia861/archive/zip/f8612022.zip
DOM_CT_CLP,4176,Connecticut Light & Power (Eversource Connecticut),CT,ISO-NE,2023,DOM,DOM,1174420,ieee_standard,0.0,reported,1307124.0,75.6,0.7559999999999999,31.629377,32.56231993038831,80.07577466987999,True,True,27.417271,28.22597327541916,68.50770657598375,True,True,29.786087,30.664660083832196,59.15884602015989,True,True,,"EIA Electric Sales, Revenue, and Average Price",https://www.eia.gov/electricity/sales_revenue_price/archive/f8612023.zip,https://www.eia.gov/electricity/data/eia861/archive/zip/f8612023.zip
DOM_CT_CLP,4176,Connecticut Light & Power (Eversource Connecticut),CT,ISO-NE,2024,DOM,DOM,1174420,ieee_standard,0.0,reported,1326461.0,76.9,0.769,28.507537,28.507537,78.68837383559544,True,True,22.73614,22.73614,63.83029278981968,True,True,21.40465,21.40465,55.008849557522126,True,True,,"EIA Electric Sales, Revenue, and Average Price",https://www.eia.gov/electricity/sales_revenue_price/xls/f8612024.zip,https://www.eia.gov/electricity/data/eia861/zip/f8612024.zip
DOM_MA_FITCHBURG,6374,Fitchburg Gas & Electric Light,MA,ISO-NE,2013,DOM,DOM,26290,ieee_standard,0.0,reported,29232.0,111.82,1.1181999999999999,18.965452,25.5379293906,88.0184331797235,True,True,19.04463,25.6445465265,77.4906015037594,True,True,20.828191,28.04620059105,23.076923076923077,True,True,,"EIA Electric Sales, Revenue, and Average Price",https://www.eia.gov/electricity/sales_revenue_price/archive/f8612013.zip,https://www.eia.gov/electricity/data/eia861/archive/zip/f8612013.zip
DOM_MA_FITCHBURG,6374,Fitchburg Gas & Electric Light,MA,ISO-NE,2014,DOM,DOM,26290,ieee_standard,0.0,reported,29323.0,91.92,0.9192,21.289688,28.210062168034483,82.3076923076923,True,True,20.656637,27.371233150646514,77.91656846570822,True,True,16.805897,22.26878097788865,19.23076923076923,True,True,,"EIA Electric Sales, Revenue, and Average Price",https://www.eia.gov/electricity/sales_revenue_price/archive/f8612014.zip,https://www.eia.gov/electricity/data/eia861/archive/zip/f8612014.zip
DOM_MA_FITCHBURG,6374,Fitchburg Gas & Electric Light,MA,ISO-NE,2015,DOM,DOM,26290,ieee_standard,0.0,reported,29412.0,55.18,0.5518,24.041369,31.818312244527878,76.45454909980351,True,True,22.112241,29.26514661308395,73.81681186720037,True,True,13.781026,18.238935907433437,15.384615384615383,True,True,,"EIA Electric Sales, Revenue, and Average Price",https://www.eia.gov/electricity/sales_revenue_price/archive/f8612015.zip,https://www.eia.gov/electricity/data/eia861/archive/zip/f8612015.zip
DOM_MA_FITCHBURG,6374,Fitchburg Gas & Electric Light,MA,ISO-NE,2016,DOM,DOM,26290,ieee_standard,0.0,reported,29535.0,88.23,0.8823000000000001,22.082512,28.861566903433083,72.35493519441675,True,True,19.013795,24.850792178021294,70.04672897196262,True,True,13.224725,17.284550116716975,14.814814814814817,True,True,,"EIA Electric Sales, Revenue, and Average Price",https://www.eia.gov/electricity/sales_revenue_price/archive/f8612016.zip,https://www.eia.gov/electricity/data/eia861/archive/zip/f8612016.zip
DOM_MA_FITCHBURG,6374,Fitchburg Gas & Electric Light,MA,ISO-NE,2017,DOM,DOM,26290,ieee_standard,0.0,reported,29699.0,74.8,0.748,22.931678,29.346471722279773,69.44147990039131,True,True,19.681402,25.186979655296945,69.14671006742618,True,True,13.380792,17.12386830347554,17.857142857142858,True,True,,"EIA Electric Sales, Revenue, and Average Price",https://www.eia.gov/electricity/sales_revenue_price/archive/f8612017.zip,https://www.eia.gov/electricity/data/eia861/archive/zip/f8612017.zip
DOM_MA_FITCHBURG,6374,Fitchburg Gas & Electric Light,MA,ISO-NE,2018,DOM,DOM,26290,ieee_standard,0.0,reported,29876.0,107.965,1.07965,24.759624,30.930292600680946,68.34952216825944,True,True,21.025245,26.26522033820078,69.55519705001153,True,True,16.230486,20.27549695549721,20.0,True,True,,"EIA Electric Sales, Revenue, and Average Price",https://www.eia.gov/electricity/sales_revenue_price/archive/f8612018.zip,https://www.eia.gov/electricity/data/eia861/archive/zip/f8612018.zip
DOM_MA_FITCHBURG,6374,Fitchburg Gas & Electric Light,MA,ISO-NE,2019,DOM,DOM,26290,ieee_standard,0.0,reported,30006.0,83.56,0.8356,25.009753,30.68648494432548,70.15304130553604,True,True,21.895826,26.865756526766592,69.93598536808413,True,True,14.196139,17.418388965738757,16.129032258064516,True,True,,"EIA Electric Sales, Revenue, and Average Price",https://www.eia.gov/electricity/sales_revenue_price/archive/f8612019.zip,https://www.eia.gov/electricity/data/eia861/archive/zip/f8612019.zip
DOM_MA_FITCHBURG,6374,Fitchburg Gas & Electric Light,MA,ISO-NE,2020,DOM,DOM,26290,ieee_standard,0.0,reported,30158.0,64.904,0.64904,24.734027,29.9785811237376,71.6992141912394,True,True,21.695026,26.295196367441356,69.67157417893544,True,True,13.293031,16.11165897950458,13.79310344827586,True,True,,"EIA Electric Sales, Revenue, and Average Price",https://www.eia.gov/electricity/sales_revenue_price/archive/f8612020.zip,https://www.eia.gov/electricity/data/eia861/archive/zip/f8612020.zip
DOM_MA_FITCHBURG,6374,Fitchburg Gas & Electric Light,MA,ISO-NE,2021,DOM,DOM,26290,ieee_standard,0.0,reported,30484.0,77.1,0.7709999999999999,25.429013,29.43778044253684,72.43821695280621,True,True,23.161308,26.812582134665313,70.01347708894879,True,True,17.11091,19.80836659889269,23.333333333333332,True,True,,"EIA Electric Sales, Revenue, and Average Price",https://www.eia.gov/electricity/sales_revenue_price/archive/f8612021.zip,https://www.eia.gov/electricity/data/eia861/archive/zip/f8612021.zip
DOM_MA_FITCHBURG,6374,Fitchburg Gas & Electric Light,MA,ISO-NE,2022,DOM,DOM,26290,ieee_standard,0.0,reported,30495.0,71.44,0.7143999999999999,29.912401,32.062267020003816,71.09686828369665,True,True,28.539936,30.59116012672536,68.9210233592881,True,True,20.917522,22.420907494547308,17.24137931034483,True,True,,"EIA Electric Sales, Revenue, and Average Price",https://www.eia.gov/electricity/sales_revenue_price/archive/f8612022.zip,https://www.eia.gov/electricity/data/eia861/archive/zip/f8612022.zip
DOM_MA_FITCHBURG,6374,Fitchburg Gas & Electric Light,MA,ISO-NE,2023,DOM,DOM,26290,ieee_standard,0.0,reported,30743.0,90.365,0.90365,37.904468,39.02250157526549,36.80733244223792,True,True,40.319239,41.50849887646506,29.601769911504423,True,True,17.662897,18.183883388265787,3.3333333333333335,True,True,,"EIA Electric Sales, Revenue, and Average Price",https://www.eia.gov/electricity/sales_revenue_price/archive/f8612023.zip,https://www.eia.gov/electricity/data/eia861/archive/zip/f8612023.zip
DOM_MA_FITCHBURG,6374,Fitchburg Gas & Electric Light,MA,ISO-NE,2024,DOM,DOM,26290,ieee_standard,0.0,reported,30873.0,64.6,0.6459999999999999,40.080489,40.080489,23.461392164321033,True,True,36.405147,36.405147,15.907099035933392,True,True,,,0.0,False,False,,"EIA Electric Sales, Revenue, and Average Price",https://www.eia.gov/electricity/sales_revenue_price/xls/f8612024.zip,https://www.eia.gov/electricity/data/eia861/zip/f8612024.zip
DOM_MA_NSTAR,54913,NSTAR Electric (Eversource Massachusetts),MA,ISO-NE,2013,DOM,DOM,1303076,ieee_standard,0.0,reported,1161574.0,82.1,0.821,17.582343,23.675503966650002,76.24934150663283,True,True,16.634499,22.39918462845,64.83326818414169,True,True,14.915686,20.0847169833,41.99679413785207,True,True,,"EIA Electric Sales, Revenue, and Average Price",https://www.eia.gov/electricity/sales_revenue_price/archive/f8612013.zip,https://www.eia.gov/electricity/data/eia861/archive/zip/f8612013.zip
DOM_MA_NSTAR,54913,NSTAR Electric (Eversource Massachusetts),MA,ISO-NE,2014,DOM,DOM,1303076,ieee_standard,0.0,reported,1163241.0,66.95,0.6695,18.888032,25.027729713644682,76.05108222871756,True,True,15.951827,21.13708906226014,65.2316649428827,True,True,14.653792,19.417117964220346,69.26116159620703,True,True,,"EIA Electric Sales, Revenue, and Average Price",https://www.eia.gov/electricity/sales_revenue_price/archive/f8612014.zip,https://www.eia.gov/electricity/data/eia861/archive/zip/f8612014.zip
DOM_MA_NSTAR,54913,NSTAR Electric (Eversource Massachusetts),MA,ISO-NE,2015,DOM,DOM,1303076,ieee_standard,0.0,reported,1169412.0,75.2,0.752,21.131141,27.966678703743746,72.15384109104757,True,True,17.864933,23.64391214250612,60.71684388794803,True,True,16.903973,22.372099154880434,47.7245508982036,True,True,,"EIA Electric Sales, Revenue, and Average Price",https://www.eia.gov/electricity/sales_revenue_price/archive/f8612015.zip,https://www.eia.gov/electricity/data/eia861/archive/zip/f8612015.zip
DOM_MA_NSTAR,54913,NSTAR Electric (Eversource Massachusetts),MA,ISO-NE,2016,DOM,DOM,1303076,ieee_standard,0.0,reported,1395146.0,98.1,0.981,20.183297,26.37931666005028,61.45221528002716,True,True,17.721681,23.1620153460258,50.66767347587632,True,True,14.529307,18.98962246872179,46.07692307692308,True,True,,"EIA Electric Sales, Revenue, and Average Price",https://www.eia.gov/electricity/sales_revenue_price/archive/f8612016.zip,https://www.eia.gov/electricity/data/eia861/archive/zip/f8612016.zip
DOM_MA_NSTAR,54913,NSTAR Electric (Eversource Massachusetts),MA,ISO-NE,2017,DOM,DOM,1303076,ieee_standard,0.0,reported,1197922.0,74.3,0.743,21.032488,26.916011743283185,59.99998058859269,True,True,16.987749,21.739817542078104,46.99966973020374,True,True,15.88165,20.324303900837286,32.28552717747217,True,True,saifi_wo_major_event_days_customers|caidi_wo_major_event_days_minutes,"EIA Electric Sales, Revenue, and Average Price",https://www.eia.gov/electricity/sales_revenue_price/archive/f8612017.zip,https://www.eia.gov/electricity/data/eia861/archive/zip/f8612017.zip
DOM_MA_NSTAR,54913,NSTAR Electric (Eversource Massachusetts),MA,ISO-NE,2018,DOM,DOM,1303076,ieee_standard,0.0,reported,1430397.0,85.0,0.85,23.061623,28.809110640637904,50.44477276199578,True,True,23.592314,29.47206206148936,39.00926414331,True,True,19.04423,23.79049077056526,36.25602805786936,True,True,,"EIA Electric Sales, Revenue, and Average Price",https://www.eia.gov/electricity/sales_revenue_price/archive/f8612018.zip,https://www.eia.gov/electricity/data/eia861/archive/zip/f8612018.zip
DOM_MA_NSTAR,54913,NSTAR Electric (Eversource Massachusetts),MA,ISO-NE,2019,DOM,DOM,1303076,ieee_standard,0.0,reported,1434715.0,70.3,0.703,22.528049,27.64148196359743,50.05919908636614,True,True,21.965294,26.950992423982868,38.25507130767382,True,True,19.981673,24.51712768522484,34.731619305367616,True,True,,"EIA Electric Sales, Revenue, and Average Price",https://www.eia.gov/electricity/sales_revenue_price/archive/f8612019.zip,https://www.eia.gov/electricity/data/eia861/archive/zip/f8612019.zip
DOM_MA_NSTAR,54913,NSTAR Electric (Eversource Massachusetts),MA,ISO-NE,2020,DOM,DOM,1303076,ieee_standard,0.0,reported,1446211.0,64.96,0.6496,22.389693,27.137159183018596,48.12348425389579,True,True,18.33661,22.224668486831447,35.151869455811706,True,True,22.572075,27.35821310127095,34.069818824569154,True,True,,"EIA Electric Sales, Revenue, and Average Price",https://www.eia.gov/electricity/sales_revenue_price/archive/f8612020.zip,https://www.eia.gov/electricity/data/eia861/archive/zip/f8612020.zip
DOM_MA_NSTAR,54913,NSTAR Electric (Eversource Massachusetts),MA,ISO-NE,2021,DOM,DOM,1303076,ieee_standard,0.0,reported,1450541.0,75.837,0.75837,24.254046,28.077585275967603,35.985254093606386,True,True,19.482456,22.553775964854964,26.97594187248918,True,True,21.00189,24.312741776423252,31.567230632235084,True,True,,"EIA Electric Sales, Revenue, and Average Price",https://www.eia.gov/electricity/sales_revenue_price/archive/f8612021.zip,https://www.eia.gov/electricity/data/eia861/archive/zip/f8612021.zip
DOM_MA_NSTAR,54913,NSTAR Electric (Eversource Massachusetts),MA,ISO-NE,2022,DOM,DOM,1303076,ieee_standard,0.0,reported,1471114.0,68.5,0.685,29.305911,31.412187331483924,33.51570005326783,True,True,24.85269,26.638904143648606,24.395117736012097,True,True,32.291628,34.61249397688377,29.66573816155989,True,True,,"EIA Electric Sales, Revenue, and Average Price",https://www.eia.gov/electricity/sales_revenue_price/archive/f8612022.zip,https://www.eia.gov/electricity/data/eia861/archive/zip/f8612022.zip
DOM_MA_NSTAR,54913,NSTAR Electric (Eversource Massachusetts),MA,ISO-NE,2023,DOM,DOM,1303076,ieee_standard,0.0,reported,1307124.0,,,29.661782,30.53668857244432,31.921623129154188,True,False,27.09467,27.893856807495585,23.30220860817655,True,False,33.453844,34.440601572054405,28.94495412844037,True,False,saidi_w_major_event_days_minutes|saidi_wo_major_event_days_minutes|saidi_w_major_event_days_minus_loss_of_service_minutes|saifi_w_major_event_days_customers|saifi_wo_major_event_days_customers|saifi_w_major_event_days_minus_loss_of_service_customers|caidi_w_major_event_days_minutes|caidi_wo_major_event_days_minutes|caidi_w_major_event_days_minus_loss_of_service_minutes|reliability_customers,"EIA Electric Sales, Revenue, and Average Price",https://www.eia.gov/electricity/sales_revenue_price/archive/f8612023.zip,https://www.eia.gov/electricity/data/eia861/archive/zip/f8612023.zip
DOM_MA_NSTAR,54913,NSTAR Electric (Eversource Massachusetts),MA,ISO-NE,2024,DOM,DOM,1303076,ieee_standard,0.0,reported,1462127.0,66.1,0.6609999999999999,29.913775,29.913775,29.420617063010905,True,True,27.000778,27.000778,20.423044256103513,True,True,25.344819,25.344819,25.31645569620253,True,True,,"EIA Electric Sales, Revenue, and Average Price",https://www.eia.gov/electricity/sales_revenue_price/xls/f8612024.zip,https://www.eia.gov/electricity/data/eia861/zip/f8612024.zip
DOM_NH_PSNH,15472,Public Service Company of New Hampshire,NH,ISO-NE,2013,DOM,DOM,459907,ieee_standard,0.0,reported,501415.0,137.0,1.37,17.647539,23.763293640449998,81.46871342757099,True,True,17.471732,23.526560724599996,70.5511747012438,True,True,27.02749,36.3938666595,64.6358066712049,True,True,,"EIA Electric Sales, Revenue, and Average Price",https://www.eia.gov/electricity/sales_revenue_price/archive/f8612013.zip,https://www.eia.gov/electricity/data/eia861/archive/zip/f8612013.zip
DOM_NH_PSNH,15472,Public Service Company of New Hampshire,NH,ISO-NE,2014,DOM,DOM,459907,ieee_standard,0.0,reported,504039.0,122.84,1.2284,18.038,23.9013883804688,78.56425408970544,True,True,17.423464,23.08709280392041,68.10066361215857,True,True,24.979932,33.09984790163548,63.15063771113409,True,True,,"EIA Electric Sales, Revenue, and Average Price",https://www.eia.gov/electricity/sales_revenue_price/archive/f8612014.zip,https://www.eia.gov/electricity/data/eia861/archive/zip/f8612014.zip
DOM_NH_PSNH,15472,Public Service Company of New Hampshire,NH,ISO-NE,2015,DOM,DOM,459907,ieee_standard,0.0,reported,510645.0,106.1,1.061,18.386055,24.333607580128362,81.17626960780872,True,True,18.379011,24.324284974936848,69.08699653529666,True,True,24.551645,32.49365319948301,65.27433628318585,True,True,,"EIA Electric Sales, Revenue, and Average Price",https://www.eia.gov/electricity/sales_revenue_price/archive/f8612015.zip,https://www.eia.gov/electricity/data/eia861/archive/zip/f8612015.zip
DOM_NH_PSNH,15472,Public Service Company of New Hampshire,NH,ISO-NE,2016,DOM,DOM,459907,ieee_standard,0.0,reported,521908.0,139.97,1.3997,19.445322,25.414792568064684,80.22138267809417,True,True,20.858689,27.262045554029523,66.20383413155176,True,True,37.784068,49.383304148815355,61.67857142857143,True,True,,"EIA Electric Sales, Revenue, and Average Price",https://www.eia.gov/electricity/sales_revenue_price/archive/f8612016.zip,https://www.eia.gov/electricity/data/eia861/archive/zip/f8612016.zip
DOM_NH_PSNH,15472,Public Service Company of New Hampshire,NH,ISO-NE,2017,DOM,DOM,459907,ieee_standard,0.0,reported,525219.0,118.6,1.186,20.703171,26.494573241130574,76.1548477771118,True,True,21.587164,27.6258500529362,61.86999560345861,True,True,34.973711,44.75708323153173,56.32594710507505,True,True,,"EIA Electric Sales, Revenue, and Average Price",https://www.eia.gov/electricity/sales_revenue_price/archive/f8612017.zip,https://www.eia.gov/electricity/data/eia861/archive/zip/f8612017.zip
DOM_NH_PSNH,15472,Public Service Company of New Hampshire,NH,ISO-NE,2018,DOM,DOM,459907,ieee_standard,0.0,reported,528668.0,119.9,1.199,19.549627,24.421844344008313,76.74627287179044,True,True,15.928338,19.898046714382463,61.73159943851471,True,True,11.628088,14.526075364733606,55.42256075444323,True,True,,"EIA Electric Sales, Revenue, and Average Price",https://www.eia.gov/electricity/sales_revenue_price/archive/f8612018.zip,https://www.eia.gov/electricity/data/eia861/archive/zip/f8612018.zip
DOM_NH_PSNH,15472,Public Service Company of New Hampshire,NH,ISO-NE,2019,DOM,DOM,459907,ieee_standard,0.0,reported,531399.0,82.63,0.8262999999999999,19.893003,24.408331304068522,79.53340450942781,True,True,15.92623,19.541177280513917,62.76763638276606,True,True,10.307913,12.647610597430406,56.76169590643275,True,True,,"EIA Electric Sales, Revenue, and Average Price",https://www.eia.gov/electricity/sales_revenue_price/archive/f8612019.zip,https://www.eia.gov/electricity/data/eia861/archive/zip/f8612019.zip
DOM_NH_PSNH,15472,Public Service Company of New Hampshire,NH,ISO-NE,2020,DOM,DOM,459907,ieee_standard,0.0,reported,535095.0,95.77,0.9577,18.579255,22.518763452312374,81.76784322857425,True,True,14.937181,18.104431290887327,64.70457690399728,True,True,10.074378,12.210529168751911,59.65428466347922,True,True,,"EIA Electric Sales, Revenue, and Average Price",https://www.eia.gov/electricity/sales_revenue_price/archive/f8612020.zip,https://www.eia.gov/electricity/data/eia861/archive/zip/f8612020.zip
DOM_NH_PSNH,15472,Public Service Company of New Hampshire,NH,ISO-NE,2021,DOM,DOM,459907,ieee_standard,0.0,reported,539189.0,96.781,0.9678100000000001,19.505668,22.58064723035128,83.83091155144407,True,True,15.847617,18.345921242928867,66.21705586910372,True,True,12.048871,13.948320333095479,60.71297317162808,True,True,,"EIA Electric Sales, Revenue, and Average Price",https://www.eia.gov/electricity/sales_revenue_price/archive/f8612021.zip,https://www.eia.gov/electricity/data/eia861/archive/zip/f8612021.zip
DOM_NH_PSNH,15472,Public Service Company of New Hampshire,NH,ISO-NE,2022,DOM,DOM,459907,ieee_standard,0.0,reported,543167.0,78.8,0.7879999999999999,25.984684,27.852256889656598,84.05552772745428,True,True,22.893387,24.538781991665736,68.22709035673542,True,True,21.732052,23.29397944740738,62.24188790560472,True,True,,"EIA Electric Sales, Revenue, and Average Price",https://www.eia.gov/electricity/sales_revenue_price/archive/f8612022.zip,https://www.eia.gov/electricity/data/eia861/archive/zip/f8612022.zip
DOM_NH_PSNH,15472,Public Service Company of New Hampshire,NH,ISO-NE,2023,DOM,DOM,459907,ieee_standard,0.0,reported,546919.0,83.7,0.8370000000000001,28.93447,29.787923712699833,72.1191808945586,True,True,27.714443,28.531910687286405,58.754675691493425,True,True,26.895195,27.68849807507053,51.24489037532515,True,True,,"EIA Electric Sales, Revenue, and Average Price",https://www.eia.gov/electricity/sales_revenue_price/archive/f8612023.zip,https://www.eia.gov/electricity/data/eia861/archive/zip/f8612023.zip
DOM_NH_PSNH,15472,Public Service Company of New Hampshire,NH,ISO-NE,2024,DOM,DOM,459907,ieee_standard,0.0,reported,551456.0,81.5,0.815,22.65233,22.65233,60.69292269958927,True,True,19.738952,19.738952,47.94191299533139,True,True,19.332838,19.332838,40.23845007451565,True,True,,"EIA Electric Sales, Revenue, and Average Price",https://www.eia.gov/electricity/sales_revenue_price/xls/f8612024.zip,https://www.eia.gov/electricity/data/eia861/zip/f8612024.zip
DOM_NH_UNITIL,24590,Unitil Energy Systems,NH,ISO-NE,2013,DOM,DOM,68602,other_standard,1.0,reported,75492.0,119.0,1.19,14.39641,19.3854858855,96.91898413091224,True,True,14.950978,20.132239425899996,83.50865835895776,True,True,12.163327,16.37852797185,27.63157894736842,True,True,,"EIA Electric Sales, Revenue, and Average Price",https://www.eia.gov/electricity/sales_revenue_price/archive/f8612013.zip,https://www.eia.gov/electricity/data/eia861/archive/zip/f8612013.zip
DOM_NH_UNITIL,24590,Unitil Energy Systems,NH,ISO-NE,2014,DOM,DOM,68602,ieee_standard,0.0,reported,75803.0,184.35,1.8435,16.749486,22.19403315551751,91.29865528873556,True,True,16.654755,22.06850912720671,79.325406454744,True,True,14.866298,19.698700647399185,35.294117647058826,True,True,,"EIA Electric Sales, Revenue, and Average Price",https://www.eia.gov/electricity/sales_revenue_price/archive/f8612014.zip,https://www.eia.gov/electricity/data/eia861/archive/zip/f8612014.zip
DOM_NH_UNITIL,24590,Unitil Energy Systems,NH,ISO-NE,2015,DOM,DOM,68602,ieee_standard,0.0,reported,76076.0,112.73,1.1273,18.680615,24.72345235372458,87.00835057075003,True,True,19.366792,25.63159506560648,74.88327161487683,True,True,12.377741,16.381713870782267,22.929936305732483,True,True,,"EIA Electric Sales, Revenue, and Average Price",https://www.eia.gov/electricity/sales_revenue_price/archive/f8612015.zip,https://www.eia.gov/electricity/data/eia861/archive/zip/f8612015.zip
DOM_NH_UNITIL,24590,Unitil Energy Systems,NH,ISO-NE,2016,DOM,DOM,68602,ieee_standard,0.0,reported,76614.0,101.5,1.015,15.51722,20.280812399662224,87.26531977318679,True,True,16.277479,21.27446140084638,73.52539924564641,True,True,9.8940401,12.931386623559844,20.0,True,True,,"EIA Electric Sales, Revenue, and Average Price",https://www.eia.gov/electricity/sales_revenue_price/archive/f8612016.zip,https://www.eia.gov/electricity/data/eia861/archive/zip/f8612016.zip
DOM_NH_UNITIL,24590,Unitil Energy Systems,NH,ISO-NE,2017,DOM,DOM,68602,ieee_standard,0.0,reported,77306.0,112.68,1.1268,16.477715,21.087109163807604,87.51813565469713,True,True,16.894581,21.62058718844147,74.30622781542434,True,True,12.76455,16.335241826726605,22.151898734177216,True,True,,"EIA Electric Sales, Revenue, and Average Price",https://www.eia.gov/electricity/sales_revenue_price/archive/f8612017.zip,https://www.eia.gov/electricity/data/eia861/archive/zip/f8612017.zip
DOM_NH_UNITIL,24590,Unitil Energy Systems,NH,ISO-NE,2018,DOM,DOM,68602,ieee_standard,0.0,reported,77595.0,115.8,1.158,18.09182,22.600718261264852,89.15972358731646,True,True,17.831556,22.275590477683664,75.55285540704739,True,True,15.003228,18.742377993895595,22.929936305732483,True,True,,"EIA Electric Sales, Revenue, and Average Price",https://www.eia.gov/electricity/sales_revenue_price/archive/f8612018.zip,https://www.eia.gov/electricity/data/eia861/archive/zip/f8612018.zip
DOM_NH_UNITIL,24590,Unitil Energy Systems,NH,ISO-NE,2019,DOM,DOM,68602,ieee_standard,0.0,reported,77959.0,82.53,0.8253,18.700856,22.94558991006424,90.39437719640766,True,True,18.307934,22.463482188436828,76.04402719326643,True,True,12.961003,15.902900897216274,25.0,True,True,,"EIA Electric Sales, Revenue, and Average Price",https://www.eia.gov/electricity/sales_revenue_price/archive/f8612019.zip,https://www.eia.gov/electricity/data/eia861/archive/zip/f8612019.zip
DOM_NH_UNITIL,24590,Unitil Energy Systems,NH,ISO-NE,2020,DOM,DOM,68602,ieee_standard,0.0,reported,78697.0,120.04,1.2004000000000001,18.168184,22.020529771193,91.4980721420809,True,True,18.033611,21.857422178662084,76.3406176921216,True,True,12.593904,15.264290474355974,23.78048780487805,True,True,,"EIA Electric Sales, Revenue, and Average Price",https://www.eia.gov/electricity/sales_revenue_price/archive/f8612020.zip,https://www.eia.gov/electricity/data/eia861/archive/zip/f8612020.zip
DOM_NH_UNITIL,24590,Unitil Energy Systems,NH,ISO-NE,2021,DOM,DOM,68602,ieee_standard,0.0,reported,78935.0,102.75,1.0275,18.874656,21.850159078388558,91.94890823884217,True,True,18.987829,21.981173283541672,75.62649640861932,True,True,15.027952,17.397039809487783,23.49397590361446,True,True,,"EIA Electric Sales, Revenue, and Average Price",https://www.eia.gov/electricity/sales_revenue_price/archive/f8612021.zip,https://www.eia.gov/electricity/data/eia861/archive/zip/f8612021.zip
DOM_NH_UNITIL,24590,Unitil Energy Systems,NH,ISO-NE,2022,DOM,DOM,68602,ieee_standard,0.0,reported,79123.0,70.79,0.7079000000000001,24.229924,25.97137866540366,91.64080768269189,True,True,23.732734,25.438454593555473,75.21178053994142,True,True,18.668761,20.01052339846051,22.485207100591715,True,True,,"EIA Electric Sales, Revenue, and Average Price",https://www.eia.gov/electricity/sales_revenue_price/archive/f8612022.zip,https://www.eia.gov/electricity/data/eia861/archive/zip/f8612022.zip
DOM_NH_UNITIL,24590,Unitil Energy Systems,NH,ISO-NE,2023,DOM,DOM,68602,ieee_standard,0.0,reported,79306.0,90.94,0.9094,32.474247,33.43211029140576,82.14128294790045,True,True,33.090707,34.06675345065254,65.92727560801711,True,True,16.658028,17.149374682446847,16.167664670658684,True,True,,"EIA Electric Sales, Revenue, and Average Price",https://www.eia.gov/electricity/sales_revenue_price/archive/f8612023.zip,https://www.eia.gov/electricity/data/eia861/archive/zip/f8612023.zip
DOM_NH_UNITIL,24590,Unitil Energy Systems,NH,ISO-NE,2024,DOM,DOM,68602,ieee_standard,0.0,reported,79654.0,97.66,0.9765999999999999,23.32787,23.32787,57.805894871869626,True,True,23.537991,23.537991,47.197919129817926,True,True,19.548684,19.548684,11.656441717791411,True,True,,"EIA Electric Sales, Revenue, and Average Price",https://www.eia.gov/electricity/sales_revenue_price/xls/f8612024.zip,https://www.eia.gov/electricity/data/eia861/zip/f8612024.zip
DOM_NY_CECONY,4226,Con Edison (CECONY),NY,NYISO,2013,DOM,DOM,3064038,other_standard,1.0,reported,3362187.0,19.0,0.19,26.992352,36.3465515856,73.89884695063695,True,True,20.607874,27.749532734699997,69.05315843138524,True,True,18.295924,24.636376462199998,11.12565445026178,True,True,,"EIA Electric Sales, Revenue, and Average Price",https://www.eia.gov/electricity/sales_revenue_price/archive/f8612013.zip,https://www.eia.gov/electricity/data/eia861/archive/zip/f8612013.zip
DOM_NY_CECONY,4226,Con Edison (CECONY),NY,NYISO,2014,DOM,DOM,3064038,other_standard,1.0,reported,3362187.0,19.0,0.19,28.849002,38.22658837958316,74.427197504008,True,True,22.155453,29.357250631900577,68.59740389916303,True,True,20.183612,26.744447795359275,12.109375,True,True,,"EIA Electric Sales, Revenue, and Average Price",https://www.eia.gov/electricity/sales_revenue_price/archive/f8612014.zip,https://www.eia.gov/electricity/data/eia861/archive/zip/f8612014.zip
DOM_NY_CECONY,4226,Con Edison (CECONY),NY,NYISO,2015,DOM,DOM,3064038,other_standard,1.0,reported,3385176.0,20.7,0.207,26.304176,34.81309593072742,76.09757060989948,True,True,20.574438,27.229892463265287,68.39675354286173,True,True,16.703928,22.10734325545738,10.657894736842104,True,True,,"EIA Electric Sales, Revenue, and Average Price",https://www.eia.gov/electricity/sales_revenue_price/archive/f8612015.zip,https://www.eia.gov/electricity/data/eia861/archive/zip/f8612015.zip
DOM_NY_CECONY,4226,Con Edison (CECONY),NY,NYISO,2016,DOM,DOM,3064038,other_standard,1.0,reported,3410172.0,18.824,0.18824000000000002,24.908229,32.55474366908674,75.53201297362699,True,True,19.129361,25.001835494142313,68.53138829073134,True,True,16.677073,21.79672575941258,9.05511811023622,True,True,,"EIA Electric Sales, Revenue, and Average Price",https://www.eia.gov/electricity/sales_revenue_price/archive/f8612016.zip,https://www.eia.gov/electricity/data/eia861/archive/zip/f8612016.zip
DOM_NY_CECONY,4226,Con Edison (CECONY),NY,NYISO,2017,DOM,DOM,3064038,other_standard,1.0,reported,3434897.0,18.35,0.18350000000000002,25.34245,32.43162110937931,75.98014624022431,True,True,19.725072,25.242865684226533,69.62014906962314,True,True,17.175132,21.97961813193184,8.735332464146023,True,True,,"EIA Electric Sales, Revenue, and Average Price",https://www.eia.gov/electricity/sales_revenue_price/archive/f8612017.zip,https://www.eia.gov/electricity/data/eia861/archive/zip/f8612017.zip
DOM_NY_CECONY,4226,Con Edison (CECONY),NY,NYISO,2018,DOM,DOM,3064038,other_standard,1.0,reported,3464959.0,19.827,0.19827000000000003,26.357368,32.9262312070581,78.92051699312437,True,True,19.296206,24.10526499364511,70.57891171244871,True,True,16.715821,20.88178861644293,7.835325365205843,True,True,,"EIA Electric Sales, Revenue, and Average Price",https://www.eia.gov/electricity/sales_revenue_price/archive/f8612018.zip,https://www.eia.gov/electricity/data/eia861/archive/zip/f8612018.zip
DOM_NY_CECONY,4226,Con Edison (CECONY),NY,NYISO,2019,DOM,DOM,3064038,other_standard,1.0,reported,3504987.0,28.91,0.2891,25.297642,31.039719199143466,80.1526310081694,True,True,18.700437,22.945075805139187,71.76560789786234,True,True,14.700077,18.03671117987152,6.998654104979812,True,True,,"EIA Electric Sales, Revenue, and Average Price",https://www.eia.gov/electricity/sales_revenue_price/archive/f8612019.zip,https://www.eia.gov/electricity/data/eia861/archive/zip/f8612019.zip
DOM_NY_CECONY,4226,Con Edison (CECONY),NY,NYISO,2020,DOM,DOM,3064038,other_standard,1.0,reported,3535450.0,21.51,0.2151,26.150327,31.695190572152516,81.67657980684166,True,True,20.157194,24.43128551432069,73.93377943860258,True,True,15.576814,18.879690806045115,6.371191135734072,True,True,,"EIA Electric Sales, Revenue, and Average Price",https://www.eia.gov/electricity/sales_revenue_price/archive/f8612020.zip,https://www.eia.gov/electricity/data/eia861/archive/zip/f8612020.zip
DOM_NY_CECONY,4226,Con Edison (CECONY),NY,NYISO,2021,DOM,DOM,3064038,other_standard,1.0,reported,3498725.0,19.6,0.196,27.325274,31.632978304905517,84.40556746303383,True,True,23.498893,27.20338586388177,76.01733453514012,True,True,18.864125,21.83796791446724,5.906593406593407,True,True,,"EIA Electric Sales, Revenue, and Average Price",https://www.eia.gov/electricity/sales_revenue_price/archive/f8612021.zip,https://www.eia.gov/electricity/data/eia861/archive/zip/f8612021.zip
DOM_NY_CECONY,4226,Con Edison (CECONY),NY,NYISO,2022,DOM,DOM,3064038,other_standard,1.0,reported,3563455.0,18.18,0.1818,28.762013,30.829198259237735,86.79673248791548,True,True,26.040136,27.91169433938834,78.34159575864061,True,True,22.459469,24.073677409095247,6.954102920723226,True,True,,"EIA Electric Sales, Revenue, and Average Price",https://www.eia.gov/electricity/sales_revenue_price/archive/f8612022.zip,https://www.eia.gov/electricity/data/eia861/archive/zip/f8612022.zip
DOM_NY_CECONY,4226,Con Edison (CECONY),NY,NYISO,2023,DOM,DOM,3064038,other_standard,1.0,reported,3626606.0,14.768,0.14768,31.580885,32.51239760602307,87.71660193590421,True,True,25.444789,26.19531077008647,79.57934208740556,True,True,21.926768,22.57352190830065,7.42296918767507,True,True,,"EIA Electric Sales, Revenue, and Average Price",https://www.eia.gov/electricity/sales_revenue_price/archive/f8612023.zip,https://www.eia.gov/electricity/data/eia861/archive/zip/f8612023.zip
DOM_NY_CECONY,4226,Con Edison (CECONY),NY,NYISO,2024,DOM,DOM,3064038,other_standard,1.0,reported,3686348.0,14.951,0.14951,35.66164,35.66164,88.6108135734609,True,True,28.196293,28.196293,79.40599284577168,True,True,30.954324,30.954324,66.30786816536484,True,True,,"EIA Electric Sales, Revenue, and Average Price",https://www.eia.gov/electricity/sales_revenue_price/xls/f8612024.zip,https://www.eia.gov/electricity/data/eia861/zip/f8612024.zip
DOM_NY_ORU,14154,Orange & Rockland Utilities,NY,NYISO,2013,DOM,DOM,211011,other_standard,1.0,reported,220471.0,86.0,0.86,19.456688,26.199403226399998,60.011676320115534,True,True,14.606526,19.6684175853,54.47264305702982,True,True,8.0287816,10.81115586348,52.22222222222222,True,True,,"EIA Electric Sales, Revenue, and Average Price",https://www.eia.gov/electricity/sales_revenue_price/archive/f8612013.zip,https://www.eia.gov/electricity/data/eia861/archive/zip/f8612013.zip
DOM_NY_ORU,14154,Orange & Rockland Utilities,NY,NYISO,2014,DOM,DOM,211011,other_standard,1.0,reported,221300.0,103.01,1.0301,23.237163,30.790578651915922,60.082205769721725,True,True,17.356313,22.99811386328748,53.949854302091005,True,True,11.090636,14.695731146602114,43.29896907216495,True,True,,"EIA Electric Sales, Revenue, and Average Price",https://www.eia.gov/electricity/sales_revenue_price/archive/f8612014.zip,https://www.eia.gov/electricity/data/eia861/archive/zip/f8612014.zip
DOM_NY_ORU,14154,Orange & Rockland Utilities,NY,NYISO,2015,DOM,DOM,211011,other_standard,1.0,reported,221203.0,148.05,1.4805000000000001,20.81942,27.554121660458215,61.829622557185225,True,True,15.287144,20.232255539152572,51.94615066356895,True,True,8.7284246,11.551910347768397,43.75,True,True,,"EIA Electric Sales, Revenue, and Average Price",https://www.eia.gov/electricity/sales_revenue_price/archive/f8612015.zip,https://www.eia.gov/electricity/data/eia861/archive/zip/f8612015.zip
DOM_NY_ORU,14154,Orange & Rockland Utilities,NY,NYISO,2016,DOM,DOM,211011,other_standard,1.0,reported,222510.0,107.58,1.0758,19.398218,25.353228229396176,64.58849095703647,True,True,13.401811,17.515999303143836,52.16650898770104,True,True,8.3921006,10.96837048825065,44.554455445544555,True,True,,"EIA Electric Sales, Revenue, and Average Price",https://www.eia.gov/electricity/sales_revenue_price/archive/f8612016.zip,https://www.eia.gov/electricity/data/eia861/archive/zip/f8612016.zip
DOM_NY_ORU,14154,Orange & Rockland Utilities,NY,NYISO,2017,DOM,DOM,211011,other_standard,1.0,reported,224402.0,92.282,0.92282,22.24285,28.464954398361545,66.55546916150392,True,True,14.648854,18.746651670008838,53.50874448581172,True,True,7.180006,9.18850522167628,47.61904761904762,True,True,,"EIA Electric Sales, Revenue, and Average Price",https://www.eia.gov/electricity/sales_revenue_price/archive/f8612017.zip,https://www.eia.gov/electricity/data/eia861/archive/zip/f8612017.zip
DOM_NY_ORU,14154,Orange & Rockland Utilities,NY,NYISO,2018,DOM,DOM,211011,other_standard,1.0,reported,227222.0,120.33,1.2033,20.528916,25.645194719225167,69.88039252726712,True,True,13.655561,17.058841336057743,55.01347458414646,True,True,7.7805565,9.719650392959524,45.714285714285715,True,True,,"EIA Electric Sales, Revenue, and Average Price",https://www.eia.gov/electricity/sales_revenue_price/archive/f8612018.zip,https://www.eia.gov/electricity/data/eia861/archive/zip/f8612018.zip
DOM_NY_ORU,14154,Orange & Rockland Utilities,NY,NYISO,2019,DOM,DOM,211011,other_standard,1.0,reported,229181.0,113.98,1.1398000000000001,19.405488,23.810159794432543,69.71705453077142,True,True,13.297495,16.315770096359742,55.80965296184429,True,True,5.4483893,6.685068670021413,47.747747747747745,True,True,,"EIA Electric Sales, Revenue, and Average Price",https://www.eia.gov/electricity/sales_revenue_price/archive/f8612019.zip,https://www.eia.gov/electricity/data/eia861/archive/zip/f8612019.zip
DOM_NY_ORU,14154,Orange & Rockland Utilities,NY,NYISO,2020,DOM,DOM,211011,other_standard,1.0,reported,231512.0,96.196,0.9619599999999999,18.654232,22.609638426974385,69.8122827573697,True,True,13.688314,16.590757004356515,55.81495361553112,True,True,4.3207275,5.236886006161227,41.34615384615385,True,True,,"EIA Electric Sales, Revenue, and Average Price",https://www.eia.gov/electricity/sales_revenue_price/archive/f8612020.zip,https://www.eia.gov/electricity/data/eia861/archive/zip/f8612020.zip
DOM_NY_ORU,14154,Orange & Rockland Utilities,NY,NYISO,2021,DOM,DOM,211011,other_standard,1.0,reported,233903.0,107.45,1.0745,19.848941,22.978035646718478,65.35159533376414,True,True,11.993238,13.883917045427191,49.96198412457042,True,True,5.7701692,6.679809948812737,36.36363636363637,True,True,,"EIA Electric Sales, Revenue, and Average Price",https://www.eia.gov/electricity/sales_revenue_price/archive/f8612021.zip,https://www.eia.gov/electricity/data/eia861/archive/zip/f8612021.zip
DOM_NY_ORU,14154,Orange & Rockland Utilities,NY,NYISO,2022,DOM,DOM,211011,other_standard,1.0,reported,235320.0,98.127,0.98127,23.789262,25.499045377628835,73.61286239498335,True,True,15.653967,16.779049929035388,56.286611510356906,True,True,7.7962239,8.35655460855635,41.0,True,True,,"EIA Electric Sales, Revenue, and Average Price",https://www.eia.gov/electricity/sales_revenue_price/archive/f8612022.zip,https://www.eia.gov/electricity/data/eia861/archive/zip/f8612022.zip
DOM_NY_ORU,14154,Orange & Rockland Utilities,NY,NYISO,2023,DOM,DOM,211011,other_standard,1.0,reported,237592.0,110.21,1.1020999999999999,23.465302,24.157436644647813,80.49842207845072,True,True,14.958869,15.400097136746256,60.72294203895987,True,True,6.0745423,6.253717542500975,34.78260869565217,True,True,,"EIA Electric Sales, Revenue, and Average Price",https://www.eia.gov/electricity/sales_revenue_price/archive/f8612023.zip,https://www.eia.gov/electricity/data/eia861/archive/zip/f8612023.zip
DOM_NY_ORU,14154,Orange & Rockland Utilities,NY,NYISO,2024,DOM,DOM,211011,other_standard,1.0,reported,240260.0,106.6,1.0659999999999998,23.306148,23.306148,80.78488799162129,True,True,16.102478,16.102478,64.14898352871346,True,True,9.3232163,9.3232163,34.11764705882353,True,True,,"EIA Electric Sales, Revenue, and Average Price",https://www.eia.gov/electricity/sales_revenue_price/xls/f8612024.zip,https://www.eia.gov/electricity/data/eia861/zip/f8612024.zip
DOM_RI_RIE,13214,Rhode Island Energy (legal entity: Narragansett Electric),RI,ISO-NE,2013,MTC,DOM,451381,ieee_standard,0.0,reported,485428.0,57.28,0.5728,15.146715,20.39580908325,97.87757158141136,True,True,13.182543,17.75095327665,82.59724402581546,True,True,12.609802,16.979728883099998,79.79470556455969,True,True,,"EIA Electric Sales, Revenue, and Average Price",https://www.eia.gov/electricity/sales_revenue_price/archive/f8612013.zip,https://www.eia.gov/electricity/data/eia861/archive/zip/f8612013.zip
DOM_RI_RIE,13214,Rhode Island Energy (legal entity: Narragansett Electric),RI,ISO-NE,2014,MTC,DOM,451381,ieee_standard,0.0,reported,484151.0,54.21,0.5421,17.063304,22.6098600708508,94.8268780832222,True,True,15.38028,20.379756385428355,83.80607032652848,True,True,14.885663,19.7243603871701,80.16483516483517,True,True,,"EIA Electric Sales, Revenue, and Average Price",https://www.eia.gov/electricity/sales_revenue_price/archive/f8612014.zip,https://www.eia.gov/electricity/data/eia861/archive/zip/f8612014.zip
DOM_RI_RIE,13214,Rhode Island Energy (legal entity: Narragansett Electric),RI,ISO-NE,2015,MTC,DOM,451381,ieee_standard,0.0,reported,482984.0,64.29,0.6429,19.198798,25.409258078590174,92.57939638734074,True,True,17.661036,23.374058191521776,78.08817939946788,True,True,17.333088,22.94002501046755,74.46927374301676,True,True,,"EIA Electric Sales, Revenue, and Average Price",https://www.eia.gov/electricity/sales_revenue_price/archive/f8612015.zip,https://www.eia.gov/electricity/data/eia861/archive/zip/f8612015.zip
DOM_RI_RIE,13214,Rhode Island Energy (legal entity: Narragansett Electric),RI,ISO-NE,2016,MTC,DOM,451381,ieee_standard,0.0,reported,488080.0,69.13,0.6912999999999999,18.434758,24.09399806351733,89.17448522229483,True,True,16.263224,21.255830294194727,75.1517037498055,True,True,15.187268,19.84956926378522,70.10777084515031,True,True,,"EIA Electric Sales, Revenue, and Average Price",https://www.eia.gov/electricity/sales_revenue_price/archive/f8612016.zip,https://www.eia.gov/electricity/data/eia861/archive/zip/f8612016.zip
DOM_RI_RIE,13214,Rhode Island Energy (legal entity: Narragansett Electric),RI,ISO-NE,2017,MTC,DOM,451381,ieee_standard,0.0,reported,488080.0,59.1,0.591,17.992722,23.025916698282664,87.47442874452375,True,True,15.975083,20.443873384257895,74.34952521339687,True,True,15.584041,19.943443237138972,70.29530978575565,True,True,,"EIA Electric Sales, Revenue, and Average Price",https://www.eia.gov/electricity/sales_revenue_price/archive/f8612017.zip,https://www.eia.gov/electricity/data/eia861/archive/zip/f8612017.zip
DOM_RI_RIE,13214,Rhode Island Energy (legal entity: Narragansett Electric),RI,ISO-NE,2018,MTC,DOM,451381,ieee_standard,0.0,reported,492421.0,65.11,0.6511,20.374716,25.45256452746519,88.48827564716503,True,True,17.760712,22.187090521101023,75.41075334452414,True,True,17.479273,21.83551043978625,72.27086981903093,True,True,,"EIA Electric Sales, Revenue, and Average Price",https://www.eia.gov/electricity/sales_revenue_price/archive/f8612018.zip,https://www.eia.gov/electricity/data/eia861/archive/zip/f8612018.zip
DOM_RI_RIE,13214,Rhode Island Energy (legal entity: Narragansett Electric),RI,ISO-NE,2019,MTC,DOM,451381,ieee_standard,0.0,reported,496959.0,68.2,0.682,21.519623,26.404162695931475,89.03037692595738,True,True,17.104043,20.986331132762313,75.24762465315732,True,True,19.310911,23.694115638115633,72.05188679245283,True,True,,"EIA Electric Sales, Revenue, and Average Price",https://www.eia.gov/electricity/sales_revenue_price/archive/f8612019.zip,https://www.eia.gov/electricity/data/eia861/archive/zip/f8612019.zip
DOM_RI_RIE,13214,Rhode Island Energy (legal entity: Narragansett Electric),RI,ISO-NE,2020,MTC,DOM,451381,ieee_standard,0.0,reported,498159.0,69.108,0.69108,21.809504,26.4339480559506,89.9720994690639,True,True,15.517311,18.80757090771211,74.55886092041699,True,True,19.436159,23.557363680219265,70.04297114794352,True,True,,"EIA Electric Sales, Revenue, and Average Price",https://www.eia.gov/electricity/sales_revenue_price/archive/f8612020.zip,https://www.eia.gov/electricity/data/eia861/archive/zip/f8612020.zip
DOM_RI_RIE,13214,Rhode Island Energy (legal entity: Narragansett Electric),RI,ISO-NE,2021,MTC,DOM,451381,ieee_standard,0.0,reported,499886.0,68.8,0.688,22.107131,25.59221895841572,90.823958981439,True,True,13.853923,16.037930514322806,74.14402380670577,True,True,19.329305,22.37648141108857,68.1159420289855,True,True,,"EIA Electric Sales, Revenue, and Average Price",https://www.eia.gov/electricity/sales_revenue_price/archive/f8612021.zip,https://www.eia.gov/electricity/data/eia861/archive/zip/f8612021.zip
DOM_RI_RIE,13214,Rhode Island Energy (legal entity: Narragansett Electric),RI,ISO-NE,2022,DOM,DOM,451381,ieee_standard,0.0,reported,500974.0,63.2,0.632,22.983676,24.635560248515432,92.46587733024592,True,True,14.274086,15.299994032525113,75.47829317302984,True,True,23.957152,25.679001978571314,68.79387364390556,True,True,,"EIA Electric Sales, Revenue, and Average Price",https://www.eia.gov/electricity/sales_revenue_price/archive/f8612022.zip,https://www.eia.gov/electricity/data/eia861/archive/zip/f8612022.zip
DOM_RI_RIE,13214,Rhode Island Energy (legal entity: Narragansett Electric),RI,ISO-NE,2023,DOM,DOM,451381,ieee_standard,0.0,reported,503487.0,52.23,0.5223,27.186214,27.98810099749994,82.00973870290203,True,True,16.733485,17.227057368861672,65.31763675559148,True,True,28.00162,28.827558285740498,62.006472491909385,True,True,,"EIA Electric Sales, Revenue, and Average Price",https://www.eia.gov/electricity/sales_revenue_price/archive/f8612023.zip,https://www.eia.gov/electricity/data/eia861/archive/zip/f8612023.zip
DOM_RI_RIE,13214,Rhode Island Energy (legal entity: Narragansett Electric),RI,ISO-NE,2024,DOM,DOM,451381,ieee_standard,0.0,reported,509231.0,60.79,0.6079,28.262554,28.262554,73.67168755441634,True,True,23.170962,23.170962,56.69433008072098,True,True,25.920882,25.920882,58.349086326402016,True,True,,"EIA Electric Sales, Revenue, and Average Price",https://www.eia.gov/electricity/sales_revenue_price/xls/f8612024.zip,https://www.eia.gov/electricity/data/eia861/zip/f8612024.zip
MTC_CT_UI,19497,United Illuminating,CT,ISO-NE,2013,DOM,MTC,312291,ieee_standard,0.0,reported,317544.0,57.8,0.578,20.859724,28.0886613522,50.213204042877315,True,True,15.844915,21.33597029325,40.100234523082854,True,True,13.920201,18.74424665655,24.52043369474562,True,True,,"EIA Electric Sales, Revenue, and Average Price",https://www.eia.gov/electricity/sales_revenue_price/archive/f8612013.zip,https://www.eia.gov/electricity/data/eia861/archive/zip/f8612013.zip
MTC_CT_UI,19497,United Illuminating,CT,ISO-NE,2014,DOM,MTC,312291,other_standard,1.0,reported,318490.0,62.0,0.62,21.774389,28.85231889546555,57.06125185237457,True,True,16.488296,21.84794136978213,47.48778103616813,True,True,16.08495,21.31348470065537,29.842931937172775,True,True,,"EIA Electric Sales, Revenue, and Average Price",https://www.eia.gov/electricity/sales_revenue_price/archive/f8612014.zip,https://www.eia.gov/electricity/data/eia861/archive/zip/f8612014.zip
MTC_CT_UI,19497,United Illuminating,CT,ISO-NE,2015,DOM,MTC,312291,other_standard,1.0,reported,318285.0,43.0,0.43,24.301898,32.163117611924164,60.857468373776456,True,True,19.032406,25.189041309279265,45.942219304005256,True,True,18.473004,24.448682991655446,29.342934293429344,True,True,,"EIA Electric Sales, Revenue, and Average Price",https://www.eia.gov/electricity/sales_revenue_price/archive/f8612015.zip,https://www.eia.gov/electricity/data/eia861/archive/zip/f8612015.zip
MTC_CT_UI,19497,United Illuminating,CT,ISO-NE,2016,MTC,MTC,312291,other_standard,1.0,reported,330968.0,51.0,0.51,22.350445,29.21175198224737,63.461641648892645,True,True,16.64129,21.749957826103838,42.69386984037027,True,True,14.106934,18.437586242150118,26.109215017064848,True,True,,"EIA Electric Sales, Revenue, and Average Price",https://www.eia.gov/electricity/sales_revenue_price/archive/f8612016.zip,https://www.eia.gov/electricity/data/eia861/archive/zip/f8612016.zip
MTC_CT_UI,19497,United Illuminating,CT,ISO-NE,2017,MTC,MTC,312291,other_standard,1.0,reported,332396.0,33.0,0.33,23.680113,30.30427021236255,64.78904167928214,True,True,16.857465,21.57308854292394,41.297767688233066,True,True,16.076841,20.57409666183557,23.37552742616034,True,True,,"EIA Electric Sales, Revenue, and Average Price",https://www.eia.gov/electricity/sales_revenue_price/archive/f8612017.zip,https://www.eia.gov/electricity/data/eia861/archive/zip/f8612017.zip
MTC_CT_UI,19497,United Illuminating,CT,ISO-NE,2018,MTC,MTC,312291,other_standard,1.0,reported,333861.0,59.0,0.59,25.30952,31.617235349890063,68.11054825010402,True,True,18.723988,23.390437087883033,44.50304259634888,True,True,17.196711,21.482527481004908,20.64741907261592,True,True,,"EIA Electric Sales, Revenue, and Average Price",https://www.eia.gov/electricity/sales_revenue_price/archive/f8612018.zip,https://www.eia.gov/electricity/data/eia861/archive/zip/f8612018.zip
MTC_CT_UI,19497,United Illuminating,CT,ISO-NE,2019,MTC,MTC,312291,other_standard,1.0,reported,335245.0,38.0,0.38,25.225585,30.951306648822268,70.35809236222798,True,True,18.881063,23.166700426124198,46.89087678833027,True,True,18.608027,22.831690516059957,20.649233543733093,True,True,,"EIA Electric Sales, Revenue, and Average Price",https://www.eia.gov/electricity/sales_revenue_price/archive/f8612019.zip,https://www.eia.gov/electricity/data/eia861/archive/zip/f8612019.zip
MTC_CT_UI,19497,United Illuminating,CT,ISO-NE,2020,MTC,MTC,312291,other_standard,1.0,reported,337632.0,46.0,0.46,25.965195,31.470803549343824,74.65862354405793,True,True,19.065817,23.108495095636282,47.71424095253016,True,True,17.379763,21.06493354304308,19.646182495344508,True,True,,"EIA Electric Sales, Revenue, and Average Price",https://www.eia.gov/electricity/sales_revenue_price/archive/f8612020.zip,https://www.eia.gov/electricity/data/eia861/archive/zip/f8612020.zip
MTC_CT_UI,19497,United Illuminating,CT,ISO-NE,2021,MTC,MTC,312291,other_standard,1.0,reported,340562.0,40.0,0.4,25.193634,29.165295021148918,79.29492324022057,True,True,17.61236,20.388867894908785,48.24531088001508,True,True,16.22392,18.781546687529016,18.853255587949462,True,True,,"EIA Electric Sales, Revenue, and Average Price",https://www.eia.gov/electricity/sales_revenue_price/archive/f8612021.zip,https://www.eia.gov/electricity/data/eia861/archive/zip/f8612021.zip
MTC_CT_UI,19497,United Illuminating,CT,ISO-NE,2022,MTC,MTC,312291,other_standard,1.0,reported,342845.0,39.0,0.39,23.554853,25.247788918814578,87.17817248406986,True,True,20.469573,21.940763475037013,55.42719466238339,True,True,20.106961,21.55208980191202,26.883910386965375,True,True,,"EIA Electric Sales, Revenue, and Average Price",https://www.eia.gov/electricity/sales_revenue_price/archive/f8612022.zip,https://www.eia.gov/electricity/data/eia861/archive/zip/f8612022.zip
MTC_CT_UI,19497,United Illuminating,CT,ISO-NE,2023,MTC,MTC,312291,other_standard,1.0,reported,343248.0,43.0,0.43,33.156904,34.13490300327989,84.8325190893779,True,True,25.871276,26.634377468749285,56.16480412624339,True,True,27.589186,28.402959095621462,27.659574468085108,True,True,,"EIA Electric Sales, Revenue, and Average Price",https://www.eia.gov/electricity/sales_revenue_price/archive/f8612023.zip,https://www.eia.gov/electricity/data/eia861/archive/zip/f8612023.zip
MTC_CT_UI,19497,United Illuminating,CT,ISO-NE,2024,MTC,MTC,312291,ieee_standard,0.0,reported,345159.0,49.2,0.49200000000000005,34.042707,34.042707,82.07152943888873,True,True,24.26706,24.26706,51.62712383284862,True,True,17.556766,17.556766,24.02173913043478,True,True,,"EIA Electric Sales, Revenue, and Average Price",https://www.eia.gov/electricity/sales_revenue_price/xls/f8612024.zip,https://www.eia.gov/electricity/data/eia861/zip/f8612024.zip
MTC_MA_MECO,11804,Massachusetts Electric (National Grid),MA,ISO-NE,2013,MTC,MTC,1210113,ieee_standard,0.0,reported,1273512.0,91.63,0.9163,15.115871,20.35427609505,87.08849958575566,True,True,13.994647,18.84449191785,76.5250102327878,True,True,13.36131,17.991671980499998,64.48308718437352,True,True,,"EIA Electric Sales, Revenue, and Average Price",https://www.eia.gov/electricity/sales_revenue_price/archive/f8612013.zip,https://www.eia.gov/electricity/data/eia861/archive/zip/f8612013.zip
MTC_MA_MECO,11804,Massachusetts Electric (National Grid),MA,ISO-NE,2014,MTC,MTC,1210113,ieee_standard,0.0,reported,1273077.0,96.83,0.9682999999999999,17.209251,22.80324824747594,84.7094026076796,True,True,15.377613,20.376222456899097,75.22484687152715,True,True,15.619041,20.69612845500974,63.33574704320541,True,True,,"EIA Electric Sales, Revenue, and Average Price",https://www.eia.gov/electricity/sales_revenue_price/archive/f8612014.zip,https://www.eia.gov/electricity/data/eia861/archive/zip/f8612014.zip
MTC_MA_MECO,11804,Massachusetts Electric (National Grid),MA,ISO-NE,2015,MTC,MTC,1210113,other_standard,1.0,reported,1274295.0,82.37,0.8237000000000001,20.498134,27.128905514580858,75.37163817164654,True,True,17.002409,22.50237740085313,63.91892237302865,True,True,18.076174,23.923485743196096,52.94547224926972,True,True,,"EIA Electric Sales, Revenue, and Average Price",https://www.eia.gov/electricity/sales_revenue_price/archive/f8612015.zip,https://www.eia.gov/electricity/data/eia861/archive/zip/f8612015.zip
MTC_MA_MECO,11804,Massachusetts Electric (National Grid),MA,ISO-NE,2016,MTC,MTC,1210113,other_standard,1.0,reported,1287453.0,145.69,1.4569,19.18094,25.06924860182282,59.766131761520676,True,True,13.684053,17.88488606593417,49.83923449899039,True,True,14.510232,18.96469168237452,39.78093104306696,True,True,,"EIA Electric Sales, Revenue, and Average Price",https://www.eia.gov/electricity/sales_revenue_price/archive/f8612016.zip,https://www.eia.gov/electricity/data/eia861/archive/zip/f8612016.zip
MTC_MA_MECO,11804,Massachusetts Electric (National Grid),MA,ISO-NE,2017,MTC,MTC,1210113,other_standard,1.0,reported,1294401.0,118.6,1.186,20.879716,26.720504062687105,59.009714467293115,True,True,13.099191,16.7634936381996,49.06753346950907,True,True,15.313169,19.59679884904154,39.41992433795713,True,True,,"EIA Electric Sales, Revenue, and Average Price",https://www.eia.gov/electricity/sales_revenue_price/archive/f8612017.zip,https://www.eia.gov/electricity/data/eia861/archive/zip/f8612017.zip
MTC_MA_MECO,11804,Massachusetts Electric (National Grid),MA,ISO-NE,2018,MTC,MTC,1210113,other_standard,1.0,reported,1301417.0,122.338,1.22338,23.104014,28.862066454249426,57.89621442329938,True,True,13.948732,17.425077302001096,48.37305439854687,True,True,17.110553,21.37489692288781,37.30199284619315,True,True,,"EIA Electric Sales, Revenue, and Average Price",https://www.eia.gov/electricity/sales_revenue_price/archive/f8612018.zip,https://www.eia.gov/electricity/data/eia861/archive/zip/f8612018.zip
MTC_MA_MECO,11804,Massachusetts Electric (National Grid),MA,ISO-NE,2019,MTC,MTC,1210113,other_standard,1.0,reported,1313908.0,134.19,1.3418999999999999,23.832325,29.24180347965739,57.87969748206844,True,True,13.743827,16.863410858672374,48.53894993439422,True,True,18.321342,22.479933546038545,38.04206699558557,True,True,,"EIA Electric Sales, Revenue, and Average Price",https://www.eia.gov/electricity/sales_revenue_price/archive/f8612019.zip,https://www.eia.gov/electricity/data/eia861/archive/zip/f8612019.zip
MTC_MA_MECO,11804,Massachusetts Electric (National Grid),MA,ISO-NE,2020,MTC,MTC,1210113,other_standard,1.0,reported,1317045.0,301.293,3.01293,24.097257,29.206791673432463,53.07804496635616,True,True,11.511278,13.952106600388847,42.76485063701212,True,True,16.986369,20.588125058011844,33.91626921038686,True,True,,"EIA Electric Sales, Revenue, and Average Price",https://www.eia.gov/electricity/sales_revenue_price/archive/f8612020.zip,https://www.eia.gov/electricity/data/eia861/archive/zip/f8612020.zip
MTC_MA_MECO,11804,Massachusetts Electric (National Grid),MA,ISO-NE,2021,MTC,MTC,1210113,ieee_standard,0.0,reported,1320238.0,97.56,0.9756,24.923183,28.852208659579773,50.61842033953419,True,True,11.863975,13.734276325461236,40.67628387193428,True,True,17.733738,20.52938058073557,31.718538565629228,True,True,,"EIA Electric Sales, Revenue, and Average Price",https://www.eia.gov/electricity/sales_revenue_price/archive/f8612021.zip,https://www.eia.gov/electricity/data/eia861/archive/zip/f8612021.zip
MTC_MA_MECO,11804,Massachusetts Electric (National Grid),MA,ISO-NE,2022,MTC,MTC,1210113,ieee_standard,0.0,reported,1326212.0,106.43,1.0643,28.533747,30.58452631051693,51.330805184161335,True,True,14.893984,15.964445381688503,41.827396521335515,True,True,23.954389,25.676040396056546,32.93329612056935,True,True,,"EIA Electric Sales, Revenue, and Average Price",https://www.eia.gov/electricity/sales_revenue_price/archive/f8612022.zip,https://www.eia.gov/electricity/data/eia861/archive/zip/f8612022.zip
MTC_MA_MECO,11804,Massachusetts Electric (National Grid),MA,ISO-NE,2023,MTC,MTC,1210113,ieee_standard,0.0,reported,1331051.0,94.92,0.9492,36.718551,37.801604661460125,47.97436062735419,True,True,20.63076,21.23928674052157,38.51207509744095,True,True,26.599892,27.3844847913943,29.22244374821988,True,True,,"EIA Electric Sales, Revenue, and Average Price",https://www.eia.gov/electricity/sales_revenue_price/archive/f8612023.zip,https://www.eia.gov/electricity/data/eia861/archive/zip/f8612023.zip
MTC_MA_MECO,11804,Massachusetts Electric (National Grid),MA,ISO-NE,2024,MTC,MTC,1210113,ieee_standard,0.0,reported,1345044.0,90.72,0.9072,33.59877,33.59877,43.50312739388801,True,True,23.025923,23.025923,35.02735243424175,True,True,23.886447,23.886447,26.381766381766383,True,True,,"EIA Electric Sales, Revenue, and Average Price",https://www.eia.gov/electricity/sales_revenue_price/xls/f8612024.zip,https://www.eia.gov/electricity/data/eia861/zip/f8612024.zip
MTC_MA_NANTUCKET,13206,Nantucket Electric,MA,ISO-NE,2013,MTC,MTC,12823,,0.0,,,,,15.013978,20.2170720759,98.700272240274,True,False,14.771654,19.8907706937,87.01986754966887,True,False,12.392638,16.6873066989,75.0,True,False,,"EIA Electric Sales, Revenue, and Average Price",https://www.eia.gov/electricity/sales_revenue_price/archive/f8612013.zip,
MTC_MA_NANTUCKET,13206,Nantucket Electric,MA,ISO-NE,2014,MTC,MTC,12823,,0.0,,,,,19.108299,25.319596168595382,98.6367211395613,True,False,18.662076,24.728325006199444,87.53229974160207,True,False,15.882353,21.04503201290075,75.0,True,False,,"EIA Electric Sales, Revenue, and Average Price",https://www.eia.gov/electricity/sales_revenue_price/archive/f8612014.zip,
MTC_MA_NANTUCKET,13206,Nantucket Electric,MA,ISO-NE,2015,MTC,MTC,12823,,0.0,,,,,22.233303,29.42536995631149,95.0862293092989,True,False,21.432951,28.366118719764504,83.47055098163395,True,False,23.529412,31.14074651681197,75.0,True,False,,"EIA Electric Sales, Revenue, and Average Price",https://www.eia.gov/electricity/sales_revenue_price/archive/f8612015.zip,
MTC_MA_NANTUCKET,13206,Nantucket Electric,MA,ISO-NE,2016,MTC,MTC,12823,,0.0,,,,,19.941928,26.063850396886252,93.05257740801098,True,False,17.923454,23.4257301325866,79.13803872579638,True,False,20.0,26.139749774331,75.0,True,False,,"EIA Electric Sales, Revenue, and Average Price",https://www.eia.gov/electricity/sales_revenue_price/archive/f8612016.zip,
MTC_MA_NANTUCKET,13206,Nantucket Electric,MA,ISO-NE,2017,MTC,MTC,12823,,0.0,,,,,24.267782,31.056330819988407,28.586004591446304,True,False,19.492554,24.945304253618573,27.798277982779823,True,False,20.0,25.594700677621386,40.0,True,False,,"EIA Electric Sales, Revenue, and Average Price",https://www.eia.gov/electricity/sales_revenue_price/archive/f8612017.zip,
MTC_MA_NANTUCKET,13206,Nantucket Electric,MA,ISO-NE,2018,MTC,MTC,12823,,0.0,,,,,24.039042,30.03012496878218,8.98434229255631,True,False,21.960388,27.43342251338238,11.029411764705882,True,False,22.666667,28.315722508233527,25.0,True,False,,"EIA Electric Sales, Revenue, and Average Price",https://www.eia.gov/electricity/sales_revenue_price/archive/f8612018.zip,
MTC_MA_NANTUCKET,13206,Nantucket Electric,MA,ISO-NE,2019,MTC,MTC,12823,,0.0,,,,,24.776092,30.399787400428263,10.112079701120797,True,False,21.105145,25.89560617773019,11.608222490931077,True,False,24.285714,29.798103044967878,25.0,True,False,,"EIA Electric Sales, Revenue, and Average Price",https://www.eia.gov/electricity/sales_revenue_price/archive/f8612019.zip,
MTC_MA_NANTUCKET,13206,Nantucket Electric,MA,ISO-NE,2020,MTC,MTC,12823,,0.0,,,,,24.512823,29.710473465453926,16.63074117061847,True,False,19.795918,23.993405266431438,17.27493917274939,True,False,22.413793,27.16636929931232,25.0,True,False,,"EIA Electric Sales, Revenue, and Average Price",https://www.eia.gov/electricity/sales_revenue_price/archive/f8612020.zip,
MTC_MA_NANTUCKET,13206,Nantucket Electric,MA,ISO-NE,2021,MTC,MTC,12823,,0.0,,,,,25.455531,29.468478883792706,14.802177268665204,True,False,21.183206,24.522641413452774,14.82778750729714,True,False,22.75,26.3364333121271,25.0,True,False,,"EIA Electric Sales, Revenue, and Average Price",https://www.eia.gov/electricity/sales_revenue_price/archive/f8612021.zip,
MTC_MA_NANTUCKET,13206,Nantucket Electric,MA,ISO-NE,2022,MTC,MTC,12823,,0.0,,,,,29.617828,31.74652245028895,16.33194087403599,True,False,26.190334,28.07268737976215,15.28588098016336,True,False,27.592593,29.575729629336283,25.0,True,False,,"EIA Electric Sales, Revenue, and Average Price",https://www.eia.gov/electricity/sales_revenue_price/archive/f8612022.zip,
MTC_MA_NANTUCKET,13206,Nantucket Electric,MA,ISO-NE,2023,MTC,MTC,12823,,0.0,,,,,37.408065,38.51145662801899,15.659973013731248,True,False,33.937079,34.93809011479621,14.227405247813412,True,False,34.642857,35.66468580575243,33.333333333333336,True,False,,"EIA Electric Sales, Revenue, and Average Price",https://www.eia.gov/electricity/sales_revenue_price/archive/f8612023.zip,
MTC_MA_NANTUCKET,13206,Nantucket Electric,MA,ISO-NE,2024,MTC,MTC,12823,,0.0,,,,,35.108449,35.108449,16.025890977150432,True,False,30.140619,30.140619,14.5602795573675,True,False,30.4,30.4,25.0,True,False,,"EIA Electric Sales, Revenue, and Average Price",https://www.eia.gov/electricity/sales_revenue_price/xls/f8612024.zip,
MTC_ME_CMP,3266,Central Maine Power,ME,ISO-NE,2013,MTC,MTC,577955,ieee_standard,0.0,reported,611967.0,218.4,2.184,14.302326,19.2587970753,0.0056666544803129,True,True,11.048035,14.87673152925,0.0098784945174355,True,True,,,0.0,False,False,,"EIA Electric Sales, Revenue, and Average Price",https://www.eia.gov/electricity/sales_revenue_price/archive/f8612013.zip,https://www.eia.gov/electricity/data/eia861/archive/zip/f8612013.zip
MTC_ME_CMP,3266,Central Maine Power,ME,ISO-NE,2014,MTC,MTC,577955,ieee_standard,0.0,reported,614277.0,197.4,1.974,14.910714,19.75755440426286,0.0058233063277502,True,True,12.161017,16.114047589449136,0.0112690567799475,True,True,,,0.0,False,False,,"EIA Electric Sales, Revenue, and Average Price",https://www.eia.gov/electricity/sales_revenue_price/archive/f8612014.zip,https://www.eia.gov/electricity/data/eia861/archive/zip/f8612014.zip
MTC_ME_CMP,3266,Central Maine Power,ME,ISO-NE,2015,MTC,MTC,577955,ieee_standard,0.0,reported,616979.0,171.6,1.716,14.613239,19.340354594861562,78.05102419687043,True,True,11.767125,15.573574760671496,64.7120231455245,True,True,9.1608412,12.124205810581563,63.32179930795848,True,True,,"EIA Electric Sales, Revenue, and Average Price",https://www.eia.gov/electricity/sales_revenue_price/archive/f8612015.zip,https://www.eia.gov/electricity/data/eia861/archive/zip/f8612015.zip
MTC_ME_CMP,3266,Central Maine Power,ME,ISO-NE,2016,MTC,MTC,577955,ieee_standard,0.0,reported,621927.0,198.6,1.986,14.622934,19.111991786327856,80.44103689368528,True,True,11.4896,15.016763450357672,65.63853055394367,True,True,8.6116762,11.255353050278082,63.91320898363152,True,True,,"EIA Electric Sales, Revenue, and Average Price",https://www.eia.gov/electricity/sales_revenue_price/archive/f8612016.zip,https://www.eia.gov/electricity/data/eia861/archive/zip/f8612016.zip
MTC_ME_CMP,3266,Central Maine Power,ME,ISO-NE,2017,MTC,MTC,577955,ieee_standard,0.0,reported,631274.0,202.2,2.022,15.084688,19.30440370876536,82.68271601568541,True,True,11.494478,14.709886192775206,67.99459333759665,True,True,9.1984943,11.771635414665324,67.14601769911505,True,True,,"EIA Electric Sales, Revenue, and Average Price",https://www.eia.gov/electricity/sales_revenue_price/archive/f8612017.zip,https://www.eia.gov/electricity/data/eia861/archive/zip/f8612017.zip
MTC_ME_CMP,3266,Central Maine Power,ME,ISO-NE,2018,MTC,MTC,577955,ieee_standard,0.0,reported,635107.0,235.8,2.358,16.160681,20.188294941646333,85.01490088461524,True,True,13.933559,17.406122840914364,69.86982977740122,True,True,14.922559,18.641604421009173,67.83451360417443,True,True,,"EIA Electric Sales, Revenue, and Average Price",https://www.eia.gov/electricity/sales_revenue_price/archive/f8612018.zip,https://www.eia.gov/electricity/data/eia861/archive/zip/f8612018.zip
MTC_ME_CMP,3266,Central Maine Power,ME,ISO-NE,2019,MTC,MTC,577955,ieee_standard,0.0,reported,642816.0,189.8,1.8980000000000001,17.32146,21.25309760171306,87.7736114536039,True,True,15.005346,18.41127035974304,68.98762769414611,True,True,15.349405,18.833424122055675,65.53106212424849,True,True,,"EIA Electric Sales, Revenue, and Average Price",https://www.eia.gov/electricity/sales_revenue_price/archive/f8612019.zip,https://www.eia.gov/electricity/data/eia861/archive/zip/f8612019.zip
MTC_ME_CMP,3266,Central Maine Power,ME,ISO-NE,2020,MTC,MTC,577955,ieee_standard,0.0,reported,651000.0,220.8,2.208,16.242065,19.686000311211725,88.96111239761106,True,True,13.795137,16.720230541818935,73.1552375032218,True,True,13.747974,16.663067192658733,63.306808134394345,True,True,,"EIA Electric Sales, Revenue, and Average Price",https://www.eia.gov/electricity/sales_revenue_price/archive/f8612020.zip,https://www.eia.gov/electricity/data/eia861/archive/zip/f8612020.zip
MTC_ME_CMP,3266,Central Maine Power,ME,ISO-NE,2021,MTC,MTC,577955,ieee_standard,0.0,reported,655791.0,219.6,2.1959999999999997,16.460698,19.055651654859954,89.8255222372569,True,True,13.534435,15.668076694277756,75.27733996120271,True,True,12.759757,14.771274255360305,61.5606936416185,True,True,,"EIA Electric Sales, Revenue, and Average Price",https://www.eia.gov/electricity/sales_revenue_price/archive/f8612021.zip,https://www.eia.gov/electricity/data/eia861/archive/zip/f8612021.zip
MTC_ME_CMP,3266,Central Maine Power,ME,ISO-NE,2022,MTC,MTC,577955,ieee_standard,0.0,reported,664869.0,172.49,1.7249,22.372158,23.980091187254228,90.6290474404252,True,True,19.23675,20.61933494061739,71.05158973938923,True,True,19.556343,20.961897749391046,60.1242879337131,True,True,,"EIA Electric Sales, Revenue, and Average Price",https://www.eia.gov/electricity/sales_revenue_price/archive/f8612022.zip,https://www.eia.gov/electricity/data/eia861/archive/zip/f8612022.zip
MTC_ME_CMP,3266,Central Maine Power,ME,ISO-NE,2023,MTC,MTC,577955,ieee_standard,0.0,reported,671618.0,190.3,1.903,27.452436,28.262175505401498,90.394949046784,True,True,24.647608,25.3746160480745,69.04493861171079,True,True,22.621011,23.288242361866097,56.95364238410596,True,True,,"EIA Electric Sales, Revenue, and Average Price",https://www.eia.gov/electricity/sales_revenue_price/archive/f8612023.zip,https://www.eia.gov/electricity/data/eia861/archive/zip/f8612023.zip
MTC_ME_CMP,3266,Central Maine Power,ME,ISO-NE,2024,MTC,MTC,577955,ieee_standard,0.0,reported,679726.0,215.4,2.154,23.434731,23.434731,89.85042088051839,True,True,21.08089,21.08089,67.05593037029408,True,True,20.36466,20.36466,54.36950146627566,True,True,,"EIA Electric Sales, Revenue, and Average Price",https://www.eia.gov/electricity/sales_revenue_price/xls/f8612024.zip,https://www.eia.gov/electricity/data/eia861/zip/f8612024.zip
MTC_ME_VERSANT,1179,Versant Power,ME,ISO-NE,2013,MTC,MTC,137906,ieee_standard,0.0,reported,120089.0,401.0,4.01,,,0.0,False,False,,,0.0,False,False,,,0.0,False,False,,"EIA Electric Sales, Revenue, and Average Price",https://www.eia.gov/electricity/sales_revenue_price/archive/f8612013.zip,https://www.eia.gov/electricity/data/eia861/archive/zip/f8612013.zip
MTC_ME_VERSANT,1179,Versant Power,ME,ISO-NE,2014,MTC,MTC,137906,ieee_standard,0.0,reported,156265.0,354.0,3.54,,,0.0,False,False,,,0.0,False,False,,,0.0,False,False,,"EIA Electric Sales, Revenue, and Average Price",https://www.eia.gov/electricity/sales_revenue_price/archive/f8612014.zip,https://www.eia.gov/electricity/data/eia861/archive/zip/f8612014.zip
MTC_ME_VERSANT,1179,Versant Power,ME,ISO-NE,2015,MTC,MTC,137906,ieee_standard,0.0,reported,157752.0,280.0,2.8,15.651794,20.714863146064104,78.34306071401501,True,True,13.045718,17.265769215474283,70.32735807065107,True,True,10.524991,13.929633125669579,17.88617886178862,True,True,,"EIA Electric Sales, Revenue, and Average Price",https://www.eia.gov/electricity/sales_revenue_price/archive/f8612015.zip,https://www.eia.gov/electricity/data/eia861/archive/zip/f8612015.zip
MTC_ME_VERSANT,1179,Versant Power,ME,ISO-NE,2016,MTC,MTC,137906,ieee_standard,0.0,reported,162613.0,493.0,4.93,17.771597,23.227254933512572,94.36414878225224,True,True,11.750817,15.358170801197744,87.50493485984998,True,True,10.821079,14.143014867413395,59.84251968503937,True,True,,"EIA Electric Sales, Revenue, and Average Price",https://www.eia.gov/electricity/sales_revenue_price/archive/f8612016.zip,https://www.eia.gov/electricity/data/eia861/archive/zip/f8612016.zip
MTC_ME_VERSANT,1179,Versant Power,ME,ISO-NE,2017,MTC,MTC,137906,ieee_standard,0.0,reported,167017.0,368.0,3.68,17.577136,22.494076734492165,93.8733642568918,True,True,11.767141,15.058822586318321,87.23345223939754,True,True,9.9555782,12.740502205082635,57.142857142857146,True,True,,"EIA Electric Sales, Revenue, and Average Price",https://www.eia.gov/electricity/sales_revenue_price/archive/f8612017.zip,https://www.eia.gov/electricity/data/eia861/archive/zip/f8612017.zip
MTC_ME_VERSANT,1179,Versant Power,ME,ISO-NE,2018,MTC,MTC,137906,ieee_standard,0.0,reported,170465.0,397.0,3.97,18.568793,23.196563919204756,93.96810619256412,True,True,12.144017,15.170585755165089,87.73022857365368,True,True,11.799271,14.739921111270885,58.23293172690763,True,True,,"EIA Electric Sales, Revenue, and Average Price",https://www.eia.gov/electricity/sales_revenue_price/archive/f8612018.zip,https://www.eia.gov/electricity/data/eia861/archive/zip/f8612018.zip
MTC_ME_VERSANT,1179,Versant Power,ME,ISO-NE,2019,MTC,MTC,137906,ieee_standard,0.0,reported,173791.0,302.0,3.02,19.280909,23.657303762312633,94.05316012392056,True,True,12.293873,15.084345244111347,86.84785151680573,True,True,10.02075,12.295267130620983,56.22489959839358,True,True,,"EIA Electric Sales, Revenue, and Average Price",https://www.eia.gov/electricity/sales_revenue_price/archive/f8612019.zip,https://www.eia.gov/electricity/data/eia861/archive/zip/f8612019.zip
MTC_ME_VERSANT,1179,Versant Power,ME,ISO-NE,2020,MTC,MTC,137906,ieee_standard,0.0,reported,176818.0,319.0,3.19,17.464515,21.16765618935534,94.2797885863384,True,True,12.776465,15.485561347413995,85.79296002464761,True,True,9.3307436,11.309216002610308,56.766917293233085,True,True,,"EIA Electric Sales, Revenue, and Average Price",https://www.eia.gov/electricity/sales_revenue_price/archive/f8612020.zip,https://www.eia.gov/electricity/data/eia861/archive/zip/f8612020.zip
MTC_ME_VERSANT,1179,Versant Power,ME,ISO-NE,2021,MTC,MTC,137906,ieee_standard,0.0,reported,179223.0,218.0,2.18,17.678571,20.46551675583315,93.6118298355411,True,True,14.097321,16.31969909433622,85.77806122448979,True,True,11.121305,12.874527801157171,57.87545787545787,True,True,,"EIA Electric Sales, Revenue, and Average Price",https://www.eia.gov/electricity/sales_revenue_price/archive/f8612021.zip,https://www.eia.gov/electricity/data/eia861/archive/zip/f8612021.zip
MTC_ME_VERSANT,1179,Versant Power,ME,ISO-NE,2022,MTC,MTC,137906,ieee_standard,0.0,reported,181068.0,326.0,3.26,23.326472,25.00299370480633,94.8331318459904,True,True,15.886677,17.028485277211722,86.58590308370044,True,True,9.2165043,9.878913493357267,53.42465753424658,True,True,,"EIA Electric Sales, Revenue, and Average Price",https://www.eia.gov/electricity/sales_revenue_price/archive/f8612022.zip,https://www.eia.gov/electricity/data/eia861/archive/zip/f8612022.zip
MTC_ME_VERSANT,1179,Versant Power,ME,ISO-NE,2023,MTC,MTC,137906,ieee_standard,0.0,reported,164775.0,303.0,3.03,29.094892,29.95307753434712,94.86552745102318,True,True,18.388071,18.930447185371225,85.92845966303992,True,True,13.178074,13.566775648294687,52.63157894736842,True,True,,"EIA Electric Sales, Revenue, and Average Price",https://www.eia.gov/electricity/sales_revenue_price/archive/f8612023.zip,https://www.eia.gov/electricity/data/eia861/archive/zip/f8612023.zip
MTC_ME_VERSANT,1179,Versant Power,ME,ISO-NE,2024,MTC,MTC,137906,ieee_standard,0.0,reported,165401.0,478.0,4.78,28.08211,28.08211,94.72539265876756,True,True,19.993999,19.993999,85.51229062432022,True,True,15.884759,15.884759,51.388888888888886,True,True,,"EIA Electric Sales, Revenue, and Average Price",https://www.eia.gov/electricity/sales_revenue_price/xls/f8612024.zip,https://www.eia.gov/electricity/data/eia861/zip/f8612024.zip
MTC_NH_LIBERTY,26510,Liberty Utilities (Granite State Electric),NH,ISO-NE,2013,MTC,MTC,39667,ieee_standard,0.0,reported,41853.0,177.469,1.7746899999999999,13.911086,18.731972853299997,99.14458469168828,True,True,12.050621,16.22676370755,82.44216332158726,True,True,12.190155,16.41465321525,78.4688995215311,True,True,,"EIA Electric Sales, Revenue, and Average Price",https://www.eia.gov/electricity/sales_revenue_price/archive/f8612013.zip,https://www.eia.gov/electricity/data/eia861/archive/zip/f8612013.zip
MTC_NH_LIBERTY,26510,Liberty Utilities (Granite State Electric),NH,ISO-NE,2014,MTC,MTC,39667,ieee_standard,0.0,reported,41483.0,217.04,2.1704,17.008075,22.536678466523,94.00140745953554,True,True,14.583352,19.323780909251933,83.06140611094631,True,True,14.073079,18.64763980973608,74.29906542056075,True,True,,"EIA Electric Sales, Revenue, and Average Price",https://www.eia.gov/electricity/sales_revenue_price/archive/f8612014.zip,https://www.eia.gov/electricity/data/eia861/archive/zip/f8612014.zip
MTC_NH_LIBERTY,26510,Liberty Utilities (Granite State Electric),NH,ISO-NE,2015,MTC,MTC,39667,ieee_standard,0.0,reported,42911.0,75.366,0.75366,19.54958,25.8735116410957,88.42081422343016,True,True,17.13308,22.675318079867903,77.67318723341668,True,True,16.146763,21.369945566427173,66.66666666666667,True,True,,"EIA Electric Sales, Revenue, and Average Price",https://www.eia.gov/electricity/sales_revenue_price/archive/f8612015.zip,https://www.eia.gov/electricity/data/eia861/archive/zip/f8612015.zip
MTC_NH_LIBERTY,26510,Liberty Utilities (Granite State Electric),NH,ISO-NE,2016,MTC,MTC,39667,ieee_standard,0.0,reported,43400.0,138.87,1.3887,16.592674,21.68641732235239,87.59805135826934,True,True,13.397092,17.509831629184582,75.28623289583915,True,True,14.504279,18.956911185854192,64.14141414141415,True,True,,"EIA Electric Sales, Revenue, and Average Price",https://www.eia.gov/electricity/sales_revenue_price/archive/f8612016.zip,https://www.eia.gov/electricity/data/eia861/archive/zip/f8612016.zip
MTC_NH_LIBERTY,26510,Liberty Utilities (Granite State Electric),NH,ISO-NE,2017,MTC,MTC,39667,ieee_standard,0.0,reported,43894.0,157.09,1.5709,16.421878,21.015652598720788,87.52879236590984,True,True,13.462909,17.228956305252755,69.22864633641507,True,True,14.759712,18.888520536394825,64.14141414141415,True,True,,"EIA Electric Sales, Revenue, and Average Price",https://www.eia.gov/electricity/sales_revenue_price/archive/f8612017.zip,https://www.eia.gov/electricity/data/eia861/archive/zip/f8612017.zip
MTC_NH_LIBERTY,26510,Liberty Utilities (Granite State Electric),NH,ISO-NE,2018,MTC,MTC,39667,ieee_standard,0.0,reported,44284.0,158.07,1.5807,18.259419,22.810086792450207,88.98609975470156,True,True,15.165407,18.944975736239574,69.80294199278379,True,True,15.044408,18.793820998413597,66.3265306122449,True,True,,"EIA Electric Sales, Revenue, and Average Price",https://www.eia.gov/electricity/sales_revenue_price/archive/f8612018.zip,https://www.eia.gov/electricity/data/eia861/archive/zip/f8612018.zip
MTC_NH_LIBERTY,26510,Liberty Utilities (Granite State Electric),NH,ISO-NE,2019,MTC,MTC,39667,ieee_standard,0.0,reported,44784.0,115.689,1.15689,17.993258,22.07738080085653,90.4022430712822,True,True,15.050232,18.466344616702354,71.89640997533571,True,True,15.802855,19.389798533190575,68.36734693877551,True,True,,"EIA Electric Sales, Revenue, and Average Price",https://www.eia.gov/electricity/sales_revenue_price/archive/f8612019.zip,https://www.eia.gov/electricity/data/eia861/archive/zip/f8612019.zip
MTC_NH_LIBERTY,26510,Liberty Utilities (Granite State Electric),NH,ISO-NE,2020,MTC,MTC,39667,ieee_standard,0.0,reported,45192.0,100.87,1.0087000000000002,17.145602,20.78112150812796,91.15838236468676,True,True,14.501826,17.57676447847846,72.9078786229419,True,True,14.883689,18.039596953095465,69.94818652849742,True,True,,"EIA Electric Sales, Revenue, and Average Price",https://www.eia.gov/electricity/sales_revenue_price/archive/f8612020.zip,https://www.eia.gov/electricity/data/eia861/archive/zip/f8612020.zip
MTC_NH_LIBERTY,26510,Liberty Utilities (Granite State Electric),NH,ISO-NE,2021,MTC,MTC,39667,ieee_standard,0.0,reported,45468.0,108.73,1.0873,18.321745,21.21008419139772,92.07871236268802,True,True,15.397552,17.82490555683557,73.75437651494748,True,True,15.972324,18.490287730359874,69.84126984126983,True,True,,"EIA Electric Sales, Revenue, and Average Price",https://www.eia.gov/electricity/sales_revenue_price/archive/f8612021.zip,https://www.eia.gov/electricity/data/eia861/archive/zip/f8612021.zip
MTC_NH_LIBERTY,26510,Liberty Utilities (Granite State Electric),NH,ISO-NE,2022,MTC,MTC,39667,ieee_standard,0.0,reported,45697.0,84.29,0.8429000000000001,26.187174,28.069300264037697,92.99467324931793,True,True,23.314449,24.99010658697244,76.0875512995896,True,True,20.52789,22.00327183823412,73.22404371584699,True,True,,"EIA Electric Sales, Revenue, and Average Price",https://www.eia.gov/electricity/sales_revenue_price/archive/f8612022.zip,https://www.eia.gov/electricity/data/eia861/archive/zip/f8612022.zip
MTC_NH_LIBERTY,26510,Liberty Utilities (Granite State Electric),NH,ISO-NE,2023,MTC,MTC,39667,ieee_standard,0.0,reported,45637.0,153.78,1.5378,30.774397,31.68212136390743,75.6458879527579,True,True,25.683984,26.441561087180897,60.48836213051549,True,True,25.000484,25.737900510103444,48.78048780487805,True,True,,"EIA Electric Sales, Revenue, and Average Price",https://www.eia.gov/electricity/sales_revenue_price/archive/f8612023.zip,https://www.eia.gov/electricity/data/eia861/archive/zip/f8612023.zip
MTC_NH_LIBERTY,26510,Liberty Utilities (Granite State Electric),NH,ISO-NE,2024,MTC,MTC,39667,ieee_standard,0.0,reported,45565.0,92.693,0.92693,22.867179,22.867179,62.24065343988706,True,True,18.15488,18.15488,47.60672703751617,True,True,17.671597,17.671597,35.83815028901734,True,True,,"EIA Electric Sales, Revenue, and Average Price",https://www.eia.gov/electricity/sales_revenue_price/xls/f8612024.zip,https://www.eia.gov/electricity/data/eia861/zip/f8612024.zip
MTC_NY_CENTHUD,3249,Central Hudson,NY,NYISO,2013,MTC,MTC,270859,ieee_standard,0.0,reported,299591.0,141.8,1.4180000000000001,16.859186,22.7017369083,85.67506784354039,True,True,13.207978,17.7852027759,75.59930182718013,True,True,10.687106,14.390722584299999,74.60317460317461,True,True,,"EIA Electric Sales, Revenue, and Average Price",https://www.eia.gov/electricity/sales_revenue_price/archive/f8612013.zip,https://www.eia.gov/electricity/data/eia861/archive/zip/f8612013.zip
MTC_NY_CENTHUD,3249,Central Hudson,NY,NYISO,2014,MTC,MTC,270859,,0.0,not_reported,,,,18.782612,24.888042145007972,83.81672426469143,True,False,15.531153,20.579671795624964,73.79310344827586,True,False,13.020486,17.25289349087796,72.117202268431,True,False,,"EIA Electric Sales, Revenue, and Average Price",https://www.eia.gov/electricity/sales_revenue_price/archive/f8612014.zip,https://www.eia.gov/electricity/data/eia861/archive/zip/f8612014.zip
MTC_NY_CENTHUD,3249,Central Hudson,NY,NYISO,2015,MTC,MTC,270859,ieee_standard,0.0,reported,300647.0,173.14,1.7313999999999998,17.673278,23.390260254661253,83.5611350467984,True,True,13.935449,18.443311924112717,72.98079452775585,True,True,10.916402,14.447658426722231,69.70278044103547,True,True,,"EIA Electric Sales, Revenue, and Average Price",https://www.eia.gov/electricity/sales_revenue_price/archive/f8612015.zip,https://www.eia.gov/electricity/data/eia861/archive/zip/f8612015.zip
MTC_NY_CENTHUD,3249,Central Hudson,NY,NYISO,2016,MTC,MTC,270859,other_standard,1.0,reported,302432.0,185.8,1.858,16.477993,21.53653069015889,85.09401979245361,True,True,12.67255,16.562864300134915,73.73359156445018,True,True,9.7629533,12.760057816023954,71.02001906577694,True,True,,"EIA Electric Sales, Revenue, and Average Price",https://www.eia.gov/electricity/sales_revenue_price/archive/f8612016.zip,https://www.eia.gov/electricity/data/eia861/archive/zip/f8612016.zip
MTC_NY_CENTHUD,3249,Central Hudson,NY,NYISO,2017,MTC,MTC,270859,other_standard,1.0,reported,302187.0,155.88,1.5588,17.037434,21.803401177236484,86.35036978597884,True,True,12.885271,16.48973271975176,75.77402405662426,True,True,10.412156,13.32480081143498,71.33004926108374,True,True,,"EIA Electric Sales, Revenue, and Average Price",https://www.eia.gov/electricity/sales_revenue_price/archive/f8612017.zip,https://www.eia.gov/electricity/data/eia861/archive/zip/f8612017.zip
MTC_NY_CENTHUD,3249,Central Hudson,NY,NYISO,2018,MTC,MTC,270859,other_standard,1.0,reported,304381.0,182.7,1.827,18.586594,23.218801338423432,87.66195705824285,True,True,14.007225,17.498148104897442,77.76920438957475,True,True,11.126686,13.899712437309237,73.58309317963497,True,True,,"EIA Electric Sales, Revenue, and Average Price",https://www.eia.gov/electricity/sales_revenue_price/archive/f8612018.zip,https://www.eia.gov/electricity/data/eia861/archive/zip/f8612018.zip
MTC_NY_CENTHUD,3249,Central Hudson,NY,NYISO,2019,MTC,MTC,270859,other_standard,1.0,reported,307024.0,178.0,1.78,17.191798,21.09400482655246,85.19893066151913,True,True,13.00712,15.95948556745182,75.91563043755039,True,True,10.107472,12.401673353319056,71.95004803073968,True,True,,"EIA Electric Sales, Revenue, and Average Price",https://www.eia.gov/electricity/sales_revenue_price/archive/f8612019.zip,https://www.eia.gov/electricity/data/eia861/archive/zip/f8612019.zip
MTC_NY_CENTHUD,3249,Central Hudson,NY,NYISO,2020,MTC,MTC,270859,other_standard,1.0,reported,309262.0,183.6,1.8359999999999999,17.573713,21.300008317116422,80.2294417322775,True,True,13.229555,16.034723654116185,69.5020484014022,True,True,9.9310602,12.036822546139444,68.45238095238095,True,True,,"EIA Electric Sales, Revenue, and Average Price",https://www.eia.gov/electricity/sales_revenue_price/archive/f8612020.zip,https://www.eia.gov/electricity/data/eia861/archive/zip/f8612020.zip
MTC_NY_CENTHUD,3249,Central Hudson,NY,NYISO,2021,MTC,MTC,270859,other_standard,1.0,reported,311785.0,227.3,2.273,18.529658,21.450773723671315,82.82415610071064,True,True,15.412829,17.842590905921696,71.37967914438502,True,True,12.371853,14.322218966239102,69.23076923076923,True,True,,"EIA Electric Sales, Revenue, and Average Price",https://www.eia.gov/electricity/sales_revenue_price/archive/f8612021.zip,https://www.eia.gov/electricity/data/eia861/archive/zip/f8612021.zip
MTC_NY_CENTHUD,3249,Central Hudson,NY,NYISO,2022,MTC,MTC,270859,other_standard,1.0,reported,313732.0,172.2,1.722,22.260445,23.8603491432904,86.1694557815605,True,True,19.615668,21.025486559629375,75.68066451315183,True,True,16.465644,17.649063830894878,74.01185770750988,True,True,,"EIA Electric Sales, Revenue, and Average Price",https://www.eia.gov/electricity/sales_revenue_price/archive/f8612022.zip,https://www.eia.gov/electricity/data/eia861/archive/zip/f8612022.zip
MTC_NY_CENTHUD,3249,Central Hudson,NY,NYISO,2023,MTC,MTC,270859,other_standard,1.0,reported,315627.0,150.6,1.506,25.12523,25.866326029266723,89.53640373128525,True,True,18.094435,18.628150071675957,79.61452335252719,True,True,16.659887,17.151288515676967,75.52870090634441,True,True,,"EIA Electric Sales, Revenue, and Average Price",https://www.eia.gov/electricity/sales_revenue_price/archive/f8612023.zip,https://www.eia.gov/electricity/data/eia861/archive/zip/f8612023.zip
MTC_NY_CENTHUD,3249,Central Hudson,NY,NYISO,2024,MTC,MTC,270859,ieee_standard,0.0,reported,321537.0,167.2,1.672,25.144244,25.144244,84.76439771246294,True,True,17.41606,17.41606,76.77069857697283,True,True,16.08669,16.08669,69.91869918699187,True,True,,"EIA Electric Sales, Revenue, and Average Price",https://www.eia.gov/electricity/sales_revenue_price/xls/f8612024.zip,https://www.eia.gov/electricity/data/eia861/zip/f8612024.zip
MTC_NY_NIMO,13573,Niagara Mohawk (National Grid),NY,NYISO,2013,MTC,MTC,1532294,ieee_standard,0.0,reported,1605502.0,117.92,1.1792,14.182387,19.097293214849998,79.43733038770473,True,True,12.058666,16.2375967023,57.73095623987034,True,True,8.1045231,10.913145580304999,38.04347826086956,True,True,,"EIA Electric Sales, Revenue, and Average Price",https://www.eia.gov/electricity/sales_revenue_price/archive/f8612013.zip,https://www.eia.gov/electricity/data/eia861/archive/zip/f8612013.zip
MTC_NY_NIMO,13573,Niagara Mohawk (National Grid),NY,NYISO,2014,MTC,MTC,1532294,ieee_standard,0.0,reported,1604865.0,116.0,1.16,15.848715,21.000459726486394,79.18101707636434,True,True,13.327764,17.660054529727816,55.935393374802466,True,True,8.6545029,11.467714549994097,35.94132029339853,True,True,,"EIA Electric Sales, Revenue, and Average Price",https://www.eia.gov/electricity/sales_revenue_price/archive/f8612014.zip,https://www.eia.gov/electricity/data/eia861/archive/zip/f8612014.zip
MTC_NY_NIMO,13573,Niagara Mohawk (National Grid),NY,NYISO,2015,MTC,MTC,1532294,ieee_standard,0.0,reported,1605794.0,124.42,1.2442,13.307529,17.612271286427568,80.62729027082113,True,True,10.892874,14.4165195489616,57.749140288487496,True,True,6.3485607,8.40220399495297,35.05853357979051,True,True,,"EIA Electric Sales, Revenue, and Average Price",https://www.eia.gov/electricity/sales_revenue_price/archive/f8612015.zip,https://www.eia.gov/electricity/data/eia861/archive/zip/f8612015.zip
MTC_NY_NIMO,13573,Niagara Mohawk (National Grid),NY,NYISO,2016,MTC,MTC,1532294,ieee_standard,0.0,reported,1614518.0,129.86,1.2986000000000002,12.075027,15.781909214914537,82.185946620135,True,True,9.4945287,12.409230222160211,59.33820379525535,True,True,5.3443608,6.985012700787172,34.890965732087224,True,True,,"EIA Electric Sales, Revenue, and Average Price",https://www.eia.gov/electricity/sales_revenue_price/archive/f8612016.zip,https://www.eia.gov/electricity/data/eia861/archive/zip/f8612016.zip
MTC_NY_NIMO,13573,Niagara Mohawk (National Grid),NY,NYISO,2017,MTC,MTC,1532294,ieee_standard,0.0,reported,1630708.0,134.23,1.3422999999999998,12.606772,16.133327792550915,83.22303653284435,True,True,9.7338608,12.456762680681614,60.26252983293556,True,True,5.7792619,7.395923923404073,34.92462311557789,True,True,,"EIA Electric Sales, Revenue, and Average Price",https://www.eia.gov/electricity/sales_revenue_price/archive/f8612017.zip,https://www.eia.gov/electricity/data/eia861/archive/zip/f8612017.zip
MTC_NY_NIMO,13573,Niagara Mohawk (National Grid),NY,NYISO,2018,MTC,MTC,1532294,ieee_standard,0.0,reported,1643827.0,147.039,1.4703899999999999,12.591437,15.729513124797062,84.57194884046513,True,True,9.9869447,12.475921353160283,61.13525211730825,True,True,6.4363868,8.0404826428366,35.30895334174023,True,True,,"EIA Electric Sales, Revenue, and Average Price",https://www.eia.gov/electricity/sales_revenue_price/archive/f8612018.zip,https://www.eia.gov/electricity/data/eia861/archive/zip/f8612018.zip
MTC_NY_NIMO,13573,Niagara Mohawk (National Grid),NY,NYISO,2019,MTC,MTC,1532294,ieee_standard,0.0,reported,1653855.0,135.57,1.3557,12.542832,15.389813139186295,85.26119464856235,True,True,8.7868848,10.781338309207708,62.166514634503415,True,True,5.0022881,6.137711094860814,35.39823008849557,True,True,,"EIA Electric Sales, Revenue, and Average Price",https://www.eia.gov/electricity/sales_revenue_price/archive/f8612019.zip,https://www.eia.gov/electricity/data/eia861/archive/zip/f8612019.zip
MTC_NY_NIMO,13573,Niagara Mohawk (National Grid),NY,NYISO,2020,MTC,MTC,1532294,ieee_standard,0.0,reported,1663243.0,144.54,1.4454,12.640154,15.320347232803472,86.35246364334397,True,True,8.600259,10.423840894030494,63.06184559542091,True,True,4.9481663,5.9973656872896,35.949367088607595,True,True,,"EIA Electric Sales, Revenue, and Average Price",https://www.eia.gov/electricity/sales_revenue_price/archive/f8612020.zip,https://www.eia.gov/electricity/data/eia861/archive/zip/f8612020.zip
MTC_NY_NIMO,13573,Niagara Mohawk (National Grid),NY,NYISO,2021,MTC,MTC,1532294,ieee_standard,0.0,reported,1674003.0,133.66,1.3366,14.893209,17.24105519261851,88.0877681207373,True,True,10.902965,12.621767500085971,64.81930104352337,True,True,6.5912694,7.630352834961055,37.07006369426752,True,True,,"EIA Electric Sales, Revenue, and Average Price",https://www.eia.gov/electricity/sales_revenue_price/archive/f8612021.zip,https://www.eia.gov/electricity/data/eia861/archive/zip/f8612021.zip
MTC_NY_NIMO,13573,Niagara Mohawk (National Grid),NY,NYISO,2022,MTC,MTC,1532294,ieee_standard,0.0,reported,1678861.0,152.66,1.5266,18.643349,19.983284985552352,90.4630256377966,True,True,14.238739,15.262106570654163,67.02913025157198,True,True,9.3450865,10.016737161554934,38.392857142857146,True,True,,"EIA Electric Sales, Revenue, and Average Price",https://www.eia.gov/electricity/sales_revenue_price/archive/f8612022.zip,https://www.eia.gov/electricity/data/eia861/archive/zip/f8612022.zip
MTC_NY_NIMO,13573,Niagara Mohawk (National Grid),NY,NYISO,2023,MTC,MTC,1532294,ieee_standard,0.0,reported,1679983.0,132.43,1.3243,16.974024,17.4746913287002,92.7548420480373,True,True,11.401853,11.738163074955846,68.5613687567344,True,True,6.7760342,6.975900710268584,39.166666666666664,True,True,,"EIA Electric Sales, Revenue, and Average Price",https://www.eia.gov/electricity/sales_revenue_price/archive/f8612023.zip,https://www.eia.gov/electricity/data/eia861/archive/zip/f8612023.zip
MTC_NY_NIMO,13573,Niagara Mohawk (National Grid),NY,NYISO,2024,MTC,MTC,1532294,ieee_standard,0.0,reported,1690739.0,140.65,1.4065,17.222104,17.222104,93.3377015115898,True,True,10.42868,10.42868,69.72205411947782,True,True,5.9980794,5.9980794,40.02574002574003,True,True,,"EIA Electric Sales, Revenue, and Average Price",https://www.eia.gov/electricity/sales_revenue_price/xls/f8612024.zip,https://www.eia.gov/electricity/data/eia861/zip/f8612024.zip
MTC_NY_NYSEG,13511,NYSEG,NY,NYISO,2013,MTC,MTC,792300,other_standard,1.0,reported,859531.0,121.2,1.212,11.675316,15.7213967598,75.41763822367868,True,True,11.515487,15.506179019849998,58.669880090632134,True,True,5.9777871,8.049389219504999,35.17401392111369,True,True,,"EIA Electric Sales, Revenue, and Average Price",https://www.eia.gov/electricity/sales_revenue_price/archive/f8612013.zip,https://www.eia.gov/electricity/data/eia861/archive/zip/f8612013.zip
MTC_NY_NYSEG,13511,NYSEG,NY,NYISO,2014,MTC,MTC,792300,other_standard,1.0,reported,861671.0,120.0,1.2,13.009419,17.238229078791996,76.37420130462854,True,True,13.04886,17.290490674263445,58.91740550629958,True,True,8.8112721,11.675442764612978,34.490960989533775,True,True,,"EIA Electric Sales, Revenue, and Average Price",https://www.eia.gov/electricity/sales_revenue_price/archive/f8612014.zip,https://www.eia.gov/electricity/data/eia861/archive/zip/f8612014.zip
MTC_NY_NYSEG,13511,NYSEG,NY,NYISO,2015,MTC,MTC,792300,ieee_standard,0.0,reported,877062.0,149.4,1.494,11.995675,15.876056506344417,78.16041871115473,True,True,11.414518,15.10690584403841,60.09277207357435,True,True,7.2063733,9.537503284859893,35.01026694045174,True,True,,"EIA Electric Sales, Revenue, and Average Price",https://www.eia.gov/electricity/sales_revenue_price/archive/f8612015.zip,https://www.eia.gov/electricity/data/eia861/archive/zip/f8612015.zip
MTC_NY_NYSEG,13511,NYSEG,NY,NYISO,2016,MTC,MTC,792300,ieee_standard,0.0,reported,878777.0,218.4,2.184,11.497309,15.026839016908188,79.35078244588333,True,True,10.358175,13.538005130936549,61.0064043915828,True,True,6.5599981,8.57383544270434,35.35353535353536,True,True,,"EIA Electric Sales, Revenue, and Average Price",https://www.eia.gov/electricity/sales_revenue_price/archive/f8612016.zip,https://www.eia.gov/electricity/data/eia861/archive/zip/f8612016.zip
MTC_NY_NYSEG,13511,NYSEG,NY,NYISO,2017,MTC,MTC,792300,other_standard,1.0,reported,884136.0,145.8,1.4580000000000002,11.930874,15.268357442620768,80.69156271710165,True,True,10.269409,13.142122474553558,61.965545610929674,True,True,6.5562629,8.390279324464698,35.74401664932362,True,True,,"EIA Electric Sales, Revenue, and Average Price",https://www.eia.gov/electricity/sales_revenue_price/archive/f8612017.zip,https://www.eia.gov/electricity/data/eia861/archive/zip/f8612017.zip
MTC_NY_NYSEG,13511,NYSEG,NY,NYISO,2018,MTC,MTC,792300,other_standard,1.0,reported,891168.0,155.4,1.554,12.52517,15.646730862038574,82.77456409040477,True,True,11.132992,13.907590037758254,62.79704998634253,True,True,9.3363732,11.663212450445771,35.259179265658744,True,True,,"EIA Electric Sales, Revenue, and Average Price",https://www.eia.gov/electricity/sales_revenue_price/archive/f8612018.zip,https://www.eia.gov/electricity/data/eia861/archive/zip/f8612018.zip
MTC_NY_NYSEG,13511,NYSEG,NY,NYISO,2019,MTC,MTC,792300,other_standard,1.0,reported,895050.0,156.2,1.5619999999999998,11.386247,13.970705633832974,83.51386704495225,True,True,9.6231178,11.807380084368306,63.863571457712865,True,True,7.4168158,9.100290050107066,33.96648044692738,True,True,,"EIA Electric Sales, Revenue, and Average Price",https://www.eia.gov/electricity/sales_revenue_price/archive/f8612019.zip,https://www.eia.gov/electricity/data/eia861/archive/zip/f8612019.zip
MTC_NY_NYSEG,13511,NYSEG,NY,NYISO,2020,MTC,MTC,792300,other_standard,1.0,reported,899315.0,163.94,1.6394,11.490268,13.926641681578428,83.95477842964327,True,True,9.6621609,11.710906370857261,64.08604419055656,True,True,7.4740557,9.058839675633225,34.14351851851852,True,True,,"EIA Electric Sales, Revenue, and Average Price",https://www.eia.gov/electricity/sales_revenue_price/archive/f8612020.zip,https://www.eia.gov/electricity/data/eia861/archive/zip/f8612020.zip
MTC_NY_NYSEG,13511,NYSEG,NY,NYISO,2021,MTC,MTC,792300,other_standard,1.0,reported,907375.0,176.4,1.764,12.90823,14.943153343850478,86.21224635010991,True,True,11.91067,13.788332578362764,65.77056055319012,True,True,9.5275071,11.02947496131725,34.42916915720263,True,True,,"EIA Electric Sales, Revenue, and Average Price",https://www.eia.gov/electricity/sales_revenue_price/archive/f8612021.zip,https://www.eia.gov/electricity/data/eia861/archive/zip/f8612021.zip
MTC_NY_NYSEG,13511,NYSEG,NY,NYISO,2022,MTC,MTC,792300,other_standard,1.0,reported,905435.0,162.93,1.6293,15.695361,16.823419001281582,88.75329480940795,True,True,15.373511,16.478436977257893,67.8804261408809,True,True,12.829901,13.752012474766369,35.67901234567901,True,True,,"EIA Electric Sales, Revenue, and Average Price",https://www.eia.gov/electricity/sales_revenue_price/archive/f8612022.zip,https://www.eia.gov/electricity/data/eia861/archive/zip/f8612022.zip
MTC_NY_NYSEG,13511,NYSEG,NY,NYISO,2023,MTC,MTC,792300,other_standard,1.0,reported,911323.0,151.28,1.5128,15.529676,15.987740711025483,91.34287489706529,True,True,13.310948,13.703568911672287,69.26103440875599,True,True,8.9282147,9.191562118615106,36.02047344849648,True,True,,"EIA Electric Sales, Revenue, and Average Price",https://www.eia.gov/electricity/sales_revenue_price/archive/f8612023.zip,https://www.eia.gov/electricity/data/eia861/archive/zip/f8612023.zip
MTC_NY_NYSEG,13511,NYSEG,NY,NYISO,2024,MTC,MTC,792300,other_standard,1.0,reported,910487.0,147.6,1.476,18.320617,18.320617,92.79212419538054,True,True,14.957555,14.957555,70.80357772778227,True,True,12.46572,12.46572,36.2,True,True,,"EIA Electric Sales, Revenue, and Average Price",https://www.eia.gov/electricity/sales_revenue_price/xls/f8612024.zip,https://www.eia.gov/electricity/data/eia861/zip/f8612024.zip
MTC_NY_RGE,16183,Rochester Gas & Electric,NY,NYISO,2013,MTC,MTC,351481,other_standard,1.0,reported,365870.0,81.0,0.81,13.3108,17.92365774,74.59416076079714,True,True,13.039684,17.5585864902,52.96744890234671,True,True,11.714802,15.7745666331,35.162374020156776,True,True,,"EIA Electric Sales, Revenue, and Average Price",https://www.eia.gov/electricity/sales_revenue_price/archive/f8612013.zip,https://www.eia.gov/electricity/data/eia861/archive/zip/f8612013.zip
MTC_NY_RGE,16183,Rochester Gas & Electric,NY,NYISO,2014,MTC,MTC,351481,other_standard,1.0,reported,369072.0,79.2,0.792,14.221115,18.84379603161717,76.37815473478047,True,True,13.504697,17.894500940101555,53.113049563848136,True,True,12.069216,15.992405979807524,34.03019744483159,True,True,,"EIA Electric Sales, Revenue, and Average Price",https://www.eia.gov/electricity/sales_revenue_price/archive/f8612014.zip,https://www.eia.gov/electricity/data/eia861/archive/zip/f8612014.zip
MTC_NY_RGE,16183,Rochester Gas & Electric,NY,NYISO,2015,MTC,MTC,351481,other_standard,1.0,reported,371431.0,82.2,0.8220000000000001,13.072587,17.30132984564049,78.56807991441175,True,True,12.30968,16.29163638186411,52.69924157652617,True,True,10.504544,13.902571895068947,33.53151010701546,True,True,,"EIA Electric Sales, Revenue, and Average Price",https://www.eia.gov/electricity/sales_revenue_price/archive/f8612015.zip,https://www.eia.gov/electricity/data/eia861/archive/zip/f8612015.zip
MTC_NY_RGE,16183,Rochester Gas & Electric,NY,NYISO,2016,MTC,MTC,351481,other_standard,1.0,reported,371886.0,61.8,0.618,12.71526,16.618685735778,80.91530993278566,True,True,11.800714,15.423385555922232,54.44177224605162,True,True,9.8248028,12.84089433870733,36.18817852834741,True,True,,"EIA Electric Sales, Revenue, and Average Price",https://www.eia.gov/electricity/sales_revenue_price/archive/f8612016.zip,https://www.eia.gov/electricity/data/eia861/archive/zip/f8612016.zip
MTC_NY_RGE,16183,Rochester Gas & Electric,NY,NYISO,2017,MTC,MTC,351481,other_standard,1.0,reported,374586.0,62.4,0.624,13.513321,17.293470307780765,82.83477135973605,True,True,12.257826,15.686769371418253,55.55473391012843,True,True,10.902621,13.952466054827457,36.56716417910448,True,True,,"EIA Electric Sales, Revenue, and Average Price",https://www.eia.gov/electricity/sales_revenue_price/archive/f8612017.zip,https://www.eia.gov/electricity/data/eia861/archive/zip/f8612017.zip
MTC_NY_RGE,16183,Rochester Gas & Electric,NY,NYISO,2018,MTC,MTC,351481,other_standard,1.0,reported,377943.0,80.4,0.804,13.976534,17.45980820077743,85.39354269324116,True,True,13.168932,16.45093318050672,56.36430769230769,True,True,13.061717,16.316997732973995,37.24226804123711,True,True,,"EIA Electric Sales, Revenue, and Average Price",https://www.eia.gov/electricity/sales_revenue_price/archive/f8612018.zip,https://www.eia.gov/electricity/data/eia861/archive/zip/f8612018.zip
MTC_NY_RGE,16183,Rochester Gas & Electric,NY,NYISO,2019,MTC,MTC,351481,other_standard,1.0,reported,379141.0,79.8,0.7979999999999999,12.850189,15.766934254817986,86.81547044120144,True,True,11.40632,13.99533481798715,57.13973162193699,True,True,10.879224,13.348598184154175,37.34939759036145,True,True,,"EIA Electric Sales, Revenue, and Average Price",https://www.eia.gov/electricity/sales_revenue_price/archive/f8612019.zip,https://www.eia.gov/electricity/data/eia861/archive/zip/f8612019.zip
MTC_NY_RGE,16183,Rochester Gas & Electric,NY,NYISO,2020,MTC,MTC,351481,other_standard,1.0,reported,338655.0,93.46,0.9346,12.607443,15.28070025711534,87.93668962752281,True,True,10.88392,13.191724851932527,57.19485976741913,True,True,10.019286,12.143755570127274,37.65347885402456,True,True,,"EIA Electric Sales, Revenue, and Average Price",https://www.eia.gov/electricity/sales_revenue_price/archive/f8612020.zip,https://www.eia.gov/electricity/data/eia861/archive/zip/f8612020.zip
MTC_NY_RGE,16183,Rochester Gas & Electric,NY,NYISO,2021,MTC,MTC,351481,other_standard,1.0,reported,384785.0,121.8,1.218,13.53733,15.671428077769564,83.02827947316219,True,True,12.452053,14.415062128948227,54.26752211529114,True,True,12.794646,14.811663346429615,36.36363636363637,True,True,,"EIA Electric Sales, Revenue, and Average Price",https://www.eia.gov/electricity/sales_revenue_price/archive/f8612021.zip,https://www.eia.gov/electricity/data/eia861/archive/zip/f8612021.zip
MTC_NY_RGE,16183,Rochester Gas & Electric,NY,NYISO,2022,MTC,MTC,351481,other_standard,1.0,reported,384274.0,81.29,0.8129000000000001,15.788978,16.9237644483626,79.18037484954434,True,True,15.604324,16.72583898412749,51.174467876650255,True,True,16.642816,17.838969548341904,32.26744186046512,True,True,,"EIA Electric Sales, Revenue, and Average Price",https://www.eia.gov/electricity/sales_revenue_price/archive/f8612022.zip,https://www.eia.gov/electricity/data/eia861/archive/zip/f8612022.zip
MTC_NY_RGE,16183,Rochester Gas & Electric,NY,NYISO,2023,MTC,MTC,351481,other_standard,1.0,reported,385815.0,72.73,0.7273000000000001,16.133144,16.609008657079293,82.81690381916314,True,True,12.957993,13.340203119452282,52.176172213287145,True,True,11.952742,12.305301146127206,34.10138248847926,True,True,,"EIA Electric Sales, Revenue, and Average Price",https://www.eia.gov/electricity/sales_revenue_price/archive/f8612023.zip,https://www.eia.gov/electricity/data/eia861/archive/zip/f8612023.zip
MTC_NY_RGE,16183,Rochester Gas & Electric,NY,NYISO,2024,MTC,MTC,351481,other_standard,1.0,reported,384882.0,81.0,0.81,18.761332,18.761332,83.66113673285327,True,True,14.837276,14.837276,54.04081835583066,True,True,12.984571,12.984571,35.80441640378549,True,True,,"EIA Electric Sales, Revenue, and Average Price",https://www.eia.gov/electricity/sales_revenue_price/xls/f8612024.zip,https://www.eia.gov/electricity/data/eia861/zip/f8612024.zip
MTC_VT_GMP,7601,Green Mountain Power,VT,ISO-NE,2013,MTC,MTC,226675,other_standard,1.0,reported,258916.0,259.8,2.5980000000000003,17.080882,23.000261657099998,100.0,True,True,14.499857,19.52478244335,100.0,True,True,10.458238,14.0825403789,100.0,True,True,,"EIA Electric Sales, Revenue, and Average Price",https://www.eia.gov/electricity/sales_revenue_price/archive/f8612013.zip,https://www.eia.gov/electricity/data/eia861/archive/zip/f8612013.zip
MTC_VT_GMP,7601,Green Mountain Power,VT,ISO-NE,2014,MTC,MTC,226675,other_standard,1.0,reported,258932.0,217.0,2.17,17.444412,23.11485010981874,100.0,True,True,14.409449,19.09334942330401,100.0,True,True,9.7264459,12.88810073275964,100.0,True,True,,"EIA Electric Sales, Revenue, and Average Price",https://www.eia.gov/electricity/sales_revenue_price/archive/f8612014.zip,https://www.eia.gov/electricity/data/eia861/archive/zip/f8612014.zip
MTC_VT_GMP,7601,Green Mountain Power,VT,ISO-NE,2015,MTC,MTC,226675,other_standard,1.0,reported,260631.0,207.6,2.076,16.912265,22.383073465250682,100.0,True,True,14.325131,18.959048925282328,100.0,True,True,9.8135487,12.988052251245787,100.0,True,True,,"EIA Electric Sales, Revenue, and Average Price",https://www.eia.gov/electricity/sales_revenue_price/archive/f8612015.zip,https://www.eia.gov/electricity/data/eia861/archive/zip/f8612015.zip
MTC_VT_GMP,7601,Green Mountain Power,VT,ISO-NE,2016,MTC,MTC,226675,other_standard,1.0,reported,262316.0,285.22,2.8522000000000003,17.266629,22.567268075310352,100.0,True,True,14.350674,18.75615137264989,100.0,True,True,9.7738121,12.774250131766431,100.0,True,True,,"EIA Electric Sales, Revenue, and Average Price",https://www.eia.gov/electricity/sales_revenue_price/archive/f8612016.zip,https://www.eia.gov/electricity/data/eia861/archive/zip/f8612016.zip
MTC_VT_GMP,7601,Green Mountain Power,VT,ISO-NE,2017,MTC,MTC,226675,other_standard,1.0,reported,263895.0,256.06,2.5606,17.60801,22.53358727392821,100.0,True,True,14.408925,18.439606123064788,100.0,True,True,9.7623317,12.493197888857738,100.0,True,True,,"EIA Electric Sales, Revenue, and Average Price",https://www.eia.gov/electricity/sales_revenue_price/archive/f8612017.zip,https://www.eia.gov/electricity/data/eia861/archive/zip/f8612017.zip
MTC_VT_GMP,7601,Green Mountain Power,VT,ISO-NE,2018,MTC,MTC,226675,other_standard,1.0,reported,264748.0,245.15,2.4515000000000002,18.076834,22.58199740488538,100.0,True,True,15.214809,19.00668985253871,100.0,True,True,10.340887,12.91807422683712,100.0,True,True,,"EIA Electric Sales, Revenue, and Average Price",https://www.eia.gov/electricity/sales_revenue_price/archive/f8612018.zip,https://www.eia.gov/electricity/data/eia861/archive/zip/f8612018.zip
MTC_VT_GMP,7601,Green Mountain Power,VT,ISO-NE,2019,MTC,MTC,226675,other_standard,1.0,reported,266370.0,168.61,1.6861000000000002,17.654379,21.6615827987152,100.0,True,True,16.279528,19.974667117773016,100.0,True,True,10.715928,13.148237139186294,100.0,True,True,,"EIA Electric Sales, Revenue, and Average Price",https://www.eia.gov/electricity/sales_revenue_price/archive/f8612019.zip,https://www.eia.gov/electricity/data/eia861/archive/zip/f8612019.zip
MTC_VT_GMP,7601,Green Mountain Power,VT,ISO-NE,2020,MTC,MTC,226675,other_standard,1.0,reported,267566.0,270.0,2.7,20.001197,24.24221121923887,100.0,True,True,16.736801,20.285639153315092,100.0,True,True,10.916897,13.23169422973411,100.0,True,True,,"EIA Electric Sales, Revenue, and Average Price",https://www.eia.gov/electricity/sales_revenue_price/archive/f8612020.zip,https://www.eia.gov/electricity/data/eia861/archive/zip/f8612020.zip
MTC_VT_GMP,7601,Green Mountain Power,VT,ISO-NE,2021,MTC,MTC,226675,other_standard,1.0,reported,270676.0,269.4,2.694,19.583093,22.670277927019036,100.0,True,True,16.970975,19.64637148700115,100.0,True,True,11.025351,12.763447092496433,100.0,True,True,,"EIA Electric Sales, Revenue, and Average Price",https://www.eia.gov/electricity/sales_revenue_price/archive/f8612021.zip,https://www.eia.gov/electricity/data/eia861/archive/zip/f8612021.zip
MTC_VT_GMP,7601,Green Mountain Power,VT,ISO-NE,2022,MTC,MTC,226675,other_standard,1.0,reported,271699.0,280.8,2.8080000000000003,20.368832,21.832782011367073,100.0,True,True,17.654635,18.923510068974572,100.0,True,True,11.411827,12.232018568489007,100.0,True,True,,"EIA Electric Sales, Revenue, and Average Price",https://www.eia.gov/electricity/sales_revenue_price/archive/f8612022.zip,https://www.eia.gov/electricity/data/eia861/archive/zip/f8612022.zip
MTC_VT_GMP,7601,Green Mountain Power,VT,ISO-NE,2023,MTC,MTC,226675,other_standard,1.0,reported,273284.0,223.8,2.238,21.020105,21.640115895433382,100.0,True,True,18.273414,18.81240825225349,100.0,True,True,10.588328,10.900642268859379,100.0,True,True,,"EIA Electric Sales, Revenue, and Average Price",https://www.eia.gov/electricity/sales_revenue_price/archive/f8612023.zip,https://www.eia.gov/electricity/data/eia861/archive/zip/f8612023.zip
MTC_VT_GMP,7601,Green Mountain Power,VT,ISO-NE,2024,MTC,MTC,226675,other_standard,1.0,reported,275233.0,281.4,2.8139999999999996,22.090347,22.090347,100.0,True,True,19.245643,19.245643,100.0,True,True,10.836235,10.836235,100.0,True,True,,"EIA Electric Sales, Revenue, and Average Price",https://www.eia.gov/electricity/sales_revenue_price/xls/f8612024.zip,https://www.eia.gov/electricity/data/eia861/zip/f8612024.zip
