region,balancing_authority_code_eia,year,fuel,net_generation_mwh,share_pct,positive_generation_total_mwh,excluded_nonpositive_generation_mwh,status,source_report,eia_source_url,pudl_source_url,pudl_documentation_url,definition_note,retrieved_date
NYISO,NYIS,2013,Coal,4697104.761,3.329229,141086848.471,0.0,Derived from reported EIA net generation,"EIA Form 923, Power Plant Operations Report",https://www.eia.gov/electricity/data/eia923/,https://s3.us-west-2.amazonaws.com/pudl.catalyst.coop/stable/out_eia923__yearly_generation_fuel_combined.parquet,https://catalystcoop-pudl.readthedocs.io/en/stable/data_sources/eia923.html,"Net generation at plants assigned to the NYIS or ISNE balancing authority in the annual EIA plant table. This is regional generation, not an individual utility's purchased power mix, and it excludes imports.",2026-08-09
NYISO,NYIS,2013,Natural gas,59337669.188,42.057548,141086848.471,0.0,Derived from reported EIA net generation,"EIA Form 923, Power Plant Operations Report",https://www.eia.gov/electricity/data/eia923/,https://s3.us-west-2.amazonaws.com/pudl.catalyst.coop/stable/out_eia923__yearly_generation_fuel_combined.parquet,https://catalystcoop-pudl.readthedocs.io/en/stable/data_sources/eia923.html,"Net generation at plants assigned to the NYIS or ISNE balancing authority in the annual EIA plant table. This is regional generation, not an individual utility's purchased power mix, and it excludes imports.",2026-08-09
NYISO,NYIS,2013,Hydro,24513900.51,17.375043,141086848.471,0.0,Derived from reported EIA net generation,"EIA Form 923, Power Plant Operations Report",https://www.eia.gov/electricity/data/eia923/,https://s3.us-west-2.amazonaws.com/pudl.catalyst.coop/stable/out_eia923__yearly_generation_fuel_combined.parquet,https://catalystcoop-pudl.readthedocs.io/en/stable/data_sources/eia923.html,"Net generation at plants assigned to the NYIS or ISNE balancing authority in the annual EIA plant table. This is regional generation, not an individual utility's purchased power mix, and it excludes imports.",2026-08-09
NYISO,NYIS,2013,Nuclear,44755606.0,31.722025,141086848.471,0.0,Derived from reported EIA net generation,"EIA Form 923, Power Plant Operations Report",https://www.eia.gov/electricity/data/eia923/,https://s3.us-west-2.amazonaws.com/pudl.catalyst.coop/stable/out_eia923__yearly_generation_fuel_combined.parquet,https://catalystcoop-pudl.readthedocs.io/en/stable/data_sources/eia923.html,"Net generation at plants assigned to the NYIS or ISNE balancing authority in the annual EIA plant table. This is regional generation, not an individual utility's purchased power mix, and it excludes imports.",2026-08-09
NYISO,NYIS,2013,Oil,1020017.979,0.722972,141086848.471,0.0,Derived from reported EIA net generation,"EIA Form 923, Power Plant Operations Report",https://www.eia.gov/electricity/data/eia923/,https://s3.us-west-2.amazonaws.com/pudl.catalyst.coop/stable/out_eia923__yearly_generation_fuel_combined.parquet,https://catalystcoop-pudl.readthedocs.io/en/stable/data_sources/eia923.html,"Net generation at plants assigned to the NYIS or ISNE balancing authority in the annual EIA plant table. This is regional generation, not an individual utility's purchased power mix, and it excludes imports.",2026-08-09
NYISO,NYIS,2013,Solar,67017.16,0.047501,141086848.471,0.0,Derived from reported EIA net generation,"EIA Form 923, Power Plant Operations Report",https://www.eia.gov/electricity/data/eia923/,https://s3.us-west-2.amazonaws.com/pudl.catalyst.coop/stable/out_eia923__yearly_generation_fuel_combined.parquet,https://catalystcoop-pudl.readthedocs.io/en/stable/data_sources/eia923.html,"Net generation at plants assigned to the NYIS or ISNE balancing authority in the annual EIA plant table. This is regional generation, not an individual utility's purchased power mix, and it excludes imports.",2026-08-09
NYISO,NYIS,2013,Waste and biomass,3156034.873,2.236945,141086848.471,0.0,Derived from reported EIA net generation,"EIA Form 923, Power Plant Operations Report",https://www.eia.gov/electricity/data/eia923/,https://s3.us-west-2.amazonaws.com/pudl.catalyst.coop/stable/out_eia923__yearly_generation_fuel_combined.parquet,https://catalystcoop-pudl.readthedocs.io/en/stable/data_sources/eia923.html,"Net generation at plants assigned to the NYIS or ISNE balancing authority in the annual EIA plant table. This is regional generation, not an individual utility's purchased power mix, and it excludes imports.",2026-08-09
NYISO,NYIS,2013,Wind,3539498.0,2.508737,141086848.471,0.0,Derived from reported EIA net generation,"EIA Form 923, Power Plant Operations Report",https://www.eia.gov/electricity/data/eia923/,https://s3.us-west-2.amazonaws.com/pudl.catalyst.coop/stable/out_eia923__yearly_generation_fuel_combined.parquet,https://catalystcoop-pudl.readthedocs.io/en/stable/data_sources/eia923.html,"Net generation at plants assigned to the NYIS or ISNE balancing authority in the annual EIA plant table. This is regional generation, not an individual utility's purchased power mix, and it excludes imports.",2026-08-09
NYISO,NYIS,2014,Coal,4592054.122,3.217701,142712269.795,-13430.0,Derived from reported EIA net generation,"EIA Form 923, Power Plant Operations Report",https://www.eia.gov/electricity/data/eia923/,https://s3.us-west-2.amazonaws.com/pudl.catalyst.coop/stable/out_eia923__yearly_generation_fuel_combined.parquet,https://catalystcoop-pudl.readthedocs.io/en/stable/data_sources/eia923.html,"Net generation at plants assigned to the NYIS or ISNE balancing authority in the annual EIA plant table. This is regional generation, not an individual utility's purchased power mix, and it excludes imports.",2026-08-09
NYISO,NYIS,2014,Natural gas,59915143.684,41.983176,142712269.795,-13430.0,Derived from reported EIA net generation,"EIA Form 923, Power Plant Operations Report",https://www.eia.gov/electricity/data/eia923/,https://s3.us-west-2.amazonaws.com/pudl.catalyst.coop/stable/out_eia923__yearly_generation_fuel_combined.parquet,https://catalystcoop-pudl.readthedocs.io/en/stable/data_sources/eia923.html,"Net generation at plants assigned to the NYIS or ISNE balancing authority in the annual EIA plant table. This is regional generation, not an individual utility's purchased power mix, and it excludes imports.",2026-08-09
NYISO,NYIS,2014,Hydro,25590268.24,17.931372,142712269.795,-13430.0,Derived from reported EIA net generation,"EIA Form 923, Power Plant Operations Report",https://www.eia.gov/electricity/data/eia923/,https://s3.us-west-2.amazonaws.com/pudl.catalyst.coop/stable/out_eia923__yearly_generation_fuel_combined.parquet,https://catalystcoop-pudl.readthedocs.io/en/stable/data_sources/eia923.html,"Net generation at plants assigned to the NYIS or ISNE balancing authority in the annual EIA plant table. This is regional generation, not an individual utility's purchased power mix, and it excludes imports.",2026-08-09
NYISO,NYIS,2014,Nuclear,43038624.0,30.15762,142712269.795,-13430.0,Derived from reported EIA net generation,"EIA Form 923, Power Plant Operations Report",https://www.eia.gov/electricity/data/eia923/,https://s3.us-west-2.amazonaws.com/pudl.catalyst.coop/stable/out_eia923__yearly_generation_fuel_combined.parquet,https://catalystcoop-pudl.readthedocs.io/en/stable/data_sources/eia923.html,"Net generation at plants assigned to the NYIS or ISNE balancing authority in the annual EIA plant table. This is regional generation, not an individual utility's purchased power mix, and it excludes imports.",2026-08-09
NYISO,NYIS,2014,Oil,2253250.062,1.578876,142712269.795,-13430.0,Derived from reported EIA net generation,"EIA Form 923, Power Plant Operations Report",https://www.eia.gov/electricity/data/eia923/,https://s3.us-west-2.amazonaws.com/pudl.catalyst.coop/stable/out_eia923__yearly_generation_fuel_combined.parquet,https://catalystcoop-pudl.readthedocs.io/en/stable/data_sources/eia923.html,"Net generation at plants assigned to the NYIS or ISNE balancing authority in the annual EIA plant table. This is regional generation, not an individual utility's purchased power mix, and it excludes imports.",2026-08-09
NYISO,NYIS,2014,Solar,70410.0,0.049337,142712269.795,-13430.0,Derived from reported EIA net generation,"EIA Form 923, Power Plant Operations Report",https://www.eia.gov/electricity/data/eia923/,https://s3.us-west-2.amazonaws.com/pudl.catalyst.coop/stable/out_eia923__yearly_generation_fuel_combined.parquet,https://catalystcoop-pudl.readthedocs.io/en/stable/data_sources/eia923.html,"Net generation at plants assigned to the NYIS or ISNE balancing authority in the annual EIA plant table. This is regional generation, not an individual utility's purchased power mix, and it excludes imports.",2026-08-09
NYISO,NYIS,2014,Waste and biomass,3284112.537,2.301212,142712269.795,-13430.0,Derived from reported EIA net generation,"EIA Form 923, Power Plant Operations Report",https://www.eia.gov/electricity/data/eia923/,https://s3.us-west-2.amazonaws.com/pudl.catalyst.coop/stable/out_eia923__yearly_generation_fuel_combined.parquet,https://catalystcoop-pudl.readthedocs.io/en/stable/data_sources/eia923.html,"Net generation at plants assigned to the NYIS or ISNE balancing authority in the annual EIA plant table. This is regional generation, not an individual utility's purchased power mix, and it excludes imports.",2026-08-09
NYISO,NYIS,2014,Wind,3968407.15,2.780705,142712269.795,-13430.0,Derived from reported EIA net generation,"EIA Form 923, Power Plant Operations Report",https://www.eia.gov/electricity/data/eia923/,https://s3.us-west-2.amazonaws.com/pudl.catalyst.coop/stable/out_eia923__yearly_generation_fuel_combined.parquet,https://catalystcoop-pudl.readthedocs.io/en/stable/data_sources/eia923.html,"Net generation at plants assigned to the NYIS or ISNE balancing authority in the annual EIA plant table. This is regional generation, not an individual utility's purchased power mix, and it excludes imports.",2026-08-09
NYISO,NYIS,2015,Coal,2262369.778,1.572755,143847607.654,-13925.0,Derived from reported EIA net generation,"EIA Form 923, Power Plant Operations Report",https://www.eia.gov/electricity/data/eia923/,https://s3.us-west-2.amazonaws.com/pudl.catalyst.coop/stable/out_eia923__yearly_generation_fuel_combined.parquet,https://catalystcoop-pudl.readthedocs.io/en/stable/data_sources/eia923.html,"Net generation at plants assigned to the NYIS or ISNE balancing authority in the annual EIA plant table. This is regional generation, not an individual utility's purchased power mix, and it excludes imports.",2026-08-09
NYISO,NYIS,2015,Natural gas,62300068.41,43.30977,143847607.654,-13925.0,Derived from reported EIA net generation,"EIA Form 923, Power Plant Operations Report",https://www.eia.gov/electricity/data/eia923/,https://s3.us-west-2.amazonaws.com/pudl.catalyst.coop/stable/out_eia923__yearly_generation_fuel_combined.parquet,https://catalystcoop-pudl.readthedocs.io/en/stable/data_sources/eia923.html,"Net generation at plants assigned to the NYIS or ISNE balancing authority in the annual EIA plant table. This is regional generation, not an individual utility's purchased power mix, and it excludes imports.",2026-08-09
NYISO,NYIS,2015,Hydro,25591465.0,17.790678,143847607.654,-13925.0,Derived from reported EIA net generation,"EIA Form 923, Power Plant Operations Report",https://www.eia.gov/electricity/data/eia923/,https://s3.us-west-2.amazonaws.com/pudl.catalyst.coop/stable/out_eia923__yearly_generation_fuel_combined.parquet,https://catalystcoop-pudl.readthedocs.io/en/stable/data_sources/eia923.html,"Net generation at plants assigned to the NYIS or ISNE balancing authority in the annual EIA plant table. This is regional generation, not an individual utility's purchased power mix, and it excludes imports.",2026-08-09
NYISO,NYIS,2015,Nuclear,44602871.0,31.00703,143847607.654,-13925.0,Derived from reported EIA net generation,"EIA Form 923, Power Plant Operations Report",https://www.eia.gov/electricity/data/eia923/,https://s3.us-west-2.amazonaws.com/pudl.catalyst.coop/stable/out_eia923__yearly_generation_fuel_combined.parquet,https://catalystcoop-pudl.readthedocs.io/en/stable/data_sources/eia923.html,"Net generation at plants assigned to the NYIS or ISNE balancing authority in the annual EIA plant table. This is regional generation, not an individual utility's purchased power mix, and it excludes imports.",2026-08-09
NYISO,NYIS,2015,Oil,1897885.247,1.319372,143847607.654,-13925.0,Derived from reported EIA net generation,"EIA Form 923, Power Plant Operations Report",https://www.eia.gov/electricity/data/eia923/,https://s3.us-west-2.amazonaws.com/pudl.catalyst.coop/stable/out_eia923__yearly_generation_fuel_combined.parquet,https://catalystcoop-pudl.readthedocs.io/en/stable/data_sources/eia923.html,"Net generation at plants assigned to the NYIS or ISNE balancing authority in the annual EIA plant table. This is regional generation, not an individual utility's purchased power mix, and it excludes imports.",2026-08-09
NYISO,NYIS,2015,Solar,88216.46,0.061326,143847607.654,-13925.0,Derived from reported EIA net generation,"EIA Form 923, Power Plant Operations Report",https://www.eia.gov/electricity/data/eia923/,https://s3.us-west-2.amazonaws.com/pudl.catalyst.coop/stable/out_eia923__yearly_generation_fuel_combined.parquet,https://catalystcoop-pudl.readthedocs.io/en/stable/data_sources/eia923.html,"Net generation at plants assigned to the NYIS or ISNE balancing authority in the annual EIA plant table. This is regional generation, not an individual utility's purchased power mix, and it excludes imports.",2026-08-09
NYISO,NYIS,2015,Waste and biomass,3127751.759,2.174351,143847607.654,-13925.0,Derived from reported EIA net generation,"EIA Form 923, Power Plant Operations Report",https://www.eia.gov/electricity/data/eia923/,https://s3.us-west-2.amazonaws.com/pudl.catalyst.coop/stable/out_eia923__yearly_generation_fuel_combined.parquet,https://catalystcoop-pudl.readthedocs.io/en/stable/data_sources/eia923.html,"Net generation at plants assigned to the NYIS or ISNE balancing authority in the annual EIA plant table. This is regional generation, not an individual utility's purchased power mix, and it excludes imports.",2026-08-09
NYISO,NYIS,2015,Wind,3976980.0,2.764718,143847607.654,-13925.0,Derived from reported EIA net generation,"EIA Form 923, Power Plant Operations Report",https://www.eia.gov/electricity/data/eia923/,https://s3.us-west-2.amazonaws.com/pudl.catalyst.coop/stable/out_eia923__yearly_generation_fuel_combined.parquet,https://catalystcoop-pudl.readthedocs.io/en/stable/data_sources/eia923.html,"Net generation at plants assigned to the NYIS or ISNE balancing authority in the annual EIA plant table. This is regional generation, not an individual utility's purchased power mix, and it excludes imports.",2026-08-09
NYISO,NYIS,2016,Coal,1770237.861,1.263856,140066475.562,-12586.0,Derived from reported EIA net generation,"EIA Form 923, Power Plant Operations Report",https://www.eia.gov/electricity/data/eia923/,https://s3.us-west-2.amazonaws.com/pudl.catalyst.coop/stable/out_eia923__yearly_generation_fuel_combined.parquet,https://catalystcoop-pudl.readthedocs.io/en/stable/data_sources/eia923.html,"Net generation at plants assigned to the NYIS or ISNE balancing authority in the annual EIA plant table. This is regional generation, not an individual utility's purchased power mix, and it excludes imports.",2026-08-09
NYISO,NYIS,2016,Natural gas,62444355.148,44.581942,140066475.562,-12586.0,Derived from reported EIA net generation,"EIA Form 923, Power Plant Operations Report",https://www.eia.gov/electricity/data/eia923/,https://s3.us-west-2.amazonaws.com/pudl.catalyst.coop/stable/out_eia923__yearly_generation_fuel_combined.parquet,https://catalystcoop-pudl.readthedocs.io/en/stable/data_sources/eia923.html,"Net generation at plants assigned to the NYIS or ISNE balancing authority in the annual EIA plant table. This is regional generation, not an individual utility's purchased power mix, and it excludes imports.",2026-08-09
NYISO,NYIS,2016,Hydro,26411874.0,18.856671,140066475.562,-12586.0,Derived from reported EIA net generation,"EIA Form 923, Power Plant Operations Report",https://www.eia.gov/electricity/data/eia923/,https://s3.us-west-2.amazonaws.com/pudl.catalyst.coop/stable/out_eia923__yearly_generation_fuel_combined.parquet,https://catalystcoop-pudl.readthedocs.io/en/stable/data_sources/eia923.html,"Net generation at plants assigned to the NYIS or ISNE balancing authority in the annual EIA plant table. This is regional generation, not an individual utility's purchased power mix, and it excludes imports.",2026-08-09
NYISO,NYIS,2016,Nuclear,41570990.0,29.679472,140066475.562,-12586.0,Derived from reported EIA net generation,"EIA Form 923, Power Plant Operations Report",https://www.eia.gov/electricity/data/eia923/,https://s3.us-west-2.amazonaws.com/pudl.catalyst.coop/stable/out_eia923__yearly_generation_fuel_combined.parquet,https://catalystcoop-pudl.readthedocs.io/en/stable/data_sources/eia923.html,"Net generation at plants assigned to the NYIS or ISNE balancing authority in the annual EIA plant table. This is regional generation, not an individual utility's purchased power mix, and it excludes imports.",2026-08-09
NYISO,NYIS,2016,Oil,674535.589,0.481582,140066475.562,-12586.0,Derived from reported EIA net generation,"EIA Form 923, Power Plant Operations Report",https://www.eia.gov/electricity/data/eia923/,https://s3.us-west-2.amazonaws.com/pudl.catalyst.coop/stable/out_eia923__yearly_generation_fuel_combined.parquet,https://catalystcoop-pudl.readthedocs.io/en/stable/data_sources/eia923.html,"Net generation at plants assigned to the NYIS or ISNE balancing authority in the annual EIA plant table. This is regional generation, not an individual utility's purchased power mix, and it excludes imports.",2026-08-09
NYISO,NYIS,2016,Solar,139611.0,0.099675,140066475.562,-12586.0,Derived from reported EIA net generation,"EIA Form 923, Power Plant Operations Report",https://www.eia.gov/electricity/data/eia923/,https://s3.us-west-2.amazonaws.com/pudl.catalyst.coop/stable/out_eia923__yearly_generation_fuel_combined.parquet,https://catalystcoop-pudl.readthedocs.io/en/stable/data_sources/eia923.html,"Net generation at plants assigned to the NYIS or ISNE balancing authority in the annual EIA plant table. This is regional generation, not an individual utility's purchased power mix, and it excludes imports.",2026-08-09
NYISO,NYIS,2016,Waste and biomass,3114691.964,2.223724,140066475.562,-12586.0,Derived from reported EIA net generation,"EIA Form 923, Power Plant Operations Report",https://www.eia.gov/electricity/data/eia923/,https://s3.us-west-2.amazonaws.com/pudl.catalyst.coop/stable/out_eia923__yearly_generation_fuel_combined.parquet,https://catalystcoop-pudl.readthedocs.io/en/stable/data_sources/eia923.html,"Net generation at plants assigned to the NYIS or ISNE balancing authority in the annual EIA plant table. This is regional generation, not an individual utility's purchased power mix, and it excludes imports.",2026-08-09
NYISO,NYIS,2016,Wind,3940180.0,2.813079,140066475.562,-12586.0,Derived from reported EIA net generation,"EIA Form 923, Power Plant Operations Report",https://www.eia.gov/electricity/data/eia923/,https://s3.us-west-2.amazonaws.com/pudl.catalyst.coop/stable/out_eia923__yearly_generation_fuel_combined.parquet,https://catalystcoop-pudl.readthedocs.io/en/stable/data_sources/eia923.html,"Net generation at plants assigned to the NYIS or ISNE balancing authority in the annual EIA plant table. This is regional generation, not an individual utility's purchased power mix, and it excludes imports.",2026-08-09
NYISO,NYIS,2017,Coal,770296.145,0.576068,133716224.153,-12173.0,Derived from reported EIA net generation,"EIA Form 923, Power Plant Operations Report",https://www.eia.gov/electricity/data/eia923/,https://s3.us-west-2.amazonaws.com/pudl.catalyst.coop/stable/out_eia923__yearly_generation_fuel_combined.parquet,https://catalystcoop-pudl.readthedocs.io/en/stable/data_sources/eia923.html,"Net generation at plants assigned to the NYIS or ISNE balancing authority in the annual EIA plant table. This is regional generation, not an individual utility's purchased power mix, and it excludes imports.",2026-08-09
NYISO,NYIS,2017,Natural gas,52944741.598,39.594852,133716224.153,-12173.0,Derived from reported EIA net generation,"EIA Form 923, Power Plant Operations Report",https://www.eia.gov/electricity/data/eia923/,https://s3.us-west-2.amazonaws.com/pudl.catalyst.coop/stable/out_eia923__yearly_generation_fuel_combined.parquet,https://catalystcoop-pudl.readthedocs.io/en/stable/data_sources/eia923.html,"Net generation at plants assigned to the NYIS or ISNE balancing authority in the annual EIA plant table. This is regional generation, not an individual utility's purchased power mix, and it excludes imports.",2026-08-09
NYISO,NYIS,2017,Hydro,29718302.0,22.224904,133716224.153,-12173.0,Derived from reported EIA net generation,"EIA Form 923, Power Plant Operations Report",https://www.eia.gov/electricity/data/eia923/,https://s3.us-west-2.amazonaws.com/pudl.catalyst.coop/stable/out_eia923__yearly_generation_fuel_combined.parquet,https://catalystcoop-pudl.readthedocs.io/en/stable/data_sources/eia923.html,"Net generation at plants assigned to the NYIS or ISNE balancing authority in the annual EIA plant table. This is regional generation, not an individual utility's purchased power mix, and it excludes imports.",2026-08-09
NYISO,NYIS,2017,Nuclear,42167409.0,31.534998,133716224.153,-12173.0,Derived from reported EIA net generation,"EIA Form 923, Power Plant Operations Report",https://www.eia.gov/electricity/data/eia923/,https://s3.us-west-2.amazonaws.com/pudl.catalyst.coop/stable/out_eia923__yearly_generation_fuel_combined.parquet,https://catalystcoop-pudl.readthedocs.io/en/stable/data_sources/eia923.html,"Net generation at plants assigned to the NYIS or ISNE balancing authority in the annual EIA plant table. This is regional generation, not an individual utility's purchased power mix, and it excludes imports.",2026-08-09
NYISO,NYIS,2017,Oil,632847.171,0.473276,133716224.153,-12173.0,Derived from reported EIA net generation,"EIA Form 923, Power Plant Operations Report",https://www.eia.gov/electricity/data/eia923/,https://s3.us-west-2.amazonaws.com/pudl.catalyst.coop/stable/out_eia923__yearly_generation_fuel_combined.parquet,https://catalystcoop-pudl.readthedocs.io/en/stable/data_sources/eia923.html,"Net generation at plants assigned to the NYIS or ISNE balancing authority in the annual EIA plant table. This is regional generation, not an individual utility's purchased power mix, and it excludes imports.",2026-08-09
NYISO,NYIS,2017,Solar,164489.0,0.123013,133716224.153,-12173.0,Derived from reported EIA net generation,"EIA Form 923, Power Plant Operations Report",https://www.eia.gov/electricity/data/eia923/,https://s3.us-west-2.amazonaws.com/pudl.catalyst.coop/stable/out_eia923__yearly_generation_fuel_combined.parquet,https://catalystcoop-pudl.readthedocs.io/en/stable/data_sources/eia923.html,"Net generation at plants assigned to the NYIS or ISNE balancing authority in the annual EIA plant table. This is regional generation, not an individual utility's purchased power mix, and it excludes imports.",2026-08-09
NYISO,NYIS,2017,Waste and biomass,3182188.239,2.379807,133716224.153,-12173.0,Derived from reported EIA net generation,"EIA Form 923, Power Plant Operations Report",https://www.eia.gov/electricity/data/eia923/,https://s3.us-west-2.amazonaws.com/pudl.catalyst.coop/stable/out_eia923__yearly_generation_fuel_combined.parquet,https://catalystcoop-pudl.readthedocs.io/en/stable/data_sources/eia923.html,"Net generation at plants assigned to the NYIS or ISNE balancing authority in the annual EIA plant table. This is regional generation, not an individual utility's purchased power mix, and it excludes imports.",2026-08-09
NYISO,NYIS,2017,Wind,4135951.0,3.093081,133716224.153,-12173.0,Derived from reported EIA net generation,"EIA Form 923, Power Plant Operations Report",https://www.eia.gov/electricity/data/eia923/,https://s3.us-west-2.amazonaws.com/pudl.catalyst.coop/stable/out_eia923__yearly_generation_fuel_combined.parquet,https://catalystcoop-pudl.readthedocs.io/en/stable/data_sources/eia923.html,"Net generation at plants assigned to the NYIS or ISNE balancing authority in the annual EIA plant table. This is regional generation, not an individual utility's purchased power mix, and it excludes imports.",2026-08-09
NYISO,NYIS,2018,Coal,690385.624,0.497427,138791318.518,-12828.0,Derived from reported EIA net generation,"EIA Form 923, Power Plant Operations Report",https://www.eia.gov/electricity/data/eia923/,https://s3.us-west-2.amazonaws.com/pudl.catalyst.coop/stable/out_eia923__yearly_generation_fuel_combined.parquet,https://catalystcoop-pudl.readthedocs.io/en/stable/data_sources/eia923.html,"Net generation at plants assigned to the NYIS or ISNE balancing authority in the annual EIA plant table. This is regional generation, not an individual utility's purchased power mix, and it excludes imports.",2026-08-09
NYISO,NYIS,2018,Natural gas,57043551.209,41.10023,138791318.518,-12828.0,Derived from reported EIA net generation,"EIA Form 923, Power Plant Operations Report",https://www.eia.gov/electricity/data/eia923/,https://s3.us-west-2.amazonaws.com/pudl.catalyst.coop/stable/out_eia923__yearly_generation_fuel_combined.parquet,https://catalystcoop-pudl.readthedocs.io/en/stable/data_sources/eia923.html,"Net generation at plants assigned to the NYIS or ISNE balancing authority in the annual EIA plant table. This is regional generation, not an individual utility's purchased power mix, and it excludes imports.",2026-08-09
NYISO,NYIS,2018,Hydro,29193025.0,21.033754,138791318.518,-12828.0,Derived from reported EIA net generation,"EIA Form 923, Power Plant Operations Report",https://www.eia.gov/electricity/data/eia923/,https://s3.us-west-2.amazonaws.com/pudl.catalyst.coop/stable/out_eia923__yearly_generation_fuel_combined.parquet,https://catalystcoop-pudl.readthedocs.io/en/stable/data_sources/eia923.html,"Net generation at plants assigned to the NYIS or ISNE balancing authority in the annual EIA plant table. This is regional generation, not an individual utility's purchased power mix, and it excludes imports.",2026-08-09
NYISO,NYIS,2018,Nuclear,42919011.0,30.923412,138791318.518,-12828.0,Derived from reported EIA net generation,"EIA Form 923, Power Plant Operations Report",https://www.eia.gov/electricity/data/eia923/,https://s3.us-west-2.amazonaws.com/pudl.catalyst.coop/stable/out_eia923__yearly_generation_fuel_combined.parquet,https://catalystcoop-pudl.readthedocs.io/en/stable/data_sources/eia923.html,"Net generation at plants assigned to the NYIS or ISNE balancing authority in the annual EIA plant table. This is regional generation, not an individual utility's purchased power mix, and it excludes imports.",2026-08-09
NYISO,NYIS,2018,Oil,1676496.334,1.207926,138791318.518,-12828.0,Derived from reported EIA net generation,"EIA Form 923, Power Plant Operations Report",https://www.eia.gov/electricity/data/eia923/,https://s3.us-west-2.amazonaws.com/pudl.catalyst.coop/stable/out_eia923__yearly_generation_fuel_combined.parquet,https://catalystcoop-pudl.readthedocs.io/en/stable/data_sources/eia923.html,"Net generation at plants assigned to the NYIS or ISNE balancing authority in the annual EIA plant table. This is regional generation, not an individual utility's purchased power mix, and it excludes imports.",2026-08-09
NYISO,NYIS,2018,Solar,260271.0,0.187527,138791318.518,-12828.0,Derived from reported EIA net generation,"EIA Form 923, Power Plant Operations Report",https://www.eia.gov/electricity/data/eia923/,https://s3.us-west-2.amazonaws.com/pudl.catalyst.coop/stable/out_eia923__yearly_generation_fuel_combined.parquet,https://catalystcoop-pudl.readthedocs.io/en/stable/data_sources/eia923.html,"Net generation at plants assigned to the NYIS or ISNE balancing authority in the annual EIA plant table. This is regional generation, not an individual utility's purchased power mix, and it excludes imports.",2026-08-09
NYISO,NYIS,2018,Waste and biomass,3027708.351,2.181483,138791318.518,-12828.0,Derived from reported EIA net generation,"EIA Form 923, Power Plant Operations Report",https://www.eia.gov/electricity/data/eia923/,https://s3.us-west-2.amazonaws.com/pudl.catalyst.coop/stable/out_eia923__yearly_generation_fuel_combined.parquet,https://catalystcoop-pudl.readthedocs.io/en/stable/data_sources/eia923.html,"Net generation at plants assigned to the NYIS or ISNE balancing authority in the annual EIA plant table. This is regional generation, not an individual utility's purchased power mix, and it excludes imports.",2026-08-09
NYISO,NYIS,2018,Wind,3980870.0,2.868241,138791318.518,-12828.0,Derived from reported EIA net generation,"EIA Form 923, Power Plant Operations Report",https://www.eia.gov/electricity/data/eia923/,https://s3.us-west-2.amazonaws.com/pudl.catalyst.coop/stable/out_eia923__yearly_generation_fuel_combined.parquet,https://catalystcoop-pudl.readthedocs.io/en/stable/data_sources/eia923.html,"Net generation at plants assigned to the NYIS or ISNE balancing authority in the annual EIA plant table. This is regional generation, not an individual utility's purchased power mix, and it excludes imports.",2026-08-09
NYISO,NYIS,2019,Coal,421951.395,0.306379,137722173.132,-14723.0,Derived from reported EIA net generation,"EIA Form 923, Power Plant Operations Report",https://www.eia.gov/electricity/data/eia923/,https://s3.us-west-2.amazonaws.com/pudl.catalyst.coop/stable/out_eia923__yearly_generation_fuel_combined.parquet,https://catalystcoop-pudl.readthedocs.io/en/stable/data_sources/eia923.html,"Net generation at plants assigned to the NYIS or ISNE balancing authority in the annual EIA plant table. This is regional generation, not an individual utility's purchased power mix, and it excludes imports.",2026-08-09
NYISO,NYIS,2019,Natural gas,53736868.446,39.018313,137722173.132,-14723.0,Derived from reported EIA net generation,"EIA Form 923, Power Plant Operations Report",https://www.eia.gov/electricity/data/eia923/,https://s3.us-west-2.amazonaws.com/pudl.catalyst.coop/stable/out_eia923__yearly_generation_fuel_combined.parquet,https://catalystcoop-pudl.readthedocs.io/en/stable/data_sources/eia923.html,"Net generation at plants assigned to the NYIS or ISNE balancing authority in the annual EIA plant table. This is regional generation, not an individual utility's purchased power mix, and it excludes imports.",2026-08-09
NYISO,NYIS,2019,Hydro,30291035.0,21.994305,137722173.132,-14723.0,Derived from reported EIA net generation,"EIA Form 923, Power Plant Operations Report",https://www.eia.gov/electricity/data/eia923/,https://s3.us-west-2.amazonaws.com/pudl.catalyst.coop/stable/out_eia923__yearly_generation_fuel_combined.parquet,https://catalystcoop-pudl.readthedocs.io/en/stable/data_sources/eia923.html,"Net generation at plants assigned to the NYIS or ISNE balancing authority in the annual EIA plant table. This is regional generation, not an individual utility's purchased power mix, and it excludes imports.",2026-08-09
NYISO,NYIS,2019,Nuclear,44865018.0,32.576467,137722173.132,-14723.0,Derived from reported EIA net generation,"EIA Form 923, Power Plant Operations Report",https://www.eia.gov/electricity/data/eia923/,https://s3.us-west-2.amazonaws.com/pudl.catalyst.coop/stable/out_eia923__yearly_generation_fuel_combined.parquet,https://catalystcoop-pudl.readthedocs.io/en/stable/data_sources/eia923.html,"Net generation at plants assigned to the NYIS or ISNE balancing authority in the annual EIA plant table. This is regional generation, not an individual utility's purchased power mix, and it excludes imports.",2026-08-09
NYISO,NYIS,2019,Oil,516472.029,0.37501,137722173.132,-14723.0,Derived from reported EIA net generation,"EIA Form 923, Power Plant Operations Report",https://www.eia.gov/electricity/data/eia923/,https://s3.us-west-2.amazonaws.com/pudl.catalyst.coop/stable/out_eia923__yearly_generation_fuel_combined.parquet,https://catalystcoop-pudl.readthedocs.io/en/stable/data_sources/eia923.html,"Net generation at plants assigned to the NYIS or ISNE balancing authority in the annual EIA plant table. This is regional generation, not an individual utility's purchased power mix, and it excludes imports.",2026-08-09
NYISO,NYIS,2019,Solar,514313.0,0.373442,137722173.132,-14723.0,Derived from reported EIA net generation,"EIA Form 923, Power Plant Operations Report",https://www.eia.gov/electricity/data/eia923/,https://s3.us-west-2.amazonaws.com/pudl.catalyst.coop/stable/out_eia923__yearly_generation_fuel_combined.parquet,https://catalystcoop-pudl.readthedocs.io/en/stable/data_sources/eia923.html,"Net generation at plants assigned to the NYIS or ISNE balancing authority in the annual EIA plant table. This is regional generation, not an individual utility's purchased power mix, and it excludes imports.",2026-08-09
NYISO,NYIS,2019,Waste and biomass,2920634.262,2.120671,137722173.132,-14723.0,Derived from reported EIA net generation,"EIA Form 923, Power Plant Operations Report",https://www.eia.gov/electricity/data/eia923/,https://s3.us-west-2.amazonaws.com/pudl.catalyst.coop/stable/out_eia923__yearly_generation_fuel_combined.parquet,https://catalystcoop-pudl.readthedocs.io/en/stable/data_sources/eia923.html,"Net generation at plants assigned to the NYIS or ISNE balancing authority in the annual EIA plant table. This is regional generation, not an individual utility's purchased power mix, and it excludes imports.",2026-08-09
NYISO,NYIS,2019,Wind,4455881.0,3.235413,137722173.132,-14723.0,Derived from reported EIA net generation,"EIA Form 923, Power Plant Operations Report",https://www.eia.gov/electricity/data/eia923/,https://s3.us-west-2.amazonaws.com/pudl.catalyst.coop/stable/out_eia923__yearly_generation_fuel_combined.parquet,https://catalystcoop-pudl.readthedocs.io/en/stable/data_sources/eia923.html,"Net generation at plants assigned to the NYIS or ISNE balancing authority in the annual EIA plant table. This is regional generation, not an individual utility's purchased power mix, and it excludes imports.",2026-08-09
NYISO,NYIS,2020,Coal,143691.533,0.106475,134953857.402,-14184.0,Derived from reported EIA net generation,"EIA Form 923, Power Plant Operations Report",https://www.eia.gov/electricity/data/eia923/,https://s3.us-west-2.amazonaws.com/pudl.catalyst.coop/stable/out_eia923__yearly_generation_fuel_combined.parquet,https://catalystcoop-pudl.readthedocs.io/en/stable/data_sources/eia923.html,"Net generation at plants assigned to the NYIS or ISNE balancing authority in the annual EIA plant table. This is regional generation, not an individual utility's purchased power mix, and it excludes imports.",2026-08-09
NYISO,NYIS,2020,Natural gas,58501069.229,43.348942,134953857.402,-14184.0,Derived from reported EIA net generation,"EIA Form 923, Power Plant Operations Report",https://www.eia.gov/electricity/data/eia923/,https://s3.us-west-2.amazonaws.com/pudl.catalyst.coop/stable/out_eia923__yearly_generation_fuel_combined.parquet,https://catalystcoop-pudl.readthedocs.io/en/stable/data_sources/eia923.html,"Net generation at plants assigned to the NYIS or ISNE balancing authority in the annual EIA plant table. This is regional generation, not an individual utility's purchased power mix, and it excludes imports.",2026-08-09
NYISO,NYIS,2020,Hydro,29208021.0,21.642969,134953857.402,-14184.0,Derived from reported EIA net generation,"EIA Form 923, Power Plant Operations Report",https://www.eia.gov/electricity/data/eia923/,https://s3.us-west-2.amazonaws.com/pudl.catalyst.coop/stable/out_eia923__yearly_generation_fuel_combined.parquet,https://catalystcoop-pudl.readthedocs.io/en/stable/data_sources/eia923.html,"Net generation at plants assigned to the NYIS or ISNE balancing authority in the annual EIA plant table. This is regional generation, not an individual utility's purchased power mix, and it excludes imports.",2026-08-09
NYISO,NYIS,2020,Nuclear,38430076.0,28.476456,134953857.402,-14184.0,Derived from reported EIA net generation,"EIA Form 923, Power Plant Operations Report",https://www.eia.gov/electricity/data/eia923/,https://s3.us-west-2.amazonaws.com/pudl.catalyst.coop/stable/out_eia923__yearly_generation_fuel_combined.parquet,https://catalystcoop-pudl.readthedocs.io/en/stable/data_sources/eia923.html,"Net generation at plants assigned to the NYIS or ISNE balancing authority in the annual EIA plant table. This is regional generation, not an individual utility's purchased power mix, and it excludes imports.",2026-08-09
NYISO,NYIS,2020,Oil,350172.173,0.259475,134953857.402,-14184.0,Derived from reported EIA net generation,"EIA Form 923, Power Plant Operations Report",https://www.eia.gov/electricity/data/eia923/,https://s3.us-west-2.amazonaws.com/pudl.catalyst.coop/stable/out_eia923__yearly_generation_fuel_combined.parquet,https://catalystcoop-pudl.readthedocs.io/en/stable/data_sources/eia923.html,"Net generation at plants assigned to the NYIS or ISNE balancing authority in the annual EIA plant table. This is regional generation, not an individual utility's purchased power mix, and it excludes imports.",2026-08-09
NYISO,NYIS,2020,Solar,827276.4,0.613007,134953857.402,-14184.0,Derived from reported EIA net generation,"EIA Form 923, Power Plant Operations Report",https://www.eia.gov/electricity/data/eia923/,https://s3.us-west-2.amazonaws.com/pudl.catalyst.coop/stable/out_eia923__yearly_generation_fuel_combined.parquet,https://catalystcoop-pudl.readthedocs.io/en/stable/data_sources/eia923.html,"Net generation at plants assigned to the NYIS or ISNE balancing authority in the annual EIA plant table. This is regional generation, not an individual utility's purchased power mix, and it excludes imports.",2026-08-09
NYISO,NYIS,2020,Waste and biomass,2971825.067,2.202105,134953857.402,-14184.0,Derived from reported EIA net generation,"EIA Form 923, Power Plant Operations Report",https://www.eia.gov/electricity/data/eia923/,https://s3.us-west-2.amazonaws.com/pudl.catalyst.coop/stable/out_eia923__yearly_generation_fuel_combined.parquet,https://catalystcoop-pudl.readthedocs.io/en/stable/data_sources/eia923.html,"Net generation at plants assigned to the NYIS or ISNE balancing authority in the annual EIA plant table. This is regional generation, not an individual utility's purchased power mix, and it excludes imports.",2026-08-09
NYISO,NYIS,2020,Wind,4521726.0,3.350572,134953857.402,-14184.0,Derived from reported EIA net generation,"EIA Form 923, Power Plant Operations Report",https://www.eia.gov/electricity/data/eia923/,https://s3.us-west-2.amazonaws.com/pudl.catalyst.coop/stable/out_eia923__yearly_generation_fuel_combined.parquet,https://catalystcoop-pudl.readthedocs.io/en/stable/data_sources/eia923.html,"Net generation at plants assigned to the NYIS or ISNE balancing authority in the annual EIA plant table. This is regional generation, not an individual utility's purchased power mix, and it excludes imports.",2026-08-09
NYISO,NYIS,2021,Coal,0.0,0.0,130719839.008,-13033.0,Derived from reported EIA net generation,"EIA Form 923, Power Plant Operations Report",https://www.eia.gov/electricity/data/eia923/,https://s3.us-west-2.amazonaws.com/pudl.catalyst.coop/stable/out_eia923__yearly_generation_fuel_combined.parquet,https://catalystcoop-pudl.readthedocs.io/en/stable/data_sources/eia923.html,"Net generation at plants assigned to the NYIS or ISNE balancing authority in the annual EIA plant table. This is regional generation, not an individual utility's purchased power mix, and it excludes imports.",2026-08-09
NYISO,NYIS,2021,Natural gas,62401395.122,47.736744,130719839.008,-13033.0,Derived from reported EIA net generation,"EIA Form 923, Power Plant Operations Report",https://www.eia.gov/electricity/data/eia923/,https://s3.us-west-2.amazonaws.com/pudl.catalyst.coop/stable/out_eia923__yearly_generation_fuel_combined.parquet,https://catalystcoop-pudl.readthedocs.io/en/stable/data_sources/eia923.html,"Net generation at plants assigned to the NYIS or ISNE balancing authority in the annual EIA plant table. This is regional generation, not an individual utility's purchased power mix, and it excludes imports.",2026-08-09
NYISO,NYIS,2021,Hydro,28374339.0,21.706222,130719839.008,-13033.0,Derived from reported EIA net generation,"EIA Form 923, Power Plant Operations Report",https://www.eia.gov/electricity/data/eia923/,https://s3.us-west-2.amazonaws.com/pudl.catalyst.coop/stable/out_eia923__yearly_generation_fuel_combined.parquet,https://catalystcoop-pudl.readthedocs.io/en/stable/data_sources/eia923.html,"Net generation at plants assigned to the NYIS or ISNE balancing authority in the annual EIA plant table. This is regional generation, not an individual utility's purchased power mix, and it excludes imports.",2026-08-09
NYISO,NYIS,2021,Nuclear,31176583.0,23.849925,130719839.008,-13033.0,Derived from reported EIA net generation,"EIA Form 923, Power Plant Operations Report",https://www.eia.gov/electricity/data/eia923/,https://s3.us-west-2.amazonaws.com/pudl.catalyst.coop/stable/out_eia923__yearly_generation_fuel_combined.parquet,https://catalystcoop-pudl.readthedocs.io/en/stable/data_sources/eia923.html,"Net generation at plants assigned to the NYIS or ISNE balancing authority in the annual EIA plant table. This is regional generation, not an individual utility's purchased power mix, and it excludes imports.",2026-08-09
NYISO,NYIS,2021,Oil,707119.503,0.540943,130719839.008,-13033.0,Derived from reported EIA net generation,"EIA Form 923, Power Plant Operations Report",https://www.eia.gov/electricity/data/eia923/,https://s3.us-west-2.amazonaws.com/pudl.catalyst.coop/stable/out_eia923__yearly_generation_fuel_combined.parquet,https://catalystcoop-pudl.readthedocs.io/en/stable/data_sources/eia923.html,"Net generation at plants assigned to the NYIS or ISNE balancing authority in the annual EIA plant table. This is regional generation, not an individual utility's purchased power mix, and it excludes imports.",2026-08-09
NYISO,NYIS,2021,Solar,1025030.0,0.784143,130719839.008,-13033.0,Derived from reported EIA net generation,"EIA Form 923, Power Plant Operations Report",https://www.eia.gov/electricity/data/eia923/,https://s3.us-west-2.amazonaws.com/pudl.catalyst.coop/stable/out_eia923__yearly_generation_fuel_combined.parquet,https://catalystcoop-pudl.readthedocs.io/en/stable/data_sources/eia923.html,"Net generation at plants assigned to the NYIS or ISNE balancing authority in the annual EIA plant table. This is regional generation, not an individual utility's purchased power mix, and it excludes imports.",2026-08-09
NYISO,NYIS,2021,Waste and biomass,2879003.383,2.202423,130719839.008,-13033.0,Derived from reported EIA net generation,"EIA Form 923, Power Plant Operations Report",https://www.eia.gov/electricity/data/eia923/,https://s3.us-west-2.amazonaws.com/pudl.catalyst.coop/stable/out_eia923__yearly_generation_fuel_combined.parquet,https://catalystcoop-pudl.readthedocs.io/en/stable/data_sources/eia923.html,"Net generation at plants assigned to the NYIS or ISNE balancing authority in the annual EIA plant table. This is regional generation, not an individual utility's purchased power mix, and it excludes imports.",2026-08-09
NYISO,NYIS,2021,Wind,4156369.0,3.179601,130719839.008,-13033.0,Derived from reported EIA net generation,"EIA Form 923, Power Plant Operations Report",https://www.eia.gov/electricity/data/eia923/,https://s3.us-west-2.amazonaws.com/pudl.catalyst.coop/stable/out_eia923__yearly_generation_fuel_combined.parquet,https://catalystcoop-pudl.readthedocs.io/en/stable/data_sources/eia923.html,"Net generation at plants assigned to the NYIS or ISNE balancing authority in the annual EIA plant table. This is regional generation, not an individual utility's purchased power mix, and it excludes imports.",2026-08-09
NYISO,NYIS,2022,Coal,0.0,0.0,130734833.188,-13973.0,Derived from reported EIA net generation,"EIA Form 923, Power Plant Operations Report",https://www.eia.gov/electricity/data/eia923/,https://s3.us-west-2.amazonaws.com/pudl.catalyst.coop/stable/out_eia923__yearly_generation_fuel_combined.parquet,https://catalystcoop-pudl.readthedocs.io/en/stable/data_sources/eia923.html,"Net generation at plants assigned to the NYIS or ISNE balancing authority in the annual EIA plant table. This is regional generation, not an individual utility's purchased power mix, and it excludes imports.",2026-08-09
NYISO,NYIS,2022,Natural gas,66020945.768,50.499889,130734833.188,-13973.0,Derived from reported EIA net generation,"EIA Form 923, Power Plant Operations Report",https://www.eia.gov/electricity/data/eia923/,https://s3.us-west-2.amazonaws.com/pudl.catalyst.coop/stable/out_eia923__yearly_generation_fuel_combined.parquet,https://catalystcoop-pudl.readthedocs.io/en/stable/data_sources/eia923.html,"Net generation at plants assigned to the NYIS or ISNE balancing authority in the annual EIA plant table. This is regional generation, not an individual utility's purchased power mix, and it excludes imports.",2026-08-09
NYISO,NYIS,2022,Hydro,26975966.0,20.634107,130734833.188,-13973.0,Derived from reported EIA net generation,"EIA Form 923, Power Plant Operations Report",https://www.eia.gov/electricity/data/eia923/,https://s3.us-west-2.amazonaws.com/pudl.catalyst.coop/stable/out_eia923__yearly_generation_fuel_combined.parquet,https://catalystcoop-pudl.readthedocs.io/en/stable/data_sources/eia923.html,"Net generation at plants assigned to the NYIS or ISNE balancing authority in the annual EIA plant table. This is regional generation, not an individual utility's purchased power mix, and it excludes imports.",2026-08-09
NYISO,NYIS,2022,Nuclear,26812164.0,20.508814,130734833.188,-13973.0,Derived from reported EIA net generation,"EIA Form 923, Power Plant Operations Report",https://www.eia.gov/electricity/data/eia923/,https://s3.us-west-2.amazonaws.com/pudl.catalyst.coop/stable/out_eia923__yearly_generation_fuel_combined.parquet,https://catalystcoop-pudl.readthedocs.io/en/stable/data_sources/eia923.html,"Net generation at plants assigned to the NYIS or ISNE balancing authority in the annual EIA plant table. This is regional generation, not an individual utility's purchased power mix, and it excludes imports.",2026-08-09
NYISO,NYIS,2022,Oil,1843698.057,1.410258,130734833.188,-13973.0,Derived from reported EIA net generation,"EIA Form 923, Power Plant Operations Report",https://www.eia.gov/electricity/data/eia923/,https://s3.us-west-2.amazonaws.com/pudl.catalyst.coop/stable/out_eia923__yearly_generation_fuel_combined.parquet,https://catalystcoop-pudl.readthedocs.io/en/stable/data_sources/eia923.html,"Net generation at plants assigned to the NYIS or ISNE balancing authority in the annual EIA plant table. This is regional generation, not an individual utility's purchased power mix, and it excludes imports.",2026-08-09
NYISO,NYIS,2022,Solar,1629535.0,1.246443,130734833.188,-13973.0,Derived from reported EIA net generation,"EIA Form 923, Power Plant Operations Report",https://www.eia.gov/electricity/data/eia923/,https://s3.us-west-2.amazonaws.com/pudl.catalyst.coop/stable/out_eia923__yearly_generation_fuel_combined.parquet,https://catalystcoop-pudl.readthedocs.io/en/stable/data_sources/eia923.html,"Net generation at plants assigned to the NYIS or ISNE balancing authority in the annual EIA plant table. This is regional generation, not an individual utility's purchased power mix, and it excludes imports.",2026-08-09
NYISO,NYIS,2022,Waste and biomass,2885016.363,2.206769,130734833.188,-13973.0,Derived from reported EIA net generation,"EIA Form 923, Power Plant Operations Report",https://www.eia.gov/electricity/data/eia923/,https://s3.us-west-2.amazonaws.com/pudl.catalyst.coop/stable/out_eia923__yearly_generation_fuel_combined.parquet,https://catalystcoop-pudl.readthedocs.io/en/stable/data_sources/eia923.html,"Net generation at plants assigned to the NYIS or ISNE balancing authority in the annual EIA plant table. This is regional generation, not an individual utility's purchased power mix, and it excludes imports.",2026-08-09
NYISO,NYIS,2022,Wind,4567508.0,3.493719,130734833.188,-13973.0,Derived from reported EIA net generation,"EIA Form 923, Power Plant Operations Report",https://www.eia.gov/electricity/data/eia923/,https://s3.us-west-2.amazonaws.com/pudl.catalyst.coop/stable/out_eia923__yearly_generation_fuel_combined.parquet,https://catalystcoop-pudl.readthedocs.io/en/stable/data_sources/eia923.html,"Net generation at plants assigned to the NYIS or ISNE balancing authority in the annual EIA plant table. This is regional generation, not an individual utility's purchased power mix, and it excludes imports.",2026-08-09
NYISO,NYIS,2023,Coal,0.0,0.0,129722018.169,-14558.0,Derived from reported EIA net generation,"EIA Form 923, Power Plant Operations Report",https://www.eia.gov/electricity/data/eia923/,https://s3.us-west-2.amazonaws.com/pudl.catalyst.coop/stable/out_eia923__yearly_generation_fuel_combined.parquet,https://catalystcoop-pudl.readthedocs.io/en/stable/data_sources/eia923.html,"Net generation at plants assigned to the NYIS or ISNE balancing authority in the annual EIA plant table. This is regional generation, not an individual utility's purchased power mix, and it excludes imports.",2026-08-09
NYISO,NYIS,2023,Natural gas,64333508.053,49.59336,129722018.169,-14558.0,Derived from reported EIA net generation,"EIA Form 923, Power Plant Operations Report",https://www.eia.gov/electricity/data/eia923/,https://s3.us-west-2.amazonaws.com/pudl.catalyst.coop/stable/out_eia923__yearly_generation_fuel_combined.parquet,https://catalystcoop-pudl.readthedocs.io/en/stable/data_sources/eia923.html,"Net generation at plants assigned to the NYIS or ISNE balancing authority in the annual EIA plant table. This is regional generation, not an individual utility's purchased power mix, and it excludes imports.",2026-08-09
NYISO,NYIS,2023,Hydro,28031194.0,21.608663,129722018.169,-14558.0,Derived from reported EIA net generation,"EIA Form 923, Power Plant Operations Report",https://www.eia.gov/electricity/data/eia923/,https://s3.us-west-2.amazonaws.com/pudl.catalyst.coop/stable/out_eia923__yearly_generation_fuel_combined.parquet,https://catalystcoop-pudl.readthedocs.io/en/stable/data_sources/eia923.html,"Net generation at plants assigned to the NYIS or ISNE balancing authority in the annual EIA plant table. This is regional generation, not an individual utility's purchased power mix, and it excludes imports.",2026-08-09
NYISO,NYIS,2023,Nuclear,27524923.0,21.218389,129722018.169,-14558.0,Derived from reported EIA net generation,"EIA Form 923, Power Plant Operations Report",https://www.eia.gov/electricity/data/eia923/,https://s3.us-west-2.amazonaws.com/pudl.catalyst.coop/stable/out_eia923__yearly_generation_fuel_combined.parquet,https://catalystcoop-pudl.readthedocs.io/en/stable/data_sources/eia923.html,"Net generation at plants assigned to the NYIS or ISNE balancing authority in the annual EIA plant table. This is regional generation, not an individual utility's purchased power mix, and it excludes imports.",2026-08-09
NYISO,NYIS,2023,Oil,421675.982,0.325061,129722018.169,-14558.0,Derived from reported EIA net generation,"EIA Form 923, Power Plant Operations Report",https://www.eia.gov/electricity/data/eia923/,https://s3.us-west-2.amazonaws.com/pudl.catalyst.coop/stable/out_eia923__yearly_generation_fuel_combined.parquet,https://catalystcoop-pudl.readthedocs.io/en/stable/data_sources/eia923.html,"Net generation at plants assigned to the NYIS or ISNE balancing authority in the annual EIA plant table. This is regional generation, not an individual utility's purchased power mix, and it excludes imports.",2026-08-09
NYISO,NYIS,2023,Solar,2047875.0,1.578664,129722018.169,-14558.0,Derived from reported EIA net generation,"EIA Form 923, Power Plant Operations Report",https://www.eia.gov/electricity/data/eia923/,https://s3.us-west-2.amazonaws.com/pudl.catalyst.coop/stable/out_eia923__yearly_generation_fuel_combined.parquet,https://catalystcoop-pudl.readthedocs.io/en/stable/data_sources/eia923.html,"Net generation at plants assigned to the NYIS or ISNE balancing authority in the annual EIA plant table. This is regional generation, not an individual utility's purchased power mix, and it excludes imports.",2026-08-09
NYISO,NYIS,2023,Waste and biomass,2590396.704,1.996883,129722018.169,-14558.0,Derived from reported EIA net generation,"EIA Form 923, Power Plant Operations Report",https://www.eia.gov/electricity/data/eia923/,https://s3.us-west-2.amazonaws.com/pudl.catalyst.coop/stable/out_eia923__yearly_generation_fuel_combined.parquet,https://catalystcoop-pudl.readthedocs.io/en/stable/data_sources/eia923.html,"Net generation at plants assigned to the NYIS or ISNE balancing authority in the annual EIA plant table. This is regional generation, not an individual utility's purchased power mix, and it excludes imports.",2026-08-09
NYISO,NYIS,2023,Wind,4772445.43,3.678979,129722018.169,-14558.0,Derived from reported EIA net generation,"EIA Form 923, Power Plant Operations Report",https://www.eia.gov/electricity/data/eia923/,https://s3.us-west-2.amazonaws.com/pudl.catalyst.coop/stable/out_eia923__yearly_generation_fuel_combined.parquet,https://catalystcoop-pudl.readthedocs.io/en/stable/data_sources/eia923.html,"Net generation at plants assigned to the NYIS or ISNE balancing authority in the annual EIA plant table. This is regional generation, not an individual utility's purchased power mix, and it excludes imports.",2026-08-09
NYISO,NYIS,2024,Coal,0.0,0.0,134954326.682,-21454.0,Derived from reported EIA net generation,"EIA Form 923, Power Plant Operations Report",https://www.eia.gov/electricity/data/eia923/,https://s3.us-west-2.amazonaws.com/pudl.catalyst.coop/stable/out_eia923__yearly_generation_fuel_combined.parquet,https://catalystcoop-pudl.readthedocs.io/en/stable/data_sources/eia923.html,"Net generation at plants assigned to the NYIS or ISNE balancing authority in the annual EIA plant table. This is regional generation, not an individual utility's purchased power mix, and it excludes imports.",2026-08-09
NYISO,NYIS,2024,Natural gas,68550047.867,50.794998,134954326.682,-21454.0,Derived from reported EIA net generation,"EIA Form 923, Power Plant Operations Report",https://www.eia.gov/electricity/data/eia923/,https://s3.us-west-2.amazonaws.com/pudl.catalyst.coop/stable/out_eia923__yearly_generation_fuel_combined.parquet,https://catalystcoop-pudl.readthedocs.io/en/stable/data_sources/eia923.html,"Net generation at plants assigned to the NYIS or ISNE balancing authority in the annual EIA plant table. This is regional generation, not an individual utility's purchased power mix, and it excludes imports.",2026-08-09
NYISO,NYIS,2024,Hydro,27465448.0,20.351662,134954326.682,-21454.0,Derived from reported EIA net generation,"EIA Form 923, Power Plant Operations Report",https://www.eia.gov/electricity/data/eia923/,https://s3.us-west-2.amazonaws.com/pudl.catalyst.coop/stable/out_eia923__yearly_generation_fuel_combined.parquet,https://catalystcoop-pudl.readthedocs.io/en/stable/data_sources/eia923.html,"Net generation at plants assigned to the NYIS or ISNE balancing authority in the annual EIA plant table. This is regional generation, not an individual utility's purchased power mix, and it excludes imports.",2026-08-09
NYISO,NYIS,2024,Nuclear,27073320.0,20.061098,134954326.682,-21454.0,Derived from reported EIA net generation,"EIA Form 923, Power Plant Operations Report",https://www.eia.gov/electricity/data/eia923/,https://s3.us-west-2.amazonaws.com/pudl.catalyst.coop/stable/out_eia923__yearly_generation_fuel_combined.parquet,https://catalystcoop-pudl.readthedocs.io/en/stable/data_sources/eia923.html,"Net generation at plants assigned to the NYIS or ISNE balancing authority in the annual EIA plant table. This is regional generation, not an individual utility's purchased power mix, and it excludes imports.",2026-08-09
NYISO,NYIS,2024,Oil,322450.609,0.238933,134954326.682,-21454.0,Derived from reported EIA net generation,"EIA Form 923, Power Plant Operations Report",https://www.eia.gov/electricity/data/eia923/,https://s3.us-west-2.amazonaws.com/pudl.catalyst.coop/stable/out_eia923__yearly_generation_fuel_combined.parquet,https://catalystcoop-pudl.readthedocs.io/en/stable/data_sources/eia923.html,"Net generation at plants assigned to the NYIS or ISNE balancing authority in the annual EIA plant table. This is regional generation, not an individual utility's purchased power mix, and it excludes imports.",2026-08-09
NYISO,NYIS,2024,Solar,2900843.34,2.1495,134954326.682,-21454.0,Derived from reported EIA net generation,"EIA Form 923, Power Plant Operations Report",https://www.eia.gov/electricity/data/eia923/,https://s3.us-west-2.amazonaws.com/pudl.catalyst.coop/stable/out_eia923__yearly_generation_fuel_combined.parquet,https://catalystcoop-pudl.readthedocs.io/en/stable/data_sources/eia923.html,"Net generation at plants assigned to the NYIS or ISNE balancing authority in the annual EIA plant table. This is regional generation, not an individual utility's purchased power mix, and it excludes imports.",2026-08-09
NYISO,NYIS,2024,Waste and biomass,2610919.106,1.934669,134954326.682,-21454.0,Derived from reported EIA net generation,"EIA Form 923, Power Plant Operations Report",https://www.eia.gov/electricity/data/eia923/,https://s3.us-west-2.amazonaws.com/pudl.catalyst.coop/stable/out_eia923__yearly_generation_fuel_combined.parquet,https://catalystcoop-pudl.readthedocs.io/en/stable/data_sources/eia923.html,"Net generation at plants assigned to the NYIS or ISNE balancing authority in the annual EIA plant table. This is regional generation, not an individual utility's purchased power mix, and it excludes imports.",2026-08-09
NYISO,NYIS,2024,Wind,6031297.76,4.46914,134954326.682,-21454.0,Derived from reported EIA net generation,"EIA Form 923, Power Plant Operations Report",https://www.eia.gov/electricity/data/eia923/,https://s3.us-west-2.amazonaws.com/pudl.catalyst.coop/stable/out_eia923__yearly_generation_fuel_combined.parquet,https://catalystcoop-pudl.readthedocs.io/en/stable/data_sources/eia923.html,"Net generation at plants assigned to the NYIS or ISNE balancing authority in the annual EIA plant table. This is regional generation, not an individual utility's purchased power mix, and it excludes imports.",2026-08-09
ISO-NE,ISNE,2013,Coal,6166164.823,5.387134,114460959.807,0.0,Derived from reported EIA net generation,"EIA Form 923, Power Plant Operations Report",https://www.eia.gov/electricity/data/eia923/,https://s3.us-west-2.amazonaws.com/pudl.catalyst.coop/stable/out_eia923__yearly_generation_fuel_combined.parquet,https://catalystcoop-pudl.readthedocs.io/en/stable/data_sources/eia923.html,"Net generation at plants assigned to the NYIS or ISNE balancing authority in the annual EIA plant table. This is regional generation, not an individual utility's purchased power mix, and it excludes imports.",2026-08-09
ISO-NE,ISNE,2013,Natural gas,52077159.805,45.497749,114460959.807,0.0,Derived from reported EIA net generation,"EIA Form 923, Power Plant Operations Report",https://www.eia.gov/electricity/data/eia923/,https://s3.us-west-2.amazonaws.com/pudl.catalyst.coop/stable/out_eia923__yearly_generation_fuel_combined.parquet,https://catalystcoop-pudl.readthedocs.io/en/stable/data_sources/eia923.html,"Net generation at plants assigned to the NYIS or ISNE balancing authority in the annual EIA plant table. This is regional generation, not an individual utility's purchased power mix, and it excludes imports.",2026-08-09
ISO-NE,ISNE,2013,Hydro,7172943.99,6.266717,114460959.807,0.0,Derived from reported EIA net generation,"EIA Form 923, Power Plant Operations Report",https://www.eia.gov/electricity/data/eia923/,https://s3.us-west-2.amazonaws.com/pudl.catalyst.coop/stable/out_eia923__yearly_generation_fuel_combined.parquet,https://catalystcoop-pudl.readthedocs.io/en/stable/data_sources/eia923.html,"Net generation at plants assigned to the NYIS or ISNE balancing authority in the annual EIA plant table. This is regional generation, not an individual utility's purchased power mix, and it excludes imports.",2026-08-09
ISO-NE,ISNE,2013,Nuclear,37183277.0,32.485554,114460959.807,0.0,Derived from reported EIA net generation,"EIA Form 923, Power Plant Operations Report",https://www.eia.gov/electricity/data/eia923/,https://s3.us-west-2.amazonaws.com/pudl.catalyst.coop/stable/out_eia923__yearly_generation_fuel_combined.parquet,https://catalystcoop-pudl.readthedocs.io/en/stable/data_sources/eia923.html,"Net generation at plants assigned to the NYIS or ISNE balancing authority in the annual EIA plant table. This is regional generation, not an individual utility's purchased power mix, and it excludes imports.",2026-08-09
ISO-NE,ISNE,2013,Oil,1073547.981,0.937916,114460959.807,0.0,Derived from reported EIA net generation,"EIA Form 923, Power Plant Operations Report",https://www.eia.gov/electricity/data/eia923/,https://s3.us-west-2.amazonaws.com/pudl.catalyst.coop/stable/out_eia923__yearly_generation_fuel_combined.parquet,https://catalystcoop-pudl.readthedocs.io/en/stable/data_sources/eia923.html,"Net generation at plants assigned to the NYIS or ISNE balancing authority in the annual EIA plant table. This is regional generation, not an individual utility's purchased power mix, and it excludes imports.",2026-08-09
ISO-NE,ISNE,2013,Solar,107051.54,0.093527,114460959.807,0.0,Derived from reported EIA net generation,"EIA Form 923, Power Plant Operations Report",https://www.eia.gov/electricity/data/eia923/,https://s3.us-west-2.amazonaws.com/pudl.catalyst.coop/stable/out_eia923__yearly_generation_fuel_combined.parquet,https://catalystcoop-pudl.readthedocs.io/en/stable/data_sources/eia923.html,"Net generation at plants assigned to the NYIS or ISNE balancing authority in the annual EIA plant table. This is regional generation, not an individual utility's purchased power mix, and it excludes imports.",2026-08-09
ISO-NE,ISNE,2013,Waste and biomass,8936570.928,7.807528,114460959.807,0.0,Derived from reported EIA net generation,"EIA Form 923, Power Plant Operations Report",https://www.eia.gov/electricity/data/eia923/,https://s3.us-west-2.amazonaws.com/pudl.catalyst.coop/stable/out_eia923__yearly_generation_fuel_combined.parquet,https://catalystcoop-pudl.readthedocs.io/en/stable/data_sources/eia923.html,"Net generation at plants assigned to the NYIS or ISNE balancing authority in the annual EIA plant table. This is regional generation, not an individual utility's purchased power mix, and it excludes imports.",2026-08-09
ISO-NE,ISNE,2013,Wind,1744243.74,1.523877,114460959.807,0.0,Derived from reported EIA net generation,"EIA Form 923, Power Plant Operations Report",https://www.eia.gov/electricity/data/eia923/,https://s3.us-west-2.amazonaws.com/pudl.catalyst.coop/stable/out_eia923__yearly_generation_fuel_combined.parquet,https://catalystcoop-pudl.readthedocs.io/en/stable/data_sources/eia923.html,"Net generation at plants assigned to the NYIS or ISNE balancing authority in the annual EIA plant table. This is regional generation, not an individual utility's purchased power mix, and it excludes imports.",2026-08-09
ISO-NE,ISNE,2014,Coal,5009939.543,4.561373,109834021.353,0.0,Derived from reported EIA net generation,"EIA Form 923, Power Plant Operations Report",https://www.eia.gov/electricity/data/eia923/,https://s3.us-west-2.amazonaws.com/pudl.catalyst.coop/stable/out_eia923__yearly_generation_fuel_combined.parquet,https://catalystcoop-pudl.readthedocs.io/en/stable/data_sources/eia923.html,"Net generation at plants assigned to the NYIS or ISNE balancing authority in the annual EIA plant table. This is regional generation, not an individual utility's purchased power mix, and it excludes imports.",2026-08-09
ISO-NE,ISNE,2014,Natural gas,47769700.249,43.492626,109834021.353,0.0,Derived from reported EIA net generation,"EIA Form 923, Power Plant Operations Report",https://www.eia.gov/electricity/data/eia923/,https://s3.us-west-2.amazonaws.com/pudl.catalyst.coop/stable/out_eia923__yearly_generation_fuel_combined.parquet,https://catalystcoop-pudl.readthedocs.io/en/stable/data_sources/eia923.html,"Net generation at plants assigned to the NYIS or ISNE balancing authority in the annual EIA plant table. This is regional generation, not an individual utility's purchased power mix, and it excludes imports.",2026-08-09
ISO-NE,ISNE,2014,Hydro,6974108.24,6.349679,109834021.353,0.0,Derived from reported EIA net generation,"EIA Form 923, Power Plant Operations Report",https://www.eia.gov/electricity/data/eia923/,https://s3.us-west-2.amazonaws.com/pudl.catalyst.coop/stable/out_eia923__yearly_generation_fuel_combined.parquet,https://catalystcoop-pudl.readthedocs.io/en/stable/data_sources/eia923.html,"Net generation at plants assigned to the NYIS or ISNE balancing authority in the annual EIA plant table. This is regional generation, not an individual utility's purchased power mix, and it excludes imports.",2026-08-09
ISO-NE,ISNE,2014,Nuclear,36838620.0,33.540263,109834021.353,0.0,Derived from reported EIA net generation,"EIA Form 923, Power Plant Operations Report",https://www.eia.gov/electricity/data/eia923/,https://s3.us-west-2.amazonaws.com/pudl.catalyst.coop/stable/out_eia923__yearly_generation_fuel_combined.parquet,https://catalystcoop-pudl.readthedocs.io/en/stable/data_sources/eia923.html,"Net generation at plants assigned to the NYIS or ISNE balancing authority in the annual EIA plant table. This is regional generation, not an individual utility's purchased power mix, and it excludes imports.",2026-08-09
ISO-NE,ISNE,2014,Oil,2130491.793,1.939738,109834021.353,0.0,Derived from reported EIA net generation,"EIA Form 923, Power Plant Operations Report",https://www.eia.gov/electricity/data/eia923/,https://s3.us-west-2.amazonaws.com/pudl.catalyst.coop/stable/out_eia923__yearly_generation_fuel_combined.parquet,https://catalystcoop-pudl.readthedocs.io/en/stable/data_sources/eia923.html,"Net generation at plants assigned to the NYIS or ISNE balancing authority in the annual EIA plant table. This is regional generation, not an individual utility's purchased power mix, and it excludes imports.",2026-08-09
ISO-NE,ISNE,2014,Solar,332490.27,0.302721,109834021.353,0.0,Derived from reported EIA net generation,"EIA Form 923, Power Plant Operations Report",https://www.eia.gov/electricity/data/eia923/,https://s3.us-west-2.amazonaws.com/pudl.catalyst.coop/stable/out_eia923__yearly_generation_fuel_combined.parquet,https://catalystcoop-pudl.readthedocs.io/en/stable/data_sources/eia923.html,"Net generation at plants assigned to the NYIS or ISNE balancing authority in the annual EIA plant table. This is regional generation, not an individual utility's purchased power mix, and it excludes imports.",2026-08-09
ISO-NE,ISNE,2014,Waste and biomass,8870309.258,8.076104,109834021.353,0.0,Derived from reported EIA net generation,"EIA Form 923, Power Plant Operations Report",https://www.eia.gov/electricity/data/eia923/,https://s3.us-west-2.amazonaws.com/pudl.catalyst.coop/stable/out_eia923__yearly_generation_fuel_combined.parquet,https://catalystcoop-pudl.readthedocs.io/en/stable/data_sources/eia923.html,"Net generation at plants assigned to the NYIS or ISNE balancing authority in the annual EIA plant table. This is regional generation, not an individual utility's purchased power mix, and it excludes imports.",2026-08-09
ISO-NE,ISNE,2014,Wind,1908362.0,1.737496,109834021.353,0.0,Derived from reported EIA net generation,"EIA Form 923, Power Plant Operations Report",https://www.eia.gov/electricity/data/eia923/,https://s3.us-west-2.amazonaws.com/pudl.catalyst.coop/stable/out_eia923__yearly_generation_fuel_combined.parquet,https://catalystcoop-pudl.readthedocs.io/en/stable/data_sources/eia923.html,"Net generation at plants assigned to the NYIS or ISNE balancing authority in the annual EIA plant table. This is regional generation, not an individual utility's purchased power mix, and it excludes imports.",2026-08-09
ISO-NE,ISNE,2015,Coal,3881696.521,3.577615,108499548.975,0.0,Derived from reported EIA net generation,"EIA Form 923, Power Plant Operations Report",https://www.eia.gov/electricity/data/eia923/,https://s3.us-west-2.amazonaws.com/pudl.catalyst.coop/stable/out_eia923__yearly_generation_fuel_combined.parquet,https://catalystcoop-pudl.readthedocs.io/en/stable/data_sources/eia923.html,"Net generation at plants assigned to the NYIS or ISNE balancing authority in the annual EIA plant table. This is regional generation, not an individual utility's purchased power mix, and it excludes imports.",2026-08-09
ISO-NE,ISNE,2015,Natural gas,53408905.817,49.225003,108499548.975,0.0,Derived from reported EIA net generation,"EIA Form 923, Power Plant Operations Report",https://www.eia.gov/electricity/data/eia923/,https://s3.us-west-2.amazonaws.com/pudl.catalyst.coop/stable/out_eia923__yearly_generation_fuel_combined.parquet,https://catalystcoop-pudl.readthedocs.io/en/stable/data_sources/eia923.html,"Net generation at plants assigned to the NYIS or ISNE balancing authority in the annual EIA plant table. This is regional generation, not an individual utility's purchased power mix, and it excludes imports.",2026-08-09
ISO-NE,ISNE,2015,Hydro,6315492.3,5.820754,108499548.975,0.0,Derived from reported EIA net generation,"EIA Form 923, Power Plant Operations Report",https://www.eia.gov/electricity/data/eia923/,https://s3.us-west-2.amazonaws.com/pudl.catalyst.coop/stable/out_eia923__yearly_generation_fuel_combined.parquet,https://catalystcoop-pudl.readthedocs.io/en/stable/data_sources/eia923.html,"Net generation at plants assigned to the NYIS or ISNE balancing authority in the annual EIA plant table. This is regional generation, not an individual utility's purchased power mix, and it excludes imports.",2026-08-09
ISO-NE,ISNE,2015,Nuclear,31889927.0,29.39176,108499548.975,0.0,Derived from reported EIA net generation,"EIA Form 923, Power Plant Operations Report",https://www.eia.gov/electricity/data/eia923/,https://s3.us-west-2.amazonaws.com/pudl.catalyst.coop/stable/out_eia923__yearly_generation_fuel_combined.parquet,https://catalystcoop-pudl.readthedocs.io/en/stable/data_sources/eia923.html,"Net generation at plants assigned to the NYIS or ISNE balancing authority in the annual EIA plant table. This is regional generation, not an individual utility's purchased power mix, and it excludes imports.",2026-08-09
ISO-NE,ISNE,2015,Oil,1998248.785,1.841712,108499548.975,0.0,Derived from reported EIA net generation,"EIA Form 923, Power Plant Operations Report",https://www.eia.gov/electricity/data/eia923/,https://s3.us-west-2.amazonaws.com/pudl.catalyst.coop/stable/out_eia923__yearly_generation_fuel_combined.parquet,https://catalystcoop-pudl.readthedocs.io/en/stable/data_sources/eia923.html,"Net generation at plants assigned to the NYIS or ISNE balancing authority in the annual EIA plant table. This is regional generation, not an individual utility's purchased power mix, and it excludes imports.",2026-08-09
ISO-NE,ISNE,2015,Solar,517635.68,0.477086,108499548.975,0.0,Derived from reported EIA net generation,"EIA Form 923, Power Plant Operations Report",https://www.eia.gov/electricity/data/eia923/,https://s3.us-west-2.amazonaws.com/pudl.catalyst.coop/stable/out_eia923__yearly_generation_fuel_combined.parquet,https://catalystcoop-pudl.readthedocs.io/en/stable/data_sources/eia923.html,"Net generation at plants assigned to the NYIS or ISNE balancing authority in the annual EIA plant table. This is regional generation, not an individual utility's purchased power mix, and it excludes imports.",2026-08-09
ISO-NE,ISNE,2015,Waste and biomass,8360285.732,7.705365,108499548.975,0.0,Derived from reported EIA net generation,"EIA Form 923, Power Plant Operations Report",https://www.eia.gov/electricity/data/eia923/,https://s3.us-west-2.amazonaws.com/pudl.catalyst.coop/stable/out_eia923__yearly_generation_fuel_combined.parquet,https://catalystcoop-pudl.readthedocs.io/en/stable/data_sources/eia923.html,"Net generation at plants assigned to the NYIS or ISNE balancing authority in the annual EIA plant table. This is regional generation, not an individual utility's purchased power mix, and it excludes imports.",2026-08-09
ISO-NE,ISNE,2015,Wind,2127357.14,1.960706,108499548.975,0.0,Derived from reported EIA net generation,"EIA Form 923, Power Plant Operations Report",https://www.eia.gov/electricity/data/eia923/,https://s3.us-west-2.amazonaws.com/pudl.catalyst.coop/stable/out_eia923__yearly_generation_fuel_combined.parquet,https://catalystcoop-pudl.readthedocs.io/en/stable/data_sources/eia923.html,"Net generation at plants assigned to the NYIS or ISNE balancing authority in the annual EIA plant table. This is regional generation, not an individual utility's purchased power mix, and it excludes imports.",2026-08-09
ISO-NE,ISNE,2016,Coal,2544142.278,2.387488,106561455.882,-3.0,Derived from reported EIA net generation,"EIA Form 923, Power Plant Operations Report",https://www.eia.gov/electricity/data/eia923/,https://s3.us-west-2.amazonaws.com/pudl.catalyst.coop/stable/out_eia923__yearly_generation_fuel_combined.parquet,https://catalystcoop-pudl.readthedocs.io/en/stable/data_sources/eia923.html,"Net generation at plants assigned to the NYIS or ISNE balancing authority in the annual EIA plant table. This is regional generation, not an individual utility's purchased power mix, and it excludes imports.",2026-08-09
ISO-NE,ISNE,2016,Natural gas,53577193.759,50.278211,106561455.882,-3.0,Derived from reported EIA net generation,"EIA Form 923, Power Plant Operations Report",https://www.eia.gov/electricity/data/eia923/,https://s3.us-west-2.amazonaws.com/pudl.catalyst.coop/stable/out_eia923__yearly_generation_fuel_combined.parquet,https://catalystcoop-pudl.readthedocs.io/en/stable/data_sources/eia923.html,"Net generation at plants assigned to the NYIS or ISNE balancing authority in the annual EIA plant table. This is regional generation, not an individual utility's purchased power mix, and it excludes imports.",2026-08-09
ISO-NE,ISNE,2016,Hydro,5589178.6,5.245028,106561455.882,-3.0,Derived from reported EIA net generation,"EIA Form 923, Power Plant Operations Report",https://www.eia.gov/electricity/data/eia923/,https://s3.us-west-2.amazonaws.com/pudl.catalyst.coop/stable/out_eia923__yearly_generation_fuel_combined.parquet,https://catalystcoop-pudl.readthedocs.io/en/stable/data_sources/eia923.html,"Net generation at plants assigned to the NYIS or ISNE balancing authority in the annual EIA plant table. This is regional generation, not an individual utility's purchased power mix, and it excludes imports.",2026-08-09
ISO-NE,ISNE,2016,Nuclear,32750973.0,30.734352,106561455.882,-3.0,Derived from reported EIA net generation,"EIA Form 923, Power Plant Operations Report",https://www.eia.gov/electricity/data/eia923/,https://s3.us-west-2.amazonaws.com/pudl.catalyst.coop/stable/out_eia923__yearly_generation_fuel_combined.parquet,https://catalystcoop-pudl.readthedocs.io/en/stable/data_sources/eia923.html,"Net generation at plants assigned to the NYIS or ISNE balancing authority in the annual EIA plant table. This is regional generation, not an individual utility's purchased power mix, and it excludes imports.",2026-08-09
ISO-NE,ISNE,2016,Oil,680651.021,0.63874,106561455.882,-3.0,Derived from reported EIA net generation,"EIA Form 923, Power Plant Operations Report",https://www.eia.gov/electricity/data/eia923/,https://s3.us-west-2.amazonaws.com/pudl.catalyst.coop/stable/out_eia923__yearly_generation_fuel_combined.parquet,https://catalystcoop-pudl.readthedocs.io/en/stable/data_sources/eia923.html,"Net generation at plants assigned to the NYIS or ISNE balancing authority in the annual EIA plant table. This is regional generation, not an individual utility's purchased power mix, and it excludes imports.",2026-08-09
ISO-NE,ISNE,2016,Solar,702068.54,0.658839,106561455.882,-3.0,Derived from reported EIA net generation,"EIA Form 923, Power Plant Operations Report",https://www.eia.gov/electricity/data/eia923/,https://s3.us-west-2.amazonaws.com/pudl.catalyst.coop/stable/out_eia923__yearly_generation_fuel_combined.parquet,https://catalystcoop-pudl.readthedocs.io/en/stable/data_sources/eia923.html,"Net generation at plants assigned to the NYIS or ISNE balancing authority in the annual EIA plant table. This is regional generation, not an individual utility's purchased power mix, and it excludes imports.",2026-08-09
ISO-NE,ISNE,2016,Waste and biomass,8203078.534,7.697979,106561455.882,-3.0,Derived from reported EIA net generation,"EIA Form 923, Power Plant Operations Report",https://www.eia.gov/electricity/data/eia923/,https://s3.us-west-2.amazonaws.com/pudl.catalyst.coop/stable/out_eia923__yearly_generation_fuel_combined.parquet,https://catalystcoop-pudl.readthedocs.io/en/stable/data_sources/eia923.html,"Net generation at plants assigned to the NYIS or ISNE balancing authority in the annual EIA plant table. This is regional generation, not an individual utility's purchased power mix, and it excludes imports.",2026-08-09
ISO-NE,ISNE,2016,Wind,2514170.15,2.359362,106561455.882,-3.0,Derived from reported EIA net generation,"EIA Form 923, Power Plant Operations Report",https://www.eia.gov/electricity/data/eia923/,https://s3.us-west-2.amazonaws.com/pudl.catalyst.coop/stable/out_eia923__yearly_generation_fuel_combined.parquet,https://catalystcoop-pudl.readthedocs.io/en/stable/data_sources/eia923.html,"Net generation at plants assigned to the NYIS or ISNE balancing authority in the annual EIA plant table. This is regional generation, not an individual utility's purchased power mix, and it excludes imports.",2026-08-09
ISO-NE,ISNE,2017,Coal,1689043.175,1.623043,104066446.701,-2421.0,Derived from reported EIA net generation,"EIA Form 923, Power Plant Operations Report",https://www.eia.gov/electricity/data/eia923/,https://s3.us-west-2.amazonaws.com/pudl.catalyst.coop/stable/out_eia923__yearly_generation_fuel_combined.parquet,https://catalystcoop-pudl.readthedocs.io/en/stable/data_sources/eia923.html,"Net generation at plants assigned to the NYIS or ISNE balancing authority in the annual EIA plant table. This is regional generation, not an individual utility's purchased power mix, and it excludes imports.",2026-08-09
ISO-NE,ISNE,2017,Natural gas,51068822.192,49.073283,104066446.701,-2421.0,Derived from reported EIA net generation,"EIA Form 923, Power Plant Operations Report",https://www.eia.gov/electricity/data/eia923/,https://s3.us-west-2.amazonaws.com/pudl.catalyst.coop/stable/out_eia923__yearly_generation_fuel_combined.parquet,https://catalystcoop-pudl.readthedocs.io/en/stable/data_sources/eia923.html,"Net generation at plants assigned to the NYIS or ISNE balancing authority in the annual EIA plant table. This is regional generation, not an individual utility's purchased power mix, and it excludes imports.",2026-08-09
ISO-NE,ISNE,2017,Hydro,6942298.8,6.671025,104066446.701,-2421.0,Derived from reported EIA net generation,"EIA Form 923, Power Plant Operations Report",https://www.eia.gov/electricity/data/eia923/,https://s3.us-west-2.amazonaws.com/pudl.catalyst.coop/stable/out_eia923__yearly_generation_fuel_combined.parquet,https://catalystcoop-pudl.readthedocs.io/en/stable/data_sources/eia923.html,"Net generation at plants assigned to the NYIS or ISNE balancing authority in the annual EIA plant table. This is regional generation, not an individual utility's purchased power mix, and it excludes imports.",2026-08-09
ISO-NE,ISNE,2017,Nuclear,31537495.0,30.305152,104066446.701,-2421.0,Derived from reported EIA net generation,"EIA Form 923, Power Plant Operations Report",https://www.eia.gov/electricity/data/eia923/,https://s3.us-west-2.amazonaws.com/pudl.catalyst.coop/stable/out_eia923__yearly_generation_fuel_combined.parquet,https://catalystcoop-pudl.readthedocs.io/en/stable/data_sources/eia923.html,"Net generation at plants assigned to the NYIS or ISNE balancing authority in the annual EIA plant table. This is regional generation, not an individual utility's purchased power mix, and it excludes imports.",2026-08-09
ISO-NE,ISNE,2017,Oil,741628.159,0.712649,104066446.701,-2421.0,Derived from reported EIA net generation,"EIA Form 923, Power Plant Operations Report",https://www.eia.gov/electricity/data/eia923/,https://s3.us-west-2.amazonaws.com/pudl.catalyst.coop/stable/out_eia923__yearly_generation_fuel_combined.parquet,https://catalystcoop-pudl.readthedocs.io/en/stable/data_sources/eia923.html,"Net generation at plants assigned to the NYIS or ISNE balancing authority in the annual EIA plant table. This is regional generation, not an individual utility's purchased power mix, and it excludes imports.",2026-08-09
ISO-NE,ISNE,2017,Solar,932366.42,0.895934,104066446.701,-2421.0,Derived from reported EIA net generation,"EIA Form 923, Power Plant Operations Report",https://www.eia.gov/electricity/data/eia923/,https://s3.us-west-2.amazonaws.com/pudl.catalyst.coop/stable/out_eia923__yearly_generation_fuel_combined.parquet,https://catalystcoop-pudl.readthedocs.io/en/stable/data_sources/eia923.html,"Net generation at plants assigned to the NYIS or ISNE balancing authority in the annual EIA plant table. This is regional generation, not an individual utility's purchased power mix, and it excludes imports.",2026-08-09
ISO-NE,ISNE,2017,Waste and biomass,7845287.495,7.538729,104066446.701,-2421.0,Derived from reported EIA net generation,"EIA Form 923, Power Plant Operations Report",https://www.eia.gov/electricity/data/eia923/,https://s3.us-west-2.amazonaws.com/pudl.catalyst.coop/stable/out_eia923__yearly_generation_fuel_combined.parquet,https://catalystcoop-pudl.readthedocs.io/en/stable/data_sources/eia923.html,"Net generation at plants assigned to the NYIS or ISNE balancing authority in the annual EIA plant table. This is regional generation, not an individual utility's purchased power mix, and it excludes imports.",2026-08-09
ISO-NE,ISNE,2017,Wind,3309505.46,3.180185,104066446.701,-2421.0,Derived from reported EIA net generation,"EIA Form 923, Power Plant Operations Report",https://www.eia.gov/electricity/data/eia923/,https://s3.us-west-2.amazonaws.com/pudl.catalyst.coop/stable/out_eia923__yearly_generation_fuel_combined.parquet,https://catalystcoop-pudl.readthedocs.io/en/stable/data_sources/eia923.html,"Net generation at plants assigned to the NYIS or ISNE balancing authority in the annual EIA plant table. This is regional generation, not an individual utility's purchased power mix, and it excludes imports.",2026-08-09
ISO-NE,ISNE,2018,Coal,1036895.609,0.993154,104404279.523,-2876.0,Derived from reported EIA net generation,"EIA Form 923, Power Plant Operations Report",https://www.eia.gov/electricity/data/eia923/,https://s3.us-west-2.amazonaws.com/pudl.catalyst.coop/stable/out_eia923__yearly_generation_fuel_combined.parquet,https://catalystcoop-pudl.readthedocs.io/en/stable/data_sources/eia923.html,"Net generation at plants assigned to the NYIS or ISNE balancing authority in the annual EIA plant table. This is regional generation, not an individual utility's purchased power mix, and it excludes imports.",2026-08-09
ISO-NE,ISNE,2018,Natural gas,51563054.065,49.387874,104404279.523,-2876.0,Derived from reported EIA net generation,"EIA Form 923, Power Plant Operations Report",https://www.eia.gov/electricity/data/eia923/,https://s3.us-west-2.amazonaws.com/pudl.catalyst.coop/stable/out_eia923__yearly_generation_fuel_combined.parquet,https://catalystcoop-pudl.readthedocs.io/en/stable/data_sources/eia923.html,"Net generation at plants assigned to the NYIS or ISNE balancing authority in the annual EIA plant table. This is regional generation, not an individual utility's purchased power mix, and it excludes imports.",2026-08-09
ISO-NE,ISNE,2018,Hydro,7028567.69,6.732069,104404279.523,-2876.0,Derived from reported EIA net generation,"EIA Form 923, Power Plant Operations Report",https://www.eia.gov/electricity/data/eia923/,https://s3.us-west-2.amazonaws.com/pudl.catalyst.coop/stable/out_eia923__yearly_generation_fuel_combined.parquet,https://catalystcoop-pudl.readthedocs.io/en/stable/data_sources/eia923.html,"Net generation at plants assigned to the NYIS or ISNE balancing authority in the annual EIA plant table. This is regional generation, not an individual utility's purchased power mix, and it excludes imports.",2026-08-09
ISO-NE,ISNE,2018,Nuclear,31384751.0,30.06079,104404279.523,-2876.0,Derived from reported EIA net generation,"EIA Form 923, Power Plant Operations Report",https://www.eia.gov/electricity/data/eia923/,https://s3.us-west-2.amazonaws.com/pudl.catalyst.coop/stable/out_eia923__yearly_generation_fuel_combined.parquet,https://catalystcoop-pudl.readthedocs.io/en/stable/data_sources/eia923.html,"Net generation at plants assigned to the NYIS or ISNE balancing authority in the annual EIA plant table. This is regional generation, not an individual utility's purchased power mix, and it excludes imports.",2026-08-09
ISO-NE,ISNE,2018,Oil,1245625.884,1.193079,104404279.523,-2876.0,Derived from reported EIA net generation,"EIA Form 923, Power Plant Operations Report",https://www.eia.gov/electricity/data/eia923/,https://s3.us-west-2.amazonaws.com/pudl.catalyst.coop/stable/out_eia923__yearly_generation_fuel_combined.parquet,https://catalystcoop-pudl.readthedocs.io/en/stable/data_sources/eia923.html,"Net generation at plants assigned to the NYIS or ISNE balancing authority in the annual EIA plant table. This is regional generation, not an individual utility's purchased power mix, and it excludes imports.",2026-08-09
ISO-NE,ISNE,2018,Solar,1227813.02,1.176018,104404279.523,-2876.0,Derived from reported EIA net generation,"EIA Form 923, Power Plant Operations Report",https://www.eia.gov/electricity/data/eia923/,https://s3.us-west-2.amazonaws.com/pudl.catalyst.coop/stable/out_eia923__yearly_generation_fuel_combined.parquet,https://catalystcoop-pudl.readthedocs.io/en/stable/data_sources/eia923.html,"Net generation at plants assigned to the NYIS or ISNE balancing authority in the annual EIA plant table. This is regional generation, not an individual utility's purchased power mix, and it excludes imports.",2026-08-09
ISO-NE,ISNE,2018,Waste and biomass,7506311.415,7.189659,104404279.523,-2876.0,Derived from reported EIA net generation,"EIA Form 923, Power Plant Operations Report",https://www.eia.gov/electricity/data/eia923/,https://s3.us-west-2.amazonaws.com/pudl.catalyst.coop/stable/out_eia923__yearly_generation_fuel_combined.parquet,https://catalystcoop-pudl.readthedocs.io/en/stable/data_sources/eia923.html,"Net generation at plants assigned to the NYIS or ISNE balancing authority in the annual EIA plant table. This is regional generation, not an individual utility's purchased power mix, and it excludes imports.",2026-08-09
ISO-NE,ISNE,2018,Wind,3411260.84,3.267357,104404279.523,-2876.0,Derived from reported EIA net generation,"EIA Form 923, Power Plant Operations Report",https://www.eia.gov/electricity/data/eia923/,https://s3.us-west-2.amazonaws.com/pudl.catalyst.coop/stable/out_eia923__yearly_generation_fuel_combined.parquet,https://catalystcoop-pudl.readthedocs.io/en/stable/data_sources/eia923.html,"Net generation at plants assigned to the NYIS or ISNE balancing authority in the annual EIA plant table. This is regional generation, not an individual utility's purchased power mix, and it excludes imports.",2026-08-09
ISO-NE,ISNE,2019,Coal,467120.714,0.470376,99307966.277,-5171.0,Derived from reported EIA net generation,"EIA Form 923, Power Plant Operations Report",https://www.eia.gov/electricity/data/eia923/,https://s3.us-west-2.amazonaws.com/pudl.catalyst.coop/stable/out_eia923__yearly_generation_fuel_combined.parquet,https://catalystcoop-pudl.readthedocs.io/en/stable/data_sources/eia923.html,"Net generation at plants assigned to the NYIS or ISNE balancing authority in the annual EIA plant table. This is regional generation, not an individual utility's purchased power mix, and it excludes imports.",2026-08-09
ISO-NE,ISNE,2019,Natural gas,49210684.791,49.553613,99307966.277,-5171.0,Derived from reported EIA net generation,"EIA Form 923, Power Plant Operations Report",https://www.eia.gov/electricity/data/eia923/,https://s3.us-west-2.amazonaws.com/pudl.catalyst.coop/stable/out_eia923__yearly_generation_fuel_combined.parquet,https://catalystcoop-pudl.readthedocs.io/en/stable/data_sources/eia923.html,"Net generation at plants assigned to the NYIS or ISNE balancing authority in the annual EIA plant table. This is regional generation, not an individual utility's purchased power mix, and it excludes imports.",2026-08-09
ISO-NE,ISNE,2019,Hydro,7203127.62,7.253323,99307966.277,-5171.0,Derived from reported EIA net generation,"EIA Form 923, Power Plant Operations Report",https://www.eia.gov/electricity/data/eia923/,https://s3.us-west-2.amazonaws.com/pudl.catalyst.coop/stable/out_eia923__yearly_generation_fuel_combined.parquet,https://catalystcoop-pudl.readthedocs.io/en/stable/data_sources/eia923.html,"Net generation at plants assigned to the NYIS or ISNE balancing authority in the annual EIA plant table. This is regional generation, not an individual utility's purchased power mix, and it excludes imports.",2026-08-09
ISO-NE,ISNE,2019,Nuclear,29817525.0,30.02531,99307966.277,-5171.0,Derived from reported EIA net generation,"EIA Form 923, Power Plant Operations Report",https://www.eia.gov/electricity/data/eia923/,https://s3.us-west-2.amazonaws.com/pudl.catalyst.coop/stable/out_eia923__yearly_generation_fuel_combined.parquet,https://catalystcoop-pudl.readthedocs.io/en/stable/data_sources/eia923.html,"Net generation at plants assigned to the NYIS or ISNE balancing authority in the annual EIA plant table. This is regional generation, not an individual utility's purchased power mix, and it excludes imports.",2026-08-09
ISO-NE,ISNE,2019,Oil,192663.902,0.194006,99307966.277,-5171.0,Derived from reported EIA net generation,"EIA Form 923, Power Plant Operations Report",https://www.eia.gov/electricity/data/eia923/,https://s3.us-west-2.amazonaws.com/pudl.catalyst.coop/stable/out_eia923__yearly_generation_fuel_combined.parquet,https://catalystcoop-pudl.readthedocs.io/en/stable/data_sources/eia923.html,"Net generation at plants assigned to the NYIS or ISNE balancing authority in the annual EIA plant table. This is regional generation, not an individual utility's purchased power mix, and it excludes imports.",2026-08-09
ISO-NE,ISNE,2019,Solar,1518024.84,1.528603,99307966.277,-5171.0,Derived from reported EIA net generation,"EIA Form 923, Power Plant Operations Report",https://www.eia.gov/electricity/data/eia923/,https://s3.us-west-2.amazonaws.com/pudl.catalyst.coop/stable/out_eia923__yearly_generation_fuel_combined.parquet,https://catalystcoop-pudl.readthedocs.io/en/stable/data_sources/eia923.html,"Net generation at plants assigned to the NYIS or ISNE balancing authority in the annual EIA plant table. This is regional generation, not an individual utility's purchased power mix, and it excludes imports.",2026-08-09
ISO-NE,ISNE,2019,Waste and biomass,7304095.49,7.354995,99307966.277,-5171.0,Derived from reported EIA net generation,"EIA Form 923, Power Plant Operations Report",https://www.eia.gov/electricity/data/eia923/,https://s3.us-west-2.amazonaws.com/pudl.catalyst.coop/stable/out_eia923__yearly_generation_fuel_combined.parquet,https://catalystcoop-pudl.readthedocs.io/en/stable/data_sources/eia923.html,"Net generation at plants assigned to the NYIS or ISNE balancing authority in the annual EIA plant table. This is regional generation, not an individual utility's purchased power mix, and it excludes imports.",2026-08-09
ISO-NE,ISNE,2019,Wind,3594723.92,3.619774,99307966.277,-5171.0,Derived from reported EIA net generation,"EIA Form 923, Power Plant Operations Report",https://www.eia.gov/electricity/data/eia923/,https://s3.us-west-2.amazonaws.com/pudl.catalyst.coop/stable/out_eia923__yearly_generation_fuel_combined.parquet,https://catalystcoop-pudl.readthedocs.io/en/stable/data_sources/eia923.html,"Net generation at plants assigned to the NYIS or ISNE balancing authority in the annual EIA plant table. This is regional generation, not an individual utility's purchased power mix, and it excludes imports.",2026-08-09
ISO-NE,ISNE,2020,Coal,164880.669,0.171397,96197839.453,-6859.0,Derived from reported EIA net generation,"EIA Form 923, Power Plant Operations Report",https://www.eia.gov/electricity/data/eia923/,https://s3.us-west-2.amazonaws.com/pudl.catalyst.coop/stable/out_eia923__yearly_generation_fuel_combined.parquet,https://catalystcoop-pudl.readthedocs.io/en/stable/data_sources/eia923.html,"Net generation at plants assigned to the NYIS or ISNE balancing authority in the annual EIA plant table. This is regional generation, not an individual utility's purchased power mix, and it excludes imports.",2026-08-09
ISO-NE,ISNE,2020,Natural gas,51449547.266,53.483059,96197839.453,-6859.0,Derived from reported EIA net generation,"EIA Form 923, Power Plant Operations Report",https://www.eia.gov/electricity/data/eia923/,https://s3.us-west-2.amazonaws.com/pudl.catalyst.coop/stable/out_eia923__yearly_generation_fuel_combined.parquet,https://catalystcoop-pudl.readthedocs.io/en/stable/data_sources/eia923.html,"Net generation at plants assigned to the NYIS or ISNE balancing authority in the annual EIA plant table. This is regional generation, not an individual utility's purchased power mix, and it excludes imports.",2026-08-09
ISO-NE,ISNE,2020,Hydro,6239691.06,6.486311,96197839.453,-6859.0,Derived from reported EIA net generation,"EIA Form 923, Power Plant Operations Report",https://www.eia.gov/electricity/data/eia923/,https://s3.us-west-2.amazonaws.com/pudl.catalyst.coop/stable/out_eia923__yearly_generation_fuel_combined.parquet,https://catalystcoop-pudl.readthedocs.io/en/stable/data_sources/eia923.html,"Net generation at plants assigned to the NYIS or ISNE balancing authority in the annual EIA plant table. This is regional generation, not an individual utility's purchased power mix, and it excludes imports.",2026-08-09
ISO-NE,ISNE,2020,Nuclear,25580051.0,26.591087,96197839.453,-6859.0,Derived from reported EIA net generation,"EIA Form 923, Power Plant Operations Report",https://www.eia.gov/electricity/data/eia923/,https://s3.us-west-2.amazonaws.com/pudl.catalyst.coop/stable/out_eia923__yearly_generation_fuel_combined.parquet,https://catalystcoop-pudl.readthedocs.io/en/stable/data_sources/eia923.html,"Net generation at plants assigned to the NYIS or ISNE balancing authority in the annual EIA plant table. This is regional generation, not an individual utility's purchased power mix, and it excludes imports.",2026-08-09
ISO-NE,ISNE,2020,Oil,149799.876,0.155721,96197839.453,-6859.0,Derived from reported EIA net generation,"EIA Form 923, Power Plant Operations Report",https://www.eia.gov/electricity/data/eia923/,https://s3.us-west-2.amazonaws.com/pudl.catalyst.coop/stable/out_eia923__yearly_generation_fuel_combined.parquet,https://catalystcoop-pudl.readthedocs.io/en/stable/data_sources/eia923.html,"Net generation at plants assigned to the NYIS or ISNE balancing authority in the annual EIA plant table. This is regional generation, not an individual utility's purchased power mix, and it excludes imports.",2026-08-09
ISO-NE,ISNE,2020,Solar,2027779.24,2.107926,96197839.453,-6859.0,Derived from reported EIA net generation,"EIA Form 923, Power Plant Operations Report",https://www.eia.gov/electricity/data/eia923/,https://s3.us-west-2.amazonaws.com/pudl.catalyst.coop/stable/out_eia923__yearly_generation_fuel_combined.parquet,https://catalystcoop-pudl.readthedocs.io/en/stable/data_sources/eia923.html,"Net generation at plants assigned to the NYIS or ISNE balancing authority in the annual EIA plant table. This is regional generation, not an individual utility's purchased power mix, and it excludes imports.",2026-08-09
ISO-NE,ISNE,2020,Waste and biomass,6960107.302,7.235201,96197839.453,-6859.0,Derived from reported EIA net generation,"EIA Form 923, Power Plant Operations Report",https://www.eia.gov/electricity/data/eia923/,https://s3.us-west-2.amazonaws.com/pudl.catalyst.coop/stable/out_eia923__yearly_generation_fuel_combined.parquet,https://catalystcoop-pudl.readthedocs.io/en/stable/data_sources/eia923.html,"Net generation at plants assigned to the NYIS or ISNE balancing authority in the annual EIA plant table. This is regional generation, not an individual utility's purchased power mix, and it excludes imports.",2026-08-09
ISO-NE,ISNE,2020,Wind,3625983.04,3.769298,96197839.453,-6859.0,Derived from reported EIA net generation,"EIA Form 923, Power Plant Operations Report",https://www.eia.gov/electricity/data/eia923/,https://s3.us-west-2.amazonaws.com/pudl.catalyst.coop/stable/out_eia923__yearly_generation_fuel_combined.parquet,https://catalystcoop-pudl.readthedocs.io/en/stable/data_sources/eia923.html,"Net generation at plants assigned to the NYIS or ISNE balancing authority in the annual EIA plant table. This is regional generation, not an individual utility's purchased power mix, and it excludes imports.",2026-08-09
ISO-NE,ISNE,2021,Coal,578806.804,0.5646,102516175.64,-2061.0,Derived from reported EIA net generation,"EIA Form 923, Power Plant Operations Report",https://www.eia.gov/electricity/data/eia923/,https://s3.us-west-2.amazonaws.com/pudl.catalyst.coop/stable/out_eia923__yearly_generation_fuel_combined.parquet,https://catalystcoop-pudl.readthedocs.io/en/stable/data_sources/eia923.html,"Net generation at plants assigned to the NYIS or ISNE balancing authority in the annual EIA plant table. This is regional generation, not an individual utility's purchased power mix, and it excludes imports.",2026-08-09
ISO-NE,ISNE,2021,Natural gas,55891636.395,54.519822,102516175.64,-2061.0,Derived from reported EIA net generation,"EIA Form 923, Power Plant Operations Report",https://www.eia.gov/electricity/data/eia923/,https://s3.us-west-2.amazonaws.com/pudl.catalyst.coop/stable/out_eia923__yearly_generation_fuel_combined.parquet,https://catalystcoop-pudl.readthedocs.io/en/stable/data_sources/eia923.html,"Net generation at plants assigned to the NYIS or ISNE balancing authority in the annual EIA plant table. This is regional generation, not an individual utility's purchased power mix, and it excludes imports.",2026-08-09
ISO-NE,ISNE,2021,Hydro,5779263.56,5.637416,102516175.64,-2061.0,Derived from reported EIA net generation,"EIA Form 923, Power Plant Operations Report",https://www.eia.gov/electricity/data/eia923/,https://s3.us-west-2.amazonaws.com/pudl.catalyst.coop/stable/out_eia923__yearly_generation_fuel_combined.parquet,https://catalystcoop-pudl.readthedocs.io/en/stable/data_sources/eia923.html,"Net generation at plants assigned to the NYIS or ISNE balancing authority in the annual EIA plant table. This is regional generation, not an individual utility's purchased power mix, and it excludes imports.",2026-08-09
ISO-NE,ISNE,2021,Nuclear,27072626.0,26.408151,102516175.64,-2061.0,Derived from reported EIA net generation,"EIA Form 923, Power Plant Operations Report",https://www.eia.gov/electricity/data/eia923/,https://s3.us-west-2.amazonaws.com/pudl.catalyst.coop/stable/out_eia923__yearly_generation_fuel_combined.parquet,https://catalystcoop-pudl.readthedocs.io/en/stable/data_sources/eia923.html,"Net generation at plants assigned to the NYIS or ISNE balancing authority in the annual EIA plant table. This is regional generation, not an individual utility's purchased power mix, and it excludes imports.",2026-08-09
ISO-NE,ISNE,2021,Oil,243490.667,0.237514,102516175.64,-2061.0,Derived from reported EIA net generation,"EIA Form 923, Power Plant Operations Report",https://www.eia.gov/electricity/data/eia923/,https://s3.us-west-2.amazonaws.com/pudl.catalyst.coop/stable/out_eia923__yearly_generation_fuel_combined.parquet,https://catalystcoop-pudl.readthedocs.io/en/stable/data_sources/eia923.html,"Net generation at plants assigned to the NYIS or ISNE balancing authority in the annual EIA plant table. This is regional generation, not an individual utility's purchased power mix, and it excludes imports.",2026-08-09
ISO-NE,ISNE,2021,Solar,2457857.32,2.397531,102516175.64,-2061.0,Derived from reported EIA net generation,"EIA Form 923, Power Plant Operations Report",https://www.eia.gov/electricity/data/eia923/,https://s3.us-west-2.amazonaws.com/pudl.catalyst.coop/stable/out_eia923__yearly_generation_fuel_combined.parquet,https://catalystcoop-pudl.readthedocs.io/en/stable/data_sources/eia923.html,"Net generation at plants assigned to the NYIS or ISNE balancing authority in the annual EIA plant table. This is regional generation, not an individual utility's purchased power mix, and it excludes imports.",2026-08-09
ISO-NE,ISNE,2021,Waste and biomass,6828238.644,6.660645,102516175.64,-2061.0,Derived from reported EIA net generation,"EIA Form 923, Power Plant Operations Report",https://www.eia.gov/electricity/data/eia923/,https://s3.us-west-2.amazonaws.com/pudl.catalyst.coop/stable/out_eia923__yearly_generation_fuel_combined.parquet,https://catalystcoop-pudl.readthedocs.io/en/stable/data_sources/eia923.html,"Net generation at plants assigned to the NYIS or ISNE balancing authority in the annual EIA plant table. This is regional generation, not an individual utility's purchased power mix, and it excludes imports.",2026-08-09
ISO-NE,ISNE,2021,Wind,3664256.25,3.57432,102516175.64,-2061.0,Derived from reported EIA net generation,"EIA Form 923, Power Plant Operations Report",https://www.eia.gov/electricity/data/eia923/,https://s3.us-west-2.amazonaws.com/pudl.catalyst.coop/stable/out_eia923__yearly_generation_fuel_combined.parquet,https://catalystcoop-pudl.readthedocs.io/en/stable/data_sources/eia923.html,"Net generation at plants assigned to the NYIS or ISNE balancing authority in the annual EIA plant table. This is regional generation, not an individual utility's purchased power mix, and it excludes imports.",2026-08-09
ISO-NE,ISNE,2022,Coal,347897.827,0.33178,104857833.203,-8408.0,Derived from reported EIA net generation,"EIA Form 923, Power Plant Operations Report",https://www.eia.gov/electricity/data/eia923/,https://s3.us-west-2.amazonaws.com/pudl.catalyst.coop/stable/out_eia923__yearly_generation_fuel_combined.parquet,https://catalystcoop-pudl.readthedocs.io/en/stable/data_sources/eia923.html,"Net generation at plants assigned to the NYIS or ISNE balancing authority in the annual EIA plant table. This is regional generation, not an individual utility's purchased power mix, and it excludes imports.",2026-08-09
ISO-NE,ISNE,2022,Natural gas,55552382.994,52.978763,104857833.203,-8408.0,Derived from reported EIA net generation,"EIA Form 923, Power Plant Operations Report",https://www.eia.gov/electricity/data/eia923/,https://s3.us-west-2.amazonaws.com/pudl.catalyst.coop/stable/out_eia923__yearly_generation_fuel_combined.parquet,https://catalystcoop-pudl.readthedocs.io/en/stable/data_sources/eia923.html,"Net generation at plants assigned to the NYIS or ISNE balancing authority in the annual EIA plant table. This is regional generation, not an individual utility's purchased power mix, and it excludes imports.",2026-08-09
ISO-NE,ISNE,2022,Hydro,6144451.43,5.859792,104857833.203,-8408.0,Derived from reported EIA net generation,"EIA Form 923, Power Plant Operations Report",https://www.eia.gov/electricity/data/eia923/,https://s3.us-west-2.amazonaws.com/pudl.catalyst.coop/stable/out_eia923__yearly_generation_fuel_combined.parquet,https://catalystcoop-pudl.readthedocs.io/en/stable/data_sources/eia923.html,"Net generation at plants assigned to the NYIS or ISNE balancing authority in the annual EIA plant table. This is regional generation, not an individual utility's purchased power mix, and it excludes imports.",2026-08-09
ISO-NE,ISNE,2022,Nuclear,27385695.0,26.116976,104857833.203,-8408.0,Derived from reported EIA net generation,"EIA Form 923, Power Plant Operations Report",https://www.eia.gov/electricity/data/eia923/,https://s3.us-west-2.amazonaws.com/pudl.catalyst.coop/stable/out_eia923__yearly_generation_fuel_combined.parquet,https://catalystcoop-pudl.readthedocs.io/en/stable/data_sources/eia923.html,"Net generation at plants assigned to the NYIS or ISNE balancing authority in the annual EIA plant table. This is regional generation, not an individual utility's purchased power mix, and it excludes imports.",2026-08-09
ISO-NE,ISNE,2022,Oil,1853218.564,1.767363,104857833.203,-8408.0,Derived from reported EIA net generation,"EIA Form 923, Power Plant Operations Report",https://www.eia.gov/electricity/data/eia923/,https://s3.us-west-2.amazonaws.com/pudl.catalyst.coop/stable/out_eia923__yearly_generation_fuel_combined.parquet,https://catalystcoop-pudl.readthedocs.io/en/stable/data_sources/eia923.html,"Net generation at plants assigned to the NYIS or ISNE balancing authority in the annual EIA plant table. This is regional generation, not an individual utility's purchased power mix, and it excludes imports.",2026-08-09
ISO-NE,ISNE,2022,Solar,3480777.2,3.31952,104857833.203,-8408.0,Derived from reported EIA net generation,"EIA Form 923, Power Plant Operations Report",https://www.eia.gov/electricity/data/eia923/,https://s3.us-west-2.amazonaws.com/pudl.catalyst.coop/stable/out_eia923__yearly_generation_fuel_combined.parquet,https://catalystcoop-pudl.readthedocs.io/en/stable/data_sources/eia923.html,"Net generation at plants assigned to the NYIS or ISNE balancing authority in the annual EIA plant table. This is regional generation, not an individual utility's purchased power mix, and it excludes imports.",2026-08-09
ISO-NE,ISNE,2022,Waste and biomass,6179787.698,5.893492,104857833.203,-8408.0,Derived from reported EIA net generation,"EIA Form 923, Power Plant Operations Report",https://www.eia.gov/electricity/data/eia923/,https://s3.us-west-2.amazonaws.com/pudl.catalyst.coop/stable/out_eia923__yearly_generation_fuel_combined.parquet,https://catalystcoop-pudl.readthedocs.io/en/stable/data_sources/eia923.html,"Net generation at plants assigned to the NYIS or ISNE balancing authority in the annual EIA plant table. This is regional generation, not an individual utility's purchased power mix, and it excludes imports.",2026-08-09
ISO-NE,ISNE,2022,Wind,3913622.49,3.732313,104857833.203,-8408.0,Derived from reported EIA net generation,"EIA Form 923, Power Plant Operations Report",https://www.eia.gov/electricity/data/eia923/,https://s3.us-west-2.amazonaws.com/pudl.catalyst.coop/stable/out_eia923__yearly_generation_fuel_combined.parquet,https://catalystcoop-pudl.readthedocs.io/en/stable/data_sources/eia923.html,"Net generation at plants assigned to the NYIS or ISNE balancing authority in the annual EIA plant table. This is regional generation, not an individual utility's purchased power mix, and it excludes imports.",2026-08-09
ISO-NE,ISNE,2023,Coal,203345.329,0.199053,102156408.773,-8632.0,Derived from reported EIA net generation,"EIA Form 923, Power Plant Operations Report",https://www.eia.gov/electricity/data/eia923/,https://s3.us-west-2.amazonaws.com/pudl.catalyst.coop/stable/out_eia923__yearly_generation_fuel_combined.parquet,https://catalystcoop-pudl.readthedocs.io/en/stable/data_sources/eia923.html,"Net generation at plants assigned to the NYIS or ISNE balancing authority in the annual EIA plant table. This is regional generation, not an individual utility's purchased power mix, and it excludes imports.",2026-08-09
ISO-NE,ISNE,2023,Natural gas,57351615.256,56.140986,102156408.773,-8632.0,Derived from reported EIA net generation,"EIA Form 923, Power Plant Operations Report",https://www.eia.gov/electricity/data/eia923/,https://s3.us-west-2.amazonaws.com/pudl.catalyst.coop/stable/out_eia923__yearly_generation_fuel_combined.parquet,https://catalystcoop-pudl.readthedocs.io/en/stable/data_sources/eia923.html,"Net generation at plants assigned to the NYIS or ISNE balancing authority in the annual EIA plant table. This is regional generation, not an individual utility's purchased power mix, and it excludes imports.",2026-08-09
ISO-NE,ISNE,2023,Hydro,8171950.48,7.99945,102156408.773,-8632.0,Derived from reported EIA net generation,"EIA Form 923, Power Plant Operations Report",https://www.eia.gov/electricity/data/eia923/,https://s3.us-west-2.amazonaws.com/pudl.catalyst.coop/stable/out_eia923__yearly_generation_fuel_combined.parquet,https://catalystcoop-pudl.readthedocs.io/en/stable/data_sources/eia923.html,"Net generation at plants assigned to the NYIS or ISNE balancing authority in the annual EIA plant table. This is regional generation, not an individual utility's purchased power mix, and it excludes imports.",2026-08-09
ISO-NE,ISNE,2023,Nuclear,23204239.0,22.714423,102156408.773,-8632.0,Derived from reported EIA net generation,"EIA Form 923, Power Plant Operations Report",https://www.eia.gov/electricity/data/eia923/,https://s3.us-west-2.amazonaws.com/pudl.catalyst.coop/stable/out_eia923__yearly_generation_fuel_combined.parquet,https://catalystcoop-pudl.readthedocs.io/en/stable/data_sources/eia923.html,"Net generation at plants assigned to the NYIS or ISNE balancing authority in the annual EIA plant table. This is regional generation, not an individual utility's purchased power mix, and it excludes imports.",2026-08-09
ISO-NE,ISNE,2023,Oil,389678.112,0.381452,102156408.773,-8632.0,Derived from reported EIA net generation,"EIA Form 923, Power Plant Operations Report",https://www.eia.gov/electricity/data/eia923/,https://s3.us-west-2.amazonaws.com/pudl.catalyst.coop/stable/out_eia923__yearly_generation_fuel_combined.parquet,https://catalystcoop-pudl.readthedocs.io/en/stable/data_sources/eia923.html,"Net generation at plants assigned to the NYIS or ISNE balancing authority in the annual EIA plant table. This is regional generation, not an individual utility's purchased power mix, and it excludes imports.",2026-08-09
ISO-NE,ISNE,2023,Solar,3697605.66,3.619553,102156408.773,-8632.0,Derived from reported EIA net generation,"EIA Form 923, Power Plant Operations Report",https://www.eia.gov/electricity/data/eia923/,https://s3.us-west-2.amazonaws.com/pudl.catalyst.coop/stable/out_eia923__yearly_generation_fuel_combined.parquet,https://catalystcoop-pudl.readthedocs.io/en/stable/data_sources/eia923.html,"Net generation at plants assigned to the NYIS or ISNE balancing authority in the annual EIA plant table. This is regional generation, not an individual utility's purchased power mix, and it excludes imports.",2026-08-09
ISO-NE,ISNE,2023,Waste and biomass,5800201.886,5.677766,102156408.773,-8632.0,Derived from reported EIA net generation,"EIA Form 923, Power Plant Operations Report",https://www.eia.gov/electricity/data/eia923/,https://s3.us-west-2.amazonaws.com/pudl.catalyst.coop/stable/out_eia923__yearly_generation_fuel_combined.parquet,https://catalystcoop-pudl.readthedocs.io/en/stable/data_sources/eia923.html,"Net generation at plants assigned to the NYIS or ISNE balancing authority in the annual EIA plant table. This is regional generation, not an individual utility's purchased power mix, and it excludes imports.",2026-08-09
ISO-NE,ISNE,2023,Wind,3337773.05,3.267316,102156408.773,-8632.0,Derived from reported EIA net generation,"EIA Form 923, Power Plant Operations Report",https://www.eia.gov/electricity/data/eia923/,https://s3.us-west-2.amazonaws.com/pudl.catalyst.coop/stable/out_eia923__yearly_generation_fuel_combined.parquet,https://catalystcoop-pudl.readthedocs.io/en/stable/data_sources/eia923.html,"Net generation at plants assigned to the NYIS or ISNE balancing authority in the annual EIA plant table. This is regional generation, not an individual utility's purchased power mix, and it excludes imports.",2026-08-09
ISO-NE,ISNE,2024,Coal,253850.131,0.233288,108813841.482,-18164.0,Derived from reported EIA net generation,"EIA Form 923, Power Plant Operations Report",https://www.eia.gov/electricity/data/eia923/,https://s3.us-west-2.amazonaws.com/pudl.catalyst.coop/stable/out_eia923__yearly_generation_fuel_combined.parquet,https://catalystcoop-pudl.readthedocs.io/en/stable/data_sources/eia923.html,"Net generation at plants assigned to the NYIS or ISNE balancing authority in the annual EIA plant table. This is regional generation, not an individual utility's purchased power mix, and it excludes imports.",2026-08-09
ISO-NE,ISNE,2024,Natural gas,61726387.47,56.726595,108813841.482,-18164.0,Derived from reported EIA net generation,"EIA Form 923, Power Plant Operations Report",https://www.eia.gov/electricity/data/eia923/,https://s3.us-west-2.amazonaws.com/pudl.catalyst.coop/stable/out_eia923__yearly_generation_fuel_combined.parquet,https://catalystcoop-pudl.readthedocs.io/en/stable/data_sources/eia923.html,"Net generation at plants assigned to the NYIS or ISNE balancing authority in the annual EIA plant table. This is regional generation, not an individual utility's purchased power mix, and it excludes imports.",2026-08-09
ISO-NE,ISNE,2024,Hydro,6234867.4,5.729848,108813841.482,-18164.0,Derived from reported EIA net generation,"EIA Form 923, Power Plant Operations Report",https://www.eia.gov/electricity/data/eia923/,https://s3.us-west-2.amazonaws.com/pudl.catalyst.coop/stable/out_eia923__yearly_generation_fuel_combined.parquet,https://catalystcoop-pudl.readthedocs.io/en/stable/data_sources/eia923.html,"Net generation at plants assigned to the NYIS or ISNE balancing authority in the annual EIA plant table. This is regional generation, not an individual utility's purchased power mix, and it excludes imports.",2026-08-09
ISO-NE,ISNE,2024,Nuclear,26547167.0,24.396866,108813841.482,-18164.0,Derived from reported EIA net generation,"EIA Form 923, Power Plant Operations Report",https://www.eia.gov/electricity/data/eia923/,https://s3.us-west-2.amazonaws.com/pudl.catalyst.coop/stable/out_eia923__yearly_generation_fuel_combined.parquet,https://catalystcoop-pudl.readthedocs.io/en/stable/data_sources/eia923.html,"Net generation at plants assigned to the NYIS or ISNE balancing authority in the annual EIA plant table. This is regional generation, not an individual utility's purchased power mix, and it excludes imports.",2026-08-09
ISO-NE,ISNE,2024,Oil,311793.668,0.286539,108813841.482,-18164.0,Derived from reported EIA net generation,"EIA Form 923, Power Plant Operations Report",https://www.eia.gov/electricity/data/eia923/,https://s3.us-west-2.amazonaws.com/pudl.catalyst.coop/stable/out_eia923__yearly_generation_fuel_combined.parquet,https://catalystcoop-pudl.readthedocs.io/en/stable/data_sources/eia923.html,"Net generation at plants assigned to the NYIS or ISNE balancing authority in the annual EIA plant table. This is regional generation, not an individual utility's purchased power mix, and it excludes imports.",2026-08-09
ISO-NE,ISNE,2024,Solar,4532769.94,4.165619,108813841.482,-18164.0,Derived from reported EIA net generation,"EIA Form 923, Power Plant Operations Report",https://www.eia.gov/electricity/data/eia923/,https://s3.us-west-2.amazonaws.com/pudl.catalyst.coop/stable/out_eia923__yearly_generation_fuel_combined.parquet,https://catalystcoop-pudl.readthedocs.io/en/stable/data_sources/eia923.html,"Net generation at plants assigned to the NYIS or ISNE balancing authority in the annual EIA plant table. This is regional generation, not an individual utility's purchased power mix, and it excludes imports.",2026-08-09
ISO-NE,ISNE,2024,Waste and biomass,5732410.953,5.26809,108813841.482,-18164.0,Derived from reported EIA net generation,"EIA Form 923, Power Plant Operations Report",https://www.eia.gov/electricity/data/eia923/,https://s3.us-west-2.amazonaws.com/pudl.catalyst.coop/stable/out_eia923__yearly_generation_fuel_combined.parquet,https://catalystcoop-pudl.readthedocs.io/en/stable/data_sources/eia923.html,"Net generation at plants assigned to the NYIS or ISNE balancing authority in the annual EIA plant table. This is regional generation, not an individual utility's purchased power mix, and it excludes imports.",2026-08-09
ISO-NE,ISNE,2024,Wind,3474594.92,3.193155,108813841.482,-18164.0,Derived from reported EIA net generation,"EIA Form 923, Power Plant Operations Report",https://www.eia.gov/electricity/data/eia923/,https://s3.us-west-2.amazonaws.com/pudl.catalyst.coop/stable/out_eia923__yearly_generation_fuel_combined.parquet,https://catalystcoop-pudl.readthedocs.io/en/stable/data_sources/eia923.html,"Net generation at plants assigned to the NYIS or ISNE balancing authority in the annual EIA plant table. This is regional generation, not an individual utility's purchased power mix, and it excludes imports.",2026-08-09
