customer_class,year,ownership,coverage_rule,coverage_threshold_pct,published_price_count,included_utility_count,minority_coverage_count,excluded_minority_coverage_count,median_price_cents_kwh,minimum_price_cents_kwh,maximum_price_cents_kwh,included_panel_ids,excluded_panel_ids,status,calculation_note,source_data
residential,2013,MTC,all_published,,9,9,1,0,14.302326,11.675316,17.080882,DOM_RI_RIE;MTC_MA_MECO;MTC_ME_CMP;MTC_NH_LIBERTY;MTC_NY_CENTHUD;MTC_NY_NIMO;MTC_NY_NYSEG;MTC_NY_RGE;MTC_VT_GMP,,Derived,Unweighted median and observed minimum-to-maximum range of EIA-published bundled prices; utilities are grouped by ownership in that year. Minority coverage means less than 50% of customers in the same class are bundled.,data/processed/utility_price_panel_2013_2024.csv
residential,2013,DOM,all_published,,9,9,0,0,18.965452,14.39641,35.070974,DOM_CT_CLP;DOM_MA_FITCHBURG;DOM_MA_NSTAR;DOM_NH_PSNH;DOM_NH_UNITIL;DOM_NY_CECONY;DOM_NY_FISHERS;DOM_NY_ORU;MTC_CT_UI,,Derived,Unweighted median and observed minimum-to-maximum range of EIA-published bundled prices; utilities are grouped by ownership in that year. Minority coverage means less than 50% of customers in the same class are bundled.,data/processed/utility_price_panel_2013_2024.csv
residential,2013,COOP,all_published,,10,10,0,0,13.449055,5.035053,18.726674,COOP_CT_NORWICH;COOP_CT_WALLINGFORD;COOP_MA_CHICOPEE;COOP_MA_PEABODY;COOP_MA_READING;COOP_MA_TAUNTON;COOP_NH_NHEC;COOP_NY_FAIRPORT;COOP_VT_BURLINGTON;COOP_VT_VEC,,Derived,Unweighted median and observed minimum-to-maximum range of EIA-published bundled prices; utilities are grouped by ownership in that year. Minority coverage means less than 50% of customers in the same class are bundled.,data/processed/utility_price_panel_2013_2024.csv
residential,2014,MTC,all_published,,9,9,1,0,17.008075,13.009419,18.782612,DOM_RI_RIE;MTC_MA_MECO;MTC_ME_CMP;MTC_NH_LIBERTY;MTC_NY_CENTHUD;MTC_NY_NIMO;MTC_NY_NYSEG;MTC_NY_RGE;MTC_VT_GMP,,Derived,Unweighted median and observed minimum-to-maximum range of EIA-published bundled prices; utilities are grouped by ownership in that year. Minority coverage means less than 50% of customers in the same class are bundled.,data/processed/utility_price_panel_2013_2024.csv
residential,2014,DOM,all_published,,9,9,0,0,21.289688,16.749486,36.811312,DOM_CT_CLP;DOM_MA_FITCHBURG;DOM_MA_NSTAR;DOM_NH_PSNH;DOM_NH_UNITIL;DOM_NY_CECONY;DOM_NY_FISHERS;DOM_NY_ORU;MTC_CT_UI,,Derived,Unweighted median and observed minimum-to-maximum range of EIA-published bundled prices; utilities are grouped by ownership in that year. Minority coverage means less than 50% of customers in the same class are bundled.,data/processed/utility_price_panel_2013_2024.csv
residential,2014,COOP,all_published,,10,10,0,0,13.548062999999999,5.7143735,19.867917,COOP_CT_NORWICH;COOP_CT_WALLINGFORD;COOP_MA_CHICOPEE;COOP_MA_PEABODY;COOP_MA_READING;COOP_MA_TAUNTON;COOP_NH_NHEC;COOP_NY_FAIRPORT;COOP_VT_BURLINGTON;COOP_VT_VEC,,Derived,Unweighted median and observed minimum-to-maximum range of EIA-published bundled prices; utilities are grouped by ownership in that year. Minority coverage means less than 50% of customers in the same class are bundled.,data/processed/utility_price_panel_2013_2024.csv
residential,2015,MTC,all_published,,10,10,0,0,16.2820295,11.995675,20.498134,DOM_RI_RIE;MTC_MA_MECO;MTC_ME_CMP;MTC_ME_VERSANT;MTC_NH_LIBERTY;MTC_NY_CENTHUD;MTC_NY_NIMO;MTC_NY_NYSEG;MTC_NY_RGE;MTC_VT_GMP,,Derived,Unweighted median and observed minimum-to-maximum range of EIA-published bundled prices; utilities are grouped by ownership in that year. Minority coverage means less than 50% of customers in the same class are bundled.,data/processed/utility_price_panel_2013_2024.csv
residential,2015,DOM,all_published,,9,9,0,0,21.131141,18.386055,39.183863,DOM_CT_CLP;DOM_MA_FITCHBURG;DOM_MA_NSTAR;DOM_NH_PSNH;DOM_NH_UNITIL;DOM_NY_CECONY;DOM_NY_FISHERS;DOM_NY_ORU;MTC_CT_UI,,Derived,Unweighted median and observed minimum-to-maximum range of EIA-published bundled prices; utilities are grouped by ownership in that year. Minority coverage means less than 50% of customers in the same class are bundled.,data/processed/utility_price_panel_2013_2024.csv
residential,2015,COOP,all_published,,10,10,0,0,14.3127455,5.2338537,20.280126,COOP_CT_NORWICH;COOP_CT_WALLINGFORD;COOP_MA_CHICOPEE;COOP_MA_PEABODY;COOP_MA_READING;COOP_MA_TAUNTON;COOP_NH_NHEC;COOP_NY_FAIRPORT;COOP_VT_BURLINGTON;COOP_VT_VEC,,Derived,Unweighted median and observed minimum-to-maximum range of EIA-published bundled prices; utilities are grouped by ownership in that year. Minority coverage means less than 50% of customers in the same class are bundled.,data/processed/utility_price_panel_2013_2024.csv
residential,2016,MTC,all_published,,11,11,0,0,16.592674,11.497309,22.350445,DOM_RI_RIE;MTC_CT_UI;MTC_MA_MECO;MTC_ME_CMP;MTC_ME_VERSANT;MTC_NH_LIBERTY;MTC_NY_CENTHUD;MTC_NY_NIMO;MTC_NY_NYSEG;MTC_NY_RGE;MTC_VT_GMP,,Derived,Unweighted median and observed minimum-to-maximum range of EIA-published bundled prices; utilities are grouped by ownership in that year. Minority coverage means less than 50% of customers in the same class are bundled.,data/processed/utility_price_panel_2013_2024.csv
residential,2016,DOM,all_published,,8,8,0,0,19.8143095,15.51722,33.992285,DOM_CT_CLP;DOM_MA_FITCHBURG;DOM_MA_NSTAR;DOM_NH_PSNH;DOM_NH_UNITIL;DOM_NY_CECONY;DOM_NY_FISHERS;DOM_NY_ORU,,Derived,Unweighted median and observed minimum-to-maximum range of EIA-published bundled prices; utilities are grouped by ownership in that year. Minority coverage means less than 50% of customers in the same class are bundled.,data/processed/utility_price_panel_2013_2024.csv
residential,2016,COOP,all_published,,10,10,0,0,15.200851499999999,5.0590549,19.69577,COOP_CT_NORWICH;COOP_CT_WALLINGFORD;COOP_MA_CHICOPEE;COOP_MA_PEABODY;COOP_MA_READING;COOP_MA_TAUNTON;COOP_NH_NHEC;COOP_NY_FAIRPORT;COOP_VT_BURLINGTON;COOP_VT_VEC,,Derived,Unweighted median and observed minimum-to-maximum range of EIA-published bundled prices; utilities are grouped by ownership in that year. Minority coverage means less than 50% of customers in the same class are bundled.,data/processed/utility_price_panel_2013_2024.csv
residential,2017,MTC,all_published,,11,11,0,0,17.037434,11.930874,23.680113,DOM_RI_RIE;MTC_CT_UI;MTC_MA_MECO;MTC_ME_CMP;MTC_ME_VERSANT;MTC_NH_LIBERTY;MTC_NY_CENTHUD;MTC_NY_NIMO;MTC_NY_NYSEG;MTC_NY_RGE;MTC_VT_GMP,,Derived,Unweighted median and observed minimum-to-maximum range of EIA-published bundled prices; utilities are grouped by ownership in that year. Minority coverage means less than 50% of customers in the same class are bundled.,data/processed/utility_price_panel_2013_2024.csv
residential,2017,DOM,all_published,,8,8,0,0,21.637669000000002,16.477715,40.116561,DOM_CT_CLP;DOM_MA_FITCHBURG;DOM_MA_NSTAR;DOM_NH_PSNH;DOM_NH_UNITIL;DOM_NY_CECONY;DOM_NY_FISHERS;DOM_NY_ORU,,Derived,Unweighted median and observed minimum-to-maximum range of EIA-published bundled prices; utilities are grouped by ownership in that year. Minority coverage means less than 50% of customers in the same class are bundled.,data/processed/utility_price_panel_2013_2024.csv
residential,2017,COOP,all_published,,10,10,0,0,15.310990499999999,5.1889241,20.268311,COOP_CT_NORWICH;COOP_CT_WALLINGFORD;COOP_MA_CHICOPEE;COOP_MA_PEABODY;COOP_MA_READING;COOP_MA_TAUNTON;COOP_NH_NHEC;COOP_NY_FAIRPORT;COOP_VT_BURLINGTON;COOP_VT_VEC,,Derived,Unweighted median and observed minimum-to-maximum range of EIA-published bundled prices; utilities are grouped by ownership in that year. Minority coverage means less than 50% of customers in the same class are bundled.,data/processed/utility_price_panel_2013_2024.csv
residential,2018,MTC,all_published,,11,11,0,0,18.259419,12.52517,25.30952,DOM_RI_RIE;MTC_CT_UI;MTC_MA_MECO;MTC_ME_CMP;MTC_ME_VERSANT;MTC_NH_LIBERTY;MTC_NY_CENTHUD;MTC_NY_NIMO;MTC_NY_NYSEG;MTC_NY_RGE;MTC_VT_GMP,,Derived,Unweighted median and observed minimum-to-maximum range of EIA-published bundled prices; utilities are grouped by ownership in that year. Minority coverage means less than 50% of customers in the same class are bundled.,data/processed/utility_price_panel_2013_2024.csv
residential,2018,DOM,all_published,,8,8,0,0,21.7952695,18.09182,32.539501,DOM_CT_CLP;DOM_MA_FITCHBURG;DOM_MA_NSTAR;DOM_NH_PSNH;DOM_NH_UNITIL;DOM_NY_CECONY;DOM_NY_FISHERS;DOM_NY_ORU,,Derived,Unweighted median and observed minimum-to-maximum range of EIA-published bundled prices; utilities are grouped by ownership in that year. Minority coverage means less than 50% of customers in the same class are bundled.,data/processed/utility_price_panel_2013_2024.csv
residential,2018,COOP,all_published,,10,10,0,0,15.636788,5.743235,20.767377,COOP_CT_NORWICH;COOP_CT_WALLINGFORD;COOP_MA_CHICOPEE;COOP_MA_PEABODY;COOP_MA_READING;COOP_MA_TAUNTON;COOP_NH_NHEC;COOP_NY_FAIRPORT;COOP_VT_BURLINGTON;COOP_VT_VEC,,Derived,Unweighted median and observed minimum-to-maximum range of EIA-published bundled prices; utilities are grouped by ownership in that year. Minority coverage means less than 50% of customers in the same class are bundled.,data/processed/utility_price_panel_2013_2024.csv
residential,2019,MTC,all_published,,11,11,0,0,17.654379,11.386247,25.225585,DOM_RI_RIE;MTC_CT_UI;MTC_MA_MECO;MTC_ME_CMP;MTC_ME_VERSANT;MTC_NH_LIBERTY;MTC_NY_CENTHUD;MTC_NY_NIMO;MTC_NY_NYSEG;MTC_NY_RGE;MTC_VT_GMP,,Derived,Unweighted median and observed minimum-to-maximum range of EIA-published bundled prices; utilities are grouped by ownership in that year. Minority coverage means less than 50% of customers in the same class are bundled.,data/processed/utility_price_panel_2013_2024.csv
residential,2019,DOM,all_published,,8,8,0,0,21.874813500000002,18.700856,31.811765,DOM_CT_CLP;DOM_MA_FITCHBURG;DOM_MA_NSTAR;DOM_NH_PSNH;DOM_NH_UNITIL;DOM_NY_CECONY;DOM_NY_FISHERS;DOM_NY_ORU,,Derived,Unweighted median and observed minimum-to-maximum range of EIA-published bundled prices; utilities are grouped by ownership in that year. Minority coverage means less than 50% of customers in the same class are bundled.,data/processed/utility_price_panel_2013_2024.csv
residential,2019,COOP,all_published,,10,10,0,0,15.298442,5.552841,20.95635,COOP_CT_NORWICH;COOP_CT_WALLINGFORD;COOP_MA_CHICOPEE;COOP_MA_PEABODY;COOP_MA_READING;COOP_MA_TAUNTON;COOP_NH_NHEC;COOP_NY_FAIRPORT;COOP_VT_BURLINGTON;COOP_VT_VEC,,Derived,Unweighted median and observed minimum-to-maximum range of EIA-published bundled prices; utilities are grouped by ownership in that year. Minority coverage means less than 50% of customers in the same class are bundled.,data/processed/utility_price_panel_2013_2024.csv
residential,2020,MTC,all_published,,11,11,0,0,17.464515,11.490268,25.965195,DOM_RI_RIE;MTC_CT_UI;MTC_MA_MECO;MTC_ME_CMP;MTC_ME_VERSANT;MTC_NH_LIBERTY;MTC_NY_CENTHUD;MTC_NY_NIMO;MTC_NY_NYSEG;MTC_NY_RGE;MTC_VT_GMP,,Derived,Unweighted median and observed minimum-to-maximum range of EIA-published bundled prices; utilities are grouped by ownership in that year. Minority coverage means less than 50% of customers in the same class are bundled.,data/processed/utility_price_panel_2013_2024.csv
residential,2020,DOM,all_published,,8,8,1,0,21.9709,18.168184,30.273003,DOM_CT_CLP;DOM_MA_FITCHBURG;DOM_MA_NSTAR;DOM_NH_PSNH;DOM_NH_UNITIL;DOM_NY_CECONY;DOM_NY_FISHERS;DOM_NY_ORU,,Derived,Unweighted median and observed minimum-to-maximum range of EIA-published bundled prices; utilities are grouped by ownership in that year. Minority coverage means less than 50% of customers in the same class are bundled.,data/processed/utility_price_panel_2013_2024.csv
residential,2020,COOP,all_published,,10,10,0,0,15.066479000000001,5.7185078,19.796919,COOP_CT_NORWICH;COOP_CT_WALLINGFORD;COOP_MA_CHICOPEE;COOP_MA_PEABODY;COOP_MA_READING;COOP_MA_TAUNTON;COOP_NH_NHEC;COOP_NY_FAIRPORT;COOP_VT_BURLINGTON;COOP_VT_VEC,,Derived,Unweighted median and observed minimum-to-maximum range of EIA-published bundled prices; utilities are grouped by ownership in that year. Minority coverage means less than 50% of customers in the same class are bundled.,data/processed/utility_price_panel_2013_2024.csv
residential,2021,MTC,all_published,,11,11,0,0,18.321745,12.90823,25.193634,DOM_RI_RIE;MTC_CT_UI;MTC_MA_MECO;MTC_ME_CMP;MTC_ME_VERSANT;MTC_NH_LIBERTY;MTC_NY_CENTHUD;MTC_NY_NIMO;MTC_NY_NYSEG;MTC_NY_RGE;MTC_VT_GMP,,Derived,Unweighted median and observed minimum-to-maximum range of EIA-published bundled prices; utilities are grouped by ownership in that year. Minority coverage means less than 50% of customers in the same class are bundled.,data/processed/utility_price_panel_2013_2024.csv
residential,2021,DOM,all_published,,8,8,1,0,22.775585,18.874656,35.491834,DOM_CT_CLP;DOM_MA_FITCHBURG;DOM_MA_NSTAR;DOM_NH_PSNH;DOM_NH_UNITIL;DOM_NY_CECONY;DOM_NY_FISHERS;DOM_NY_ORU,,Derived,Unweighted median and observed minimum-to-maximum range of EIA-published bundled prices; utilities are grouped by ownership in that year. Minority coverage means less than 50% of customers in the same class are bundled.,data/processed/utility_price_panel_2013_2024.csv
residential,2021,COOP,all_published,,10,10,0,0,15.0035085,6.5543107,20.229589,COOP_CT_NORWICH;COOP_CT_WALLINGFORD;COOP_MA_CHICOPEE;COOP_MA_PEABODY;COOP_MA_READING;COOP_MA_TAUNTON;COOP_NH_NHEC;COOP_NY_FAIRPORT;COOP_VT_BURLINGTON;COOP_VT_VEC,,Derived,Unweighted median and observed minimum-to-maximum range of EIA-published bundled prices; utilities are grouped by ownership in that year. Minority coverage means less than 50% of customers in the same class are bundled.,data/processed/utility_price_panel_2013_2024.csv
residential,2022,MTC,all_published,,10,10,0,0,22.3163015,15.695361,28.533747,MTC_CT_UI;MTC_MA_MECO;MTC_ME_CMP;MTC_ME_VERSANT;MTC_NH_LIBERTY;MTC_NY_CENTHUD;MTC_NY_NIMO;MTC_NY_NYSEG;MTC_NY_RGE;MTC_VT_GMP,,Derived,Unweighted median and observed minimum-to-maximum range of EIA-published bundled prices; utilities are grouped by ownership in that year. Minority coverage means less than 50% of customers in the same class are bundled.,data/processed/utility_price_panel_2013_2024.csv
residential,2022,DOM,all_published,,9,9,1,0,25.984684,22.983676,38.318287,DOM_CT_CLP;DOM_MA_FITCHBURG;DOM_MA_NSTAR;DOM_NH_PSNH;DOM_NH_UNITIL;DOM_NY_CECONY;DOM_NY_FISHERS;DOM_NY_ORU;DOM_RI_RIE,,Derived,Unweighted median and observed minimum-to-maximum range of EIA-published bundled prices; utilities are grouped by ownership in that year. Minority coverage means less than 50% of customers in the same class are bundled.,data/processed/utility_price_panel_2013_2024.csv
residential,2022,COOP,all_published,,10,10,0,0,17.0723835,5.9302124,25.61893,COOP_CT_NORWICH;COOP_CT_WALLINGFORD;COOP_MA_CHICOPEE;COOP_MA_PEABODY;COOP_MA_READING;COOP_MA_TAUNTON;COOP_NH_NHEC;COOP_NY_FAIRPORT;COOP_VT_BURLINGTON;COOP_VT_VEC,,Derived,Unweighted median and observed minimum-to-maximum range of EIA-published bundled prices; utilities are grouped by ownership in that year. Minority coverage means less than 50% of customers in the same class are bundled.,data/processed/utility_price_panel_2013_2024.csv
residential,2023,MTC,all_published,,10,10,1,0,26.288832999999997,15.529676,36.718551,MTC_CT_UI;MTC_MA_MECO;MTC_ME_CMP;MTC_ME_VERSANT;MTC_NH_LIBERTY;MTC_NY_CENTHUD;MTC_NY_NIMO;MTC_NY_NYSEG;MTC_NY_RGE;MTC_VT_GMP,,Derived,Unweighted median and observed minimum-to-maximum range of EIA-published bundled prices; utilities are grouped by ownership in that year. Minority coverage means less than 50% of customers in the same class are bundled.,data/processed/utility_price_panel_2013_2024.csv
residential,2023,DOM,all_published,,9,9,2,0,31.580885,23.465302,39.964437,DOM_CT_CLP;DOM_MA_FITCHBURG;DOM_MA_NSTAR;DOM_NH_PSNH;DOM_NH_UNITIL;DOM_NY_CECONY;DOM_NY_FISHERS;DOM_NY_ORU;DOM_RI_RIE,,Derived,Unweighted median and observed minimum-to-maximum range of EIA-published bundled prices; utilities are grouped by ownership in that year. Minority coverage means less than 50% of customers in the same class are bundled.,data/processed/utility_price_panel_2013_2024.csv
residential,2023,COOP,all_published,,10,10,0,0,17.3883485,5.5306821,26.608294,COOP_CT_NORWICH;COOP_CT_WALLINGFORD;COOP_MA_CHICOPEE;COOP_MA_PEABODY;COOP_MA_READING;COOP_MA_TAUNTON;COOP_NH_NHEC;COOP_NY_FAIRPORT;COOP_VT_BURLINGTON;COOP_VT_VEC,,Derived,Unweighted median and observed minimum-to-maximum range of EIA-published bundled prices; utilities are grouped by ownership in that year. Minority coverage means less than 50% of customers in the same class are bundled.,data/processed/utility_price_panel_2013_2024.csv
residential,2024,MTC,all_published,,10,10,1,0,23.150955,17.222104,34.042707,MTC_CT_UI;MTC_MA_MECO;MTC_ME_CMP;MTC_ME_VERSANT;MTC_NH_LIBERTY;MTC_NY_CENTHUD;MTC_NY_NIMO;MTC_NY_NYSEG;MTC_NY_RGE;MTC_VT_GMP,,Derived,Unweighted median and observed minimum-to-maximum range of EIA-published bundled prices; utilities are grouped by ownership in that year. Minority coverage means less than 50% of customers in the same class are bundled.,data/processed/utility_price_panel_2013_2024.csv
residential,2024,DOM,all_published,,10,10,2,0,28.3850455,15.136878,40.080489,DOM_CT_CLP;DOM_MA_FITCHBURG;DOM_MA_NSTAR;DOM_NH_PSNH;DOM_NH_UNITIL;DOM_NY_CECONY;DOM_NY_FIRSTENERGY;DOM_NY_FISHERS;DOM_NY_ORU;DOM_RI_RIE,,Derived,Unweighted median and observed minimum-to-maximum range of EIA-published bundled prices; utilities are grouped by ownership in that year. Minority coverage means less than 50% of customers in the same class are bundled.,data/processed/utility_price_panel_2013_2024.csv
residential,2024,COOP,all_published,,10,10,0,0,17.5244515,6.6904341,23.833295,COOP_CT_NORWICH;COOP_CT_WALLINGFORD;COOP_MA_CHICOPEE;COOP_MA_PEABODY;COOP_MA_READING;COOP_MA_TAUNTON;COOP_NH_NHEC;COOP_NY_FAIRPORT;COOP_VT_BURLINGTON;COOP_VT_VEC,,Derived,Unweighted median and observed minimum-to-maximum range of EIA-published bundled prices; utilities are grouped by ownership in that year. Minority coverage means less than 50% of customers in the same class are bundled.,data/processed/utility_price_panel_2013_2024.csv
residential,2013,MTC,majority_coverage,50.0,9,8,1,1,14.649129,11.675316,17.080882,DOM_RI_RIE;MTC_MA_MECO;MTC_NH_LIBERTY;MTC_NY_CENTHUD;MTC_NY_NIMO;MTC_NY_NYSEG;MTC_NY_RGE;MTC_VT_GMP,MTC_ME_CMP,Derived,Unweighted median and observed minimum-to-maximum range of EIA-published bundled prices; utilities are grouped by ownership in that year. Minority coverage means less than 50% of customers in the same class are bundled.,data/processed/utility_price_panel_2013_2024.csv
residential,2013,DOM,majority_coverage,50.0,9,9,0,0,18.965452,14.39641,35.070974,DOM_CT_CLP;DOM_MA_FITCHBURG;DOM_MA_NSTAR;DOM_NH_PSNH;DOM_NH_UNITIL;DOM_NY_CECONY;DOM_NY_FISHERS;DOM_NY_ORU;MTC_CT_UI,,Derived,Unweighted median and observed minimum-to-maximum range of EIA-published bundled prices; utilities are grouped by ownership in that year. Minority coverage means less than 50% of customers in the same class are bundled.,data/processed/utility_price_panel_2013_2024.csv
residential,2013,COOP,majority_coverage,50.0,10,10,0,0,13.449055,5.035053,18.726674,COOP_CT_NORWICH;COOP_CT_WALLINGFORD;COOP_MA_CHICOPEE;COOP_MA_PEABODY;COOP_MA_READING;COOP_MA_TAUNTON;COOP_NH_NHEC;COOP_NY_FAIRPORT;COOP_VT_BURLINGTON;COOP_VT_VEC,,Derived,Unweighted median and observed minimum-to-maximum range of EIA-published bundled prices; utilities are grouped by ownership in that year. Minority coverage means less than 50% of customers in the same class are bundled.,data/processed/utility_price_panel_2013_2024.csv
residential,2014,MTC,majority_coverage,50.0,9,8,1,1,17.0356895,13.009419,18.782612,DOM_RI_RIE;MTC_MA_MECO;MTC_NH_LIBERTY;MTC_NY_CENTHUD;MTC_NY_NIMO;MTC_NY_NYSEG;MTC_NY_RGE;MTC_VT_GMP,MTC_ME_CMP,Derived,Unweighted median and observed minimum-to-maximum range of EIA-published bundled prices; utilities are grouped by ownership in that year. Minority coverage means less than 50% of customers in the same class are bundled.,data/processed/utility_price_panel_2013_2024.csv
residential,2014,DOM,majority_coverage,50.0,9,9,0,0,21.289688,16.749486,36.811312,DOM_CT_CLP;DOM_MA_FITCHBURG;DOM_MA_NSTAR;DOM_NH_PSNH;DOM_NH_UNITIL;DOM_NY_CECONY;DOM_NY_FISHERS;DOM_NY_ORU;MTC_CT_UI,,Derived,Unweighted median and observed minimum-to-maximum range of EIA-published bundled prices; utilities are grouped by ownership in that year. Minority coverage means less than 50% of customers in the same class are bundled.,data/processed/utility_price_panel_2013_2024.csv
residential,2014,COOP,majority_coverage,50.0,10,10,0,0,13.548062999999999,5.7143735,19.867917,COOP_CT_NORWICH;COOP_CT_WALLINGFORD;COOP_MA_CHICOPEE;COOP_MA_PEABODY;COOP_MA_READING;COOP_MA_TAUNTON;COOP_NH_NHEC;COOP_NY_FAIRPORT;COOP_VT_BURLINGTON;COOP_VT_VEC,,Derived,Unweighted median and observed minimum-to-maximum range of EIA-published bundled prices; utilities are grouped by ownership in that year. Minority coverage means less than 50% of customers in the same class are bundled.,data/processed/utility_price_panel_2013_2024.csv
residential,2015,MTC,majority_coverage,50.0,10,10,0,0,16.2820295,11.995675,20.498134,DOM_RI_RIE;MTC_MA_MECO;MTC_ME_CMP;MTC_ME_VERSANT;MTC_NH_LIBERTY;MTC_NY_CENTHUD;MTC_NY_NIMO;MTC_NY_NYSEG;MTC_NY_RGE;MTC_VT_GMP,,Derived,Unweighted median and observed minimum-to-maximum range of EIA-published bundled prices; utilities are grouped by ownership in that year. Minority coverage means less than 50% of customers in the same class are bundled.,data/processed/utility_price_panel_2013_2024.csv
residential,2015,DOM,majority_coverage,50.0,9,9,0,0,21.131141,18.386055,39.183863,DOM_CT_CLP;DOM_MA_FITCHBURG;DOM_MA_NSTAR;DOM_NH_PSNH;DOM_NH_UNITIL;DOM_NY_CECONY;DOM_NY_FISHERS;DOM_NY_ORU;MTC_CT_UI,,Derived,Unweighted median and observed minimum-to-maximum range of EIA-published bundled prices; utilities are grouped by ownership in that year. Minority coverage means less than 50% of customers in the same class are bundled.,data/processed/utility_price_panel_2013_2024.csv
residential,2015,COOP,majority_coverage,50.0,10,10,0,0,14.3127455,5.2338537,20.280126,COOP_CT_NORWICH;COOP_CT_WALLINGFORD;COOP_MA_CHICOPEE;COOP_MA_PEABODY;COOP_MA_READING;COOP_MA_TAUNTON;COOP_NH_NHEC;COOP_NY_FAIRPORT;COOP_VT_BURLINGTON;COOP_VT_VEC,,Derived,Unweighted median and observed minimum-to-maximum range of EIA-published bundled prices; utilities are grouped by ownership in that year. Minority coverage means less than 50% of customers in the same class are bundled.,data/processed/utility_price_panel_2013_2024.csv
residential,2016,MTC,majority_coverage,50.0,11,11,0,0,16.592674,11.497309,22.350445,DOM_RI_RIE;MTC_CT_UI;MTC_MA_MECO;MTC_ME_CMP;MTC_ME_VERSANT;MTC_NH_LIBERTY;MTC_NY_CENTHUD;MTC_NY_NIMO;MTC_NY_NYSEG;MTC_NY_RGE;MTC_VT_GMP,,Derived,Unweighted median and observed minimum-to-maximum range of EIA-published bundled prices; utilities are grouped by ownership in that year. Minority coverage means less than 50% of customers in the same class are bundled.,data/processed/utility_price_panel_2013_2024.csv
residential,2016,DOM,majority_coverage,50.0,8,8,0,0,19.8143095,15.51722,33.992285,DOM_CT_CLP;DOM_MA_FITCHBURG;DOM_MA_NSTAR;DOM_NH_PSNH;DOM_NH_UNITIL;DOM_NY_CECONY;DOM_NY_FISHERS;DOM_NY_ORU,,Derived,Unweighted median and observed minimum-to-maximum range of EIA-published bundled prices; utilities are grouped by ownership in that year. Minority coverage means less than 50% of customers in the same class are bundled.,data/processed/utility_price_panel_2013_2024.csv
residential,2016,COOP,majority_coverage,50.0,10,10,0,0,15.200851499999999,5.0590549,19.69577,COOP_CT_NORWICH;COOP_CT_WALLINGFORD;COOP_MA_CHICOPEE;COOP_MA_PEABODY;COOP_MA_READING;COOP_MA_TAUNTON;COOP_NH_NHEC;COOP_NY_FAIRPORT;COOP_VT_BURLINGTON;COOP_VT_VEC,,Derived,Unweighted median and observed minimum-to-maximum range of EIA-published bundled prices; utilities are grouped by ownership in that year. Minority coverage means less than 50% of customers in the same class are bundled.,data/processed/utility_price_panel_2013_2024.csv
residential,2017,MTC,majority_coverage,50.0,11,11,0,0,17.037434,11.930874,23.680113,DOM_RI_RIE;MTC_CT_UI;MTC_MA_MECO;MTC_ME_CMP;MTC_ME_VERSANT;MTC_NH_LIBERTY;MTC_NY_CENTHUD;MTC_NY_NIMO;MTC_NY_NYSEG;MTC_NY_RGE;MTC_VT_GMP,,Derived,Unweighted median and observed minimum-to-maximum range of EIA-published bundled prices; utilities are grouped by ownership in that year. Minority coverage means less than 50% of customers in the same class are bundled.,data/processed/utility_price_panel_2013_2024.csv
residential,2017,DOM,majority_coverage,50.0,8,8,0,0,21.637669000000002,16.477715,40.116561,DOM_CT_CLP;DOM_MA_FITCHBURG;DOM_MA_NSTAR;DOM_NH_PSNH;DOM_NH_UNITIL;DOM_NY_CECONY;DOM_NY_FISHERS;DOM_NY_ORU,,Derived,Unweighted median and observed minimum-to-maximum range of EIA-published bundled prices; utilities are grouped by ownership in that year. Minority coverage means less than 50% of customers in the same class are bundled.,data/processed/utility_price_panel_2013_2024.csv
residential,2017,COOP,majority_coverage,50.0,10,10,0,0,15.310990499999999,5.1889241,20.268311,COOP_CT_NORWICH;COOP_CT_WALLINGFORD;COOP_MA_CHICOPEE;COOP_MA_PEABODY;COOP_MA_READING;COOP_MA_TAUNTON;COOP_NH_NHEC;COOP_NY_FAIRPORT;COOP_VT_BURLINGTON;COOP_VT_VEC,,Derived,Unweighted median and observed minimum-to-maximum range of EIA-published bundled prices; utilities are grouped by ownership in that year. Minority coverage means less than 50% of customers in the same class are bundled.,data/processed/utility_price_panel_2013_2024.csv
residential,2018,MTC,majority_coverage,50.0,11,11,0,0,18.259419,12.52517,25.30952,DOM_RI_RIE;MTC_CT_UI;MTC_MA_MECO;MTC_ME_CMP;MTC_ME_VERSANT;MTC_NH_LIBERTY;MTC_NY_CENTHUD;MTC_NY_NIMO;MTC_NY_NYSEG;MTC_NY_RGE;MTC_VT_GMP,,Derived,Unweighted median and observed minimum-to-maximum range of EIA-published bundled prices; utilities are grouped by ownership in that year. Minority coverage means less than 50% of customers in the same class are bundled.,data/processed/utility_price_panel_2013_2024.csv
residential,2018,DOM,majority_coverage,50.0,8,8,0,0,21.7952695,18.09182,32.539501,DOM_CT_CLP;DOM_MA_FITCHBURG;DOM_MA_NSTAR;DOM_NH_PSNH;DOM_NH_UNITIL;DOM_NY_CECONY;DOM_NY_FISHERS;DOM_NY_ORU,,Derived,Unweighted median and observed minimum-to-maximum range of EIA-published bundled prices; utilities are grouped by ownership in that year. Minority coverage means less than 50% of customers in the same class are bundled.,data/processed/utility_price_panel_2013_2024.csv
residential,2018,COOP,majority_coverage,50.0,10,10,0,0,15.636788,5.743235,20.767377,COOP_CT_NORWICH;COOP_CT_WALLINGFORD;COOP_MA_CHICOPEE;COOP_MA_PEABODY;COOP_MA_READING;COOP_MA_TAUNTON;COOP_NH_NHEC;COOP_NY_FAIRPORT;COOP_VT_BURLINGTON;COOP_VT_VEC,,Derived,Unweighted median and observed minimum-to-maximum range of EIA-published bundled prices; utilities are grouped by ownership in that year. Minority coverage means less than 50% of customers in the same class are bundled.,data/processed/utility_price_panel_2013_2024.csv
residential,2019,MTC,majority_coverage,50.0,11,11,0,0,17.654379,11.386247,25.225585,DOM_RI_RIE;MTC_CT_UI;MTC_MA_MECO;MTC_ME_CMP;MTC_ME_VERSANT;MTC_NH_LIBERTY;MTC_NY_CENTHUD;MTC_NY_NIMO;MTC_NY_NYSEG;MTC_NY_RGE;MTC_VT_GMP,,Derived,Unweighted median and observed minimum-to-maximum range of EIA-published bundled prices; utilities are grouped by ownership in that year. Minority coverage means less than 50% of customers in the same class are bundled.,data/processed/utility_price_panel_2013_2024.csv
residential,2019,DOM,majority_coverage,50.0,8,8,0,0,21.874813500000002,18.700856,31.811765,DOM_CT_CLP;DOM_MA_FITCHBURG;DOM_MA_NSTAR;DOM_NH_PSNH;DOM_NH_UNITIL;DOM_NY_CECONY;DOM_NY_FISHERS;DOM_NY_ORU,,Derived,Unweighted median and observed minimum-to-maximum range of EIA-published bundled prices; utilities are grouped by ownership in that year. Minority coverage means less than 50% of customers in the same class are bundled.,data/processed/utility_price_panel_2013_2024.csv
residential,2019,COOP,majority_coverage,50.0,10,10,0,0,15.298442,5.552841,20.95635,COOP_CT_NORWICH;COOP_CT_WALLINGFORD;COOP_MA_CHICOPEE;COOP_MA_PEABODY;COOP_MA_READING;COOP_MA_TAUNTON;COOP_NH_NHEC;COOP_NY_FAIRPORT;COOP_VT_BURLINGTON;COOP_VT_VEC,,Derived,Unweighted median and observed minimum-to-maximum range of EIA-published bundled prices; utilities are grouped by ownership in that year. Minority coverage means less than 50% of customers in the same class are bundled.,data/processed/utility_price_panel_2013_2024.csv
residential,2020,MTC,majority_coverage,50.0,11,11,0,0,17.464515,11.490268,25.965195,DOM_RI_RIE;MTC_CT_UI;MTC_MA_MECO;MTC_ME_CMP;MTC_ME_VERSANT;MTC_NH_LIBERTY;MTC_NY_CENTHUD;MTC_NY_NIMO;MTC_NY_NYSEG;MTC_NY_RGE;MTC_VT_GMP,,Derived,Unweighted median and observed minimum-to-maximum range of EIA-published bundled prices; utilities are grouped by ownership in that year. Minority coverage means less than 50% of customers in the same class are bundled.,data/processed/utility_price_panel_2013_2024.csv
residential,2020,DOM,majority_coverage,50.0,8,7,1,1,21.552107,18.168184,30.273003,DOM_CT_CLP;DOM_MA_FITCHBURG;DOM_NH_PSNH;DOM_NH_UNITIL;DOM_NY_CECONY;DOM_NY_FISHERS;DOM_NY_ORU,DOM_MA_NSTAR,Derived,Unweighted median and observed minimum-to-maximum range of EIA-published bundled prices; utilities are grouped by ownership in that year. Minority coverage means less than 50% of customers in the same class are bundled.,data/processed/utility_price_panel_2013_2024.csv
residential,2020,COOP,majority_coverage,50.0,10,10,0,0,15.066479000000001,5.7185078,19.796919,COOP_CT_NORWICH;COOP_CT_WALLINGFORD;COOP_MA_CHICOPEE;COOP_MA_PEABODY;COOP_MA_READING;COOP_MA_TAUNTON;COOP_NH_NHEC;COOP_NY_FAIRPORT;COOP_VT_BURLINGTON;COOP_VT_VEC,,Derived,Unweighted median and observed minimum-to-maximum range of EIA-published bundled prices; utilities are grouped by ownership in that year. Minority coverage means less than 50% of customers in the same class are bundled.,data/processed/utility_price_panel_2013_2024.csv
residential,2021,MTC,majority_coverage,50.0,11,11,0,0,18.321745,12.90823,25.193634,DOM_RI_RIE;MTC_CT_UI;MTC_MA_MECO;MTC_ME_CMP;MTC_ME_VERSANT;MTC_NH_LIBERTY;MTC_NY_CENTHUD;MTC_NY_NIMO;MTC_NY_NYSEG;MTC_NY_RGE;MTC_VT_GMP,,Derived,Unweighted median and observed minimum-to-maximum range of EIA-published bundled prices; utilities are grouped by ownership in that year. Minority coverage means less than 50% of customers in the same class are bundled.,data/processed/utility_price_panel_2013_2024.csv
residential,2021,DOM,majority_coverage,50.0,8,7,1,1,21.297124,18.874656,35.491834,DOM_CT_CLP;DOM_MA_FITCHBURG;DOM_NH_PSNH;DOM_NH_UNITIL;DOM_NY_CECONY;DOM_NY_FISHERS;DOM_NY_ORU,DOM_MA_NSTAR,Derived,Unweighted median and observed minimum-to-maximum range of EIA-published bundled prices; utilities are grouped by ownership in that year. Minority coverage means less than 50% of customers in the same class are bundled.,data/processed/utility_price_panel_2013_2024.csv
residential,2021,COOP,majority_coverage,50.0,10,10,0,0,15.0035085,6.5543107,20.229589,COOP_CT_NORWICH;COOP_CT_WALLINGFORD;COOP_MA_CHICOPEE;COOP_MA_PEABODY;COOP_MA_READING;COOP_MA_TAUNTON;COOP_NH_NHEC;COOP_NY_FAIRPORT;COOP_VT_BURLINGTON;COOP_VT_VEC,,Derived,Unweighted median and observed minimum-to-maximum range of EIA-published bundled prices; utilities are grouped by ownership in that year. Minority coverage means less than 50% of customers in the same class are bundled.,data/processed/utility_price_panel_2013_2024.csv
residential,2022,MTC,majority_coverage,50.0,10,10,0,0,22.3163015,15.695361,28.533747,MTC_CT_UI;MTC_MA_MECO;MTC_ME_CMP;MTC_ME_VERSANT;MTC_NH_LIBERTY;MTC_NY_CENTHUD;MTC_NY_NIMO;MTC_NY_NYSEG;MTC_NY_RGE;MTC_VT_GMP,,Derived,Unweighted median and observed minimum-to-maximum range of EIA-published bundled prices; utilities are grouped by ownership in that year. Minority coverage means less than 50% of customers in the same class are bundled.,data/processed/utility_price_panel_2013_2024.csv
residential,2022,DOM,majority_coverage,50.0,9,8,1,1,25.7298465,22.983676,38.318287,DOM_CT_CLP;DOM_MA_FITCHBURG;DOM_NH_PSNH;DOM_NH_UNITIL;DOM_NY_CECONY;DOM_NY_FISHERS;DOM_NY_ORU;DOM_RI_RIE,DOM_MA_NSTAR,Derived,Unweighted median and observed minimum-to-maximum range of EIA-published bundled prices; utilities are grouped by ownership in that year. Minority coverage means less than 50% of customers in the same class are bundled.,data/processed/utility_price_panel_2013_2024.csv
residential,2022,COOP,majority_coverage,50.0,10,10,0,0,17.0723835,5.9302124,25.61893,COOP_CT_NORWICH;COOP_CT_WALLINGFORD;COOP_MA_CHICOPEE;COOP_MA_PEABODY;COOP_MA_READING;COOP_MA_TAUNTON;COOP_NH_NHEC;COOP_NY_FAIRPORT;COOP_VT_BURLINGTON;COOP_VT_VEC,,Derived,Unweighted median and observed minimum-to-maximum range of EIA-published bundled prices; utilities are grouped by ownership in that year. Minority coverage means less than 50% of customers in the same class are bundled.,data/processed/utility_price_panel_2013_2024.csv
residential,2023,MTC,majority_coverage,50.0,10,9,1,1,25.12523,15.529676,33.156904,MTC_CT_UI;MTC_ME_CMP;MTC_ME_VERSANT;MTC_NH_LIBERTY;MTC_NY_CENTHUD;MTC_NY_NIMO;MTC_NY_NYSEG;MTC_NY_RGE;MTC_VT_GMP,MTC_MA_MECO,Derived,Unweighted median and observed minimum-to-maximum range of EIA-published bundled prices; utilities are grouped by ownership in that year. Minority coverage means less than 50% of customers in the same class are bundled.,data/processed/utility_price_panel_2013_2024.csv
residential,2023,DOM,majority_coverage,50.0,9,7,2,2,31.580885,23.465302,39.964437,DOM_CT_CLP;DOM_NH_PSNH;DOM_NH_UNITIL;DOM_NY_CECONY;DOM_NY_FISHERS;DOM_NY_ORU;DOM_RI_RIE,DOM_MA_FITCHBURG;DOM_MA_NSTAR,Derived,Unweighted median and observed minimum-to-maximum range of EIA-published bundled prices; utilities are grouped by ownership in that year. Minority coverage means less than 50% of customers in the same class are bundled.,data/processed/utility_price_panel_2013_2024.csv
residential,2023,COOP,majority_coverage,50.0,10,10,0,0,17.3883485,5.5306821,26.608294,COOP_CT_NORWICH;COOP_CT_WALLINGFORD;COOP_MA_CHICOPEE;COOP_MA_PEABODY;COOP_MA_READING;COOP_MA_TAUNTON;COOP_NH_NHEC;COOP_NY_FAIRPORT;COOP_VT_BURLINGTON;COOP_VT_VEC,,Derived,Unweighted median and observed minimum-to-maximum range of EIA-published bundled prices; utilities are grouped by ownership in that year. Minority coverage means less than 50% of customers in the same class are bundled.,data/processed/utility_price_panel_2013_2024.csv
residential,2024,MTC,majority_coverage,50.0,10,9,1,1,22.867179,17.222104,34.042707,MTC_CT_UI;MTC_ME_CMP;MTC_ME_VERSANT;MTC_NH_LIBERTY;MTC_NY_CENTHUD;MTC_NY_NIMO;MTC_NY_NYSEG;MTC_NY_RGE;MTC_VT_GMP,MTC_MA_MECO,Derived,Unweighted median and observed minimum-to-maximum range of EIA-published bundled prices; utilities are grouped by ownership in that year. Minority coverage means less than 50% of customers in the same class are bundled.,data/processed/utility_price_panel_2013_2024.csv
residential,2024,DOM,majority_coverage,50.0,10,8,2,2,25.795212,15.136878,38.168593,DOM_CT_CLP;DOM_NH_PSNH;DOM_NH_UNITIL;DOM_NY_CECONY;DOM_NY_FIRSTENERGY;DOM_NY_FISHERS;DOM_NY_ORU;DOM_RI_RIE,DOM_MA_FITCHBURG;DOM_MA_NSTAR,Derived,Unweighted median and observed minimum-to-maximum range of EIA-published bundled prices; utilities are grouped by ownership in that year. Minority coverage means less than 50% of customers in the same class are bundled.,data/processed/utility_price_panel_2013_2024.csv
residential,2024,COOP,majority_coverage,50.0,10,10,0,0,17.5244515,6.6904341,23.833295,COOP_CT_NORWICH;COOP_CT_WALLINGFORD;COOP_MA_CHICOPEE;COOP_MA_PEABODY;COOP_MA_READING;COOP_MA_TAUNTON;COOP_NH_NHEC;COOP_NY_FAIRPORT;COOP_VT_BURLINGTON;COOP_VT_VEC,,Derived,Unweighted median and observed minimum-to-maximum range of EIA-published bundled prices; utilities are grouped by ownership in that year. Minority coverage means less than 50% of customers in the same class are bundled.,data/processed/utility_price_panel_2013_2024.csv
commercial,2013,MTC,all_published,,9,9,1,0,13.039684,11.048035,14.499857,DOM_RI_RIE;MTC_MA_MECO;MTC_ME_CMP;MTC_NH_LIBERTY;MTC_NY_CENTHUD;MTC_NY_NIMO;MTC_NY_NYSEG;MTC_NY_RGE;MTC_VT_GMP,,Derived,Unweighted median and observed minimum-to-maximum range of EIA-published bundled prices; utilities are grouped by ownership in that year. Minority coverage means less than 50% of customers in the same class are bundled.,data/processed/utility_price_panel_2013_2024.csv
commercial,2013,DOM,all_published,,9,9,2,0,16.634499,13.988723,26.428159,DOM_CT_CLP;DOM_MA_FITCHBURG;DOM_MA_NSTAR;DOM_NH_PSNH;DOM_NH_UNITIL;DOM_NY_CECONY;DOM_NY_FISHERS;DOM_NY_ORU;MTC_CT_UI,,Derived,Unweighted median and observed minimum-to-maximum range of EIA-published bundled prices; utilities are grouped by ownership in that year. Minority coverage means less than 50% of customers in the same class are bundled.,data/processed/utility_price_panel_2013_2024.csv
commercial,2013,COOP,all_published,,10,10,0,0,13.8844295,5.729769,16.018693,COOP_CT_NORWICH;COOP_CT_WALLINGFORD;COOP_MA_CHICOPEE;COOP_MA_PEABODY;COOP_MA_READING;COOP_MA_TAUNTON;COOP_NH_NHEC;COOP_NY_FAIRPORT;COOP_VT_BURLINGTON;COOP_VT_VEC,,Derived,Unweighted median and observed minimum-to-maximum range of EIA-published bundled prices; utilities are grouped by ownership in that year. Minority coverage means less than 50% of customers in the same class are bundled.,data/processed/utility_price_panel_2013_2024.csv
commercial,2014,MTC,all_published,,9,9,1,0,14.409449,12.161017,15.531153,DOM_RI_RIE;MTC_MA_MECO;MTC_ME_CMP;MTC_NH_LIBERTY;MTC_NY_CENTHUD;MTC_NY_NIMO;MTC_NY_NYSEG;MTC_NY_RGE;MTC_VT_GMP,,Derived,Unweighted median and observed minimum-to-maximum range of EIA-published bundled prices; utilities are grouped by ownership in that year. Minority coverage means less than 50% of customers in the same class are bundled.,data/processed/utility_price_panel_2013_2024.csv
commercial,2014,DOM,all_published,,9,9,1,0,17.356313,15.900737,26.994536,DOM_CT_CLP;DOM_MA_FITCHBURG;DOM_MA_NSTAR;DOM_NH_PSNH;DOM_NH_UNITIL;DOM_NY_CECONY;DOM_NY_FISHERS;DOM_NY_ORU;MTC_CT_UI,,Derived,Unweighted median and observed minimum-to-maximum range of EIA-published bundled prices; utilities are grouped by ownership in that year. Minority coverage means less than 50% of customers in the same class are bundled.,data/processed/utility_price_panel_2013_2024.csv
commercial,2014,COOP,all_published,,10,10,0,0,14.302168,6.0871902,19.220414,COOP_CT_NORWICH;COOP_CT_WALLINGFORD;COOP_MA_CHICOPEE;COOP_MA_PEABODY;COOP_MA_READING;COOP_MA_TAUNTON;COOP_NH_NHEC;COOP_NY_FAIRPORT;COOP_VT_BURLINGTON;COOP_VT_VEC,,Derived,Unweighted median and observed minimum-to-maximum range of EIA-published bundled prices; utilities are grouped by ownership in that year. Minority coverage means less than 50% of customers in the same class are bundled.,data/processed/utility_price_panel_2013_2024.csv
commercial,2015,MTC,all_published,,10,10,0,0,13.4905835,10.892874,17.661036,DOM_RI_RIE;MTC_MA_MECO;MTC_ME_CMP;MTC_ME_VERSANT;MTC_NH_LIBERTY;MTC_NY_CENTHUD;MTC_NY_NIMO;MTC_NY_NYSEG;MTC_NY_RGE;MTC_VT_GMP,,Derived,Unweighted median and observed minimum-to-maximum range of EIA-published bundled prices; utilities are grouped by ownership in that year. Minority coverage means less than 50% of customers in the same class are bundled.,data/processed/utility_price_panel_2013_2024.csv
commercial,2015,DOM,all_published,,9,9,1,0,19.032406,15.287144,27.690518,DOM_CT_CLP;DOM_MA_FITCHBURG;DOM_MA_NSTAR;DOM_NH_PSNH;DOM_NH_UNITIL;DOM_NY_CECONY;DOM_NY_FISHERS;DOM_NY_ORU;MTC_CT_UI,,Derived,Unweighted median and observed minimum-to-maximum range of EIA-published bundled prices; utilities are grouped by ownership in that year. Minority coverage means less than 50% of customers in the same class are bundled.,data/processed/utility_price_panel_2013_2024.csv
commercial,2015,COOP,all_published,,10,10,0,0,14.296190500000002,6.0655471,18.218399,COOP_CT_NORWICH;COOP_CT_WALLINGFORD;COOP_MA_CHICOPEE;COOP_MA_PEABODY;COOP_MA_READING;COOP_MA_TAUNTON;COOP_NH_NHEC;COOP_NY_FAIRPORT;COOP_VT_BURLINGTON;COOP_VT_VEC,,Derived,Unweighted median and observed minimum-to-maximum range of EIA-published bundled prices; utilities are grouped by ownership in that year. Minority coverage means less than 50% of customers in the same class are bundled.,data/processed/utility_price_panel_2013_2024.csv
commercial,2016,MTC,all_published,,11,11,2,0,12.67255,9.4945287,16.64129,DOM_RI_RIE;MTC_CT_UI;MTC_MA_MECO;MTC_ME_CMP;MTC_ME_VERSANT;MTC_NH_LIBERTY;MTC_NY_CENTHUD;MTC_NY_NIMO;MTC_NY_NYSEG;MTC_NY_RGE;MTC_VT_GMP,,Derived,Unweighted median and observed minimum-to-maximum range of EIA-published bundled prices; utilities are grouped by ownership in that year. Minority coverage means less than 50% of customers in the same class are bundled.,data/processed/utility_price_panel_2013_2024.csv
commercial,2016,DOM,all_published,,8,8,0,0,18.367738,13.401811,25.244957,DOM_CT_CLP;DOM_MA_FITCHBURG;DOM_MA_NSTAR;DOM_NH_PSNH;DOM_NH_UNITIL;DOM_NY_CECONY;DOM_NY_FISHERS;DOM_NY_ORU,,Derived,Unweighted median and observed minimum-to-maximum range of EIA-published bundled prices; utilities are grouped by ownership in that year. Minority coverage means less than 50% of customers in the same class are bundled.,data/processed/utility_price_panel_2013_2024.csv
commercial,2016,COOP,all_published,,10,10,0,0,14.799835999999999,5.7874749,17.390509,COOP_CT_NORWICH;COOP_CT_WALLINGFORD;COOP_MA_CHICOPEE;COOP_MA_PEABODY;COOP_MA_READING;COOP_MA_TAUNTON;COOP_NH_NHEC;COOP_NY_FAIRPORT;COOP_VT_BURLINGTON;COOP_VT_VEC,,Derived,Unweighted median and observed minimum-to-maximum range of EIA-published bundled prices; utilities are grouped by ownership in that year. Minority coverage means less than 50% of customers in the same class are bundled.,data/processed/utility_price_panel_2013_2024.csv
commercial,2017,MTC,all_published,,11,11,2,0,12.885271,9.7338608,16.857465,DOM_RI_RIE;MTC_CT_UI;MTC_MA_MECO;MTC_ME_CMP;MTC_ME_VERSANT;MTC_NH_LIBERTY;MTC_NY_CENTHUD;MTC_NY_NIMO;MTC_NY_NYSEG;MTC_NY_RGE;MTC_VT_GMP,,Derived,Unweighted median and observed minimum-to-maximum range of EIA-published bundled prices; utilities are grouped by ownership in that year. Minority coverage means less than 50% of customers in the same class are bundled.,data/processed/utility_price_panel_2013_2024.csv
commercial,2017,DOM,all_published,,8,8,1,0,18.3345755,14.648854,26.508108,DOM_CT_CLP;DOM_MA_FITCHBURG;DOM_MA_NSTAR;DOM_NH_PSNH;DOM_NH_UNITIL;DOM_NY_CECONY;DOM_NY_FISHERS;DOM_NY_ORU,,Derived,Unweighted median and observed minimum-to-maximum range of EIA-published bundled prices; utilities are grouped by ownership in that year. Minority coverage means less than 50% of customers in the same class are bundled.,data/processed/utility_price_panel_2013_2024.csv
commercial,2017,COOP,all_published,,10,10,0,0,14.190823,5.4584373,18.475235,COOP_CT_NORWICH;COOP_CT_WALLINGFORD;COOP_MA_CHICOPEE;COOP_MA_PEABODY;COOP_MA_READING;COOP_MA_TAUNTON;COOP_NH_NHEC;COOP_NY_FAIRPORT;COOP_VT_BURLINGTON;COOP_VT_VEC,,Derived,Unweighted median and observed minimum-to-maximum range of EIA-published bundled prices; utilities are grouped by ownership in that year. Minority coverage means less than 50% of customers in the same class are bundled.,data/processed/utility_price_panel_2013_2024.csv
commercial,2018,MTC,all_published,,11,11,2,0,13.948732,9.9869447,18.723988,DOM_RI_RIE;MTC_CT_UI;MTC_MA_MECO;MTC_ME_CMP;MTC_ME_VERSANT;MTC_NH_LIBERTY;MTC_NY_CENTHUD;MTC_NY_NIMO;MTC_NY_NYSEG;MTC_NY_RGE;MTC_VT_GMP,,Derived,Unweighted median and observed minimum-to-maximum range of EIA-published bundled prices; utilities are grouped by ownership in that year. Minority coverage means less than 50% of customers in the same class are bundled.,data/processed/utility_price_panel_2013_2024.csv
commercial,2018,DOM,all_published,,8,8,1,0,18.563881000000002,13.655561,25.301205,DOM_CT_CLP;DOM_MA_FITCHBURG;DOM_MA_NSTAR;DOM_NH_PSNH;DOM_NH_UNITIL;DOM_NY_CECONY;DOM_NY_FISHERS;DOM_NY_ORU,,Derived,Unweighted median and observed minimum-to-maximum range of EIA-published bundled prices; utilities are grouped by ownership in that year. Minority coverage means less than 50% of customers in the same class are bundled.,data/processed/utility_price_panel_2013_2024.csv
commercial,2018,COOP,all_published,,10,10,0,0,14.3283825,6.6679974,19.170533,COOP_CT_NORWICH;COOP_CT_WALLINGFORD;COOP_MA_CHICOPEE;COOP_MA_PEABODY;COOP_MA_READING;COOP_MA_TAUNTON;COOP_NH_NHEC;COOP_NY_FAIRPORT;COOP_VT_BURLINGTON;COOP_VT_VEC,,Derived,Unweighted median and observed minimum-to-maximum range of EIA-published bundled prices; utilities are grouped by ownership in that year. Minority coverage means less than 50% of customers in the same class are bundled.,data/processed/utility_price_panel_2013_2024.csv
commercial,2019,MTC,all_published,,11,11,2,0,13.743827,8.7868848,18.881063,DOM_RI_RIE;MTC_CT_UI;MTC_MA_MECO;MTC_ME_CMP;MTC_ME_VERSANT;MTC_NH_LIBERTY;MTC_NY_CENTHUD;MTC_NY_NIMO;MTC_NY_NYSEG;MTC_NY_RGE;MTC_VT_GMP,,Derived,Unweighted median and observed minimum-to-maximum range of EIA-published bundled prices; utilities are grouped by ownership in that year. Minority coverage means less than 50% of customers in the same class are bundled.,data/processed/utility_price_panel_2013_2024.csv
commercial,2019,DOM,all_published,,8,8,1,0,18.5041855,13.297495,27.086614,DOM_CT_CLP;DOM_MA_FITCHBURG;DOM_MA_NSTAR;DOM_NH_PSNH;DOM_NH_UNITIL;DOM_NY_CECONY;DOM_NY_FISHERS;DOM_NY_ORU,,Derived,Unweighted median and observed minimum-to-maximum range of EIA-published bundled prices; utilities are grouped by ownership in that year. Minority coverage means less than 50% of customers in the same class are bundled.,data/processed/utility_price_panel_2013_2024.csv
commercial,2019,COOP,all_published,,10,10,0,0,14.1349485,6.2939636,19.372755,COOP_CT_NORWICH;COOP_CT_WALLINGFORD;COOP_MA_CHICOPEE;COOP_MA_PEABODY;COOP_MA_READING;COOP_MA_TAUNTON;COOP_NH_NHEC;COOP_NY_FAIRPORT;COOP_VT_BURLINGTON;COOP_VT_VEC,,Derived,Unweighted median and observed minimum-to-maximum range of EIA-published bundled prices; utilities are grouped by ownership in that year. Minority coverage means less than 50% of customers in the same class are bundled.,data/processed/utility_price_panel_2013_2024.csv
commercial,2020,MTC,all_published,,11,11,2,0,13.229555,8.600259,19.065817,DOM_RI_RIE;MTC_CT_UI;MTC_MA_MECO;MTC_ME_CMP;MTC_ME_VERSANT;MTC_NH_LIBERTY;MTC_NY_CENTHUD;MTC_NY_NIMO;MTC_NY_NYSEG;MTC_NY_RGE;MTC_VT_GMP,,Derived,Unweighted median and observed minimum-to-maximum range of EIA-published bundled prices; utilities are grouped by ownership in that year. Minority coverage means less than 50% of customers in the same class are bundled.,data/processed/utility_price_panel_2013_2024.csv
commercial,2020,DOM,all_published,,8,8,1,0,18.1851105,13.688314,25.589595,DOM_CT_CLP;DOM_MA_FITCHBURG;DOM_MA_NSTAR;DOM_NH_PSNH;DOM_NH_UNITIL;DOM_NY_CECONY;DOM_NY_FISHERS;DOM_NY_ORU,,Derived,Unweighted median and observed minimum-to-maximum range of EIA-published bundled prices; utilities are grouped by ownership in that year. Minority coverage means less than 50% of customers in the same class are bundled.,data/processed/utility_price_panel_2013_2024.csv
commercial,2020,COOP,all_published,,10,10,0,0,14.183508,6.6374175,18.625344,COOP_CT_NORWICH;COOP_CT_WALLINGFORD;COOP_MA_CHICOPEE;COOP_MA_PEABODY;COOP_MA_READING;COOP_MA_TAUNTON;COOP_NH_NHEC;COOP_NY_FAIRPORT;COOP_VT_BURLINGTON;COOP_VT_VEC,,Derived,Unweighted median and observed minimum-to-maximum range of EIA-published bundled prices; utilities are grouped by ownership in that year. Minority coverage means less than 50% of customers in the same class are bundled.,data/processed/utility_price_panel_2013_2024.csv
commercial,2021,MTC,all_published,,11,11,2,0,13.853923,10.902965,17.61236,DOM_RI_RIE;MTC_CT_UI;MTC_MA_MECO;MTC_ME_CMP;MTC_ME_VERSANT;MTC_NH_LIBERTY;MTC_NY_CENTHUD;MTC_NY_NIMO;MTC_NY_NYSEG;MTC_NY_RGE;MTC_VT_GMP,,Derived,Unweighted median and observed minimum-to-maximum range of EIA-published bundled prices; utilities are grouped by ownership in that year. Minority coverage means less than 50% of customers in the same class are bundled.,data/processed/utility_price_panel_2013_2024.csv
commercial,2021,DOM,all_published,,8,8,2,0,19.235142500000002,11.993238,23.563521,DOM_CT_CLP;DOM_MA_FITCHBURG;DOM_MA_NSTAR;DOM_NH_PSNH;DOM_NH_UNITIL;DOM_NY_CECONY;DOM_NY_FISHERS;DOM_NY_ORU,,Derived,Unweighted median and observed minimum-to-maximum range of EIA-published bundled prices; utilities are grouped by ownership in that year. Minority coverage means less than 50% of customers in the same class are bundled.,data/processed/utility_price_panel_2013_2024.csv
commercial,2021,COOP,all_published,,10,10,0,0,14.416497,7.4460758,18.645778,COOP_CT_NORWICH;COOP_CT_WALLINGFORD;COOP_MA_CHICOPEE;COOP_MA_PEABODY;COOP_MA_READING;COOP_MA_TAUNTON;COOP_NH_NHEC;COOP_NY_FAIRPORT;COOP_VT_BURLINGTON;COOP_VT_VEC,,Derived,Unweighted median and observed minimum-to-maximum range of EIA-published bundled prices; utilities are grouped by ownership in that year. Minority coverage means less than 50% of customers in the same class are bundled.,data/processed/utility_price_panel_2013_2024.csv
commercial,2022,MTC,all_published,,10,10,1,0,16.770656,14.238739,23.314449,MTC_CT_UI;MTC_MA_MECO;MTC_ME_CMP;MTC_ME_VERSANT;MTC_NH_LIBERTY;MTC_NY_CENTHUD;MTC_NY_NIMO;MTC_NY_NYSEG;MTC_NY_RGE;MTC_VT_GMP,,Derived,Unweighted median and observed minimum-to-maximum range of EIA-published bundled prices; utilities are grouped by ownership in that year. Minority coverage means less than 50% of customers in the same class are bundled.,data/processed/utility_price_panel_2013_2024.csv
commercial,2022,DOM,all_published,,9,9,1,0,22.893387,14.274086,28.539936,DOM_CT_CLP;DOM_MA_FITCHBURG;DOM_MA_NSTAR;DOM_NH_PSNH;DOM_NH_UNITIL;DOM_NY_CECONY;DOM_NY_FISHERS;DOM_NY_ORU;DOM_RI_RIE,,Derived,Unweighted median and observed minimum-to-maximum range of EIA-published bundled prices; utilities are grouped by ownership in that year. Minority coverage means less than 50% of customers in the same class are bundled.,data/processed/utility_price_panel_2013_2024.csv
commercial,2022,COOP,all_published,,10,10,0,0,16.148875500000003,6.8164344,23.96567,COOP_CT_NORWICH;COOP_CT_WALLINGFORD;COOP_MA_CHICOPEE;COOP_MA_PEABODY;COOP_MA_READING;COOP_MA_TAUNTON;COOP_NH_NHEC;COOP_NY_FAIRPORT;COOP_VT_BURLINGTON;COOP_VT_VEC,,Derived,Unweighted median and observed minimum-to-maximum range of EIA-published bundled prices; utilities are grouped by ownership in that year. Minority coverage means less than 50% of customers in the same class are bundled.,data/processed/utility_price_panel_2013_2024.csv
commercial,2023,MTC,all_published,,10,10,1,0,18.3307425,11.401853,25.871276,MTC_CT_UI;MTC_MA_MECO;MTC_ME_CMP;MTC_ME_VERSANT;MTC_NH_LIBERTY;MTC_NY_CENTHUD;MTC_NY_NIMO;MTC_NY_NYSEG;MTC_NY_RGE;MTC_VT_GMP,,Derived,Unweighted median and observed minimum-to-maximum range of EIA-published bundled prices; utilities are grouped by ownership in that year. Minority coverage means less than 50% of customers in the same class are bundled.,data/processed/utility_price_panel_2013_2024.csv
commercial,2023,DOM,all_published,,9,9,2,0,27.09467,14.958869,40.319239,DOM_CT_CLP;DOM_MA_FITCHBURG;DOM_MA_NSTAR;DOM_NH_PSNH;DOM_NH_UNITIL;DOM_NY_CECONY;DOM_NY_FISHERS;DOM_NY_ORU;DOM_RI_RIE,,Derived,Unweighted median and observed minimum-to-maximum range of EIA-published bundled prices; utilities are grouped by ownership in that year. Minority coverage means less than 50% of customers in the same class are bundled.,data/processed/utility_price_panel_2013_2024.csv
commercial,2023,COOP,all_published,,10,10,0,0,17.173504,6.2110831,24.796268,COOP_CT_NORWICH;COOP_CT_WALLINGFORD;COOP_MA_CHICOPEE;COOP_MA_PEABODY;COOP_MA_READING;COOP_MA_TAUNTON;COOP_NH_NHEC;COOP_NY_FAIRPORT;COOP_VT_BURLINGTON;COOP_VT_VEC,,Derived,Unweighted median and observed minimum-to-maximum range of EIA-published bundled prices; utilities are grouped by ownership in that year. Minority coverage means less than 50% of customers in the same class are bundled.,data/processed/utility_price_panel_2013_2024.csv
commercial,2024,MTC,all_published,,10,10,2,0,18.7002615,10.42868,24.26706,MTC_CT_UI;MTC_MA_MECO;MTC_ME_CMP;MTC_ME_VERSANT;MTC_NH_LIBERTY;MTC_NY_CENTHUD;MTC_NY_NIMO;MTC_NY_NYSEG;MTC_NY_RGE;MTC_VT_GMP,,Derived,Unweighted median and observed minimum-to-maximum range of EIA-published bundled prices; utilities are grouped by ownership in that year. Minority coverage means less than 50% of customers in the same class are bundled.,data/processed/utility_price_panel_2013_2024.csv
commercial,2024,DOM,all_published,,10,10,4,0,22.953550999999997,13.471931,36.405147,DOM_CT_CLP;DOM_MA_FITCHBURG;DOM_MA_NSTAR;DOM_NH_PSNH;DOM_NH_UNITIL;DOM_NY_CECONY;DOM_NY_FIRSTENERGY;DOM_NY_FISHERS;DOM_NY_ORU;DOM_RI_RIE,,Derived,Unweighted median and observed minimum-to-maximum range of EIA-published bundled prices; utilities are grouped by ownership in that year. Minority coverage means less than 50% of customers in the same class are bundled.,data/processed/utility_price_panel_2013_2024.csv
commercial,2024,COOP,all_published,,10,10,0,0,18.107627,7.5580234,22.624372,COOP_CT_NORWICH;COOP_CT_WALLINGFORD;COOP_MA_CHICOPEE;COOP_MA_PEABODY;COOP_MA_READING;COOP_MA_TAUNTON;COOP_NH_NHEC;COOP_NY_FAIRPORT;COOP_VT_BURLINGTON;COOP_VT_VEC,,Derived,Unweighted median and observed minimum-to-maximum range of EIA-published bundled prices; utilities are grouped by ownership in that year. Minority coverage means less than 50% of customers in the same class are bundled.,data/processed/utility_price_panel_2013_2024.csv
commercial,2013,MTC,majority_coverage,50.0,9,8,1,1,13.1111135,11.515487,14.499857,DOM_RI_RIE;MTC_MA_MECO;MTC_NH_LIBERTY;MTC_NY_CENTHUD;MTC_NY_NIMO;MTC_NY_NYSEG;MTC_NY_RGE;MTC_VT_GMP,MTC_ME_CMP,Derived,Unweighted median and observed minimum-to-maximum range of EIA-published bundled prices; utilities are grouped by ownership in that year. Minority coverage means less than 50% of customers in the same class are bundled.,data/processed/utility_price_panel_2013_2024.csv
commercial,2013,DOM,majority_coverage,50.0,9,7,2,2,17.471732,14.606526,26.428159,DOM_MA_FITCHBURG;DOM_MA_NSTAR;DOM_NH_PSNH;DOM_NH_UNITIL;DOM_NY_CECONY;DOM_NY_FISHERS;DOM_NY_ORU,DOM_CT_CLP;MTC_CT_UI,Derived,Unweighted median and observed minimum-to-maximum range of EIA-published bundled prices; utilities are grouped by ownership in that year. Minority coverage means less than 50% of customers in the same class are bundled.,data/processed/utility_price_panel_2013_2024.csv
commercial,2013,COOP,majority_coverage,50.0,10,10,0,0,13.8844295,5.729769,16.018693,COOP_CT_NORWICH;COOP_CT_WALLINGFORD;COOP_MA_CHICOPEE;COOP_MA_PEABODY;COOP_MA_READING;COOP_MA_TAUNTON;COOP_NH_NHEC;COOP_NY_FAIRPORT;COOP_VT_BURLINGTON;COOP_VT_VEC,,Derived,Unweighted median and observed minimum-to-maximum range of EIA-published bundled prices; utilities are grouped by ownership in that year. Minority coverage means less than 50% of customers in the same class are bundled.,data/processed/utility_price_panel_2013_2024.csv
commercial,2014,MTC,majority_coverage,50.0,9,8,1,1,14.4964005,13.04886,15.531153,DOM_RI_RIE;MTC_MA_MECO;MTC_NH_LIBERTY;MTC_NY_CENTHUD;MTC_NY_NIMO;MTC_NY_NYSEG;MTC_NY_RGE;MTC_VT_GMP,MTC_ME_CMP,Derived,Unweighted median and observed minimum-to-maximum range of EIA-published bundled prices; utilities are grouped by ownership in that year. Minority coverage means less than 50% of customers in the same class are bundled.,data/processed/utility_price_panel_2013_2024.csv
commercial,2014,DOM,majority_coverage,50.0,9,8,1,1,17.389888499999998,15.900737,26.994536,DOM_CT_CLP;DOM_MA_FITCHBURG;DOM_MA_NSTAR;DOM_NH_PSNH;DOM_NH_UNITIL;DOM_NY_CECONY;DOM_NY_FISHERS;DOM_NY_ORU,MTC_CT_UI,Derived,Unweighted median and observed minimum-to-maximum range of EIA-published bundled prices; utilities are grouped by ownership in that year. Minority coverage means less than 50% of customers in the same class are bundled.,data/processed/utility_price_panel_2013_2024.csv
commercial,2014,COOP,majority_coverage,50.0,10,10,0,0,14.302168,6.0871902,19.220414,COOP_CT_NORWICH;COOP_CT_WALLINGFORD;COOP_MA_CHICOPEE;COOP_MA_PEABODY;COOP_MA_READING;COOP_MA_TAUNTON;COOP_NH_NHEC;COOP_NY_FAIRPORT;COOP_VT_BURLINGTON;COOP_VT_VEC,,Derived,Unweighted median and observed minimum-to-maximum range of EIA-published bundled prices; utilities are grouped by ownership in that year. Minority coverage means less than 50% of customers in the same class are bundled.,data/processed/utility_price_panel_2013_2024.csv
commercial,2015,MTC,majority_coverage,50.0,10,10,0,0,13.4905835,10.892874,17.661036,DOM_RI_RIE;MTC_MA_MECO;MTC_ME_CMP;MTC_ME_VERSANT;MTC_NH_LIBERTY;MTC_NY_CENTHUD;MTC_NY_NIMO;MTC_NY_NYSEG;MTC_NY_RGE;MTC_VT_GMP,,Derived,Unweighted median and observed minimum-to-maximum range of EIA-published bundled prices; utilities are grouped by ownership in that year. Minority coverage means less than 50% of customers in the same class are bundled.,data/processed/utility_price_panel_2013_2024.csv
commercial,2015,DOM,majority_coverage,50.0,9,8,1,1,18.872901499999998,15.287144,27.690518,DOM_CT_CLP;DOM_MA_FITCHBURG;DOM_MA_NSTAR;DOM_NH_PSNH;DOM_NH_UNITIL;DOM_NY_CECONY;DOM_NY_FISHERS;DOM_NY_ORU,MTC_CT_UI,Derived,Unweighted median and observed minimum-to-maximum range of EIA-published bundled prices; utilities are grouped by ownership in that year. Minority coverage means less than 50% of customers in the same class are bundled.,data/processed/utility_price_panel_2013_2024.csv
commercial,2015,COOP,majority_coverage,50.0,10,10,0,0,14.296190500000002,6.0655471,18.218399,COOP_CT_NORWICH;COOP_CT_WALLINGFORD;COOP_MA_CHICOPEE;COOP_MA_PEABODY;COOP_MA_READING;COOP_MA_TAUNTON;COOP_NH_NHEC;COOP_NY_FAIRPORT;COOP_VT_BURLINGTON;COOP_VT_VEC,,Derived,Unweighted median and observed minimum-to-maximum range of EIA-published bundled prices; utilities are grouped by ownership in that year. Minority coverage means less than 50% of customers in the same class are bundled.,data/processed/utility_price_panel_2013_2024.csv
commercial,2016,MTC,majority_coverage,50.0,11,9,2,2,11.800714,9.4945287,16.263224,DOM_RI_RIE;MTC_ME_CMP;MTC_ME_VERSANT;MTC_NH_LIBERTY;MTC_NY_CENTHUD;MTC_NY_NIMO;MTC_NY_NYSEG;MTC_NY_RGE;MTC_VT_GMP,MTC_CT_UI;MTC_MA_MECO,Derived,Unweighted median and observed minimum-to-maximum range of EIA-published bundled prices; utilities are grouped by ownership in that year. Minority coverage means less than 50% of customers in the same class are bundled.,data/processed/utility_price_panel_2013_2024.csv
commercial,2016,DOM,majority_coverage,50.0,8,8,0,0,18.367738,13.401811,25.244957,DOM_CT_CLP;DOM_MA_FITCHBURG;DOM_MA_NSTAR;DOM_NH_PSNH;DOM_NH_UNITIL;DOM_NY_CECONY;DOM_NY_FISHERS;DOM_NY_ORU,,Derived,Unweighted median and observed minimum-to-maximum range of EIA-published bundled prices; utilities are grouped by ownership in that year. Minority coverage means less than 50% of customers in the same class are bundled.,data/processed/utility_price_panel_2013_2024.csv
commercial,2016,COOP,majority_coverage,50.0,10,10,0,0,14.799835999999999,5.7874749,17.390509,COOP_CT_NORWICH;COOP_CT_WALLINGFORD;COOP_MA_CHICOPEE;COOP_MA_PEABODY;COOP_MA_READING;COOP_MA_TAUNTON;COOP_NH_NHEC;COOP_NY_FAIRPORT;COOP_VT_BURLINGTON;COOP_VT_VEC,,Derived,Unweighted median and observed minimum-to-maximum range of EIA-published bundled prices; utilities are grouped by ownership in that year. Minority coverage means less than 50% of customers in the same class are bundled.,data/processed/utility_price_panel_2013_2024.csv
commercial,2017,MTC,majority_coverage,50.0,11,9,2,2,12.257826,9.7338608,15.975083,DOM_RI_RIE;MTC_ME_CMP;MTC_ME_VERSANT;MTC_NH_LIBERTY;MTC_NY_CENTHUD;MTC_NY_NIMO;MTC_NY_NYSEG;MTC_NY_RGE;MTC_VT_GMP,MTC_CT_UI;MTC_MA_MECO,Derived,Unweighted median and observed minimum-to-maximum range of EIA-published bundled prices; utilities are grouped by ownership in that year. Minority coverage means less than 50% of customers in the same class are bundled.,data/processed/utility_price_panel_2013_2024.csv
commercial,2017,DOM,majority_coverage,50.0,8,7,1,1,19.681402,14.648854,26.508108,DOM_CT_CLP;DOM_MA_FITCHBURG;DOM_NH_PSNH;DOM_NH_UNITIL;DOM_NY_CECONY;DOM_NY_FISHERS;DOM_NY_ORU,DOM_MA_NSTAR,Derived,Unweighted median and observed minimum-to-maximum range of EIA-published bundled prices; utilities are grouped by ownership in that year. Minority coverage means less than 50% of customers in the same class are bundled.,data/processed/utility_price_panel_2013_2024.csv
commercial,2017,COOP,majority_coverage,50.0,10,10,0,0,14.190823,5.4584373,18.475235,COOP_CT_NORWICH;COOP_CT_WALLINGFORD;COOP_MA_CHICOPEE;COOP_MA_PEABODY;COOP_MA_READING;COOP_MA_TAUNTON;COOP_NH_NHEC;COOP_NY_FAIRPORT;COOP_VT_BURLINGTON;COOP_VT_VEC,,Derived,Unweighted median and observed minimum-to-maximum range of EIA-published bundled prices; utilities are grouped by ownership in that year. Minority coverage means less than 50% of customers in the same class are bundled.,data/processed/utility_price_panel_2013_2024.csv
commercial,2018,MTC,majority_coverage,50.0,11,9,2,2,13.933559,9.9869447,17.760712,DOM_RI_RIE;MTC_ME_CMP;MTC_ME_VERSANT;MTC_NH_LIBERTY;MTC_NY_CENTHUD;MTC_NY_NIMO;MTC_NY_NYSEG;MTC_NY_RGE;MTC_VT_GMP,MTC_CT_UI;MTC_MA_MECO,Derived,Unweighted median and observed minimum-to-maximum range of EIA-published bundled prices; utilities are grouped by ownership in that year. Minority coverage means less than 50% of customers in the same class are bundled.,data/processed/utility_price_panel_2013_2024.csv
commercial,2018,DOM,majority_coverage,50.0,8,7,1,1,17.831556,13.655561,25.301205,DOM_CT_CLP;DOM_MA_FITCHBURG;DOM_NH_PSNH;DOM_NH_UNITIL;DOM_NY_CECONY;DOM_NY_FISHERS;DOM_NY_ORU,DOM_MA_NSTAR,Derived,Unweighted median and observed minimum-to-maximum range of EIA-published bundled prices; utilities are grouped by ownership in that year. Minority coverage means less than 50% of customers in the same class are bundled.,data/processed/utility_price_panel_2013_2024.csv
commercial,2018,COOP,majority_coverage,50.0,10,10,0,0,14.3283825,6.6679974,19.170533,COOP_CT_NORWICH;COOP_CT_WALLINGFORD;COOP_MA_CHICOPEE;COOP_MA_PEABODY;COOP_MA_READING;COOP_MA_TAUNTON;COOP_NH_NHEC;COOP_NY_FAIRPORT;COOP_VT_BURLINGTON;COOP_VT_VEC,,Derived,Unweighted median and observed minimum-to-maximum range of EIA-published bundled prices; utilities are grouped by ownership in that year. Minority coverage means less than 50% of customers in the same class are bundled.,data/processed/utility_price_panel_2013_2024.csv
commercial,2019,MTC,majority_coverage,50.0,11,9,2,2,13.00712,8.7868848,17.104043,DOM_RI_RIE;MTC_ME_CMP;MTC_ME_VERSANT;MTC_NH_LIBERTY;MTC_NY_CENTHUD;MTC_NY_NIMO;MTC_NY_NYSEG;MTC_NY_RGE;MTC_VT_GMP,MTC_CT_UI;MTC_MA_MECO,Derived,Unweighted median and observed minimum-to-maximum range of EIA-published bundled prices; utilities are grouped by ownership in that year. Minority coverage means less than 50% of customers in the same class are bundled.,data/processed/utility_price_panel_2013_2024.csv
commercial,2019,DOM,majority_coverage,50.0,8,7,1,1,18.307934,13.297495,27.086614,DOM_CT_CLP;DOM_MA_FITCHBURG;DOM_NH_PSNH;DOM_NH_UNITIL;DOM_NY_CECONY;DOM_NY_FISHERS;DOM_NY_ORU,DOM_MA_NSTAR,Derived,Unweighted median and observed minimum-to-maximum range of EIA-published bundled prices; utilities are grouped by ownership in that year. Minority coverage means less than 50% of customers in the same class are bundled.,data/processed/utility_price_panel_2013_2024.csv
commercial,2019,COOP,majority_coverage,50.0,10,10,0,0,14.1349485,6.2939636,19.372755,COOP_CT_NORWICH;COOP_CT_WALLINGFORD;COOP_MA_CHICOPEE;COOP_MA_PEABODY;COOP_MA_READING;COOP_MA_TAUNTON;COOP_NH_NHEC;COOP_NY_FAIRPORT;COOP_VT_BURLINGTON;COOP_VT_VEC,,Derived,Unweighted median and observed minimum-to-maximum range of EIA-published bundled prices; utilities are grouped by ownership in that year. Minority coverage means less than 50% of customers in the same class are bundled.,data/processed/utility_price_panel_2013_2024.csv
commercial,2020,MTC,majority_coverage,50.0,11,9,2,2,13.229555,8.600259,16.736801,DOM_RI_RIE;MTC_ME_CMP;MTC_ME_VERSANT;MTC_NH_LIBERTY;MTC_NY_CENTHUD;MTC_NY_NIMO;MTC_NY_NYSEG;MTC_NY_RGE;MTC_VT_GMP,MTC_CT_UI;MTC_MA_MECO,Derived,Unweighted median and observed minimum-to-maximum range of EIA-published bundled prices; utilities are grouped by ownership in that year. Minority coverage means less than 50% of customers in the same class are bundled.,data/processed/utility_price_panel_2013_2024.csv
commercial,2020,DOM,majority_coverage,50.0,8,7,1,1,18.033611,13.688314,25.589595,DOM_CT_CLP;DOM_MA_FITCHBURG;DOM_NH_PSNH;DOM_NH_UNITIL;DOM_NY_CECONY;DOM_NY_FISHERS;DOM_NY_ORU,DOM_MA_NSTAR,Derived,Unweighted median and observed minimum-to-maximum range of EIA-published bundled prices; utilities are grouped by ownership in that year. Minority coverage means less than 50% of customers in the same class are bundled.,data/processed/utility_price_panel_2013_2024.csv
commercial,2020,COOP,majority_coverage,50.0,10,10,0,0,14.183508,6.6374175,18.625344,COOP_CT_NORWICH;COOP_CT_WALLINGFORD;COOP_MA_CHICOPEE;COOP_MA_PEABODY;COOP_MA_READING;COOP_MA_TAUNTON;COOP_NH_NHEC;COOP_NY_FAIRPORT;COOP_VT_BURLINGTON;COOP_VT_VEC,,Derived,Unweighted median and observed minimum-to-maximum range of EIA-published bundled prices; utilities are grouped by ownership in that year. Minority coverage means less than 50% of customers in the same class are bundled.,data/processed/utility_price_panel_2013_2024.csv
commercial,2021,MTC,majority_coverage,50.0,11,9,2,2,13.853923,10.902965,16.970975,DOM_RI_RIE;MTC_ME_CMP;MTC_ME_VERSANT;MTC_NH_LIBERTY;MTC_NY_CENTHUD;MTC_NY_NIMO;MTC_NY_NYSEG;MTC_NY_RGE;MTC_VT_GMP,MTC_CT_UI;MTC_MA_MECO,Derived,Unweighted median and observed minimum-to-maximum range of EIA-published bundled prices; utilities are grouped by ownership in that year. Minority coverage means less than 50% of customers in the same class are bundled.,data/processed/utility_price_panel_2013_2024.csv
commercial,2021,DOM,majority_coverage,50.0,8,6,2,2,21.074568499999998,15.847617,23.563521,DOM_CT_CLP;DOM_MA_FITCHBURG;DOM_NH_PSNH;DOM_NH_UNITIL;DOM_NY_CECONY;DOM_NY_FISHERS,DOM_MA_NSTAR;DOM_NY_ORU,Derived,Unweighted median and observed minimum-to-maximum range of EIA-published bundled prices; utilities are grouped by ownership in that year. Minority coverage means less than 50% of customers in the same class are bundled.,data/processed/utility_price_panel_2013_2024.csv
commercial,2021,COOP,majority_coverage,50.0,10,10,0,0,14.416497,7.4460758,18.645778,COOP_CT_NORWICH;COOP_CT_WALLINGFORD;COOP_MA_CHICOPEE;COOP_MA_PEABODY;COOP_MA_READING;COOP_MA_TAUNTON;COOP_NH_NHEC;COOP_NY_FAIRPORT;COOP_VT_BURLINGTON;COOP_VT_VEC,,Derived,Unweighted median and observed minimum-to-maximum range of EIA-published bundled prices; utilities are grouped by ownership in that year. Minority coverage means less than 50% of customers in the same class are bundled.,data/processed/utility_price_panel_2013_2024.csv
commercial,2022,MTC,majority_coverage,50.0,10,9,1,1,17.654635,14.238739,23.314449,MTC_CT_UI;MTC_ME_CMP;MTC_ME_VERSANT;MTC_NH_LIBERTY;MTC_NY_CENTHUD;MTC_NY_NIMO;MTC_NY_NYSEG;MTC_NY_RGE;MTC_VT_GMP,MTC_MA_MECO,Derived,Unweighted median and observed minimum-to-maximum range of EIA-published bundled prices; utilities are grouped by ownership in that year. Minority coverage means less than 50% of customers in the same class are bundled.,data/processed/utility_price_panel_2013_2024.csv
commercial,2022,DOM,majority_coverage,50.0,9,8,1,1,22.530149,14.274086,28.539936,DOM_CT_CLP;DOM_MA_FITCHBURG;DOM_NH_PSNH;DOM_NH_UNITIL;DOM_NY_CECONY;DOM_NY_FISHERS;DOM_NY_ORU;DOM_RI_RIE,DOM_MA_NSTAR,Derived,Unweighted median and observed minimum-to-maximum range of EIA-published bundled prices; utilities are grouped by ownership in that year. Minority coverage means less than 50% of customers in the same class are bundled.,data/processed/utility_price_panel_2013_2024.csv
commercial,2022,COOP,majority_coverage,50.0,10,10,0,0,16.148875500000003,6.8164344,23.96567,COOP_CT_NORWICH;COOP_CT_WALLINGFORD;COOP_MA_CHICOPEE;COOP_MA_PEABODY;COOP_MA_READING;COOP_MA_TAUNTON;COOP_NH_NHEC;COOP_NY_FAIRPORT;COOP_VT_BURLINGTON;COOP_VT_VEC,,Derived,Unweighted median and observed minimum-to-maximum range of EIA-published bundled prices; utilities are grouped by ownership in that year. Minority coverage means less than 50% of customers in the same class are bundled.,data/processed/utility_price_panel_2013_2024.csv
commercial,2023,MTC,majority_coverage,50.0,10,9,1,1,18.273414,11.401853,25.871276,MTC_CT_UI;MTC_ME_CMP;MTC_ME_VERSANT;MTC_NH_LIBERTY;MTC_NY_CENTHUD;MTC_NY_NIMO;MTC_NY_NYSEG;MTC_NY_RGE;MTC_VT_GMP,MTC_MA_MECO,Derived,Unweighted median and observed minimum-to-maximum range of EIA-published bundled prices; utilities are grouped by ownership in that year. Minority coverage means less than 50% of customers in the same class are bundled.,data/processed/utility_price_panel_2013_2024.csv
commercial,2023,DOM,majority_coverage,50.0,9,7,2,2,25.444789,14.958869,33.090707,DOM_CT_CLP;DOM_NH_PSNH;DOM_NH_UNITIL;DOM_NY_CECONY;DOM_NY_FISHERS;DOM_NY_ORU;DOM_RI_RIE,DOM_MA_FITCHBURG;DOM_MA_NSTAR,Derived,Unweighted median and observed minimum-to-maximum range of EIA-published bundled prices; utilities are grouped by ownership in that year. Minority coverage means less than 50% of customers in the same class are bundled.,data/processed/utility_price_panel_2013_2024.csv
commercial,2023,COOP,majority_coverage,50.0,10,10,0,0,17.173504,6.2110831,24.796268,COOP_CT_NORWICH;COOP_CT_WALLINGFORD;COOP_MA_CHICOPEE;COOP_MA_PEABODY;COOP_MA_READING;COOP_MA_TAUNTON;COOP_NH_NHEC;COOP_NY_FAIRPORT;COOP_VT_BURLINGTON;COOP_VT_VEC,,Derived,Unweighted median and observed minimum-to-maximum range of EIA-published bundled prices; utilities are grouped by ownership in that year. Minority coverage means less than 50% of customers in the same class are bundled.,data/processed/utility_price_panel_2013_2024.csv
commercial,2024,MTC,majority_coverage,50.0,10,8,2,2,18.3308515,10.42868,24.26706,MTC_CT_UI;MTC_ME_CMP;MTC_ME_VERSANT;MTC_NY_CENTHUD;MTC_NY_NIMO;MTC_NY_NYSEG;MTC_NY_RGE;MTC_VT_GMP,MTC_MA_MECO;MTC_NH_LIBERTY,Derived,Unweighted median and observed minimum-to-maximum range of EIA-published bundled prices; utilities are grouped by ownership in that year. Minority coverage means less than 50% of customers in the same class are bundled.,data/processed/utility_price_panel_2013_2024.csv
commercial,2024,DOM,majority_coverage,50.0,10,6,4,4,22.469476999999998,13.471931,28.196293,DOM_CT_CLP;DOM_NY_CECONY;DOM_NY_FIRSTENERGY;DOM_NY_FISHERS;DOM_NY_ORU;DOM_RI_RIE,DOM_MA_FITCHBURG;DOM_MA_NSTAR;DOM_NH_PSNH;DOM_NH_UNITIL,Derived,Unweighted median and observed minimum-to-maximum range of EIA-published bundled prices; utilities are grouped by ownership in that year. Minority coverage means less than 50% of customers in the same class are bundled.,data/processed/utility_price_panel_2013_2024.csv
commercial,2024,COOP,majority_coverage,50.0,10,10,0,0,18.107627,7.5580234,22.624372,COOP_CT_NORWICH;COOP_CT_WALLINGFORD;COOP_MA_CHICOPEE;COOP_MA_PEABODY;COOP_MA_READING;COOP_MA_TAUNTON;COOP_NH_NHEC;COOP_NY_FAIRPORT;COOP_VT_BURLINGTON;COOP_VT_VEC,,Derived,Unweighted median and observed minimum-to-maximum range of EIA-published bundled prices; utilities are grouped by ownership in that year. Minority coverage means less than 50% of customers in the same class are bundled.,data/processed/utility_price_panel_2013_2024.csv
industrial,2013,MTC,all_published,,8,8,3,0,11.200954,5.9777871,13.36131,DOM_RI_RIE;MTC_MA_MECO;MTC_NH_LIBERTY;MTC_NY_CENTHUD;MTC_NY_NIMO;MTC_NY_NYSEG;MTC_NY_RGE;MTC_VT_GMP,,Derived,Unweighted median and observed minimum-to-maximum range of EIA-published bundled prices; utilities are grouped by ownership in that year. Minority coverage means less than 50% of customers in the same class are bundled.,data/processed/utility_price_panel_2013_2024.csv
industrial,2013,DOM,all_published,,8,8,6,0,14.4179435,8.0287816,27.02749,DOM_CT_CLP;DOM_MA_FITCHBURG;DOM_MA_NSTAR;DOM_NH_PSNH;DOM_NH_UNITIL;DOM_NY_CECONY;DOM_NY_ORU;MTC_CT_UI,,Derived,Unweighted median and observed minimum-to-maximum range of EIA-published bundled prices; utilities are grouped by ownership in that year. Minority coverage means less than 50% of customers in the same class are bundled.,data/processed/utility_price_panel_2013_2024.csv
industrial,2013,COOP,all_published,,10,10,0,0,10.914818,3.5197303,12.964968,COOP_CT_NORWICH;COOP_CT_WALLINGFORD;COOP_MA_CHICOPEE;COOP_MA_PEABODY;COOP_MA_READING;COOP_MA_TAUNTON;COOP_NH_NHEC;COOP_NY_FAIRPORT;COOP_VT_BURLINGTON;COOP_VT_VEC,,Derived,Unweighted median and observed minimum-to-maximum range of EIA-published bundled prices; utilities are grouped by ownership in that year. Minority coverage means less than 50% of customers in the same class are bundled.,data/processed/utility_price_panel_2013_2024.csv
industrial,2014,MTC,all_published,,8,8,3,0,12.544851000000001,8.6545029,15.619041,DOM_RI_RIE;MTC_MA_MECO;MTC_NH_LIBERTY;MTC_NY_CENTHUD;MTC_NY_NIMO;MTC_NY_NYSEG;MTC_NY_RGE;MTC_VT_GMP,,Derived,Unweighted median and observed minimum-to-maximum range of EIA-published bundled prices; utilities are grouped by ownership in that year. Minority coverage means less than 50% of customers in the same class are bundled.,data/processed/utility_price_panel_2013_2024.csv
industrial,2014,DOM,all_published,,8,8,5,0,15.475624,11.090636,24.979932,DOM_CT_CLP;DOM_MA_FITCHBURG;DOM_MA_NSTAR;DOM_NH_PSNH;DOM_NH_UNITIL;DOM_NY_CECONY;DOM_NY_ORU;MTC_CT_UI,,Derived,Unweighted median and observed minimum-to-maximum range of EIA-published bundled prices; utilities are grouped by ownership in that year. Minority coverage means less than 50% of customers in the same class are bundled.,data/processed/utility_price_panel_2013_2024.csv
industrial,2014,COOP,all_published,,10,10,0,0,11.3145965,3.9085473,27.197496,COOP_CT_NORWICH;COOP_CT_WALLINGFORD;COOP_MA_CHICOPEE;COOP_MA_PEABODY;COOP_MA_READING;COOP_MA_TAUNTON;COOP_NH_NHEC;COOP_NY_FAIRPORT;COOP_VT_BURLINGTON;COOP_VT_VEC,,Derived,Unweighted median and observed minimum-to-maximum range of EIA-published bundled prices; utilities are grouped by ownership in that year. Minority coverage means less than 50% of customers in the same class are bundled.,data/processed/utility_price_panel_2013_2024.csv
industrial,2015,MTC,all_published,,10,10,4,0,10.5147675,6.3485607,18.076174,DOM_RI_RIE;MTC_MA_MECO;MTC_ME_CMP;MTC_ME_VERSANT;MTC_NH_LIBERTY;MTC_NY_CENTHUD;MTC_NY_NIMO;MTC_NY_NYSEG;MTC_NY_RGE;MTC_VT_GMP,,Derived,Unweighted median and observed minimum-to-maximum range of EIA-published bundled prices; utilities are grouped by ownership in that year. Minority coverage means less than 50% of customers in the same class are bundled.,data/processed/utility_price_panel_2013_2024.csv
industrial,2015,DOM,all_published,,8,8,6,0,16.2150355,8.7284246,24.551645,DOM_CT_CLP;DOM_MA_FITCHBURG;DOM_MA_NSTAR;DOM_NH_PSNH;DOM_NH_UNITIL;DOM_NY_CECONY;DOM_NY_ORU;MTC_CT_UI,,Derived,Unweighted median and observed minimum-to-maximum range of EIA-published bundled prices; utilities are grouped by ownership in that year. Minority coverage means less than 50% of customers in the same class are bundled.,data/processed/utility_price_panel_2013_2024.csv
industrial,2015,COOP,all_published,,10,10,1,0,11.4838775,3.5172037,15.892936,COOP_CT_NORWICH;COOP_CT_WALLINGFORD;COOP_MA_CHICOPEE;COOP_MA_PEABODY;COOP_MA_READING;COOP_MA_TAUNTON;COOP_NH_NHEC;COOP_NY_FAIRPORT;COOP_VT_BURLINGTON;COOP_VT_VEC,,Derived,Unweighted median and observed minimum-to-maximum range of EIA-published bundled prices; utilities are grouped by ownership in that year. Minority coverage means less than 50% of customers in the same class are bundled.,data/processed/utility_price_panel_2013_2024.csv
industrial,2016,MTC,all_published,,11,11,5,0,9.8248028,5.3443608,15.187268,DOM_RI_RIE;MTC_CT_UI;MTC_MA_MECO;MTC_ME_CMP;MTC_ME_VERSANT;MTC_NH_LIBERTY;MTC_NY_CENTHUD;MTC_NY_NIMO;MTC_NY_NYSEG;MTC_NY_RGE;MTC_VT_GMP,,Derived,Unweighted median and observed minimum-to-maximum range of EIA-published bundled prices; utilities are grouped by ownership in that year. Minority coverage means less than 50% of customers in the same class are bundled.,data/processed/utility_price_panel_2013_2024.csv
industrial,2016,DOM,all_published,,7,7,5,0,14.42464,8.3921006,37.784068,DOM_CT_CLP;DOM_MA_FITCHBURG;DOM_MA_NSTAR;DOM_NH_PSNH;DOM_NH_UNITIL;DOM_NY_CECONY;DOM_NY_ORU,,Derived,Unweighted median and observed minimum-to-maximum range of EIA-published bundled prices; utilities are grouped by ownership in that year. Minority coverage means less than 50% of customers in the same class are bundled.,data/processed/utility_price_panel_2013_2024.csv
industrial,2016,COOP,all_published,,10,10,1,0,11.853742,3.5975032,15.482788,COOP_CT_NORWICH;COOP_CT_WALLINGFORD;COOP_MA_CHICOPEE;COOP_MA_PEABODY;COOP_MA_READING;COOP_MA_TAUNTON;COOP_NH_NHEC;COOP_NY_FAIRPORT;COOP_VT_BURLINGTON;COOP_VT_VEC,,Derived,Unweighted median and observed minimum-to-maximum range of EIA-published bundled prices; utilities are grouped by ownership in that year. Minority coverage means less than 50% of customers in the same class are bundled.,data/processed/utility_price_panel_2013_2024.csv
industrial,2017,MTC,all_published,,11,11,5,0,10.412156,5.7792619,16.076841,DOM_RI_RIE;MTC_CT_UI;MTC_MA_MECO;MTC_ME_CMP;MTC_ME_VERSANT;MTC_NH_LIBERTY;MTC_NY_CENTHUD;MTC_NY_NIMO;MTC_NY_NYSEG;MTC_NY_RGE;MTC_VT_GMP,,Derived,Unweighted median and observed minimum-to-maximum range of EIA-published bundled prices; utilities are grouped by ownership in that year. Minority coverage means less than 50% of customers in the same class are bundled.,data/processed/utility_price_panel_2013_2024.csv
industrial,2017,DOM,all_published,,7,7,5,0,14.725691,7.180006,34.973711,DOM_CT_CLP;DOM_MA_FITCHBURG;DOM_MA_NSTAR;DOM_NH_PSNH;DOM_NH_UNITIL;DOM_NY_CECONY;DOM_NY_ORU,,Derived,Unweighted median and observed minimum-to-maximum range of EIA-published bundled prices; utilities are grouped by ownership in that year. Minority coverage means less than 50% of customers in the same class are bundled.,data/processed/utility_price_panel_2013_2024.csv
industrial,2017,COOP,all_published,,9,9,1,0,11.542337,3.5510772,14.900964,COOP_CT_NORWICH;COOP_CT_WALLINGFORD;COOP_MA_CHICOPEE;COOP_MA_PEABODY;COOP_MA_TAUNTON;COOP_NH_NHEC;COOP_NY_FAIRPORT;COOP_VT_BURLINGTON;COOP_VT_VEC,,Derived,Unweighted median and observed minimum-to-maximum range of EIA-published bundled prices; utilities are grouped by ownership in that year. Minority coverage means less than 50% of customers in the same class are bundled.,data/processed/utility_price_panel_2013_2024.csv
industrial,2018,MTC,all_published,,11,11,5,0,13.061717,6.4363868,17.479273,DOM_RI_RIE;MTC_CT_UI;MTC_MA_MECO;MTC_ME_CMP;MTC_ME_VERSANT;MTC_NH_LIBERTY;MTC_NY_CENTHUD;MTC_NY_NIMO;MTC_NY_NYSEG;MTC_NY_RGE;MTC_VT_GMP,,Derived,Unweighted median and observed minimum-to-maximum range of EIA-published bundled prices; utilities are grouped by ownership in that year. Minority coverage means less than 50% of customers in the same class are bundled.,data/processed/utility_price_panel_2013_2024.csv
industrial,2018,DOM,all_published,,7,7,5,0,16.230486,7.7805565,19.04423,DOM_CT_CLP;DOM_MA_FITCHBURG;DOM_MA_NSTAR;DOM_NH_PSNH;DOM_NH_UNITIL;DOM_NY_CECONY;DOM_NY_ORU,,Derived,Unweighted median and observed minimum-to-maximum range of EIA-published bundled prices; utilities are grouped by ownership in that year. Minority coverage means less than 50% of customers in the same class are bundled.,data/processed/utility_price_panel_2013_2024.csv
industrial,2018,COOP,all_published,,9,9,1,0,11.558463,3.9212866,15.379502,COOP_CT_NORWICH;COOP_CT_WALLINGFORD;COOP_MA_CHICOPEE;COOP_MA_PEABODY;COOP_MA_TAUNTON;COOP_NH_NHEC;COOP_NY_FAIRPORT;COOP_VT_BURLINGTON;COOP_VT_VEC,,Derived,Unweighted median and observed minimum-to-maximum range of EIA-published bundled prices; utilities are grouped by ownership in that year. Minority coverage means less than 50% of customers in the same class are bundled.,data/processed/utility_price_panel_2013_2024.csv
industrial,2019,MTC,all_published,,11,11,5,0,10.879224,5.0022881,19.310911,DOM_RI_RIE;MTC_CT_UI;MTC_MA_MECO;MTC_ME_CMP;MTC_ME_VERSANT;MTC_NH_LIBERTY;MTC_NY_CENTHUD;MTC_NY_NIMO;MTC_NY_NYSEG;MTC_NY_RGE;MTC_VT_GMP,,Derived,Unweighted median and observed minimum-to-maximum range of EIA-published bundled prices; utilities are grouped by ownership in that year. Minority coverage means less than 50% of customers in the same class are bundled.,data/processed/utility_price_panel_2013_2024.csv
industrial,2019,DOM,all_published,,7,7,5,0,14.196139,5.4483893,19.981673,DOM_CT_CLP;DOM_MA_FITCHBURG;DOM_MA_NSTAR;DOM_NH_PSNH;DOM_NH_UNITIL;DOM_NY_CECONY;DOM_NY_ORU,,Derived,Unweighted median and observed minimum-to-maximum range of EIA-published bundled prices; utilities are grouped by ownership in that year. Minority coverage means less than 50% of customers in the same class are bundled.,data/processed/utility_price_panel_2013_2024.csv
industrial,2019,COOP,all_published,,9,9,1,0,11.67094,3.7314525,14.602853,COOP_CT_NORWICH;COOP_CT_WALLINGFORD;COOP_MA_CHICOPEE;COOP_MA_PEABODY;COOP_MA_TAUNTON;COOP_NH_NHEC;COOP_NY_FAIRPORT;COOP_VT_BURLINGTON;COOP_VT_VEC,,Derived,Unweighted median and observed minimum-to-maximum range of EIA-published bundled prices; utilities are grouped by ownership in that year. Minority coverage means less than 50% of customers in the same class are bundled.,data/processed/utility_price_panel_2013_2024.csv
industrial,2020,MTC,all_published,,11,11,5,0,10.916897,4.9481663,19.436159,DOM_RI_RIE;MTC_CT_UI;MTC_MA_MECO;MTC_ME_CMP;MTC_ME_VERSANT;MTC_NH_LIBERTY;MTC_NY_CENTHUD;MTC_NY_NIMO;MTC_NY_NYSEG;MTC_NY_RGE;MTC_VT_GMP,,Derived,Unweighted median and observed minimum-to-maximum range of EIA-published bundled prices; utilities are grouped by ownership in that year. Minority coverage means less than 50% of customers in the same class are bundled.,data/processed/utility_price_panel_2013_2024.csv
industrial,2020,DOM,all_published,,7,7,5,0,12.593904,4.3207275,22.572075,DOM_CT_CLP;DOM_MA_FITCHBURG;DOM_MA_NSTAR;DOM_NH_PSNH;DOM_NH_UNITIL;DOM_NY_CECONY;DOM_NY_ORU,,Derived,Unweighted median and observed minimum-to-maximum range of EIA-published bundled prices; utilities are grouped by ownership in that year. Minority coverage means less than 50% of customers in the same class are bundled.,data/processed/utility_price_panel_2013_2024.csv
industrial,2020,COOP,all_published,,9,9,1,0,11.346924,4.0941174,15.580847,COOP_CT_NORWICH;COOP_CT_WALLINGFORD;COOP_MA_CHICOPEE;COOP_MA_PEABODY;COOP_MA_TAUNTON;COOP_NH_NHEC;COOP_NY_FAIRPORT;COOP_VT_BURLINGTON;COOP_VT_VEC,,Derived,Unweighted median and observed minimum-to-maximum range of EIA-published bundled prices; utilities are grouped by ownership in that year. Minority coverage means less than 50% of customers in the same class are bundled.,data/processed/utility_price_panel_2013_2024.csv
industrial,2021,MTC,all_published,,11,11,5,0,12.759757,6.5912694,19.329305,DOM_RI_RIE;MTC_CT_UI;MTC_MA_MECO;MTC_ME_CMP;MTC_ME_VERSANT;MTC_NH_LIBERTY;MTC_NY_CENTHUD;MTC_NY_NIMO;MTC_NY_NYSEG;MTC_NY_RGE;MTC_VT_GMP,,Derived,Unweighted median and observed minimum-to-maximum range of EIA-published bundled prices; utilities are grouped by ownership in that year. Minority coverage means less than 50% of customers in the same class are bundled.,data/processed/utility_price_panel_2013_2024.csv
industrial,2021,DOM,all_published,,7,7,5,0,16.257555,5.7701692,21.00189,DOM_CT_CLP;DOM_MA_FITCHBURG;DOM_MA_NSTAR;DOM_NH_PSNH;DOM_NH_UNITIL;DOM_NY_CECONY;DOM_NY_ORU,,Derived,Unweighted median and observed minimum-to-maximum range of EIA-published bundled prices; utilities are grouped by ownership in that year. Minority coverage means less than 50% of customers in the same class are bundled.,data/processed/utility_price_panel_2013_2024.csv
industrial,2021,COOP,all_published,,9,9,1,0,11.479517,4.6201568,18.554659,COOP_CT_NORWICH;COOP_CT_WALLINGFORD;COOP_MA_CHICOPEE;COOP_MA_PEABODY;COOP_MA_TAUNTON;COOP_NH_NHEC;COOP_NY_FAIRPORT;COOP_VT_BURLINGTON;COOP_VT_VEC,,Derived,Unweighted median and observed minimum-to-maximum range of EIA-published bundled prices; utilities are grouped by ownership in that year. Minority coverage means less than 50% of customers in the same class are bundled.,data/processed/utility_price_panel_2013_2024.csv
industrial,2022,MTC,all_published,,10,10,5,0,16.55423,9.2165043,23.954389,MTC_CT_UI;MTC_MA_MECO;MTC_ME_CMP;MTC_ME_VERSANT;MTC_NH_LIBERTY;MTC_NY_CENTHUD;MTC_NY_NIMO;MTC_NY_NYSEG;MTC_NY_RGE;MTC_VT_GMP,,Derived,Unweighted median and observed minimum-to-maximum range of EIA-published bundled prices; utilities are grouped by ownership in that year. Minority coverage means less than 50% of customers in the same class are bundled.,data/processed/utility_price_panel_2013_2024.csv
industrial,2022,DOM,all_published,,8,8,5,0,22.095760499999997,7.7962239,32.291628,DOM_CT_CLP;DOM_MA_FITCHBURG;DOM_MA_NSTAR;DOM_NH_PSNH;DOM_NH_UNITIL;DOM_NY_CECONY;DOM_NY_ORU;DOM_RI_RIE,,Derived,Unweighted median and observed minimum-to-maximum range of EIA-published bundled prices; utilities are grouped by ownership in that year. Minority coverage means less than 50% of customers in the same class are bundled.,data/processed/utility_price_panel_2013_2024.csv
industrial,2022,COOP,all_published,,9,9,1,0,13.403149,4.2136663,20.411147,COOP_CT_NORWICH;COOP_CT_WALLINGFORD;COOP_MA_CHICOPEE;COOP_MA_PEABODY;COOP_MA_TAUNTON;COOP_NH_NHEC;COOP_NY_FAIRPORT;COOP_VT_BURLINGTON;COOP_VT_VEC,,Derived,Unweighted median and observed minimum-to-maximum range of EIA-published bundled prices; utilities are grouped by ownership in that year. Minority coverage means less than 50% of customers in the same class are bundled.,data/processed/utility_price_panel_2013_2024.csv
industrial,2023,MTC,all_published,,10,10,6,0,14.9189805,6.7760342,27.589186,MTC_CT_UI;MTC_MA_MECO;MTC_ME_CMP;MTC_ME_VERSANT;MTC_NH_LIBERTY;MTC_NY_CENTHUD;MTC_NY_NIMO;MTC_NY_NYSEG;MTC_NY_RGE;MTC_VT_GMP,,Derived,Unweighted median and observed minimum-to-maximum range of EIA-published bundled prices; utilities are grouped by ownership in that year. Minority coverage means less than 50% of customers in the same class are bundled.,data/processed/utility_price_panel_2013_2024.csv
industrial,2023,DOM,all_published,,8,8,5,0,24.4109815,6.0745423,33.453844,DOM_CT_CLP;DOM_MA_FITCHBURG;DOM_MA_NSTAR;DOM_NH_PSNH;DOM_NH_UNITIL;DOM_NY_CECONY;DOM_NY_ORU;DOM_RI_RIE,,Derived,Unweighted median and observed minimum-to-maximum range of EIA-published bundled prices; utilities are grouped by ownership in that year. Minority coverage means less than 50% of customers in the same class are bundled.,data/processed/utility_price_panel_2013_2024.csv
industrial,2023,COOP,all_published,,9,9,1,0,14.77205,3.6314048,20.656368,COOP_CT_NORWICH;COOP_CT_WALLINGFORD;COOP_MA_CHICOPEE;COOP_MA_PEABODY;COOP_MA_TAUNTON;COOP_NH_NHEC;COOP_NY_FAIRPORT;COOP_VT_BURLINGTON;COOP_VT_VEC,,Derived,Unweighted median and observed minimum-to-maximum range of EIA-published bundled prices; utilities are grouped by ownership in that year. Minority coverage means less than 50% of customers in the same class are bundled.,data/processed/utility_price_panel_2013_2024.csv
industrial,2024,MTC,all_published,,10,10,6,0,15.9857245,5.9980794,23.886447,MTC_CT_UI;MTC_MA_MECO;MTC_ME_CMP;MTC_ME_VERSANT;MTC_NH_LIBERTY;MTC_NY_CENTHUD;MTC_NY_NIMO;MTC_NY_NYSEG;MTC_NY_RGE;MTC_VT_GMP,,Derived,Unweighted median and observed minimum-to-maximum range of EIA-published bundled prices; utilities are grouped by ownership in that year. Minority coverage means less than 50% of customers in the same class are bundled.,data/processed/utility_price_panel_2013_2024.csv
industrial,2024,DOM,all_published,,8,8,4,0,20.476667,9.3232163,30.954324,DOM_CT_CLP;DOM_MA_NSTAR;DOM_NH_PSNH;DOM_NH_UNITIL;DOM_NY_CECONY;DOM_NY_FIRSTENERGY;DOM_NY_ORU;DOM_RI_RIE,,Derived,Unweighted median and observed minimum-to-maximum range of EIA-published bundled prices; utilities are grouped by ownership in that year. Minority coverage means less than 50% of customers in the same class are bundled.,data/processed/utility_price_panel_2013_2024.csv
industrial,2024,COOP,all_published,,9,9,1,0,14.259497,4.9509571,19.09677,COOP_CT_NORWICH;COOP_CT_WALLINGFORD;COOP_MA_CHICOPEE;COOP_MA_PEABODY;COOP_MA_TAUNTON;COOP_NH_NHEC;COOP_NY_FAIRPORT;COOP_VT_BURLINGTON;COOP_VT_VEC,,Derived,Unweighted median and observed minimum-to-maximum range of EIA-published bundled prices; utilities are grouped by ownership in that year. Minority coverage means less than 50% of customers in the same class are bundled.,data/processed/utility_price_panel_2013_2024.csv
industrial,2013,MTC,majority_coverage,50.0,8,5,3,3,12.190155,10.458238,13.36131,DOM_RI_RIE;MTC_MA_MECO;MTC_NH_LIBERTY;MTC_NY_CENTHUD;MTC_VT_GMP,MTC_NY_NIMO;MTC_NY_NYSEG;MTC_NY_RGE,Derived,Unweighted median and observed minimum-to-maximum range of EIA-published bundled prices; utilities are grouped by ownership in that year. Minority coverage means less than 50% of customers in the same class are bundled.,data/processed/utility_price_panel_2013_2024.csv
industrial,2013,DOM,majority_coverage,50.0,8,2,6,6,17.5281358,8.0287816,27.02749,DOM_NH_PSNH;DOM_NY_ORU,DOM_CT_CLP;DOM_MA_FITCHBURG;DOM_MA_NSTAR;DOM_NH_UNITIL;DOM_NY_CECONY;MTC_CT_UI,Derived,Unweighted median and observed minimum-to-maximum range of EIA-published bundled prices; utilities are grouped by ownership in that year. Minority coverage means less than 50% of customers in the same class are bundled.,data/processed/utility_price_panel_2013_2024.csv
industrial,2013,COOP,majority_coverage,50.0,10,10,0,0,10.914818,3.5197303,12.964968,COOP_CT_NORWICH;COOP_CT_WALLINGFORD;COOP_MA_CHICOPEE;COOP_MA_PEABODY;COOP_MA_READING;COOP_MA_TAUNTON;COOP_NH_NHEC;COOP_NY_FAIRPORT;COOP_VT_BURLINGTON;COOP_VT_VEC,,Derived,Unweighted median and observed minimum-to-maximum range of EIA-published bundled prices; utilities are grouped by ownership in that year. Minority coverage means less than 50% of customers in the same class are bundled.,data/processed/utility_price_panel_2013_2024.csv
industrial,2014,MTC,majority_coverage,50.0,8,5,3,3,14.073079,9.7264459,15.619041,DOM_RI_RIE;MTC_MA_MECO;MTC_NH_LIBERTY;MTC_NY_CENTHUD;MTC_VT_GMP,MTC_NY_NIMO;MTC_NY_NYSEG;MTC_NY_RGE,Derived,Unweighted median and observed minimum-to-maximum range of EIA-published bundled prices; utilities are grouped by ownership in that year. Minority coverage means less than 50% of customers in the same class are bundled.,data/processed/utility_price_panel_2013_2024.csv
industrial,2014,DOM,majority_coverage,50.0,8,3,5,5,14.653792,14.222121,24.979932,DOM_CT_CLP;DOM_MA_NSTAR;DOM_NH_PSNH,DOM_MA_FITCHBURG;DOM_NH_UNITIL;DOM_NY_CECONY;DOM_NY_ORU;MTC_CT_UI,Derived,Unweighted median and observed minimum-to-maximum range of EIA-published bundled prices; utilities are grouped by ownership in that year. Minority coverage means less than 50% of customers in the same class are bundled.,data/processed/utility_price_panel_2013_2024.csv
industrial,2014,COOP,majority_coverage,50.0,10,10,0,0,11.3145965,3.9085473,27.197496,COOP_CT_NORWICH;COOP_CT_WALLINGFORD;COOP_MA_CHICOPEE;COOP_MA_PEABODY;COOP_MA_READING;COOP_MA_TAUNTON;COOP_NH_NHEC;COOP_NY_FAIRPORT;COOP_VT_BURLINGTON;COOP_VT_VEC,,Derived,Unweighted median and observed minimum-to-maximum range of EIA-published bundled prices; utilities are grouped by ownership in that year. Minority coverage means less than 50% of customers in the same class are bundled.,data/processed/utility_price_panel_2013_2024.csv
industrial,2015,MTC,majority_coverage,50.0,10,6,4,4,13.531582499999999,9.1608412,18.076174,DOM_RI_RIE;MTC_MA_MECO;MTC_ME_CMP;MTC_NH_LIBERTY;MTC_NY_CENTHUD;MTC_VT_GMP,MTC_ME_VERSANT;MTC_NY_NIMO;MTC_NY_NYSEG;MTC_NY_RGE,Derived,Unweighted median and observed minimum-to-maximum range of EIA-published bundled prices; utilities are grouped by ownership in that year. Minority coverage means less than 50% of customers in the same class are bundled.,data/processed/utility_price_panel_2013_2024.csv
industrial,2015,DOM,majority_coverage,50.0,8,2,6,6,20.138894,15.726143,24.551645,DOM_CT_CLP;DOM_NH_PSNH,DOM_MA_FITCHBURG;DOM_MA_NSTAR;DOM_NH_UNITIL;DOM_NY_CECONY;DOM_NY_ORU;MTC_CT_UI,Derived,Unweighted median and observed minimum-to-maximum range of EIA-published bundled prices; utilities are grouped by ownership in that year. Minority coverage means less than 50% of customers in the same class are bundled.,data/processed/utility_price_panel_2013_2024.csv
industrial,2015,COOP,majority_coverage,50.0,10,9,1,1,11.479744,3.5172037,15.892936,COOP_CT_NORWICH;COOP_CT_WALLINGFORD;COOP_MA_CHICOPEE;COOP_MA_PEABODY;COOP_MA_READING;COOP_MA_TAUNTON;COOP_NY_FAIRPORT;COOP_VT_BURLINGTON;COOP_VT_VEC,COOP_NH_NHEC,Derived,Unweighted median and observed minimum-to-maximum range of EIA-published bundled prices; utilities are grouped by ownership in that year. Minority coverage means less than 50% of customers in the same class are bundled.,data/processed/utility_price_panel_2013_2024.csv
industrial,2016,MTC,majority_coverage,50.0,11,6,5,5,10.297445549999999,8.6116762,15.187268,DOM_RI_RIE;MTC_ME_CMP;MTC_ME_VERSANT;MTC_NH_LIBERTY;MTC_NY_CENTHUD;MTC_VT_GMP,MTC_CT_UI;MTC_MA_MECO;MTC_NY_NIMO;MTC_NY_NYSEG;MTC_NY_RGE,Derived,Unweighted median and observed minimum-to-maximum range of EIA-published bundled prices; utilities are grouped by ownership in that year. Minority coverage means less than 50% of customers in the same class are bundled.,data/processed/utility_price_panel_2013_2024.csv
industrial,2016,DOM,majority_coverage,50.0,7,2,5,5,26.104354,14.42464,37.784068,DOM_CT_CLP;DOM_NH_PSNH,DOM_MA_FITCHBURG;DOM_MA_NSTAR;DOM_NH_UNITIL;DOM_NY_CECONY;DOM_NY_ORU,Derived,Unweighted median and observed minimum-to-maximum range of EIA-published bundled prices; utilities are grouped by ownership in that year. Minority coverage means less than 50% of customers in the same class are bundled.,data/processed/utility_price_panel_2013_2024.csv
industrial,2016,COOP,majority_coverage,50.0,10,9,1,1,11.545748,3.5975032,15.482788,COOP_CT_NORWICH;COOP_CT_WALLINGFORD;COOP_MA_CHICOPEE;COOP_MA_PEABODY;COOP_MA_READING;COOP_MA_TAUNTON;COOP_NY_FAIRPORT;COOP_VT_BURLINGTON;COOP_VT_VEC,COOP_NH_NHEC,Derived,Unweighted median and observed minimum-to-maximum range of EIA-published bundled prices; utilities are grouped by ownership in that year. Minority coverage means less than 50% of customers in the same class are bundled.,data/processed/utility_price_panel_2013_2024.csv
industrial,2017,MTC,majority_coverage,50.0,11,6,5,5,10.1838671,9.1984943,15.584041,DOM_RI_RIE;MTC_ME_CMP;MTC_ME_VERSANT;MTC_NH_LIBERTY;MTC_NY_CENTHUD;MTC_VT_GMP,MTC_CT_UI;MTC_MA_MECO;MTC_NY_NIMO;MTC_NY_NYSEG;MTC_NY_RGE,Derived,Unweighted median and observed minimum-to-maximum range of EIA-published bundled prices; utilities are grouped by ownership in that year. Minority coverage means less than 50% of customers in the same class are bundled.,data/processed/utility_price_panel_2013_2024.csv
industrial,2017,DOM,majority_coverage,50.0,7,2,5,5,24.849701,14.725691,34.973711,DOM_CT_CLP;DOM_NH_PSNH,DOM_MA_FITCHBURG;DOM_MA_NSTAR;DOM_NH_UNITIL;DOM_NY_CECONY;DOM_NY_ORU,Derived,Unweighted median and observed minimum-to-maximum range of EIA-published bundled prices; utilities are grouped by ownership in that year. Minority coverage means less than 50% of customers in the same class are bundled.,data/processed/utility_price_panel_2013_2024.csv
industrial,2017,COOP,majority_coverage,50.0,9,8,1,1,11.209811,3.5510772,14.900964,COOP_CT_NORWICH;COOP_CT_WALLINGFORD;COOP_MA_CHICOPEE;COOP_MA_PEABODY;COOP_MA_TAUNTON;COOP_NY_FAIRPORT;COOP_VT_BURLINGTON;COOP_VT_VEC,COOP_NH_NHEC,Derived,Unweighted median and observed minimum-to-maximum range of EIA-published bundled prices; utilities are grouped by ownership in that year. Minority coverage means less than 50% of customers in the same class are bundled.,data/processed/utility_price_panel_2013_2024.csv
industrial,2018,MTC,majority_coverage,50.0,11,6,5,5,13.360914999999999,10.340887,17.479273,DOM_RI_RIE;MTC_ME_CMP;MTC_ME_VERSANT;MTC_NH_LIBERTY;MTC_NY_CENTHUD;MTC_VT_GMP,MTC_CT_UI;MTC_MA_MECO;MTC_NY_NIMO;MTC_NY_NYSEG;MTC_NY_RGE,Derived,Unweighted median and observed minimum-to-maximum range of EIA-published bundled prices; utilities are grouped by ownership in that year. Minority coverage means less than 50% of customers in the same class are bundled.,data/processed/utility_price_panel_2013_2024.csv
industrial,2018,DOM,majority_coverage,50.0,7,2,5,5,14.040885,11.628088,16.453682,DOM_CT_CLP;DOM_NH_PSNH,DOM_MA_FITCHBURG;DOM_MA_NSTAR;DOM_NH_UNITIL;DOM_NY_CECONY;DOM_NY_ORU,Derived,Unweighted median and observed minimum-to-maximum range of EIA-published bundled prices; utilities are grouped by ownership in that year. Minority coverage means less than 50% of customers in the same class are bundled.,data/processed/utility_price_panel_2013_2024.csv
industrial,2018,COOP,majority_coverage,50.0,9,8,1,1,11.493398,3.9212866,14.737122,COOP_CT_NORWICH;COOP_CT_WALLINGFORD;COOP_MA_CHICOPEE;COOP_MA_PEABODY;COOP_MA_TAUNTON;COOP_NY_FAIRPORT;COOP_VT_BURLINGTON;COOP_VT_VEC,COOP_NH_NHEC,Derived,Unweighted median and observed minimum-to-maximum range of EIA-published bundled prices; utilities are grouped by ownership in that year. Minority coverage means less than 50% of customers in the same class are bundled.,data/processed/utility_price_panel_2013_2024.csv
industrial,2019,MTC,majority_coverage,50.0,11,6,5,5,13.032666500000001,10.02075,19.310911,DOM_RI_RIE;MTC_ME_CMP;MTC_ME_VERSANT;MTC_NH_LIBERTY;MTC_NY_CENTHUD;MTC_VT_GMP,MTC_CT_UI;MTC_MA_MECO;MTC_NY_NIMO;MTC_NY_NYSEG;MTC_NY_RGE,Derived,Unweighted median and observed minimum-to-maximum range of EIA-published bundled prices; utilities are grouped by ownership in that year. Minority coverage means less than 50% of customers in the same class are bundled.,data/processed/utility_price_panel_2013_2024.csv
industrial,2019,DOM,majority_coverage,50.0,7,2,5,5,13.623683,10.307913,16.939453,DOM_CT_CLP;DOM_NH_PSNH,DOM_MA_FITCHBURG;DOM_MA_NSTAR;DOM_NH_UNITIL;DOM_NY_CECONY;DOM_NY_ORU,Derived,Unweighted median and observed minimum-to-maximum range of EIA-published bundled prices; utilities are grouped by ownership in that year. Minority coverage means less than 50% of customers in the same class are bundled.,data/processed/utility_price_panel_2013_2024.csv
industrial,2019,COOP,majority_coverage,50.0,9,8,1,1,11.560595,3.7314525,14.602853,COOP_CT_NORWICH;COOP_CT_WALLINGFORD;COOP_MA_CHICOPEE;COOP_MA_PEABODY;COOP_MA_TAUNTON;COOP_NY_FAIRPORT;COOP_VT_BURLINGTON;COOP_VT_VEC,COOP_NH_NHEC,Derived,Unweighted median and observed minimum-to-maximum range of EIA-published bundled prices; utilities are grouped by ownership in that year. Minority coverage means less than 50% of customers in the same class are bundled.,data/processed/utility_price_panel_2013_2024.csv
industrial,2020,MTC,majority_coverage,50.0,11,6,5,5,12.332435499999999,9.3307436,19.436159,DOM_RI_RIE;MTC_ME_CMP;MTC_ME_VERSANT;MTC_NH_LIBERTY;MTC_NY_CENTHUD;MTC_VT_GMP,MTC_CT_UI;MTC_MA_MECO;MTC_NY_NIMO;MTC_NY_NYSEG;MTC_NY_RGE,Derived,Unweighted median and observed minimum-to-maximum range of EIA-published bundled prices; utilities are grouped by ownership in that year. Minority coverage means less than 50% of customers in the same class are bundled.,data/processed/utility_price_panel_2013_2024.csv
industrial,2020,DOM,majority_coverage,50.0,7,2,5,5,10.821978999999999,10.074378,11.56958,DOM_CT_CLP;DOM_NH_PSNH,DOM_MA_FITCHBURG;DOM_MA_NSTAR;DOM_NH_UNITIL;DOM_NY_CECONY;DOM_NY_ORU,Derived,Unweighted median and observed minimum-to-maximum range of EIA-published bundled prices; utilities are grouped by ownership in that year. Minority coverage means less than 50% of customers in the same class are bundled.,data/processed/utility_price_panel_2013_2024.csv
industrial,2020,COOP,majority_coverage,50.0,9,8,1,1,11.2774195,4.0941174,15.580847,COOP_CT_NORWICH;COOP_CT_WALLINGFORD;COOP_MA_CHICOPEE;COOP_MA_PEABODY;COOP_MA_TAUNTON;COOP_NY_FAIRPORT;COOP_VT_BURLINGTON;COOP_VT_VEC,COOP_NH_NHEC,Derived,Unweighted median and observed minimum-to-maximum range of EIA-published bundled prices; utilities are grouped by ownership in that year. Minority coverage means less than 50% of customers in the same class are bundled.,data/processed/utility_price_panel_2013_2024.csv
industrial,2021,MTC,majority_coverage,50.0,11,6,5,5,12.565805000000001,11.025351,19.329305,DOM_RI_RIE;MTC_ME_CMP;MTC_ME_VERSANT;MTC_NH_LIBERTY;MTC_NY_CENTHUD;MTC_VT_GMP,MTC_CT_UI;MTC_MA_MECO;MTC_NY_NIMO;MTC_NY_NYSEG;MTC_NY_RGE,Derived,Unweighted median and observed minimum-to-maximum range of EIA-published bundled prices; utilities are grouped by ownership in that year. Minority coverage means less than 50% of customers in the same class are bundled.,data/processed/utility_price_panel_2013_2024.csv
industrial,2021,DOM,majority_coverage,50.0,7,2,5,5,14.153213000000001,12.048871,16.257555,DOM_CT_CLP;DOM_NH_PSNH,DOM_MA_FITCHBURG;DOM_MA_NSTAR;DOM_NH_UNITIL;DOM_NY_CECONY;DOM_NY_ORU,Derived,Unweighted median and observed minimum-to-maximum range of EIA-published bundled prices; utilities are grouped by ownership in that year. Minority coverage means less than 50% of customers in the same class are bundled.,data/processed/utility_price_panel_2013_2024.csv
industrial,2021,COOP,majority_coverage,50.0,9,8,1,1,11.447227,4.6201568,18.554659,COOP_CT_NORWICH;COOP_CT_WALLINGFORD;COOP_MA_CHICOPEE;COOP_MA_PEABODY;COOP_MA_TAUNTON;COOP_NY_FAIRPORT;COOP_VT_BURLINGTON;COOP_VT_VEC,COOP_NH_NHEC,Derived,Unweighted median and observed minimum-to-maximum range of EIA-published bundled prices; utilities are grouped by ownership in that year. Minority coverage means less than 50% of customers in the same class are bundled.,data/processed/utility_price_panel_2013_2024.csv
industrial,2022,MTC,majority_coverage,50.0,10,5,5,5,16.465644,9.2165043,20.52789,MTC_ME_CMP;MTC_ME_VERSANT;MTC_NH_LIBERTY;MTC_NY_CENTHUD;MTC_VT_GMP,MTC_CT_UI;MTC_MA_MECO;MTC_NY_NIMO;MTC_NY_NYSEG;MTC_NY_RGE,Derived,Unweighted median and observed minimum-to-maximum range of EIA-published bundled prices; utilities are grouped by ownership in that year. Minority coverage means less than 50% of customers in the same class are bundled.,data/processed/utility_price_panel_2013_2024.csv
industrial,2022,DOM,majority_coverage,50.0,8,3,5,5,23.107303,21.732052,23.957152,DOM_CT_CLP;DOM_NH_PSNH;DOM_RI_RIE,DOM_MA_FITCHBURG;DOM_MA_NSTAR;DOM_NH_UNITIL;DOM_NY_CECONY;DOM_NY_ORU,Derived,Unweighted median and observed minimum-to-maximum range of EIA-published bundled prices; utilities are grouped by ownership in that year. Minority coverage means less than 50% of customers in the same class are bundled.,data/processed/utility_price_panel_2013_2024.csv
industrial,2022,COOP,majority_coverage,50.0,9,8,1,1,12.810519,4.2136663,17.52558,COOP_CT_NORWICH;COOP_CT_WALLINGFORD;COOP_MA_CHICOPEE;COOP_MA_PEABODY;COOP_MA_TAUNTON;COOP_NY_FAIRPORT;COOP_VT_BURLINGTON;COOP_VT_VEC,COOP_NH_NHEC,Derived,Unweighted median and observed minimum-to-maximum range of EIA-published bundled prices; utilities are grouped by ownership in that year. Minority coverage means less than 50% of customers in the same class are bundled.,data/processed/utility_price_panel_2013_2024.csv
industrial,2023,MTC,majority_coverage,50.0,10,4,6,6,14.9189805,10.588328,22.621011,MTC_ME_CMP;MTC_ME_VERSANT;MTC_NY_CENTHUD;MTC_VT_GMP,MTC_CT_UI;MTC_MA_MECO;MTC_NH_LIBERTY;MTC_NY_NIMO;MTC_NY_NYSEG;MTC_NY_RGE,Derived,Unweighted median and observed minimum-to-maximum range of EIA-published bundled prices; utilities are grouped by ownership in that year. Minority coverage means less than 50% of customers in the same class are bundled.,data/processed/utility_price_panel_2013_2024.csv
industrial,2023,DOM,majority_coverage,50.0,8,3,5,5,28.00162,26.895195,29.786087,DOM_CT_CLP;DOM_NH_PSNH;DOM_RI_RIE,DOM_MA_FITCHBURG;DOM_MA_NSTAR;DOM_NH_UNITIL;DOM_NY_CECONY;DOM_NY_ORU,Derived,Unweighted median and observed minimum-to-maximum range of EIA-published bundled prices; utilities are grouped by ownership in that year. Minority coverage means less than 50% of customers in the same class are bundled.,data/processed/utility_price_panel_2013_2024.csv
industrial,2023,COOP,majority_coverage,50.0,9,8,1,1,13.6734535,3.6314048,20.656368,COOP_CT_NORWICH;COOP_CT_WALLINGFORD;COOP_MA_CHICOPEE;COOP_MA_PEABODY;COOP_MA_TAUNTON;COOP_NY_FAIRPORT;COOP_VT_BURLINGTON;COOP_VT_VEC,COOP_NH_NHEC,Derived,Unweighted median and observed minimum-to-maximum range of EIA-published bundled prices; utilities are grouped by ownership in that year. Minority coverage means less than 50% of customers in the same class are bundled.,data/processed/utility_price_panel_2013_2024.csv
industrial,2024,MTC,majority_coverage,50.0,10,4,6,6,15.9857245,10.836235,20.36466,MTC_ME_CMP;MTC_ME_VERSANT;MTC_NY_CENTHUD;MTC_VT_GMP,MTC_CT_UI;MTC_MA_MECO;MTC_NH_LIBERTY;MTC_NY_NIMO;MTC_NY_NYSEG;MTC_NY_RGE,Derived,Unweighted median and observed minimum-to-maximum range of EIA-published bundled prices; utilities are grouped by ownership in that year. Minority coverage means less than 50% of customers in the same class are bundled.,data/processed/utility_price_panel_2013_2024.csv
industrial,2024,DOM,majority_coverage,50.0,8,4,4,4,23.662765999999998,13.18001,30.954324,DOM_CT_CLP;DOM_NY_CECONY;DOM_NY_FIRSTENERGY;DOM_RI_RIE,DOM_MA_NSTAR;DOM_NH_PSNH;DOM_NH_UNITIL;DOM_NY_ORU,Derived,Unweighted median and observed minimum-to-maximum range of EIA-published bundled prices; utilities are grouped by ownership in that year. Minority coverage means less than 50% of customers in the same class are bundled.,data/processed/utility_price_panel_2013_2024.csv
industrial,2024,COOP,majority_coverage,50.0,9,8,1,1,13.989628,4.9509571,19.09677,COOP_CT_NORWICH;COOP_CT_WALLINGFORD;COOP_MA_CHICOPEE;COOP_MA_PEABODY;COOP_MA_TAUNTON;COOP_NY_FAIRPORT;COOP_VT_BURLINGTON;COOP_VT_VEC,COOP_NH_NHEC,Derived,Unweighted median and observed minimum-to-maximum range of EIA-published bundled prices; utilities are grouped by ownership in that year. Minority coverage means less than 50% of customers in the same class are bundled.,data/processed/utility_price_panel_2013_2024.csv
