panel_id,utility_id_eia,utility_name_eia,display_name,state,year,ownership,ownership_2024,eia_entity_type_2024,residential_customers_2024,selection_rule,source_report,source_url,ownership_source_url,residential_average_price_cents_kwh,bundled_residential_customers,delivery_only_residential_customers,total_distribution_residential_customers,bundled_residential_customer_share_pct,residential_coverage_flag,residential_source_status,commercial_average_price_cents_kwh,bundled_commercial_customers,delivery_only_commercial_customers,total_distribution_commercial_customers,bundled_commercial_customer_share_pct,commercial_coverage_flag,commercial_source_status,industrial_average_price_cents_kwh,bundled_industrial_customers,delivery_only_industrial_customers,total_distribution_industrial_customers,bundled_industrial_customer_share_pct,industrial_coverage_flag,industrial_source_status,eia_ownership_label
DOM_NY_CECONY,4226,Consolidated Edison Co-NY Inc,Con Edison (CECONY),NY,2013,DOM,DOM,Investor Owned,3064038,"At least 10,000 residential customers in the 2024 regional EIA/PUDL roster","EIA Electric Sales, Revenue, and Average Price",https://www.eia.gov/electricity/sales_revenue_price/archive/f8612013.zip,https://investor.conedison.com/static-files/0b4e12b3-f43b-4398-a04b-3699537cabb5,26.992352,2113173,746375,2859548,73.89884695063695,majority_coverage,Reported,20.607874,341327,152969,494296,69.05315843138524,majority_coverage,Reported,18.295924,85,679,764,11.12565445026178,minority_coverage,Reported,Investor Owned
MTC_NY_NIMO,13573,Niagara Mohawk Power Corp.,Niagara Mohawk (National Grid),NY,2013,MTC,MTC,Investor Owned,1532294,"At least 10,000 residential customers in the 2024 regional EIA/PUDL roster","EIA Electric Sales, Revenue, and Average Price",https://www.eia.gov/electricity/sales_revenue_price/archive/f8612013.zip,https://www.nationalgrid.com/document/152396/download,14.182387,1165012,301568,1466580,79.43733038770473,majority_coverage,Reported,12.058666,97955,71720,169675,57.73095623987034,majority_coverage,Reported,8.1045231,630,1026,1656,38.04347826086956,minority_coverage,Reported,Investor Owned
DOM_MA_NSTAR,54913,NSTAR Electric Company,NSTAR Electric (Eversource Massachusetts),MA,2013,DOM,DOM,Investor Owned,1303076,"At least 10,000 residential customers in the 2024 regional EIA/PUDL roster","EIA Electric Sales, Revenue, and Average Price",https://www.eia.gov/electricity/sales_revenue_price/archive/f8612013.zip,https://investors.eversource.com/static-files/1526fda9-4ffa-4cfd-bbd7-c9c18f56d3fe,17.582343,764238,238050,1002288,76.24934150663283,majority_coverage,Reported,16.634499,107808,58477,166285,64.83326818414169,majority_coverage,Reported,14.915686,1834,2533,4367,41.99679413785207,minority_coverage,Reported,Investor Owned
MTC_MA_MECO,11804,Massachusetts Electric Co,Massachusetts Electric (National Grid),MA,2013,MTC,MTC,Investor Owned,1210113,"At least 10,000 residential customers in the 2024 regional EIA/PUDL roster","EIA Electric Sales, Revenue, and Average Price",https://www.eia.gov/electricity/sales_revenue_price/archive/f8612013.zip,https://www.nationalgrid.com/document/152381/download,15.115871,983898,145870,1129768,87.08849958575566,majority_coverage,Reported,13.994647,117785,36132,153917,76.5250102327878,majority_coverage,Reported,13.36131,2707,1491,4198,64.48308718437352,majority_coverage,Reported,Investor Owned
DOM_CT_CLP,4176,Connecticut Light & Power Co,Connecticut Light & Power (Eversource Connecticut),CT,2013,DOM,DOM,Investor Owned,1174420,"At least 10,000 residential customers in the 2024 regional EIA/PUDL roster","EIA Electric Sales, Revenue, and Average Price",https://www.eia.gov/electricity/sales_revenue_price/archive/f8612013.zip,https://investors.eversource.com/static-files/1526fda9-4ffa-4cfd-bbd7-c9c18f56d3fe,16.012217,632396,473021,1105417,57.2088180297571,majority_coverage,Reported,13.988723,54000,54734,108734,49.6624790773815,minority_coverage,Reported,12.086429,1461,1786,3247,44.99538035109332,minority_coverage,Reported,Investor Owned
MTC_NY_NYSEG,13511,New York State Elec & Gas Corp,NYSEG,NY,2013,MTC,MTC,Investor Owned,792300,"At least 10,000 residential customers in the 2024 regional EIA/PUDL roster","EIA Electric Sales, Revenue, and Average Price",https://www.eia.gov/electricity/sales_revenue_price/archive/f8612013.zip,https://www.avangrid.com/aboutus/companyprofile,11.675316,574429,187235,761664,75.41763822367868,majority_coverage,Reported,11.515487,69136,48703,117839,58.669880090632134,majority_coverage,Reported,5.9777871,758,1397,2155,35.17401392111369,minority_coverage,Reported,Investor Owned
MTC_ME_CMP,3266,Central Maine Power Co,Central Maine Power,ME,2013,MTC,MTC,Investor Owned,577955,"At least 10,000 residential customers in the 2024 regional EIA/PUDL roster","EIA Electric Sales, Revenue, and Average Price",https://www.eia.gov/electricity/sales_revenue_price/archive/f8612013.zip,https://www.avangrid.com/aboutus/companyprofile,14.302326,31,547029,547060,0.005666654480312946,minority_coverage,Reported,11.048035,6,60732,60738,0.009878494517435542,minority_coverage,Reported,,0,2581,2581,0.0,no_published_price,Not reported,Investor Owned
DOM_NH_PSNH,15472,Public Service Co of NH,Public Service Company of New Hampshire,NH,2013,DOM,DOM,Investor Owned,459907,"At least 10,000 residential customers in the 2024 regional EIA/PUDL roster","EIA Electric Sales, Revenue, and Average Price",https://www.eia.gov/electricity/sales_revenue_price/archive/f8612013.zip,https://www.eversource.com/residential/about/doing-business-with-us/affiliates/list-of-affiliates,17.647539,345974,78697,424671,81.46871342757099,majority_coverage,Reported,17.471732,52071,21735,73806,70.5511747012438,majority_coverage,Reported,27.02749,1899,1039,2938,64.6358066712049,majority_coverage,Reported,Investor Owned
DOM_RI_RIE,13214,The Narragansett Electric Co,Rhode Island Energy (legal entity: Narragansett Electric),RI,2013,MTC,DOM,Investor Owned,451381,"At least 10,000 residential customers in the 2024 regional EIA/PUDL roster","EIA Electric Sales, Revenue, and Average Price",https://www.eia.gov/electricity/sales_revenue_price/archive/f8612013.zip,https://investors.pplweb.com/2024-04-02-PPL-Corporation-subsidiary-Rhode-Island-Energy-receives-regulatory-approval-for-planned-spending-to-strengthen-network-safety%2C-reliability-and-resilience,15.146715,423574,9185,432759,97.87757158141136,majority_coverage,Reported,13.182543,47353,9977,57330,82.59724402581546,majority_coverage,Reported,12.609802,1477,374,1851,79.79470556455969,majority_coverage,Reported,Investor Owned
MTC_NY_RGE,16183,Rochester Gas & Electric Corp,Rochester Gas & Electric,NY,2013,MTC,MTC,Investor Owned,351481,"At least 10,000 residential customers in the 2024 regional EIA/PUDL roster","EIA Electric Sales, Revenue, and Average Price",https://www.eia.gov/electricity/sales_revenue_price/archive/f8612013.zip,https://www.avangrid.com/aboutus/companyprofile,13.3108,246295,83885,330180,74.59416076079714,majority_coverage,Reported,13.039684,20991,18639,39630,52.96744890234671,majority_coverage,Reported,11.714802,314,579,893,35.162374020156776,minority_coverage,Reported,Investor Owned
MTC_CT_UI,19497,United Illuminating Co,United Illuminating,CT,2013,DOM,MTC,Investor Owned,312291,"At least 10,000 residential customers in the 2024 regional EIA/PUDL roster","EIA Electric Sales, Revenue, and Average Price",https://www.eia.gov/electricity/sales_revenue_price/archive/f8612013.zip,https://www.avangrid.com/aboutus/companyprofile,20.859724,144372,143146,287518,50.213204042877315,majority_coverage,Reported,15.844915,12482,18645,31127,40.100234523082854,minority_coverage,Reported,13.920201,294,905,1199,24.52043369474562,minority_coverage,Reported,Investor Owned
MTC_NY_CENTHUD,3249,Central Hudson Gas & Elec Corp,Central Hudson,NY,2013,MTC,MTC,Investor Owned,270859,"At least 10,000 residential customers in the 2024 regional EIA/PUDL roster","EIA Electric Sales, Revenue, and Average Price",https://www.eia.gov/electricity/sales_revenue_price/archive/f8612013.zip,https://www.fortisinc.com/company/our-companies/index,16.859186,217523,36370,253893,85.67506784354039,majority_coverage,Reported,13.207978,34217,11044,45261,75.59930182718013,majority_coverage,Reported,10.687106,799,272,1071,74.60317460317461,majority_coverage,Reported,Investor Owned
MTC_VT_GMP,7601,Green Mountain Power Corp,Green Mountain Power,VT,2013,MTC,MTC,Investor Owned,226675,"At least 10,000 residential customers in the 2024 regional EIA/PUDL roster","EIA Electric Sales, Revenue, and Average Price",https://www.eia.gov/electricity/sales_revenue_price/archive/f8612013.zip,https://energir.com/en/about/the-company/who-we-are/our-subsidiaries,17.080882,220367,0,220367,100.0,majority_coverage,Reported,14.499857,38438,0,38438,100.0,majority_coverage,Reported,10.458238,67,0,67,100.0,majority_coverage,Reported,Investor Owned
DOM_NY_ORU,14154,Orange & Rockland Utils Inc,Orange & Rockland Utilities,NY,2013,DOM,DOM,Investor Owned,211011,"At least 10,000 residential customers in the 2024 regional EIA/PUDL roster","EIA Electric Sales, Revenue, and Average Price",https://www.eia.gov/electricity/sales_revenue_price/archive/f8612013.zip,https://www.conedison.com/en/about-us/corporate-governance/corporate-leadership/michelle-oconnoll,19.456688,117183,78084,195267,60.011676320115534,majority_coverage,Reported,14.606526,16935,14154,31089,54.47264305702982,majority_coverage,Reported,8.0287816,47,43,90,52.22222222222222,majority_coverage,Reported,Investor Owned
MTC_ME_VERSANT,1179,Versant Power,Versant Power,ME,2013,MTC,MTC,Investor Owned,137906,"At least 10,000 residential customers in the 2024 regional EIA/PUDL roster","EIA Electric Sales, Revenue, and Average Price",https://www.eia.gov/electricity/sales_revenue_price/archive/f8612013.zip,https://www.versantpower.com/about/news-press-releases/blog-details/versant-power-to-welcome-new-president-in-2026,,0,101903,101903,0.0,no_published_price,Not reported,,0,17505,17505,0.0,no_published_price,Not reported,,0,45,45,0.0,no_published_price,Not reported,
COOP_NH_NHEC,13441,New Hampshire Elec Coop Inc,New Hampshire Electric Cooperative,NH,2013,COOP,COOP,Cooperative,74144,"At least 10,000 residential customers in the 2024 regional EIA/PUDL roster","EIA Electric Sales, Revenue, and Average Price",https://www.eia.gov/electricity/sales_revenue_price/archive/f8612013.zip,https://www.nhec.com/about/,17.280419,68447,243,68690,99.64623671567914,majority_coverage,Reported,15.696135,9428,930,10358,91.02143270901719,majority_coverage,Reported,11.189903,5,5,10,50.0,majority_coverage,Reported,Cooperative
DOM_NH_UNITIL,24590,Unitil Energy Systems,Unitil Energy Systems,NH,2013,DOM,DOM,Investor Owned,68602,"At least 10,000 residential customers in the 2024 regional EIA/PUDL roster","EIA Electric Sales, Revenue, and Average Price",https://www.eia.gov/electricity/sales_revenue_price/archive/f8612013.zip,https://unitil.com/electric-gas-service/pricing-rates/rates/ferc-oatt-information/transmission-service-information-nh,14.39641,62662,1992,64654,96.91898413091224,majority_coverage,Reported,14.950978,10320,2038,12358,83.50865835895776,majority_coverage,Reported,12.163327,42,110,152,27.63157894736842,minority_coverage,Reported,Investor Owned
MTC_NH_LIBERTY,26510,Liberty Utilities (Granite State Electri,Liberty Utilities (Granite State Electric),NH,2013,MTC,MTC,Investor Owned,39667,"At least 10,000 residential customers in the 2024 regional EIA/PUDL roster","EIA Electric Sales, Revenue, and Average Price",https://www.eia.gov/electricity/sales_revenue_price/archive/f8612013.zip,https://libertyutilities.com/who-we-are.html,13.911086,35582,307,35889,99.14458469168827,majority_coverage,Reported,12.050621,5381,1146,6527,82.44216332158726,majority_coverage,Reported,12.190155,164,45,209,78.4688995215311,majority_coverage,Reported,Investor Owned
COOP_VT_VEC,19791,"Vermont Electric Cooperative, Inc",Vermont Electric Cooperative,VT,2013,COOP,COOP,Cooperative,35964,"At least 10,000 residential customers in the 2024 regional EIA/PUDL roster","EIA Electric Sales, Revenue, and Average Price",https://www.eia.gov/electricity/sales_revenue_price/archive/f8612013.zip,https://vermontelectric.coop/at-a-glance,18.726674,34157,0,34157,100.0,majority_coverage,Reported,16.018693,4236,0,4236,100.0,majority_coverage,Reported,10.333476,13,0,13,100.0,majority_coverage,Reported,Cooperative
COOP_MA_TAUNTON,18488,City of Taunton,Taunton Municipal Lighting Plant,MA,2013,COOP,COOP,Municipal,35684,"At least 10,000 residential customers in the 2024 regional EIA/PUDL roster","EIA Electric Sales, Revenue, and Average Price",https://www.eia.gov/electricity/sales_revenue_price/archive/f8612013.zip,https://www.taunton-ma.gov/DocumentCenter/View/5355/Annual-Comprehensive-Financial-Report-for-Fiscal-Year-Ended-June-30-2024,13.986172,32124,0,32124,100.0,majority_coverage,Reported,15.73268,4436,0,4436,100.0,majority_coverage,Reported,12.340249,62,0,62,100.0,majority_coverage,Reported,Municipal
COOP_MA_READING,15748,Town of Reading - (MA),Reading Municipal Light Department,MA,2013,COOP,COOP,Municipal,27405,"At least 10,000 residential customers in the 2024 regional EIA/PUDL roster","EIA Electric Sales, Revenue, and Average Price",https://www.eia.gov/electricity/sales_revenue_price/archive/f8612013.zip,https://www.mass.gov/info-details/massachusetts-municipally-owned-electric-companies,12.316255,26101,0,26101,100.0,majority_coverage,Reported,10.877342,542,0,542,100.0,majority_coverage,Reported,10.206106,2895,0,2895,100.0,majority_coverage,Reported,Municipal
DOM_MA_FITCHBURG,6374,Fitchburg Gas & Elec Light Co,Fitchburg Gas & Electric Light,MA,2013,DOM,DOM,Investor Owned,26290,"At least 10,000 residential customers in the 2024 regional EIA/PUDL roster","EIA Electric Sales, Revenue, and Average Price",https://www.eia.gov/electricity/sales_revenue_price/archive/f8612013.zip,https://unitil.com/electric-gas-service/pricing-rates/rates/ferc-oatt-information/transmission-service-information-ma,18.965452,20246,2756,23002,88.0184331797235,majority_coverage,Reported,19.04463,3298,958,4256,77.4906015037594,majority_coverage,Reported,20.828191,6,20,26,23.076923076923077,minority_coverage,Reported,Investor Owned
COOP_MA_CHICOPEE,3477,City of Chicopee - (MA),Chicopee Electric Light,MA,2013,COOP,COOP,Municipal,23218,"At least 10,000 residential customers in the 2024 regional EIA/PUDL roster","EIA Electric Sales, Revenue, and Average Price",https://www.eia.gov/electricity/sales_revenue_price/archive/f8612013.zip,https://www.celd.com/about,12.301916,23407,0,23407,100.0,majority_coverage,Reported,12.654948,2738,0,2738,100.0,majority_coverage,Reported,10.639733,44,0,44,100.0,majority_coverage,Reported,Municipal
COOP_MA_PEABODY,14605,City of Peabody - (MA),Peabody Municipal Light Plant,MA,2013,COOP,COOP,Municipal,22546,"At least 10,000 residential customers in the 2024 regional EIA/PUDL roster","EIA Electric Sales, Revenue, and Average Price",https://www.eia.gov/electricity/sales_revenue_price/archive/f8612013.zip,https://www.pmlp.com/27/About-Us,11.871206,21663,0,21663,100.0,majority_coverage,Reported,14.042099,2432,0,2432,100.0,majority_coverage,Reported,12.793268,1672,0,1672,100.0,majority_coverage,Reported,Municipal
COOP_CT_WALLINGFORD,20038,Town of Wallingford - (CT),Wallingford Electric Division,CT,2013,COOP,COOP,Municipal,21405,"At least 10,000 residential customers in the 2024 regional EIA/PUDL roster","EIA Electric Sales, Revenue, and Average Price",https://www.eia.gov/electricity/sales_revenue_price/archive/f8612013.zip,https://www.wallingfordct.gov/government/departments/public-utilities/,12.911938,21092,0,21092,100.0,majority_coverage,Reported,11.723661,3622,0,3622,100.0,majority_coverage,Reported,10.169298,24,0,24,100.0,majority_coverage,Reported,Municipal
COOP_CT_NORWICH,13831,City of Norwich - (CT),Norwich Public Utilities,CT,2013,COOP,COOP,Municipal,18870,"At least 10,000 residential customers in the 2024 regional EIA/PUDL roster","EIA Electric Sales, Revenue, and Average Price",https://www.eia.gov/electricity/sales_revenue_price/archive/f8612013.zip,https://www.norwichct.gov/272/Public-Utilities,16.241238,17429,0,17429,100.0,majority_coverage,Reported,13.72676,2570,0,2570,100.0,majority_coverage,Reported,12.964968,15,0,15,100.0,majority_coverage,Reported,Municipal
COOP_VT_BURLINGTON,2548,City of Burlington Electric - (VT),Burlington Electric Department,VT,2013,COOP,COOP,Municipal,17861,"At least 10,000 residential customers in the 2024 regional EIA/PUDL roster","EIA Electric Sales, Revenue, and Average Price",https://www.eia.gov/electricity/sales_revenue_price/archive/f8612013.zip,https://www.burlingtonelectric.com/history,15.798506,16631,0,16631,100.0,majority_coverage,Reported,14.515451,3769,0,3769,100.0,majority_coverage,Reported,11.710024,12,0,12,100.0,majority_coverage,Reported,Municipal
COOP_NY_FAIRPORT,5930,Village of Fairport - (NY),Fairport Municipal Commission,NY,2013,COOP,COOP,Municipal,16462,"At least 10,000 residential customers in the 2024 regional EIA/PUDL roster","EIA Electric Sales, Revenue, and Average Price",https://www.eia.gov/electricity/sales_revenue_price/archive/f8612013.zip,https://dps.ny.gov/location/village-fairport-electric,5.035053,15303,0,15303,100.0,majority_coverage,Reported,5.729769,1433,0,1433,100.0,majority_coverage,Reported,3.5197303,15,0,15,100.0,majority_coverage,Reported,Municipal
COOP_MA_20481,20481,City of Westfield - (MA),City of Westfield - (MA),MA,2013,COOP,COOP,Municipal,16200,"At least 10,000 residential customers in the 2024 regional EIA/PUDL roster","EIA Electric Sales, Revenue, and Average Price",https://www.eia.gov/electricity/sales_revenue_price/archive/f8612013.zip,https://s3.us-west-2.amazonaws.com/pudl.catalyst.coop/stable/core_eia861__yearly_sales.parquet,13.5581,15708,0,15708,100.0,majority_coverage,Reported,13.651407,1937,0,1937,100.0,majority_coverage,Reported,11.475333,119,0,119,100.0,majority_coverage,Reported,Municipal
COOP_MA_17127,17127,Town of Shrewsbury - (MA),Town of Shrewsbury - (MA),MA,2013,COOP,COOP,Municipal,15713,"At least 10,000 residential customers in the 2024 regional EIA/PUDL roster","EIA Electric Sales, Revenue, and Average Price",https://www.eia.gov/electricity/sales_revenue_price/archive/f8612013.zip,https://s3.us-west-2.amazonaws.com/pudl.catalyst.coop/stable/core_eia861__yearly_sales.parquet,11.579563,14195,0,14195,100.0,majority_coverage,Reported,11.91114,1507,0,1507,100.0,majority_coverage,Reported,10.385593,125,0,125,100.0,majority_coverage,Reported,Municipal
COOP_NY_9645,9645,Jamestown Board of Public Util,Jamestown Board of Public Util,NY,2013,COOP,COOP,Municipal,15562,"At least 10,000 residential customers in the 2024 regional EIA/PUDL roster","EIA Electric Sales, Revenue, and Average Price",https://www.eia.gov/electricity/sales_revenue_price/archive/f8612013.zip,https://s3.us-west-2.amazonaws.com/pudl.catalyst.coop/stable/core_eia861__yearly_sales.parquet,7.3825403,16763,0,16763,100.0,majority_coverage,Reported,7.6884009,2562,0,2562,100.0,majority_coverage,Reported,6.6002207,129,2,131,98.47328244274809,majority_coverage,Reported,Municipal
COOP_MA_8774,8774,City of Holyoke - (MA),City of Holyoke - (MA),MA,2013,COOP,COOP,Municipal,15040,"At least 10,000 residential customers in the 2024 regional EIA/PUDL roster","EIA Electric Sales, Revenue, and Average Price",https://www.eia.gov/electricity/sales_revenue_price/archive/f8612013.zip,https://s3.us-west-2.amazonaws.com/pudl.catalyst.coop/stable/core_eia861__yearly_sales.parquet,12.237479,14496,0,14496,100.0,majority_coverage,Reported,12.580194,2695,0,2695,100.0,majority_coverage,Reported,8.6064352,55,0,55,100.0,majority_coverage,Reported,Municipal
COOP_MA_12473,12473,Town of Middleborough - (MA),Town of Middleborough - (MA),MA,2013,COOP,COOP,Municipal,14884,"At least 10,000 residential customers in the 2024 regional EIA/PUDL roster","EIA Electric Sales, Revenue, and Average Price",https://www.eia.gov/electricity/sales_revenue_price/archive/f8612013.zip,https://s3.us-west-2.amazonaws.com/pudl.catalyst.coop/stable/core_eia861__yearly_sales.parquet,11.464752,13805,0,13805,100.0,majority_coverage,Reported,11.422207,2402,0,2402,100.0,majority_coverage,Reported,9.3741093,15,0,15,100.0,majority_coverage,Reported,Municipal
COOP_MA_2144,2144,Town of Braintree - (MA),Town of Braintree - (MA),MA,2013,COOP,COOP,Municipal,14039,"At least 10,000 residential customers in the 2024 regional EIA/PUDL roster","EIA Electric Sales, Revenue, and Average Price",https://www.eia.gov/electricity/sales_revenue_price/archive/f8612013.zip,https://s3.us-west-2.amazonaws.com/pudl.catalyst.coop/stable/core_eia861__yearly_sales.parquet,13.1764,13524,0,13524,100.0,majority_coverage,Reported,14.39481,2668,0,2668,100.0,majority_coverage,Reported,13.193534,7,0,7,100.0,majority_coverage,Reported,Municipal
COOP_MA_13839,13839,City of Norwood - (MA),City of Norwood - (MA),MA,2013,COOP,COOP,Municipal,13601,"At least 10,000 residential customers in the 2024 regional EIA/PUDL roster","EIA Electric Sales, Revenue, and Average Price",https://www.eia.gov/electricity/sales_revenue_price/archive/f8612013.zip,https://s3.us-west-2.amazonaws.com/pudl.catalyst.coop/stable/core_eia861__yearly_sales.parquet,13.803683,13214,0,13214,100.0,majority_coverage,Reported,17.183167,2149,0,2149,100.0,majority_coverage,Reported,13.459434,53,0,53,100.0,majority_coverage,Reported,Municipal
COOP_NY_6775,6775,Village of Freeport - (NY),Village of Freeport - (NY),NY,2013,COOP,COOP,Municipal,13353,"At least 10,000 residential customers in the 2024 regional EIA/PUDL roster","EIA Electric Sales, Revenue, and Average Price",https://www.eia.gov/electricity/sales_revenue_price/archive/f8612013.zip,https://s3.us-west-2.amazonaws.com/pudl.catalyst.coop/stable/core_eia861__yearly_sales.parquet,13.310145,12826,0,12826,100.0,majority_coverage,Reported,13.006255,1782,0,1782,100.0,majority_coverage,Reported,,0,0,0,,no_published_price,Not reported,Municipal
MTC_MA_NANTUCKET,13206,Nantucket Electric Co,Nantucket Electric,MA,2013,MTC,MTC,Investor Owned,12823,"At least 10,000 residential customers in the 2024 regional EIA/PUDL roster","EIA Electric Sales, Revenue, and Average Price",https://www.eia.gov/electricity/sales_revenue_price/archive/f8612013.zip,https://www.nationalgridus.com/News/2023/11/National-Grid-Submits-Comprehensive-Performance-Investment-Plan-as-Part-of-Rate-Review-to-Build-a-Smarter%2C-Stronger%2C-Cleaner%2C-and-More-Equitable-Energy-Future/,15.013978,11239,148,11387,98.700272240274,majority_coverage,Reported,14.771654,1314,196,1510,87.01986754966887,majority_coverage,Reported,12.392638,3,1,4,75.0,majority_coverage,Reported,Investor Owned
COOP_MA_13679,13679,Town of North Attleborough - (MA),Town of North Attleborough - (MA),MA,2013,COOP,COOP,Municipal,12607,"At least 10,000 residential customers in the 2024 regional EIA/PUDL roster","EIA Electric Sales, Revenue, and Average Price",https://www.eia.gov/electricity/sales_revenue_price/archive/f8612013.zip,https://s3.us-west-2.amazonaws.com/pudl.catalyst.coop/stable/core_eia861__yearly_sales.parquet,13.143878,11931,0,11931,100.0,majority_coverage,Reported,13.571655,1963,0,1963,100.0,majority_coverage,Reported,12.634365,128,0,128,100.0,majority_coverage,Reported,Municipal
COOP_CT_7716,7716,Groton Dept of Utilities - (CT),Groton Dept of Utilities - (CT),CT,2013,COOP,COOP,Municipal,12284,"At least 10,000 residential customers in the 2024 regional EIA/PUDL roster","EIA Electric Sales, Revenue, and Average Price",https://www.eia.gov/electricity/sales_revenue_price/archive/f8612013.zip,https://s3.us-west-2.amazonaws.com/pudl.catalyst.coop/stable/core_eia861__yearly_sales.parquet,16.250727,11205,0,11205,100.0,majority_coverage,Reported,14.6599,1608,0,1608,100.0,majority_coverage,Reported,10.613107,14,0,14,100.0,majority_coverage,Reported,Municipal
COOP_MA_5480,5480,Town of Danvers,Town of Danvers,MA,2013,COOP,COOP,Municipal,11594,"At least 10,000 residential customers in the 2024 regional EIA/PUDL roster","EIA Electric Sales, Revenue, and Average Price",https://www.eia.gov/electricity/sales_revenue_price/archive/f8612013.zip,https://s3.us-west-2.amazonaws.com/pudl.catalyst.coop/stable/core_eia861__yearly_sales.parquet,15.613541,11117,0,11117,100.0,majority_coverage,Reported,14.485119,1690,0,1690,100.0,majority_coverage,Reported,12.994816,405,0,405,100.0,majority_coverage,Reported,Municipal
COOP_MA_8973,8973,Town of Hudson - (MA),Town of Hudson - (MA),MA,2013,COOP,COOP,Municipal,11448,"At least 10,000 residential customers in the 2024 regional EIA/PUDL roster","EIA Electric Sales, Revenue, and Average Price",https://www.eia.gov/electricity/sales_revenue_price/archive/f8612013.zip,https://s3.us-west-2.amazonaws.com/pudl.catalyst.coop/stable/core_eia861__yearly_sales.parquet,13.321404,10842,0,10842,100.0,majority_coverage,Reported,10.216334,1654,0,1654,100.0,majority_coverage,Reported,10.809957,177,0,177,100.0,majority_coverage,Reported,Municipal
COOP_ME_5609,5609,Eastern Maine Electric Coop,Eastern Maine Electric Coop,ME,2013,COOP,COOP,Cooperative,10803,"At least 10,000 residential customers in the 2024 regional EIA/PUDL roster","EIA Electric Sales, Revenue, and Average Price",https://www.eia.gov/electricity/sales_revenue_price/archive/f8612013.zip,https://s3.us-west-2.amazonaws.com/pudl.catalyst.coop/stable/core_eia861__yearly_sales.parquet,,0,10544,10544,0.0,no_published_price,Not reported,,0,1999,1999,0.0,no_published_price,Not reported,,0,28,28,0.0,no_published_price,Not reported,
DOM_NY_CECONY,4226,Consolidated Edison Co-NY Inc,Con Edison (CECONY),NY,2014,DOM,DOM,Investor Owned,3064038,"At least 10,000 residential customers in the 2024 regional EIA/PUDL roster","EIA Electric Sales, Revenue, and Average Price",https://www.eia.gov/electricity/sales_revenue_price/archive/f8612014.zip,https://investor.conedison.com/static-files/0b4e12b3-f43b-4398-a04b-3699537cabb5,28.849002,2135972,733909,2869881,74.427197504008,majority_coverage,Reported,22.155453,342181,156644,498825,68.59740389916303,majority_coverage,Reported,20.183612,93,675,768,12.109375,minority_coverage,Reported,Investor Owned
MTC_NY_NIMO,13573,Niagara Mohawk Power Corp.,Niagara Mohawk (National Grid),NY,2014,MTC,MTC,Investor Owned,1532294,"At least 10,000 residential customers in the 2024 regional EIA/PUDL roster","EIA Electric Sales, Revenue, and Average Price",https://www.eia.gov/electricity/sales_revenue_price/archive/f8612014.zip,https://www.nationalgrid.com/document/152396/download,15.848715,1164691,306231,1470922,79.18101707636434,majority_coverage,Reported,13.327764,94509,74452,168961,55.935393374802466,majority_coverage,Reported,8.6545029,588,1048,1636,35.94132029339853,minority_coverage,Reported,Investor Owned
DOM_MA_NSTAR,54913,NSTAR Electric Company,NSTAR Electric (Eversource Massachusetts),MA,2014,DOM,DOM,Investor Owned,1303076,"At least 10,000 residential customers in the 2024 regional EIA/PUDL roster","EIA Electric Sales, Revenue, and Average Price",https://www.eia.gov/electricity/sales_revenue_price/archive/f8612014.zip,https://investors.eversource.com/static-files/1526fda9-4ffa-4cfd-bbd7-c9c18f56d3fe,18.888032,765480,241054,1006534,76.05108222871756,majority_coverage,Reported,15.951827,112265,59837,172102,65.2316649428827,majority_coverage,Reported,14.653792,1753,778,2531,69.26116159620703,majority_coverage,Reported,Investor Owned
MTC_MA_MECO,11804,Massachusetts Electric Co,Massachusetts Electric (National Grid),MA,2014,MTC,MTC,Investor Owned,1210113,"At least 10,000 residential customers in the 2024 regional EIA/PUDL roster","EIA Electric Sales, Revenue, and Average Price",https://www.eia.gov/electricity/sales_revenue_price/archive/f8612014.zip,https://www.nationalgrid.com/document/152381/download,17.209251,959140,173131,1132271,84.7094026076796,majority_coverage,Reported,15.377613,116427,38345,154772,75.22484687152715,majority_coverage,Reported,15.619041,2624,1519,4143,63.33574704320541,majority_coverage,Reported,Investor Owned
DOM_CT_CLP,4176,Connecticut Light & Power Co,Connecticut Light & Power (Eversource Connecticut),CT,2014,DOM,DOM,Investor Owned,1174420,"At least 10,000 residential customers in the 2024 regional EIA/PUDL roster","EIA Electric Sales, Revenue, and Average Price",https://www.eia.gov/electricity/sales_revenue_price/archive/f8612014.zip,https://investors.eversource.com/static-files/1526fda9-4ffa-4cfd-bbd7-c9c18f56d3fe,18.267932,704394,408583,1112977,63.289178482574215,majority_coverage,Reported,15.900737,65659,48476,114135,57.527489376615414,majority_coverage,Reported,14.222121,1792,1594,3386,52.9238038984052,majority_coverage,Reported,Investor Owned
MTC_NY_NYSEG,13511,New York State Elec & Gas Corp,NYSEG,NY,2014,MTC,MTC,Investor Owned,792300,"At least 10,000 residential customers in the 2024 regional EIA/PUDL roster","EIA Electric Sales, Revenue, and Average Price",https://www.eia.gov/electricity/sales_revenue_price/archive/f8612014.zip,https://www.avangrid.com/aboutus/companyprofile,13.009419,583185,180404,763589,76.37420130462854,majority_coverage,Reported,13.04886,69443,48422,117865,58.91740550629958,majority_coverage,Reported,8.8112721,725,1377,2102,34.490960989533775,minority_coverage,Reported,Investor Owned
MTC_ME_CMP,3266,Central Maine Power Co,Central Maine Power,ME,2014,MTC,MTC,Investor Owned,577955,"At least 10,000 residential customers in the 2024 regional EIA/PUDL roster","EIA Electric Sales, Revenue, and Average Price",https://www.eia.gov/electricity/sales_revenue_price/archive/f8612014.zip,https://www.avangrid.com/aboutus/companyprofile,14.910714,32,549484,549516,0.005823306327750239,minority_coverage,Reported,12.161017,7,62110,62117,0.011269056779947518,minority_coverage,Reported,,0,2644,2644,0.0,no_published_price,Not reported,Investor Owned
DOM_NH_PSNH,15472,Public Service Co of NH,Public Service Company of New Hampshire,NH,2014,DOM,DOM,Investor Owned,459907,"At least 10,000 residential customers in the 2024 regional EIA/PUDL roster","EIA Electric Sales, Revenue, and Average Price",https://www.eia.gov/electricity/sales_revenue_price/archive/f8612014.zip,https://www.eversource.com/residential/about/doing-business-with-us/affiliates/list-of-affiliates,18.038,335555,91554,427109,78.56425408970544,majority_coverage,Reported,17.423464,50387,23602,73989,68.10066361215857,majority_coverage,Reported,24.979932,1832,1069,2901,63.15063771113409,majority_coverage,Reported,Investor Owned
DOM_RI_RIE,13214,The Narragansett Electric Co,Rhode Island Energy (legal entity: Narragansett Electric),RI,2014,MTC,DOM,Investor Owned,451381,"At least 10,000 residential customers in the 2024 regional EIA/PUDL roster","EIA Electric Sales, Revenue, and Average Price",https://www.eia.gov/electricity/sales_revenue_price/archive/f8612014.zip,https://investors.pplweb.com/2024-04-02-PPL-Corporation-subsidiary-Rhode-Island-Energy-receives-regulatory-approval-for-planned-spending-to-strengthen-network-safety%2C-reliability-and-resilience,17.063304,410974,22420,433394,94.8268780832222,majority_coverage,Reported,15.38028,48072,9289,57361,83.80607032652848,majority_coverage,Reported,14.885663,1459,361,1820,80.16483516483517,majority_coverage,Reported,Investor Owned
MTC_NY_RGE,16183,Rochester Gas & Electric Corp,Rochester Gas & Electric,NY,2014,MTC,MTC,Investor Owned,351481,"At least 10,000 residential customers in the 2024 regional EIA/PUDL roster","EIA Electric Sales, Revenue, and Average Price",https://www.eia.gov/electricity/sales_revenue_price/archive/f8612014.zip,https://www.avangrid.com/aboutus/companyprofile,14.221115,253092,78275,331367,76.37815473478047,majority_coverage,Reported,13.504697,21250,18759,40009,53.113049563848136,majority_coverage,Reported,12.069216,293,568,861,34.03019744483159,minority_coverage,Reported,Investor Owned
MTC_CT_UI,19497,United Illuminating Co,United Illuminating,CT,2014,DOM,MTC,Investor Owned,312291,"At least 10,000 residential customers in the 2024 regional EIA/PUDL roster","EIA Electric Sales, Revenue, and Average Price",https://www.eia.gov/electricity/sales_revenue_price/archive/f8612014.zip,https://www.avangrid.com/aboutus/companyprofile,21.774389,161723,121697,283420,57.06125185237457,majority_coverage,Reported,16.488296,14574,16116,30690,47.48778103616813,minority_coverage,Reported,16.08495,342,804,1146,29.842931937172775,minority_coverage,Reported,Investor Owned
MTC_NY_CENTHUD,3249,Central Hudson Gas & Elec Corp,Central Hudson,NY,2014,MTC,MTC,Investor Owned,270859,"At least 10,000 residential customers in the 2024 regional EIA/PUDL roster","EIA Electric Sales, Revenue, and Average Price",https://www.eia.gov/electricity/sales_revenue_price/archive/f8612014.zip,https://www.fortisinc.com/company/our-companies/index,18.782612,213187,41162,254349,83.81672426469143,majority_coverage,Reported,15.531153,33384,11856,45240,73.79310344827586,majority_coverage,Reported,13.020486,763,295,1058,72.117202268431,majority_coverage,Reported,Investor Owned
MTC_VT_GMP,7601,Green Mountain Power Corp,Green Mountain Power,VT,2014,MTC,MTC,Investor Owned,226675,"At least 10,000 residential customers in the 2024 regional EIA/PUDL roster","EIA Electric Sales, Revenue, and Average Price",https://www.eia.gov/electricity/sales_revenue_price/archive/f8612014.zip,https://energir.com/en/about/the-company/who-we-are/our-subsidiaries,17.444412,219910,0,219910,100.0,majority_coverage,Reported,14.409449,38953,0,38953,100.0,majority_coverage,Reported,9.7264459,65,0,65,100.0,majority_coverage,Reported,Investor Owned
DOM_NY_ORU,14154,Orange & Rockland Utils Inc,Orange & Rockland Utilities,NY,2014,DOM,DOM,Investor Owned,211011,"At least 10,000 residential customers in the 2024 regional EIA/PUDL roster","EIA Electric Sales, Revenue, and Average Price",https://www.eia.gov/electricity/sales_revenue_price/archive/f8612014.zip,https://www.conedison.com/en/about-us/corporate-governance/corporate-leadership/michelle-oconnoll,23.237163,117671,78179,195850,60.082205769721725,majority_coverage,Reported,17.356313,16848,14381,31229,53.949854302091005,majority_coverage,Reported,11.090636,42,55,97,43.29896907216495,minority_coverage,Reported,Investor Owned
MTC_ME_VERSANT,1179,Versant Power,Versant Power,ME,2014,MTC,MTC,Investor Owned,137906,"At least 10,000 residential customers in the 2024 regional EIA/PUDL roster","EIA Electric Sales, Revenue, and Average Price",https://www.eia.gov/electricity/sales_revenue_price/archive/f8612014.zip,https://www.versantpower.com/about/news-press-releases/blog-details/versant-power-to-welcome-new-president-in-2026,,0,131724,131724,0.0,no_published_price,Not reported,,0,24156,24156,0.0,no_published_price,Not reported,,0,234,234,0.0,no_published_price,Not reported,
COOP_NH_NHEC,13441,New Hampshire Elec Coop Inc,New Hampshire Electric Cooperative,NH,2014,COOP,COOP,Cooperative,74144,"At least 10,000 residential customers in the 2024 regional EIA/PUDL roster","EIA Electric Sales, Revenue, and Average Price",https://www.eia.gov/electricity/sales_revenue_price/archive/f8612014.zip,https://www.nhec.com/about/,19.867917,69254,307,69561,99.5586607438076,majority_coverage,Reported,19.220414,9534,816,10350,92.1159420289855,majority_coverage,Reported,27.197496,6,5,11,54.54545454545455,majority_coverage,Reported,Cooperative
DOM_NH_UNITIL,24590,Unitil Energy Systems,Unitil Energy Systems,NH,2014,DOM,DOM,Investor Owned,68602,"At least 10,000 residential customers in the 2024 regional EIA/PUDL roster","EIA Electric Sales, Revenue, and Average Price",https://www.eia.gov/electricity/sales_revenue_price/archive/f8612014.zip,https://unitil.com/electric-gas-service/pricing-rates/rates/ferc-oatt-information/transmission-service-information-nh,16.749486,59272,5649,64921,91.29865528873555,majority_coverage,Reported,16.654755,9807,2556,12363,79.325406454744,majority_coverage,Reported,14.866298,54,99,153,35.294117647058826,minority_coverage,Reported,Investor Owned
MTC_NH_LIBERTY,26510,Liberty Utilities (Granite State Electri,Liberty Utilities (Granite State Electric),NH,2014,MTC,MTC,Investor Owned,39667,"At least 10,000 residential customers in the 2024 regional EIA/PUDL roster","EIA Electric Sales, Revenue, and Average Price",https://www.eia.gov/electricity/sales_revenue_price/archive/f8612014.zip,https://libertyutilities.com/who-we-are.html,17.008075,33394,2131,35525,94.00140745953554,majority_coverage,Reported,14.583352,5600,1142,6742,83.06140611094631,majority_coverage,Reported,14.073079,159,55,214,74.29906542056075,majority_coverage,Reported,Investor Owned
COOP_VT_VEC,19791,"Vermont Electric Cooperative, Inc",Vermont Electric Cooperative,VT,2014,COOP,COOP,Cooperative,35964,"At least 10,000 residential customers in the 2024 regional EIA/PUDL roster","EIA Electric Sales, Revenue, and Average Price",https://www.eia.gov/electricity/sales_revenue_price/archive/f8612014.zip,https://vermontelectric.coop/at-a-glance,19.292383,34241,0,34241,100.0,majority_coverage,Reported,16.5686,4288,0,4288,100.0,majority_coverage,Reported,10.976135,13,0,13,100.0,majority_coverage,Reported,Cooperative
COOP_MA_TAUNTON,18488,City of Taunton,Taunton Municipal Lighting Plant,MA,2014,COOP,COOP,Municipal,35684,"At least 10,000 residential customers in the 2024 regional EIA/PUDL roster","EIA Electric Sales, Revenue, and Average Price",https://www.eia.gov/electricity/sales_revenue_price/archive/f8612014.zip,https://www.taunton-ma.gov/DocumentCenter/View/5355/Annual-Comprehensive-Financial-Report-for-Fiscal-Year-Ended-June-30-2024,14.157032,32497,0,32497,100.0,majority_coverage,Reported,15.967415,4318,0,4318,100.0,majority_coverage,Reported,12.809886,62,0,62,100.0,majority_coverage,Reported,Municipal
COOP_MA_READING,15748,Town of Reading - (MA),Reading Municipal Light Department,MA,2014,COOP,COOP,Municipal,27405,"At least 10,000 residential customers in the 2024 regional EIA/PUDL roster","EIA Electric Sales, Revenue, and Average Price",https://www.eia.gov/electricity/sales_revenue_price/archive/f8612014.zip,https://www.mass.gov/info-details/massachusetts-municipally-owned-electric-companies,11.593136,26199,0,26199,100.0,majority_coverage,Reported,10.34301,545,0,545,100.0,majority_coverage,Reported,9.3783486,2897,0,2897,100.0,majority_coverage,Reported,Municipal
DOM_MA_FITCHBURG,6374,Fitchburg Gas & Elec Light Co,Fitchburg Gas & Electric Light,MA,2014,DOM,DOM,Investor Owned,26290,"At least 10,000 residential customers in the 2024 regional EIA/PUDL roster","EIA Electric Sales, Revenue, and Average Price",https://www.eia.gov/electricity/sales_revenue_price/archive/f8612014.zip,https://unitil.com/electric-gas-service/pricing-rates/rates/ferc-oatt-information/transmission-service-information-ma,21.289688,20437,4393,24830,82.3076923076923,majority_coverage,Reported,20.656637,3306,937,4243,77.91656846570822,majority_coverage,Reported,16.805897,5,21,26,19.23076923076923,minority_coverage,Reported,Investor Owned
COOP_MA_CHICOPEE,3477,City of Chicopee - (MA),Chicopee Electric Light,MA,2014,COOP,COOP,Municipal,23218,"At least 10,000 residential customers in the 2024 regional EIA/PUDL roster","EIA Electric Sales, Revenue, and Average Price",https://www.eia.gov/electricity/sales_revenue_price/archive/f8612014.zip,https://www.celd.com/about,12.448366,23412,0,23412,100.0,majority_coverage,Reported,12.815747,2760,0,2760,100.0,majority_coverage,Reported,10.823648,45,0,45,100.0,majority_coverage,Reported,Municipal
COOP_MA_PEABODY,14605,City of Peabody - (MA),Peabody Municipal Light Plant,MA,2014,COOP,COOP,Municipal,22546,"At least 10,000 residential customers in the 2024 regional EIA/PUDL roster","EIA Electric Sales, Revenue, and Average Price",https://www.eia.gov/electricity/sales_revenue_price/archive/f8612014.zip,https://www.pmlp.com/27/About-Us,12.074072,21766,0,21766,100.0,majority_coverage,Reported,14.655498,2473,0,2473,100.0,majority_coverage,Reported,13.110988,1777,0,1777,100.0,majority_coverage,Reported,Municipal
COOP_CT_WALLINGFORD,20038,Town of Wallingford - (CT),Wallingford Electric Division,CT,2014,COOP,COOP,Municipal,21405,"At least 10,000 residential customers in the 2024 regional EIA/PUDL roster","EIA Electric Sales, Revenue, and Average Price",https://www.eia.gov/electricity/sales_revenue_price/archive/f8612014.zip,https://www.wallingfordct.gov/government/departments/public-utilities/,12.939094,21052,0,21052,100.0,majority_coverage,Reported,11.703443,3630,0,3630,100.0,majority_coverage,Reported,10.111978,25,0,25,100.0,majority_coverage,Reported,Municipal
COOP_CT_NORWICH,13831,City of Norwich - (CT),Norwich Public Utilities,CT,2014,COOP,COOP,Municipal,18870,"At least 10,000 residential customers in the 2024 regional EIA/PUDL roster","EIA Electric Sales, Revenue, and Average Price",https://www.eia.gov/electricity/sales_revenue_price/archive/f8612014.zip,https://www.norwichct.gov/272/Public-Utilities,17.735607,17423,0,17423,100.0,majority_coverage,Reported,15.147182,2568,0,2568,100.0,majority_coverage,Reported,14.087041,14,0,14,100.0,majority_coverage,Reported,Municipal
COOP_VT_BURLINGTON,2548,City of Burlington Electric - (VT),Burlington Electric Department,VT,2014,COOP,COOP,Municipal,17861,"At least 10,000 residential customers in the 2024 regional EIA/PUDL roster","EIA Electric Sales, Revenue, and Average Price",https://www.eia.gov/electricity/sales_revenue_price/archive/f8612014.zip,https://www.burlingtonelectric.com/history,15.722796,16737,0,16737,100.0,majority_coverage,Reported,13.948838,3808,0,3808,100.0,majority_coverage,Reported,11.653058,12,0,12,100.0,majority_coverage,Reported,Municipal
COOP_NY_FAIRPORT,5930,Village of Fairport - (NY),Fairport Municipal Commission,NY,2014,COOP,COOP,Municipal,16462,"At least 10,000 residential customers in the 2024 regional EIA/PUDL roster","EIA Electric Sales, Revenue, and Average Price",https://www.eia.gov/electricity/sales_revenue_price/archive/f8612014.zip,https://dps.ny.gov/location/village-fairport-electric,5.7143735,15348,0,15348,100.0,majority_coverage,Reported,6.0871902,1426,0,1426,100.0,majority_coverage,Reported,3.9085473,15,0,15,100.0,majority_coverage,Reported,Municipal
COOP_MA_20481,20481,City of Westfield - (MA),City of Westfield - (MA),MA,2014,COOP,COOP,Municipal,16200,"At least 10,000 residential customers in the 2024 regional EIA/PUDL roster","EIA Electric Sales, Revenue, and Average Price",https://www.eia.gov/electricity/sales_revenue_price/archive/f8612014.zip,https://s3.us-west-2.amazonaws.com/pudl.catalyst.coop/stable/core_eia861__yearly_sales.parquet,14.687062,15794,0,15794,100.0,majority_coverage,Reported,14.532895,1975,0,1975,100.0,majority_coverage,Reported,12.188559,120,0,120,100.0,majority_coverage,Reported,Municipal
COOP_MA_17127,17127,Town of Shrewsbury - (MA),Town of Shrewsbury - (MA),MA,2014,COOP,COOP,Municipal,15713,"At least 10,000 residential customers in the 2024 regional EIA/PUDL roster","EIA Electric Sales, Revenue, and Average Price",https://www.eia.gov/electricity/sales_revenue_price/archive/f8612014.zip,https://s3.us-west-2.amazonaws.com/pudl.catalyst.coop/stable/core_eia861__yearly_sales.parquet,11.758476,14254,0,14254,100.0,majority_coverage,Reported,11.937911,1487,0,1487,100.0,majority_coverage,Reported,10.74708,127,0,127,100.0,majority_coverage,Reported,Municipal
COOP_NY_9645,9645,Jamestown Board of Public Util,Jamestown Board of Public Util,NY,2014,COOP,COOP,Municipal,15562,"At least 10,000 residential customers in the 2024 regional EIA/PUDL roster","EIA Electric Sales, Revenue, and Average Price",https://www.eia.gov/electricity/sales_revenue_price/archive/f8612014.zip,https://s3.us-west-2.amazonaws.com/pudl.catalyst.coop/stable/core_eia861__yearly_sales.parquet,7.0396096,16458,0,16458,100.0,majority_coverage,Reported,7.3929395,2644,0,2644,100.0,majority_coverage,Reported,6.3365752,128,2,130,98.46153846153847,majority_coverage,Reported,Municipal
COOP_MA_8774,8774,City of Holyoke - (MA),City of Holyoke - (MA),MA,2014,COOP,COOP,Municipal,15040,"At least 10,000 residential customers in the 2024 regional EIA/PUDL roster","EIA Electric Sales, Revenue, and Average Price",https://www.eia.gov/electricity/sales_revenue_price/archive/f8612014.zip,https://s3.us-west-2.amazonaws.com/pudl.catalyst.coop/stable/core_eia861__yearly_sales.parquet,12.256185,14561,0,14561,100.0,majority_coverage,Reported,12.173097,2705,0,2705,100.0,majority_coverage,Reported,9.5726229,49,0,49,100.0,majority_coverage,Reported,Municipal
COOP_MA_12473,12473,Town of Middleborough - (MA),Town of Middleborough - (MA),MA,2014,COOP,COOP,Municipal,14884,"At least 10,000 residential customers in the 2024 regional EIA/PUDL roster","EIA Electric Sales, Revenue, and Average Price",https://www.eia.gov/electricity/sales_revenue_price/archive/f8612014.zip,https://s3.us-west-2.amazonaws.com/pudl.catalyst.coop/stable/core_eia861__yearly_sales.parquet,12.365228,13875,0,13875,100.0,majority_coverage,Reported,12.131032,2411,0,2411,100.0,majority_coverage,Reported,10.567939,15,0,15,100.0,majority_coverage,Reported,Municipal
COOP_MA_2144,2144,Town of Braintree - (MA),Town of Braintree - (MA),MA,2014,COOP,COOP,Municipal,14039,"At least 10,000 residential customers in the 2024 regional EIA/PUDL roster","EIA Electric Sales, Revenue, and Average Price",https://www.eia.gov/electricity/sales_revenue_price/archive/f8612014.zip,https://s3.us-west-2.amazonaws.com/pudl.catalyst.coop/stable/core_eia861__yearly_sales.parquet,13.043036,13599,0,13599,100.0,majority_coverage,Reported,14.285387,2703,0,2703,100.0,majority_coverage,Reported,12.912528,7,0,7,100.0,majority_coverage,Reported,Municipal
COOP_MA_13839,13839,City of Norwood - (MA),City of Norwood - (MA),MA,2014,COOP,COOP,Municipal,13601,"At least 10,000 residential customers in the 2024 regional EIA/PUDL roster","EIA Electric Sales, Revenue, and Average Price",https://www.eia.gov/electricity/sales_revenue_price/archive/f8612014.zip,https://s3.us-west-2.amazonaws.com/pudl.catalyst.coop/stable/core_eia861__yearly_sales.parquet,13.61472,13199,0,13199,100.0,majority_coverage,Reported,16.584875,2166,0,2166,100.0,majority_coverage,Reported,13.139138,49,0,49,100.0,majority_coverage,Reported,Municipal
COOP_NY_6775,6775,Village of Freeport - (NY),Village of Freeport - (NY),NY,2014,COOP,COOP,Municipal,13353,"At least 10,000 residential customers in the 2024 regional EIA/PUDL roster","EIA Electric Sales, Revenue, and Average Price",https://www.eia.gov/electricity/sales_revenue_price/archive/f8612014.zip,https://s3.us-west-2.amazonaws.com/pudl.catalyst.coop/stable/core_eia861__yearly_sales.parquet,12.380738,12881,0,12881,100.0,majority_coverage,Reported,12.04885,1790,0,1790,100.0,majority_coverage,Reported,,0,0,0,,no_published_price,Not reported,Municipal
MTC_MA_NANTUCKET,13206,Nantucket Electric Co,Nantucket Electric,MA,2014,MTC,MTC,Investor Owned,12823,"At least 10,000 residential customers in the 2024 regional EIA/PUDL roster","EIA Electric Sales, Revenue, and Average Price",https://www.eia.gov/electricity/sales_revenue_price/archive/f8612014.zip,https://www.nationalgridus.com/News/2023/11/National-Grid-Submits-Comprehensive-Performance-Investment-Plan-as-Part-of-Rate-Review-to-Build-a-Smarter%2C-Stronger%2C-Cleaner%2C-and-More-Equitable-Energy-Future/,19.108299,11287,156,11443,98.6367211395613,majority_coverage,Reported,18.662076,1355,193,1548,87.53229974160207,majority_coverage,Reported,15.882353,3,1,4,75.0,majority_coverage,Reported,Investor Owned
COOP_MA_13679,13679,Town of North Attleborough - (MA),Town of North Attleborough - (MA),MA,2014,COOP,COOP,Municipal,12607,"At least 10,000 residential customers in the 2024 regional EIA/PUDL roster","EIA Electric Sales, Revenue, and Average Price",https://www.eia.gov/electricity/sales_revenue_price/archive/f8612014.zip,https://s3.us-west-2.amazonaws.com/pudl.catalyst.coop/stable/core_eia861__yearly_sales.parquet,15.098109,11985,0,11985,100.0,majority_coverage,Reported,15.37922,1962,0,1962,100.0,majority_coverage,Reported,14.437446,129,0,129,100.0,majority_coverage,Reported,Municipal
COOP_CT_7716,7716,Groton Dept of Utilities - (CT),Groton Dept of Utilities - (CT),CT,2014,COOP,COOP,Municipal,12284,"At least 10,000 residential customers in the 2024 regional EIA/PUDL roster","EIA Electric Sales, Revenue, and Average Price",https://www.eia.gov/electricity/sales_revenue_price/archive/f8612014.zip,https://s3.us-west-2.amazonaws.com/pudl.catalyst.coop/stable/core_eia861__yearly_sales.parquet,15.837987,11972,0,11972,100.0,majority_coverage,Reported,14.034497,1568,0,1568,100.0,majority_coverage,Reported,10.852258,15,0,15,100.0,majority_coverage,Reported,Municipal
COOP_MA_5480,5480,Town of Danvers,Town of Danvers,MA,2014,COOP,COOP,Municipal,11594,"At least 10,000 residential customers in the 2024 regional EIA/PUDL roster","EIA Electric Sales, Revenue, and Average Price",https://www.eia.gov/electricity/sales_revenue_price/archive/f8612014.zip,https://s3.us-west-2.amazonaws.com/pudl.catalyst.coop/stable/core_eia861__yearly_sales.parquet,15.832069,11258,0,11258,100.0,majority_coverage,Reported,14.949901,1694,0,1694,100.0,majority_coverage,Reported,13.486051,405,0,405,100.0,majority_coverage,Reported,Municipal
COOP_MA_8973,8973,Town of Hudson - (MA),Town of Hudson - (MA),MA,2014,COOP,COOP,Municipal,11448,"At least 10,000 residential customers in the 2024 regional EIA/PUDL roster","EIA Electric Sales, Revenue, and Average Price",https://www.eia.gov/electricity/sales_revenue_price/archive/f8612014.zip,https://s3.us-west-2.amazonaws.com/pudl.catalyst.coop/stable/core_eia861__yearly_sales.parquet,15.123092,10895,0,10895,100.0,majority_coverage,Reported,11.188592,1623,0,1623,100.0,majority_coverage,Reported,13.261452,177,0,177,100.0,majority_coverage,Reported,Municipal
COOP_ME_5609,5609,Eastern Maine Electric Coop,Eastern Maine Electric Coop,ME,2014,COOP,COOP,Cooperative,10803,"At least 10,000 residential customers in the 2024 regional EIA/PUDL roster","EIA Electric Sales, Revenue, and Average Price",https://www.eia.gov/electricity/sales_revenue_price/archive/f8612014.zip,https://s3.us-west-2.amazonaws.com/pudl.catalyst.coop/stable/core_eia861__yearly_sales.parquet,,0,10490,10490,0.0,no_published_price,Not reported,,0,2014,2014,0.0,no_published_price,Not reported,,0,28,28,0.0,no_published_price,Not reported,
DOM_NY_CECONY,4226,Consolidated Edison Co-NY Inc,Con Edison (CECONY),NY,2015,DOM,DOM,Investor Owned,3064038,"At least 10,000 residential customers in the 2024 regional EIA/PUDL roster","EIA Electric Sales, Revenue, and Average Price",https://www.eia.gov/electricity/sales_revenue_price/archive/f8612015.zip,https://investor.conedison.com/static-files/0b4e12b3-f43b-4398-a04b-3699537cabb5,26.304176,2196201,689832,2886033,76.09757060989948,majority_coverage,Reported,20.574438,349478,161479,510957,68.39675354286173,majority_coverage,Reported,16.703928,81,679,760,10.657894736842104,minority_coverage,Reported,Investor Owned
MTC_NY_NIMO,13573,Niagara Mohawk Power Corp.,Niagara Mohawk (National Grid),NY,2015,MTC,MTC,Investor Owned,1532294,"At least 10,000 residential customers in the 2024 regional EIA/PUDL roster","EIA Electric Sales, Revenue, and Average Price",https://www.eia.gov/electricity/sales_revenue_price/archive/f8612015.zip,https://www.nationalgrid.com/document/152396/download,13.307529,1189904,285904,1475808,80.62729027082113,majority_coverage,Reported,10.892874,98408,71998,170406,57.749140288487496,majority_coverage,Reported,6.3485607,569,1054,1623,35.05853357979051,minority_coverage,Reported,Investor Owned
DOM_MA_NSTAR,54913,NSTAR Electric Company,NSTAR Electric (Eversource Massachusetts),MA,2015,DOM,DOM,Investor Owned,1303076,"At least 10,000 residential customers in the 2024 regional EIA/PUDL roster","EIA Electric Sales, Revenue, and Average Price",https://www.eia.gov/electricity/sales_revenue_price/archive/f8612015.zip,https://investors.eversource.com/static-files/1526fda9-4ffa-4cfd-bbd7-c9c18f56d3fe,21.131141,767403,296162,1063565,72.15384109104757,majority_coverage,Reported,17.864933,109348,70747,180095,60.71684388794803,majority_coverage,Reported,16.903973,797,873,1670,47.724550898203596,minority_coverage,Reported,Investor Owned
MTC_MA_MECO,11804,Massachusetts Electric Co,Massachusetts Electric (National Grid),MA,2015,MTC,MTC,Investor Owned,1210113,"At least 10,000 residential customers in the 2024 regional EIA/PUDL roster","EIA Electric Sales, Revenue, and Average Price",https://www.eia.gov/electricity/sales_revenue_price/archive/f8612015.zip,https://www.nationalgrid.com/document/152381/download,20.498134,864677,282541,1147218,75.37163817164654,majority_coverage,Reported,17.002409,100028,56464,156492,63.91892237302865,majority_coverage,Reported,18.076174,2175,1933,4108,52.94547224926972,majority_coverage,Reported,Investor Owned
DOM_CT_CLP,4176,Connecticut Light & Power Co,Connecticut Light & Power (Eversource Connecticut),CT,2015,DOM,DOM,Investor Owned,1174420,"At least 10,000 residential customers in the 2024 regional EIA/PUDL roster","EIA Electric Sales, Revenue, and Average Price",https://www.eia.gov/electricity/sales_revenue_price/archive/f8612015.zip,https://investors.eversource.com/static-files/1526fda9-4ffa-4cfd-bbd7-c9c18f56d3fe,20.025157,747267,370630,1117897,66.84578275100479,majority_coverage,Reported,17.165998,63592,47886,111478,57.04443926155833,majority_coverage,Reported,15.726143,1696,1541,3237,52.394192153228296,majority_coverage,Reported,Investor Owned
MTC_NY_NYSEG,13511,New York State Elec & Gas Corp,NYSEG,NY,2015,MTC,MTC,Investor Owned,792300,"At least 10,000 residential customers in the 2024 regional EIA/PUDL roster","EIA Electric Sales, Revenue, and Average Price",https://www.eia.gov/electricity/sales_revenue_price/archive/f8612015.zip,https://www.avangrid.com/aboutus/companyprofile,11.995675,597341,166909,764250,78.16041871115473,majority_coverage,Reported,11.414518,70993,47146,118139,60.09277207357435,majority_coverage,Reported,7.2063733,682,1266,1948,35.01026694045174,minority_coverage,Reported,Investor Owned
MTC_ME_CMP,3266,Central Maine Power Co,Central Maine Power,ME,2015,MTC,MTC,Investor Owned,577955,"At least 10,000 residential customers in the 2024 regional EIA/PUDL roster","EIA Electric Sales, Revenue, and Average Price",https://www.eia.gov/electricity/sales_revenue_price/archive/f8612015.zip,https://www.avangrid.com/aboutus/companyprofile,14.613239,422530,118821,541351,78.05102419687043,majority_coverage,Reported,11.767125,43392,23662,67054,64.7120231455245,majority_coverage,Reported,9.1608412,1647,954,2601,63.32179930795848,majority_coverage,Reported,Investor Owned
DOM_NH_PSNH,15472,Public Service Co of NH,Public Service Company of New Hampshire,NH,2015,DOM,DOM,Investor Owned,459907,"At least 10,000 residential customers in the 2024 regional EIA/PUDL roster","EIA Electric Sales, Revenue, and Average Price",https://www.eia.gov/electricity/sales_revenue_price/archive/f8612015.zip,https://www.eversource.com/residential/about/doing-business-with-us/affiliates/list-of-affiliates,18.386055,346880,80437,427317,81.17626960780872,majority_coverage,Reported,18.379011,51047,22841,73888,69.08699653529666,majority_coverage,Reported,24.551645,1844,981,2825,65.27433628318585,majority_coverage,Reported,Investor Owned
DOM_RI_RIE,13214,The Narragansett Electric Co,Rhode Island Energy (legal entity: Narragansett Electric),RI,2015,MTC,DOM,Investor Owned,451381,"At least 10,000 residential customers in the 2024 regional EIA/PUDL roster","EIA Electric Sales, Revenue, and Average Price",https://www.eia.gov/electricity/sales_revenue_price/archive/f8612015.zip,https://investors.pplweb.com/2024-04-02-PPL-Corporation-subsidiary-Rhode-Island-Energy-receives-regulatory-approval-for-planned-spending-to-strengthen-network-safety%2C-reliability-and-resilience,19.198798,402488,32261,434749,92.57939638734074,majority_coverage,Reported,17.661036,45199,12683,57882,78.08817939946788,majority_coverage,Reported,17.333088,1333,457,1790,74.46927374301676,majority_coverage,Reported,Investor Owned
MTC_NY_RGE,16183,Rochester Gas & Electric Corp,Rochester Gas & Electric,NY,2015,MTC,MTC,Investor Owned,351481,"At least 10,000 residential customers in the 2024 regional EIA/PUDL roster","EIA Electric Sales, Revenue, and Average Price",https://www.eia.gov/electricity/sales_revenue_price/archive/f8612015.zip,https://www.avangrid.com/aboutus/companyprofile,13.072587,261440,71316,332756,78.56807991441175,majority_coverage,Reported,12.30968,21193,19022,40215,52.69924157652617,majority_coverage,Reported,10.504544,282,559,841,33.53151010701546,minority_coverage,Reported,Investor Owned
MTC_CT_UI,19497,United Illuminating Co,United Illuminating,CT,2015,DOM,MTC,Investor Owned,312291,"At least 10,000 residential customers in the 2024 regional EIA/PUDL roster","EIA Electric Sales, Revenue, and Average Price",https://www.eia.gov/electricity/sales_revenue_price/archive/f8612015.zip,https://www.avangrid.com/aboutus/companyprofile,24.301898,175205,112689,287894,60.857468373776456,majority_coverage,Reported,19.032406,13994,16466,30460,45.942219304005256,minority_coverage,Reported,18.473004,326,785,1111,29.342934293429344,minority_coverage,Reported,Investor Owned
MTC_NY_CENTHUD,3249,Central Hudson Gas & Elec Corp,Central Hudson,NY,2015,MTC,MTC,Investor Owned,270859,"At least 10,000 residential customers in the 2024 regional EIA/PUDL roster","EIA Electric Sales, Revenue, and Average Price",https://www.eia.gov/electricity/sales_revenue_price/archive/f8612015.zip,https://www.fortisinc.com/company/our-companies/index,17.673278,213731,42047,255778,83.5611350467984,majority_coverage,Reported,13.935449,33288,12324,45612,72.98079452775585,majority_coverage,Reported,10.916402,727,316,1043,69.70278044103547,majority_coverage,Reported,Investor Owned
MTC_VT_GMP,7601,Green Mountain Power Corp,Green Mountain Power,VT,2015,MTC,MTC,Investor Owned,226675,"At least 10,000 residential customers in the 2024 regional EIA/PUDL roster","EIA Electric Sales, Revenue, and Average Price",https://www.eia.gov/electricity/sales_revenue_price/archive/f8612015.zip,https://energir.com/en/about/the-company/who-we-are/our-subsidiaries,16.912265,220648,0,220648,100.0,majority_coverage,Reported,14.325131,39912,0,39912,100.0,majority_coverage,Reported,9.8135487,72,0,72,100.0,majority_coverage,Reported,Investor Owned
DOM_NY_ORU,14154,Orange & Rockland Utils Inc,Orange & Rockland Utilities,NY,2015,DOM,DOM,Investor Owned,211011,"At least 10,000 residential customers in the 2024 regional EIA/PUDL roster","EIA Electric Sales, Revenue, and Average Price",https://www.eia.gov/electricity/sales_revenue_price/archive/f8612015.zip,https://www.conedison.com/en/about-us/corporate-governance/corporate-leadership/michelle-oconnoll,20.81942,121745,75159,196904,61.829622557185225,majority_coverage,Reported,15.287144,16322,15099,31421,51.94615066356895,majority_coverage,Reported,8.7284246,42,54,96,43.75,minority_coverage,Reported,Investor Owned
MTC_ME_VERSANT,1179,Versant Power,Versant Power,ME,2015,MTC,MTC,Investor Owned,137906,"At least 10,000 residential customers in the 2024 regional EIA/PUDL roster","EIA Electric Sales, Revenue, and Average Price",https://www.eia.gov/electricity/sales_revenue_price/archive/f8612015.zip,https://www.versantpower.com/about/news-press-releases/blog-details/versant-power-to-welcome-new-president-in-2026,15.651794,103358,28572,131930,78.34306071401501,majority_coverage,Reported,13.045718,17380,7333,24713,70.32735807065107,majority_coverage,Reported,10.524991,44,202,246,17.88617886178862,minority_coverage,Reported,Investor Owned
COOP_NH_NHEC,13441,New Hampshire Elec Coop Inc,New Hampshire Electric Cooperative,NH,2015,COOP,COOP,Cooperative,74144,"At least 10,000 residential customers in the 2024 regional EIA/PUDL roster","EIA Electric Sales, Revenue, and Average Price",https://www.eia.gov/electricity/sales_revenue_price/archive/f8612015.zip,https://www.nhec.com/about/,20.280126,69260,517,69777,99.25906817432679,majority_coverage,Reported,18.218399,9353,978,10331,90.53334623947343,majority_coverage,Reported,14.318924,12,21,33,36.36363636363637,minority_coverage,Reported,Cooperative
DOM_NH_UNITIL,24590,Unitil Energy Systems,Unitil Energy Systems,NH,2015,DOM,DOM,Investor Owned,68602,"At least 10,000 residential customers in the 2024 regional EIA/PUDL roster","EIA Electric Sales, Revenue, and Average Price",https://www.eia.gov/electricity/sales_revenue_price/archive/f8612015.zip,https://unitil.com/electric-gas-service/pricing-rates/rates/ferc-oatt-information/transmission-service-information-nh,18.680615,56786,8479,65265,87.00835057075003,majority_coverage,Reported,19.366792,9302,3120,12422,74.88327161487683,majority_coverage,Reported,12.377741,36,121,157,22.929936305732483,minority_coverage,Reported,Investor Owned
MTC_NH_LIBERTY,26510,Liberty Utilities (Granite State Electri,Liberty Utilities (Granite State Electric),NH,2015,MTC,MTC,Investor Owned,39667,"At least 10,000 residential customers in the 2024 regional EIA/PUDL roster","EIA Electric Sales, Revenue, and Average Price",https://www.eia.gov/electricity/sales_revenue_price/archive/f8612015.zip,https://libertyutilities.com/who-we-are.html,19.54958,31232,4090,35322,88.42081422343016,majority_coverage,Reported,17.13308,5281,1518,6799,77.67318723341668,majority_coverage,Reported,16.146763,134,67,201,66.66666666666667,majority_coverage,Reported,Investor Owned
COOP_VT_VEC,19791,"Vermont Electric Cooperative, Inc",Vermont Electric Cooperative,VT,2015,COOP,COOP,Cooperative,35964,"At least 10,000 residential customers in the 2024 regional EIA/PUDL roster","EIA Electric Sales, Revenue, and Average Price",https://www.eia.gov/electricity/sales_revenue_price/archive/f8612015.zip,https://vermontelectric.coop/at-a-glance,19.27828,34297,0,34297,100.0,majority_coverage,Reported,16.323576,4402,0,4402,100.0,majority_coverage,Reported,10.810125,12,0,12,100.0,majority_coverage,Reported,Cooperative
COOP_MA_TAUNTON,18488,City of Taunton,Taunton Municipal Lighting Plant,MA,2015,COOP,COOP,Municipal,35684,"At least 10,000 residential customers in the 2024 regional EIA/PUDL roster","EIA Electric Sales, Revenue, and Average Price",https://www.eia.gov/electricity/sales_revenue_price/archive/f8612015.zip,https://www.taunton-ma.gov/DocumentCenter/View/5355/Annual-Comprehensive-Financial-Report-for-Fiscal-Year-Ended-June-30-2024,15.209077,32742,0,32742,100.0,majority_coverage,Reported,16.888644,3559,0,3559,100.0,majority_coverage,Reported,13.246644,65,0,65,100.0,majority_coverage,Reported,Municipal
COOP_MA_READING,15748,Town of Reading - (MA),Reading Municipal Light Department,MA,2015,COOP,COOP,Municipal,27405,"At least 10,000 residential customers in the 2024 regional EIA/PUDL roster","EIA Electric Sales, Revenue, and Average Price",https://www.eia.gov/electricity/sales_revenue_price/archive/f8612015.zip,https://www.mass.gov/info-details/massachusetts-municipally-owned-electric-companies,13.416414,26327,0,26327,100.0,majority_coverage,Reported,12.257615,549,0,549,100.0,majority_coverage,Reported,11.488011,2911,0,2911,100.0,majority_coverage,Reported,Municipal
DOM_MA_FITCHBURG,6374,Fitchburg Gas & Elec Light Co,Fitchburg Gas & Electric Light,MA,2015,DOM,DOM,Investor Owned,26290,"At least 10,000 residential customers in the 2024 regional EIA/PUDL roster","EIA Electric Sales, Revenue, and Average Price",https://www.eia.gov/electricity/sales_revenue_price/archive/f8612015.zip,https://unitil.com/electric-gas-service/pricing-rates/rates/ferc-oatt-information/transmission-service-information-ma,24.041369,19067,5872,24939,76.45454909980351,majority_coverage,Reported,22.112241,3135,1112,4247,73.81681186720037,majority_coverage,Reported,13.781026,4,22,26,15.384615384615385,minority_coverage,Reported,Investor Owned
COOP_MA_CHICOPEE,3477,City of Chicopee - (MA),Chicopee Electric Light,MA,2015,COOP,COOP,Municipal,23218,"At least 10,000 residential customers in the 2024 regional EIA/PUDL roster","EIA Electric Sales, Revenue, and Average Price",https://www.eia.gov/electricity/sales_revenue_price/archive/f8612015.zip,https://www.celd.com/about,12.600624,23390,0,23390,100.0,majority_coverage,Reported,12.771538,2780,0,2780,100.0,majority_coverage,Reported,10.999026,46,0,46,100.0,majority_coverage,Reported,Municipal
COOP_MA_PEABODY,14605,City of Peabody - (MA),Peabody Municipal Light Plant,MA,2015,COOP,COOP,Municipal,22546,"At least 10,000 residential customers in the 2024 regional EIA/PUDL roster","EIA Electric Sales, Revenue, and Average Price",https://www.eia.gov/electricity/sales_revenue_price/archive/f8612015.zip,https://www.pmlp.com/27/About-Us,11.996281,21699,0,21699,100.0,majority_coverage,Reported,14.258311,2389,0,2389,100.0,majority_coverage,Reported,12.969493,1812,0,1812,100.0,majority_coverage,Reported,Municipal
COOP_CT_WALLINGFORD,20038,Town of Wallingford - (CT),Wallingford Electric Division,CT,2015,COOP,COOP,Municipal,21405,"At least 10,000 residential customers in the 2024 regional EIA/PUDL roster","EIA Electric Sales, Revenue, and Average Price",https://www.eia.gov/electricity/sales_revenue_price/archive/f8612015.zip,https://www.wallingfordct.gov/government/departments/public-utilities/,12.797178,21131,0,21131,100.0,majority_coverage,Reported,11.506997,3640,0,3640,100.0,majority_coverage,Reported,9.4742623,25,0,25,100.0,majority_coverage,Reported,Municipal
COOP_CT_NORWICH,13831,City of Norwich - (CT),Norwich Public Utilities,CT,2015,COOP,COOP,Municipal,18870,"At least 10,000 residential customers in the 2024 regional EIA/PUDL roster","EIA Electric Sales, Revenue, and Average Price",https://www.eia.gov/electricity/sales_revenue_price/archive/f8612015.zip,https://www.norwichct.gov/272/Public-Utilities,19.6232,17485,0,17485,100.0,majority_coverage,Reported,16.826053,2553,0,2553,100.0,majority_coverage,Reported,15.892936,11,0,11,100.0,majority_coverage,Reported,Municipal
COOP_VT_BURLINGTON,2548,City of Burlington Electric - (VT),Burlington Electric Department,VT,2015,COOP,COOP,Municipal,17861,"At least 10,000 residential customers in the 2024 regional EIA/PUDL roster","EIA Electric Sales, Revenue, and Average Price",https://www.eia.gov/electricity/sales_revenue_price/archive/f8612015.zip,https://www.burlingtonelectric.com/history,15.637054,16680,0,16680,100.0,majority_coverage,Reported,14.33407,3858,0,3858,100.0,majority_coverage,Reported,11.479744,12,0,12,100.0,majority_coverage,Reported,Municipal
COOP_NY_FAIRPORT,5930,Village of Fairport - (NY),Fairport Municipal Commission,NY,2015,COOP,COOP,Municipal,16462,"At least 10,000 residential customers in the 2024 regional EIA/PUDL roster","EIA Electric Sales, Revenue, and Average Price",https://www.eia.gov/electricity/sales_revenue_price/archive/f8612015.zip,https://dps.ny.gov/location/village-fairport-electric,5.2338537,15440,0,15440,100.0,majority_coverage,Reported,6.0655471,1466,0,1466,100.0,majority_coverage,Reported,3.5172037,14,0,14,100.0,majority_coverage,Reported,Municipal
COOP_MA_20481,20481,City of Westfield - (MA),City of Westfield - (MA),MA,2015,COOP,COOP,Municipal,16200,"At least 10,000 residential customers in the 2024 regional EIA/PUDL roster","EIA Electric Sales, Revenue, and Average Price",https://www.eia.gov/electricity/sales_revenue_price/archive/f8612015.zip,https://s3.us-west-2.amazonaws.com/pudl.catalyst.coop/stable/core_eia861__yearly_sales.parquet,14.05611,15794,0,15794,100.0,majority_coverage,Reported,14.399295,1975,0,1975,100.0,majority_coverage,Reported,12.464237,120,0,120,100.0,majority_coverage,Reported,Municipal
COOP_MA_17127,17127,Town of Shrewsbury - (MA),Town of Shrewsbury - (MA),MA,2015,COOP,COOP,Municipal,15713,"At least 10,000 residential customers in the 2024 regional EIA/PUDL roster","EIA Electric Sales, Revenue, and Average Price",https://www.eia.gov/electricity/sales_revenue_price/archive/f8612015.zip,https://s3.us-west-2.amazonaws.com/pudl.catalyst.coop/stable/core_eia861__yearly_sales.parquet,12.563051,14296,0,14296,100.0,majority_coverage,Reported,12.66469,1515,0,1515,100.0,majority_coverage,Reported,11.397433,128,0,128,100.0,majority_coverage,Reported,Municipal
COOP_NY_9645,9645,Jamestown Board of Public Util,Jamestown Board of Public Util,NY,2015,COOP,COOP,Municipal,15562,"At least 10,000 residential customers in the 2024 regional EIA/PUDL roster","EIA Electric Sales, Revenue, and Average Price",https://www.eia.gov/electricity/sales_revenue_price/archive/f8612015.zip,https://s3.us-west-2.amazonaws.com/pudl.catalyst.coop/stable/core_eia861__yearly_sales.parquet,7.0278728,16454,0,16454,100.0,majority_coverage,Reported,7.2231298,2657,0,2657,100.0,majority_coverage,Reported,6.0148657,124,2,126,98.41269841269842,majority_coverage,Reported,Municipal
COOP_MA_8774,8774,City of Holyoke - (MA),City of Holyoke - (MA),MA,2015,COOP,COOP,Municipal,15040,"At least 10,000 residential customers in the 2024 regional EIA/PUDL roster","EIA Electric Sales, Revenue, and Average Price",https://www.eia.gov/electricity/sales_revenue_price/archive/f8612015.zip,https://s3.us-west-2.amazonaws.com/pudl.catalyst.coop/stable/core_eia861__yearly_sales.parquet,12.22396,14670,0,14670,100.0,majority_coverage,Reported,12.153688,2759,0,2759,100.0,majority_coverage,Reported,9.7405608,51,0,51,100.0,majority_coverage,Reported,Municipal
COOP_MA_12473,12473,Town of Middleborough - (MA),Town of Middleborough - (MA),MA,2015,COOP,COOP,Municipal,14884,"At least 10,000 residential customers in the 2024 regional EIA/PUDL roster","EIA Electric Sales, Revenue, and Average Price",https://www.eia.gov/electricity/sales_revenue_price/archive/f8612015.zip,https://s3.us-west-2.amazonaws.com/pudl.catalyst.coop/stable/core_eia861__yearly_sales.parquet,12.878991,13913,0,13913,100.0,majority_coverage,Reported,12.796672,2421,0,2421,100.0,majority_coverage,Reported,10.600277,22,0,22,100.0,majority_coverage,Reported,Municipal
COOP_MA_2144,2144,Town of Braintree - (MA),Town of Braintree - (MA),MA,2015,COOP,COOP,Municipal,14039,"At least 10,000 residential customers in the 2024 regional EIA/PUDL roster","EIA Electric Sales, Revenue, and Average Price",https://www.eia.gov/electricity/sales_revenue_price/archive/f8612015.zip,https://s3.us-west-2.amazonaws.com/pudl.catalyst.coop/stable/core_eia861__yearly_sales.parquet,13.870137,13664,0,13664,100.0,majority_coverage,Reported,14.682496,2749,0,2749,100.0,majority_coverage,Reported,13.430442,7,0,7,100.0,majority_coverage,Reported,Municipal
COOP_MA_13839,13839,City of Norwood - (MA),City of Norwood - (MA),MA,2015,COOP,COOP,Municipal,13601,"At least 10,000 residential customers in the 2024 regional EIA/PUDL roster","EIA Electric Sales, Revenue, and Average Price",https://www.eia.gov/electricity/sales_revenue_price/archive/f8612015.zip,https://s3.us-west-2.amazonaws.com/pudl.catalyst.coop/stable/core_eia861__yearly_sales.parquet,14.118461,13214,0,13214,100.0,majority_coverage,Reported,16.173874,2173,0,2173,100.0,majority_coverage,Reported,13.657813,49,0,49,100.0,majority_coverage,Reported,Municipal
COOP_NY_6775,6775,Village of Freeport - (NY),Village of Freeport - (NY),NY,2015,COOP,COOP,Municipal,13353,"At least 10,000 residential customers in the 2024 regional EIA/PUDL roster","EIA Electric Sales, Revenue, and Average Price",https://www.eia.gov/electricity/sales_revenue_price/archive/f8612015.zip,https://s3.us-west-2.amazonaws.com/pudl.catalyst.coop/stable/core_eia861__yearly_sales.parquet,12.077721,12892,0,12892,100.0,majority_coverage,Reported,11.601477,1794,0,1794,100.0,majority_coverage,Reported,,0,0,0,,no_published_price,Not reported,Municipal
MTC_MA_NANTUCKET,13206,Nantucket Electric Co,Nantucket Electric,MA,2015,MTC,MTC,Investor Owned,12823,"At least 10,000 residential customers in the 2024 regional EIA/PUDL roster","EIA Electric Sales, Revenue, and Average Price",https://www.eia.gov/electricity/sales_revenue_price/archive/f8612015.zip,https://www.nationalgridus.com/News/2023/11/National-Grid-Submits-Comprehensive-Performance-Investment-Plan-as-Part-of-Rate-Review-to-Build-a-Smarter%2C-Stronger%2C-Cleaner%2C-and-More-Equitable-Energy-Future/,22.233303,10972,567,11539,95.0862293092989,majority_coverage,Reported,21.432951,1318,261,1579,83.47055098163395,majority_coverage,Reported,23.529412,3,1,4,75.0,majority_coverage,Reported,Investor Owned
COOP_MA_13679,13679,Town of North Attleborough - (MA),Town of North Attleborough - (MA),MA,2015,COOP,COOP,Municipal,12607,"At least 10,000 residential customers in the 2024 regional EIA/PUDL roster","EIA Electric Sales, Revenue, and Average Price",https://www.eia.gov/electricity/sales_revenue_price/archive/f8612015.zip,https://s3.us-west-2.amazonaws.com/pudl.catalyst.coop/stable/core_eia861__yearly_sales.parquet,15.754953,12012,0,12012,100.0,majority_coverage,Reported,15.878711,1152,0,1152,100.0,majority_coverage,Reported,15.006184,128,0,128,100.0,majority_coverage,Reported,Municipal
COOP_CT_7716,7716,Groton Dept of Utilities - (CT),Groton Dept of Utilities - (CT),CT,2015,COOP,COOP,Municipal,12284,"At least 10,000 residential customers in the 2024 regional EIA/PUDL roster","EIA Electric Sales, Revenue, and Average Price",https://www.eia.gov/electricity/sales_revenue_price/archive/f8612015.zip,https://s3.us-west-2.amazonaws.com/pudl.catalyst.coop/stable/core_eia861__yearly_sales.parquet,15.925748,12011,0,12011,100.0,majority_coverage,Reported,13.938642,1567,0,1567,100.0,majority_coverage,Reported,10.956069,14,0,14,100.0,majority_coverage,Reported,Municipal
COOP_MA_5480,5480,Town of Danvers,Town of Danvers,MA,2015,COOP,COOP,Municipal,11594,"At least 10,000 residential customers in the 2024 regional EIA/PUDL roster","EIA Electric Sales, Revenue, and Average Price",https://www.eia.gov/electricity/sales_revenue_price/archive/f8612015.zip,https://s3.us-west-2.amazonaws.com/pudl.catalyst.coop/stable/core_eia861__yearly_sales.parquet,16.190212,11266,0,11266,100.0,majority_coverage,Reported,15.258125,1683,0,1683,100.0,majority_coverage,Reported,13.673036,403,0,403,100.0,majority_coverage,Reported,Municipal
COOP_MA_8973,8973,Town of Hudson - (MA),Town of Hudson - (MA),MA,2015,COOP,COOP,Municipal,11448,"At least 10,000 residential customers in the 2024 regional EIA/PUDL roster","EIA Electric Sales, Revenue, and Average Price",https://www.eia.gov/electricity/sales_revenue_price/archive/f8612015.zip,https://s3.us-west-2.amazonaws.com/pudl.catalyst.coop/stable/core_eia861__yearly_sales.parquet,13.611447,10962,0,10962,100.0,majority_coverage,Reported,10.970365,1657,0,1657,100.0,majority_coverage,Reported,11.503741,153,0,153,100.0,majority_coverage,Reported,Municipal
COOP_ME_5609,5609,Eastern Maine Electric Coop,Eastern Maine Electric Coop,ME,2015,COOP,COOP,Cooperative,10803,"At least 10,000 residential customers in the 2024 regional EIA/PUDL roster","EIA Electric Sales, Revenue, and Average Price",https://www.eia.gov/electricity/sales_revenue_price/archive/f8612015.zip,https://s3.us-west-2.amazonaws.com/pudl.catalyst.coop/stable/core_eia861__yearly_sales.parquet,16.574264,10496,0,10496,100.0,majority_coverage,Reported,15.215404,2038,0,2038,100.0,majority_coverage,Reported,13.691007,28,0,28,100.0,majority_coverage,Reported,Cooperative
DOM_NY_CECONY,4226,Consolidated Edison Co-NY Inc,Con Edison (CECONY),NY,2016,DOM,DOM,Investor Owned,3064038,"At least 10,000 residential customers in the 2024 regional EIA/PUDL roster","EIA Electric Sales, Revenue, and Average Price",https://www.eia.gov/electricity/sales_revenue_price/archive/f8612016.zip,https://investor.conedison.com/static-files/0b4e12b3-f43b-4398-a04b-3699537cabb5,24.908229,2187429,708600,2896029,75.53201297362699,majority_coverage,Reported,19.129361,358352,164550,522902,68.53138829073134,majority_coverage,Reported,16.677073,69,693,762,9.05511811023622,minority_coverage,Reported,Investor Owned
MTC_NY_NIMO,13573,Niagara Mohawk Power Corp.,Niagara Mohawk (National Grid),NY,2016,MTC,MTC,Investor Owned,1532294,"At least 10,000 residential customers in the 2024 regional EIA/PUDL roster","EIA Electric Sales, Revenue, and Average Price",https://www.eia.gov/electricity/sales_revenue_price/archive/f8612016.zip,https://www.nationalgrid.com/document/152396/download,12.075027,1220352,264515,1484867,82.185946620135,majority_coverage,Reported,9.4945287,102502,70240,172742,59.33820379525535,majority_coverage,Reported,5.3443608,560,1045,1605,34.890965732087224,minority_coverage,Reported,Investor Owned
DOM_MA_NSTAR,54913,NSTAR Electric Company,NSTAR Electric (Eversource Massachusetts),MA,2016,DOM,DOM,Investor Owned,1303076,"At least 10,000 residential customers in the 2024 regional EIA/PUDL roster","EIA Electric Sales, Revenue, and Average Price",https://www.eia.gov/electricity/sales_revenue_price/archive/f8612016.zip,https://investors.eversource.com/static-files/1526fda9-4ffa-4cfd-bbd7-c9c18f56d3fe,20.183297,629868,395104,1024972,61.45221528002716,majority_coverage,Reported,17.721681,89243,86891,176134,50.66767347587632,majority_coverage,Reported,14.529307,599,701,1300,46.07692307692308,minority_coverage,Reported,Investor Owned
MTC_MA_MECO,11804,Massachusetts Electric Co,Massachusetts Electric (National Grid),MA,2016,MTC,MTC,Investor Owned,1210113,"At least 10,000 residential customers in the 2024 regional EIA/PUDL roster","EIA Electric Sales, Revenue, and Average Price",https://www.eia.gov/electricity/sales_revenue_price/archive/f8612016.zip,https://www.nationalgrid.com/document/152381/download,19.18094,678140,456516,1134656,59.766131761520676,majority_coverage,Reported,13.684053,77503,78003,155506,49.83923449899039,minority_coverage,Reported,14.510232,1598,2419,4017,39.780931043066964,minority_coverage,Reported,Investor Owned
DOM_CT_CLP,4176,Connecticut Light & Power Co,Connecticut Light & Power (Eversource Connecticut),CT,2016,DOM,DOM,Investor Owned,1174420,"At least 10,000 residential customers in the 2024 regional EIA/PUDL roster","EIA Electric Sales, Revenue, and Average Price",https://www.eia.gov/electricity/sales_revenue_price/archive/f8612016.zip,https://investors.eversource.com/static-files/1526fda9-4ffa-4cfd-bbd7-c9c18f56d3fe,19.240163,782881,342534,1125415,69.56376092374813,majority_coverage,Reported,16.009188,61633,48161,109794,56.13512578100807,majority_coverage,Reported,14.42464,1596,1531,3127,51.03933482571154,majority_coverage,Reported,Investor Owned
MTC_NY_NYSEG,13511,New York State Elec & Gas Corp,NYSEG,NY,2016,MTC,MTC,Investor Owned,792300,"At least 10,000 residential customers in the 2024 regional EIA/PUDL roster","EIA Electric Sales, Revenue, and Average Price",https://www.eia.gov/electricity/sales_revenue_price/archive/f8612016.zip,https://www.avangrid.com/aboutus/companyprofile,11.497309,608584,158370,766954,79.35078244588333,majority_coverage,Reported,10.358175,73348,46882,120230,61.0064043915828,majority_coverage,Reported,6.5599981,700,1280,1980,35.35353535353536,minority_coverage,Reported,Investor Owned
MTC_ME_CMP,3266,Central Maine Power Co,Central Maine Power,ME,2016,MTC,MTC,Investor Owned,577955,"At least 10,000 residential customers in the 2024 regional EIA/PUDL roster","EIA Electric Sales, Revenue, and Average Price",https://www.eia.gov/electricity/sales_revenue_price/archive/f8612016.zip,https://www.avangrid.com/aboutus/companyprofile,14.622934,434783,105716,540499,80.44103689368528,majority_coverage,Reported,11.4896,44115,23094,67209,65.63853055394367,majority_coverage,Reported,8.6116762,1679,948,2627,63.91320898363152,majority_coverage,Reported,Investor Owned
DOM_NH_PSNH,15472,Public Service Co of NH,Public Service Company of New Hampshire,NH,2016,DOM,DOM,Investor Owned,459907,"At least 10,000 residential customers in the 2024 regional EIA/PUDL roster","EIA Electric Sales, Revenue, and Average Price",https://www.eia.gov/electricity/sales_revenue_price/archive/f8612016.zip,https://www.eversource.com/residential/about/doing-business-with-us/affiliates/list-of-affiliates,19.445322,345479,85178,430657,80.22138267809417,majority_coverage,Reported,20.858689,49349,25192,74541,66.20383413155176,majority_coverage,Reported,37.784068,1727,1073,2800,61.67857142857143,majority_coverage,Reported,Investor Owned
DOM_RI_RIE,13214,The Narragansett Electric Co,Rhode Island Energy (legal entity: Narragansett Electric),RI,2016,MTC,DOM,Investor Owned,451381,"At least 10,000 residential customers in the 2024 regional EIA/PUDL roster","EIA Electric Sales, Revenue, and Average Price",https://www.eia.gov/electricity/sales_revenue_price/archive/f8612016.zip,https://investors.pplweb.com/2024-04-02-PPL-Corporation-subsidiary-Rhode-Island-Energy-receives-regulatory-approval-for-planned-spending-to-strengthen-network-safety%2C-reliability-and-resilience,18.434758,386171,46880,433051,89.17448522229483,majority_coverage,Reported,16.263224,43470,14373,57843,75.1517037498055,majority_coverage,Reported,15.187268,1236,527,1763,70.10777084515031,majority_coverage,Reported,Investor Owned
MTC_NY_RGE,16183,Rochester Gas & Electric Corp,Rochester Gas & Electric,NY,2016,MTC,MTC,Investor Owned,351481,"At least 10,000 residential customers in the 2024 regional EIA/PUDL roster","EIA Electric Sales, Revenue, and Average Price",https://www.eia.gov/electricity/sales_revenue_price/archive/f8612016.zip,https://www.avangrid.com/aboutus/companyprofile,12.71526,270864,63886,334750,80.91530993278566,majority_coverage,Reported,11.800714,21958,18375,40333,54.44177224605162,majority_coverage,Reported,9.8248028,300,529,829,36.18817852834741,minority_coverage,Reported,Investor Owned
MTC_CT_UI,19497,United Illuminating Co,United Illuminating,CT,2016,MTC,MTC,Investor Owned,312291,"At least 10,000 residential customers in the 2024 regional EIA/PUDL roster","EIA Electric Sales, Revenue, and Average Price",https://www.eia.gov/electricity/sales_revenue_price/archive/f8612016.zip,https://www.avangrid.com/aboutus/companyprofile,22.350445,189235,108953,298188,63.461641648892645,majority_coverage,Reported,16.64129,13560,18201,31761,42.69386984037027,minority_coverage,Reported,14.106934,306,866,1172,26.109215017064848,minority_coverage,Reported,Investor Owned
MTC_NY_CENTHUD,3249,Central Hudson Gas & Elec Corp,Central Hudson,NY,2016,MTC,MTC,Investor Owned,270859,"At least 10,000 residential customers in the 2024 regional EIA/PUDL roster","EIA Electric Sales, Revenue, and Average Price",https://www.eia.gov/electricity/sales_revenue_price/archive/f8612016.zip,https://www.fortisinc.com/company/our-companies/index,16.477993,226402,39659,266061,85.09401979245361,majority_coverage,Reported,12.67255,34264,12206,46470,73.73359156445018,majority_coverage,Reported,9.7629533,745,304,1049,71.02001906577694,majority_coverage,Reported,Investor Owned
MTC_VT_GMP,7601,Green Mountain Power Corp,Green Mountain Power,VT,2016,MTC,MTC,Investor Owned,226675,"At least 10,000 residential customers in the 2024 regional EIA/PUDL roster","EIA Electric Sales, Revenue, and Average Price",https://www.eia.gov/electricity/sales_revenue_price/archive/f8612016.zip,https://energir.com/en/about/the-company/who-we-are/our-subsidiaries,17.266629,220612,0,220612,100.0,majority_coverage,Reported,14.350674,41635,0,41635,100.0,majority_coverage,Reported,9.7738121,69,0,69,100.0,majority_coverage,Reported,Investor Owned
DOM_NY_ORU,14154,Orange & Rockland Utils Inc,Orange & Rockland Utilities,NY,2016,DOM,DOM,Investor Owned,211011,"At least 10,000 residential customers in the 2024 regional EIA/PUDL roster","EIA Electric Sales, Revenue, and Average Price",https://www.eia.gov/electricity/sales_revenue_price/archive/f8612016.zip,https://www.conedison.com/en/about-us/corporate-governance/corporate-leadership/michelle-oconnoll,19.398218,128099,70232,198331,64.58849095703647,majority_coverage,Reported,13.401811,16542,15168,31710,52.16650898770104,majority_coverage,Reported,8.3921006,45,56,101,44.554455445544555,minority_coverage,Reported,Investor Owned
MTC_ME_VERSANT,1179,Versant Power,Versant Power,ME,2016,MTC,MTC,Investor Owned,137906,"At least 10,000 residential customers in the 2024 regional EIA/PUDL roster","EIA Electric Sales, Revenue, and Average Price",https://www.eia.gov/electricity/sales_revenue_price/archive/f8612016.zip,https://www.versantpower.com/about/news-press-releases/blog-details/versant-power-to-welcome-new-president-in-2026,17.771597,125225,7479,132704,94.36414878225223,majority_coverage,Reported,11.750817,22165,3165,25330,87.50493485984998,majority_coverage,Reported,10.821079,152,102,254,59.84251968503937,majority_coverage,Reported,Investor Owned
COOP_NH_NHEC,13441,New Hampshire Elec Coop Inc,New Hampshire Electric Cooperative,NH,2016,COOP,COOP,Cooperative,74144,"At least 10,000 residential customers in the 2024 regional EIA/PUDL roster","EIA Electric Sales, Revenue, and Average Price",https://www.eia.gov/electricity/sales_revenue_price/archive/f8612016.zip,https://www.nhec.com/about/,19.375344,69619,565,70184,99.19497321326799,majority_coverage,Reported,17.390509,9325,1013,10338,90.20119945830915,majority_coverage,Reported,12.161736,11,20,31,35.483870967741936,minority_coverage,Reported,Cooperative
DOM_NH_UNITIL,24590,Unitil Energy Systems,Unitil Energy Systems,NH,2016,DOM,DOM,Investor Owned,68602,"At least 10,000 residential customers in the 2024 regional EIA/PUDL roster","EIA Electric Sales, Revenue, and Average Price",https://www.eia.gov/electricity/sales_revenue_price/archive/f8612016.zip,https://unitil.com/electric-gas-service/pricing-rates/rates/ferc-oatt-information/transmission-service-information-nh,15.51722,57404,8377,65781,87.26531977318679,majority_coverage,Reported,16.277479,9162,3299,12461,73.52539924564641,majority_coverage,Reported,9.8940401,32,128,160,20.0,minority_coverage,Reported,Investor Owned
MTC_NH_LIBERTY,26510,Liberty Utilities (Granite State Electri,Liberty Utilities (Granite State Electric),NH,2016,MTC,MTC,Investor Owned,39667,"At least 10,000 residential customers in the 2024 regional EIA/PUDL roster","EIA Electric Sales, Revenue, and Average Price",https://www.eia.gov/electricity/sales_revenue_price/archive/f8612016.zip,https://libertyutilities.com/who-we-are.html,16.592674,31827,4506,36333,87.59805135826934,majority_coverage,Reported,13.397092,5392,1770,7162,75.28623289583915,majority_coverage,Reported,14.504279,127,71,198,64.14141414141415,majority_coverage,Reported,Investor Owned
COOP_VT_VEC,19791,"Vermont Electric Cooperative, Inc",Vermont Electric Cooperative,VT,2016,COOP,COOP,Cooperative,35964,"At least 10,000 residential customers in the 2024 regional EIA/PUDL roster","EIA Electric Sales, Revenue, and Average Price",https://www.eia.gov/electricity/sales_revenue_price/archive/f8612016.zip,https://vermontelectric.coop/at-a-glance,19.271246,34420,0,34420,100.0,majority_coverage,Reported,15.946149,4508,0,4508,100.0,majority_coverage,Reported,10.673041,14,0,14,100.0,majority_coverage,Reported,Cooperative
COOP_MA_TAUNTON,18488,City of Taunton,Taunton Municipal Lighting Plant,MA,2016,COOP,COOP,Municipal,35684,"At least 10,000 residential customers in the 2024 regional EIA/PUDL roster","EIA Electric Sales, Revenue, and Average Price",https://www.eia.gov/electricity/sales_revenue_price/archive/f8612016.zip,https://www.taunton-ma.gov/DocumentCenter/View/5355/Annual-Comprehensive-Financial-Report-for-Fiscal-Year-Ended-June-30-2024,15.524381,25233,0,25233,100.0,majority_coverage,Reported,16.209846,3825,0,3825,100.0,majority_coverage,Reported,12.993033,54,0,54,100.0,majority_coverage,Reported,Municipal
COOP_MA_READING,15748,Town of Reading - (MA),Reading Municipal Light Department,MA,2016,COOP,COOP,Municipal,27405,"At least 10,000 residential customers in the 2024 regional EIA/PUDL roster","EIA Electric Sales, Revenue, and Average Price",https://www.eia.gov/electricity/sales_revenue_price/archive/f8612016.zip,https://www.mass.gov/info-details/massachusetts-municipally-owned-electric-companies,14.877322,26292,0,26292,100.0,majority_coverage,Reported,13.245885,551,0,551,100.0,majority_coverage,Reported,12.617996,2942,0,2942,100.0,majority_coverage,Reported,Municipal
DOM_MA_FITCHBURG,6374,Fitchburg Gas & Elec Light Co,Fitchburg Gas & Electric Light,MA,2016,DOM,DOM,Investor Owned,26290,"At least 10,000 residential customers in the 2024 regional EIA/PUDL roster","EIA Electric Sales, Revenue, and Average Price",https://www.eia.gov/electricity/sales_revenue_price/archive/f8612016.zip,https://unitil.com/electric-gas-service/pricing-rates/rates/ferc-oatt-information/transmission-service-information-ma,22.082512,18143,6932,25075,72.35493519441675,majority_coverage,Reported,19.013795,2998,1282,4280,70.04672897196262,majority_coverage,Reported,13.224725,4,23,27,14.814814814814815,minority_coverage,Reported,Investor Owned
COOP_MA_CHICOPEE,3477,City of Chicopee - (MA),Chicopee Electric Light,MA,2016,COOP,COOP,Municipal,23218,"At least 10,000 residential customers in the 2024 regional EIA/PUDL roster","EIA Electric Sales, Revenue, and Average Price",https://www.eia.gov/electricity/sales_revenue_price/archive/f8612016.zip,https://www.celd.com/about,12.185193,23392,0,23392,100.0,majority_coverage,Reported,12.549672,2809,0,2809,100.0,majority_coverage,Reported,10.344928,42,0,42,100.0,majority_coverage,Reported,Municipal
COOP_MA_PEABODY,14605,City of Peabody - (MA),Peabody Municipal Light Plant,MA,2016,COOP,COOP,Municipal,22546,"At least 10,000 residential customers in the 2024 regional EIA/PUDL roster","EIA Electric Sales, Revenue, and Average Price",https://www.eia.gov/electricity/sales_revenue_price/archive/f8612016.zip,https://www.pmlp.com/27/About-Us,12.408429,22394,0,22394,100.0,majority_coverage,Reported,15.260554,2535,0,2535,100.0,majority_coverage,Reported,12.74063,1924,0,1924,100.0,majority_coverage,Reported,Municipal
COOP_CT_WALLINGFORD,20038,Town of Wallingford - (CT),Wallingford Electric Division,CT,2016,COOP,COOP,Municipal,21405,"At least 10,000 residential customers in the 2024 regional EIA/PUDL roster","EIA Electric Sales, Revenue, and Average Price",https://www.eia.gov/electricity/sales_revenue_price/archive/f8612016.zip,https://www.wallingfordct.gov/government/departments/public-utilities/,12.874124,21169,0,21169,100.0,majority_coverage,Reported,11.383569,3635,0,3635,100.0,majority_coverage,Reported,8.971766,26,0,26,100.0,majority_coverage,Reported,Municipal
COOP_CT_NORWICH,13831,City of Norwich - (CT),Norwich Public Utilities,CT,2016,COOP,COOP,Municipal,18870,"At least 10,000 residential customers in the 2024 regional EIA/PUDL roster","EIA Electric Sales, Revenue, and Average Price",https://www.eia.gov/electricity/sales_revenue_price/archive/f8612016.zip,https://www.norwichct.gov/272/Public-Utilities,19.69577,17485,0,17485,100.0,majority_coverage,Reported,16.528121,2552,0,2552,100.0,majority_coverage,Reported,15.482788,9,0,9,100.0,majority_coverage,Reported,Municipal
COOP_VT_BURLINGTON,2548,City of Burlington Electric - (VT),Burlington Electric Department,VT,2016,COOP,COOP,Municipal,17861,"At least 10,000 residential customers in the 2024 regional EIA/PUDL roster","EIA Electric Sales, Revenue, and Average Price",https://www.eia.gov/electricity/sales_revenue_price/archive/f8612016.zip,https://www.burlingtonelectric.com/history,15.735841,16662,0,16662,100.0,majority_coverage,Reported,14.339118,3961,0,3961,100.0,majority_coverage,Reported,11.545748,10,0,10,100.0,majority_coverage,Reported,Municipal
COOP_NY_FAIRPORT,5930,Village of Fairport - (NY),Fairport Municipal Commission,NY,2016,COOP,COOP,Municipal,16462,"At least 10,000 residential customers in the 2024 regional EIA/PUDL roster","EIA Electric Sales, Revenue, and Average Price",https://www.eia.gov/electricity/sales_revenue_price/archive/f8612016.zip,https://dps.ny.gov/location/village-fairport-electric,5.0590549,15555,0,15555,100.0,majority_coverage,Reported,5.7874749,1515,0,1515,100.0,majority_coverage,Reported,3.5975032,15,0,15,100.0,majority_coverage,Reported,Municipal
COOP_MA_20481,20481,City of Westfield - (MA),City of Westfield - (MA),MA,2016,COOP,COOP,Municipal,16200,"At least 10,000 residential customers in the 2024 regional EIA/PUDL roster","EIA Electric Sales, Revenue, and Average Price",https://www.eia.gov/electricity/sales_revenue_price/archive/f8612016.zip,https://s3.us-west-2.amazonaws.com/pudl.catalyst.coop/stable/core_eia861__yearly_sales.parquet,13.899372,15877,0,15877,100.0,majority_coverage,Reported,14.493014,2018,0,2018,100.0,majority_coverage,Reported,12.361395,69,0,69,100.0,majority_coverage,Reported,Municipal
COOP_MA_17127,17127,Town of Shrewsbury - (MA),Town of Shrewsbury - (MA),MA,2016,COOP,COOP,Municipal,15713,"At least 10,000 residential customers in the 2024 regional EIA/PUDL roster","EIA Electric Sales, Revenue, and Average Price",https://www.eia.gov/electricity/sales_revenue_price/archive/f8612016.zip,https://s3.us-west-2.amazonaws.com/pudl.catalyst.coop/stable/core_eia861__yearly_sales.parquet,11.933951,14333,0,14333,100.0,majority_coverage,Reported,12.107653,1494,0,1494,100.0,majority_coverage,Reported,10.820332,124,0,124,100.0,majority_coverage,Reported,Municipal
COOP_NY_9645,9645,Jamestown Board of Public Util,Jamestown Board of Public Util,NY,2016,COOP,COOP,Municipal,15562,"At least 10,000 residential customers in the 2024 regional EIA/PUDL roster","EIA Electric Sales, Revenue, and Average Price",https://www.eia.gov/electricity/sales_revenue_price/archive/f8612016.zip,https://s3.us-west-2.amazonaws.com/pudl.catalyst.coop/stable/core_eia861__yearly_sales.parquet,7.7039863,16344,0,16344,100.0,majority_coverage,Reported,7.7934758,2643,0,2643,100.0,majority_coverage,Reported,6.3453095,122,2,124,98.38709677419355,majority_coverage,Reported,Municipal
COOP_MA_8774,8774,City of Holyoke - (MA),City of Holyoke - (MA),MA,2016,COOP,COOP,Municipal,15040,"At least 10,000 residential customers in the 2024 regional EIA/PUDL roster","EIA Electric Sales, Revenue, and Average Price",https://www.eia.gov/electricity/sales_revenue_price/archive/f8612016.zip,https://s3.us-west-2.amazonaws.com/pudl.catalyst.coop/stable/core_eia861__yearly_sales.parquet,12.228052,14716,0,14716,100.0,majority_coverage,Reported,12.124704,2769,0,2769,100.0,majority_coverage,Reported,9.7520349,49,0,49,100.0,majority_coverage,Reported,Municipal
COOP_MA_12473,12473,Town of Middleborough - (MA),Town of Middleborough - (MA),MA,2016,COOP,COOP,Municipal,14884,"At least 10,000 residential customers in the 2024 regional EIA/PUDL roster","EIA Electric Sales, Revenue, and Average Price",https://www.eia.gov/electricity/sales_revenue_price/archive/f8612016.zip,https://s3.us-west-2.amazonaws.com/pudl.catalyst.coop/stable/core_eia861__yearly_sales.parquet,12.9023,14006,0,14006,100.0,majority_coverage,Reported,12.807037,2441,0,2441,100.0,majority_coverage,Reported,10.507288,22,0,22,100.0,majority_coverage,Reported,Municipal
COOP_MA_2144,2144,Town of Braintree - (MA),Town of Braintree - (MA),MA,2016,COOP,COOP,Municipal,14039,"At least 10,000 residential customers in the 2024 regional EIA/PUDL roster","EIA Electric Sales, Revenue, and Average Price",https://www.eia.gov/electricity/sales_revenue_price/archive/f8612016.zip,https://s3.us-west-2.amazonaws.com/pudl.catalyst.coop/stable/core_eia861__yearly_sales.parquet,14.187749,13701,0,13701,100.0,majority_coverage,Reported,15.070286,2716,0,2716,100.0,majority_coverage,Reported,13.378562,6,0,6,100.0,majority_coverage,Reported,Municipal
COOP_MA_13839,13839,City of Norwood - (MA),City of Norwood - (MA),MA,2016,COOP,COOP,Municipal,13601,"At least 10,000 residential customers in the 2024 regional EIA/PUDL roster","EIA Electric Sales, Revenue, and Average Price",https://www.eia.gov/electricity/sales_revenue_price/archive/f8612016.zip,https://s3.us-west-2.amazonaws.com/pudl.catalyst.coop/stable/core_eia861__yearly_sales.parquet,14.127393,13482,0,13482,100.0,majority_coverage,Reported,16.270751,2186,0,2186,100.0,majority_coverage,Reported,13.687229,50,0,50,100.0,majority_coverage,Reported,Municipal
COOP_NY_6775,6775,Village of Freeport - (NY),Village of Freeport - (NY),NY,2016,COOP,COOP,Municipal,13353,"At least 10,000 residential customers in the 2024 regional EIA/PUDL roster","EIA Electric Sales, Revenue, and Average Price",https://www.eia.gov/electricity/sales_revenue_price/archive/f8612016.zip,https://s3.us-west-2.amazonaws.com/pudl.catalyst.coop/stable/core_eia861__yearly_sales.parquet,11.765346,12919,0,12919,100.0,majority_coverage,Reported,11.37407,1816,0,1816,100.0,majority_coverage,Reported,,0,0,0,,no_published_price,Not reported,Municipal
MTC_MA_NANTUCKET,13206,Nantucket Electric Co,Nantucket Electric,MA,2016,MTC,MTC,Investor Owned,12823,"At least 10,000 residential customers in the 2024 regional EIA/PUDL roster","EIA Electric Sales, Revenue, and Average Price",https://www.eia.gov/electricity/sales_revenue_price/archive/f8612016.zip,https://www.nationalgridus.com/News/2023/11/National-Grid-Submits-Comprehensive-Performance-Investment-Plan-as-Part-of-Rate-Review-to-Build-a-Smarter%2C-Stronger%2C-Cleaner%2C-and-More-Equitable-Energy-Future/,19.941928,10849,810,11659,93.05257740801098,majority_coverage,Reported,17.923454,1267,334,1601,79.13803872579638,majority_coverage,Reported,20.0,3,1,4,75.0,majority_coverage,Reported,Investor Owned
COOP_MA_13679,13679,Town of North Attleborough - (MA),Town of North Attleborough - (MA),MA,2016,COOP,COOP,Municipal,12607,"At least 10,000 residential customers in the 2024 regional EIA/PUDL roster","EIA Electric Sales, Revenue, and Average Price",https://www.eia.gov/electricity/sales_revenue_price/archive/f8612016.zip,https://s3.us-west-2.amazonaws.com/pudl.catalyst.coop/stable/core_eia861__yearly_sales.parquet,15.853942,12061,0,12061,100.0,majority_coverage,Reported,15.484469,1149,0,1149,100.0,majority_coverage,Reported,14.650126,128,0,128,100.0,majority_coverage,Reported,Municipal
COOP_CT_7716,7716,Groton Dept of Utilities - (CT),Groton Dept of Utilities - (CT),CT,2016,COOP,COOP,Municipal,12284,"At least 10,000 residential customers in the 2024 regional EIA/PUDL roster","EIA Electric Sales, Revenue, and Average Price",https://www.eia.gov/electricity/sales_revenue_price/archive/f8612016.zip,https://s3.us-west-2.amazonaws.com/pudl.catalyst.coop/stable/core_eia861__yearly_sales.parquet,16.063847,11892,0,11892,100.0,majority_coverage,Reported,14.56794,1596,0,1596,100.0,majority_coverage,Reported,10.152669,15,0,15,100.0,majority_coverage,Reported,Municipal
COOP_MA_5480,5480,Town of Danvers,Town of Danvers,MA,2016,COOP,COOP,Municipal,11594,"At least 10,000 residential customers in the 2024 regional EIA/PUDL roster","EIA Electric Sales, Revenue, and Average Price",https://www.eia.gov/electricity/sales_revenue_price/archive/f8612016.zip,https://s3.us-west-2.amazonaws.com/pudl.catalyst.coop/stable/core_eia861__yearly_sales.parquet,15.890585,11297,0,11297,100.0,majority_coverage,Reported,14.970427,1514,0,1514,100.0,majority_coverage,Reported,13.350587,403,0,403,100.0,majority_coverage,Reported,Municipal
COOP_MA_8973,8973,Town of Hudson - (MA),Town of Hudson - (MA),MA,2016,COOP,COOP,Municipal,11448,"At least 10,000 residential customers in the 2024 regional EIA/PUDL roster","EIA Electric Sales, Revenue, and Average Price",https://www.eia.gov/electricity/sales_revenue_price/archive/f8612016.zip,https://s3.us-west-2.amazonaws.com/pudl.catalyst.coop/stable/core_eia861__yearly_sales.parquet,11.916926,11035,0,11035,100.0,majority_coverage,Reported,8.8670257,1824,0,1824,100.0,majority_coverage,Reported,10.767909,159,0,159,100.0,majority_coverage,Reported,Municipal
COOP_ME_5609,5609,Eastern Maine Electric Coop,Eastern Maine Electric Coop,ME,2016,COOP,COOP,Cooperative,10803,"At least 10,000 residential customers in the 2024 regional EIA/PUDL roster","EIA Electric Sales, Revenue, and Average Price",https://www.eia.gov/electricity/sales_revenue_price/archive/f8612016.zip,https://s3.us-west-2.amazonaws.com/pudl.catalyst.coop/stable/core_eia861__yearly_sales.parquet,16.970456,10472,0,10472,100.0,majority_coverage,Reported,15.659127,2124,0,2124,100.0,majority_coverage,Reported,14.053422,28,0,28,100.0,majority_coverage,Reported,Cooperative
DOM_NY_CECONY,4226,Consolidated Edison Co-NY Inc,Con Edison (CECONY),NY,2017,DOM,DOM,Investor Owned,3064038,"At least 10,000 residential customers in the 2024 regional EIA/PUDL roster","EIA Electric Sales, Revenue, and Average Price",https://www.eia.gov/electricity/sales_revenue_price/archive/f8612017.zip,https://investor.conedison.com/static-files/0b4e12b3-f43b-4398-a04b-3699537cabb5,25.34245,2211235,699045,2910280,75.98014624022431,majority_coverage,Reported,19.725072,372504,162548,535052,69.62014906962314,majority_coverage,Reported,17.175132,67,700,767,8.735332464146023,minority_coverage,Reported,Investor Owned
MTC_NY_NIMO,13573,Niagara Mohawk Power Corp.,Niagara Mohawk (National Grid),NY,2017,MTC,MTC,Investor Owned,1532294,"At least 10,000 residential customers in the 2024 regional EIA/PUDL roster","EIA Electric Sales, Revenue, and Average Price",https://www.eia.gov/electricity/sales_revenue_price/archive/f8612017.zip,https://www.nationalgrid.com/document/152396/download,12.606772,1243100,250597,1493697,83.22303653284435,majority_coverage,Reported,9.7338608,105040,69264,174304,60.26252983293556,majority_coverage,Reported,5.7792619,556,1036,1592,34.92462311557789,minority_coverage,Reported,Investor Owned
DOM_MA_NSTAR,54913,NSTAR Electric Company,NSTAR Electric (Eversource Massachusetts),MA,2017,DOM,DOM,Investor Owned,1303076,"At least 10,000 residential customers in the 2024 regional EIA/PUDL roster","EIA Electric Sales, Revenue, and Average Price",https://www.eia.gov/electricity/sales_revenue_price/archive/f8612017.zip,https://investors.eversource.com/static-files/1526fda9-4ffa-4cfd-bbd7-c9c18f56d3fe,21.032488,618193,412129,1030322,59.99998058859269,majority_coverage,Reported,16.987749,82538,93076,175614,46.99966973020374,minority_coverage,Reported,15.88165,493,1034,1527,32.28552717747217,minority_coverage,Reported,Investor Owned
MTC_MA_MECO,11804,Massachusetts Electric Co,Massachusetts Electric (National Grid),MA,2017,MTC,MTC,Investor Owned,1210113,"At least 10,000 residential customers in the 2024 regional EIA/PUDL roster","EIA Electric Sales, Revenue, and Average Price",https://www.eia.gov/electricity/sales_revenue_price/archive/f8612017.zip,https://www.nationalgrid.com/document/152381/download,20.879716,675961,469547,1145508,59.009714467293115,majority_coverage,Reported,13.099191,77590,80539,158129,49.06753346950907,minority_coverage,Reported,15.313169,1563,2402,3965,39.41992433795713,minority_coverage,Reported,Investor Owned
DOM_CT_CLP,4176,Connecticut Light & Power Co,Connecticut Light & Power (Eversource Connecticut),CT,2017,DOM,DOM,Investor Owned,1174420,"At least 10,000 residential customers in the 2024 regional EIA/PUDL roster","EIA Electric Sales, Revenue, and Average Price",https://www.eia.gov/electricity/sales_revenue_price/archive/f8612017.zip,https://investors.eversource.com/static-files/1526fda9-4ffa-4cfd-bbd7-c9c18f56d3fe,19.467463,824059,307376,1131435,72.83308365040855,majority_coverage,Reported,16.12204,64250,46268,110518,58.13532637217467,majority_coverage,Reported,14.725691,1636,1453,3089,52.96212366461638,majority_coverage,Reported,Investor Owned
MTC_NY_NYSEG,13511,New York State Elec & Gas Corp,NYSEG,NY,2017,MTC,MTC,Investor Owned,792300,"At least 10,000 residential customers in the 2024 regional EIA/PUDL roster","EIA Electric Sales, Revenue, and Average Price",https://www.eia.gov/electricity/sales_revenue_price/archive/f8612017.zip,https://www.avangrid.com/aboutus/companyprofile,11.930874,622558,148970,771528,80.69156271710165,majority_coverage,Reported,10.269409,74565,45768,120333,61.965545610929674,majority_coverage,Reported,6.5562629,687,1235,1922,35.74401664932362,minority_coverage,Reported,Investor Owned
MTC_ME_CMP,3266,Central Maine Power Co,Central Maine Power,ME,2017,MTC,MTC,Investor Owned,577955,"At least 10,000 residential customers in the 2024 regional EIA/PUDL roster","EIA Electric Sales, Revenue, and Average Price",https://www.eia.gov/electricity/sales_revenue_price/archive/f8612017.zip,https://www.avangrid.com/aboutus/companyprofile,15.084688,454387,95168,549555,82.68271601568541,majority_coverage,Reported,11.494478,46783,22021,68804,67.99459333759665,majority_coverage,Reported,9.1984943,1821,891,2712,67.14601769911505,majority_coverage,Reported,Investor Owned
DOM_NH_PSNH,15472,Public Service Co of NH,Public Service Company of New Hampshire,NH,2017,DOM,DOM,Investor Owned,459907,"At least 10,000 residential customers in the 2024 regional EIA/PUDL roster","EIA Electric Sales, Revenue, and Average Price",https://www.eia.gov/electricity/sales_revenue_price/archive/f8612017.zip,https://www.eversource.com/residential/about/doing-business-with-us/affiliates/list-of-affiliates,20.703171,331614,103833,435447,76.1548477771118,majority_coverage,Reported,21.587164,46439,28620,75059,61.86999560345861,majority_coverage,Reported,34.973711,1576,1222,2798,56.32594710507505,majority_coverage,Reported,Investor Owned
DOM_RI_RIE,13214,The Narragansett Electric Co,Rhode Island Energy (legal entity: Narragansett Electric),RI,2017,MTC,DOM,Investor Owned,451381,"At least 10,000 residential customers in the 2024 regional EIA/PUDL roster","EIA Electric Sales, Revenue, and Average Price",https://www.eia.gov/electricity/sales_revenue_price/archive/f8612017.zip,https://investors.pplweb.com/2024-04-02-PPL-Corporation-subsidiary-Rhode-Island-Energy-receives-regulatory-approval-for-planned-spending-to-strengthen-network-safety%2C-reliability-and-resilience,17.992722,377572,54065,431637,87.47442874452375,majority_coverage,Reported,15.975083,43377,14965,58342,74.34952521339687,majority_coverage,Reported,15.584041,1214,513,1727,70.29530978575565,majority_coverage,Reported,Investor Owned
MTC_NY_RGE,16183,Rochester Gas & Electric Corp,Rochester Gas & Electric,NY,2017,MTC,MTC,Investor Owned,351481,"At least 10,000 residential customers in the 2024 regional EIA/PUDL roster","EIA Electric Sales, Revenue, and Average Price",https://www.eia.gov/electricity/sales_revenue_price/archive/f8612017.zip,https://www.avangrid.com/aboutus/companyprofile,13.513321,279183,57853,337036,82.83477135973605,majority_coverage,Reported,12.257826,22538,18031,40569,55.55473391012843,majority_coverage,Reported,10.902621,294,510,804,36.56716417910448,minority_coverage,Reported,Investor Owned
MTC_CT_UI,19497,United Illuminating Co,United Illuminating,CT,2017,MTC,MTC,Investor Owned,312291,"At least 10,000 residential customers in the 2024 regional EIA/PUDL roster","EIA Electric Sales, Revenue, and Average Price",https://www.eia.gov/electricity/sales_revenue_price/archive/f8612017.zip,https://www.avangrid.com/aboutus/companyprofile,23.680113,194728,105829,300557,64.78904167928214,majority_coverage,Reported,16.857465,13098,18618,31716,41.297767688233066,minority_coverage,Reported,16.076841,277,908,1185,23.37552742616034,minority_coverage,Reported,Investor Owned
MTC_NY_CENTHUD,3249,Central Hudson Gas & Elec Corp,Central Hudson,NY,2017,MTC,MTC,Investor Owned,270859,"At least 10,000 residential customers in the 2024 regional EIA/PUDL roster","EIA Electric Sales, Revenue, and Average Price",https://www.eia.gov/electricity/sales_revenue_price/archive/f8612017.zip,https://www.fortisinc.com/company/our-companies/index,17.037434,222189,35122,257311,86.35036978597884,majority_coverage,Reported,12.885271,34900,11158,46058,75.77402405662426,majority_coverage,Reported,10.412156,724,291,1015,71.33004926108374,majority_coverage,Reported,Investor Owned
MTC_VT_GMP,7601,Green Mountain Power Corp,Green Mountain Power,VT,2017,MTC,MTC,Investor Owned,226675,"At least 10,000 residential customers in the 2024 regional EIA/PUDL roster","EIA Electric Sales, Revenue, and Average Price",https://www.eia.gov/electricity/sales_revenue_price/archive/f8612017.zip,https://energir.com/en/about/the-company/who-we-are/our-subsidiaries,17.60801,221420,0,221420,100.0,majority_coverage,Reported,14.408925,42410,0,42410,100.0,majority_coverage,Reported,9.7623317,66,0,66,100.0,majority_coverage,Reported,Investor Owned
DOM_NY_ORU,14154,Orange & Rockland Utils Inc,Orange & Rockland Utilities,NY,2017,DOM,DOM,Investor Owned,211011,"At least 10,000 residential customers in the 2024 regional EIA/PUDL roster","EIA Electric Sales, Revenue, and Average Price",https://www.eia.gov/electricity/sales_revenue_price/archive/f8612017.zip,https://www.conedison.com/en/about-us/corporate-governance/corporate-leadership/michelle-oconnoll,22.24285,132675,66670,199345,66.55546916150392,majority_coverage,Reported,14.648854,17103,14860,31963,53.50874448581172,majority_coverage,Reported,7.180006,50,55,105,47.61904761904762,minority_coverage,Reported,Investor Owned
MTC_ME_VERSANT,1179,Versant Power,Versant Power,ME,2017,MTC,MTC,Investor Owned,137906,"At least 10,000 residential customers in the 2024 regional EIA/PUDL roster","EIA Electric Sales, Revenue, and Average Price",https://www.eia.gov/electricity/sales_revenue_price/archive/f8612017.zip,https://www.versantpower.com/about/news-press-releases/blog-details/versant-power-to-welcome-new-president-in-2026,17.577136,124462,8123,132585,93.8733642568918,majority_coverage,Reported,11.767141,22009,3221,25230,87.23345223939754,majority_coverage,Reported,9.9555782,144,108,252,57.142857142857146,majority_coverage,Reported,Investor Owned
COOP_NH_NHEC,13441,New Hampshire Elec Coop Inc,New Hampshire Electric Cooperative,NH,2017,COOP,COOP,Cooperative,74144,"At least 10,000 residential customers in the 2024 regional EIA/PUDL roster","EIA Electric Sales, Revenue, and Average Price",https://www.eia.gov/electricity/sales_revenue_price/archive/f8612017.zip,https://www.nhec.com/about/,20.268311,69875,595,70470,99.15566907904072,majority_coverage,Reported,18.475235,9292,1024,10316,90.07367196587825,majority_coverage,Reported,13.519629,12,19,31,38.70967741935484,minority_coverage,Reported,Cooperative
DOM_NH_UNITIL,24590,Unitil Energy Systems,Unitil Energy Systems,NH,2017,DOM,DOM,Investor Owned,68602,"At least 10,000 residential customers in the 2024 regional EIA/PUDL roster","EIA Electric Sales, Revenue, and Average Price",https://www.eia.gov/electricity/sales_revenue_price/archive/f8612017.zip,https://unitil.com/electric-gas-service/pricing-rates/rates/ferc-oatt-information/transmission-service-information-nh,16.477715,57909,8259,66168,87.51813565469713,majority_coverage,Reported,16.894581,9211,3185,12396,74.30622781542434,majority_coverage,Reported,12.76455,35,123,158,22.151898734177216,minority_coverage,Reported,Investor Owned
MTC_NH_LIBERTY,26510,Liberty Utilities (Granite State Electri,Liberty Utilities (Granite State Electric),NH,2017,MTC,MTC,Investor Owned,39667,"At least 10,000 residential customers in the 2024 regional EIA/PUDL roster","EIA Electric Sales, Revenue, and Average Price",https://www.eia.gov/electricity/sales_revenue_price/archive/f8612017.zip,https://libertyutilities.com/who-we-are.html,16.421878,31920,4548,36468,87.52879236590984,majority_coverage,Reported,13.462909,5017,2230,7247,69.22864633641507,majority_coverage,Reported,14.759712,127,71,198,64.14141414141415,majority_coverage,Reported,Investor Owned
COOP_VT_VEC,19791,"Vermont Electric Cooperative, Inc",Vermont Electric Cooperative,VT,2017,COOP,COOP,Cooperative,35964,"At least 10,000 residential customers in the 2024 regional EIA/PUDL roster","EIA Electric Sales, Revenue, and Average Price",https://www.eia.gov/electricity/sales_revenue_price/archive/f8612017.zip,https://vermontelectric.coop/at-a-glance,19.248172,34519,0,34519,100.0,majority_coverage,Reported,15.780141,4536,0,4536,100.0,majority_coverage,Reported,10.877285,15,0,15,100.0,majority_coverage,Reported,Cooperative
COOP_MA_TAUNTON,18488,City of Taunton,Taunton Municipal Lighting Plant,MA,2017,COOP,COOP,Municipal,35684,"At least 10,000 residential customers in the 2024 regional EIA/PUDL roster","EIA Electric Sales, Revenue, and Average Price",https://www.eia.gov/electricity/sales_revenue_price/archive/f8612017.zip,https://www.taunton-ma.gov/DocumentCenter/View/5355/Annual-Comprehensive-Financial-Report-for-Fiscal-Year-Ended-June-30-2024,15.469054,33450,0,33450,100.0,majority_coverage,Reported,16.171451,4528,0,4528,100.0,majority_coverage,Reported,12.500772,68,0,68,100.0,majority_coverage,Reported,Municipal
COOP_MA_READING,15748,Town of Reading - (MA),Reading Municipal Light Department,MA,2017,COOP,COOP,Municipal,27405,"At least 10,000 residential customers in the 2024 regional EIA/PUDL roster","EIA Electric Sales, Revenue, and Average Price",https://www.eia.gov/electricity/sales_revenue_price/archive/f8612017.zip,https://www.mass.gov/info-details/massachusetts-municipally-owned-electric-companies,15.152927,26399,0,26399,100.0,majority_coverage,Reported,12.647848,3870,0,3870,100.0,majority_coverage,Reported,,0,0,0,,no_published_price,Not reported,Municipal
DOM_MA_FITCHBURG,6374,Fitchburg Gas & Elec Light Co,Fitchburg Gas & Electric Light,MA,2017,DOM,DOM,Investor Owned,26290,"At least 10,000 residential customers in the 2024 regional EIA/PUDL roster","EIA Electric Sales, Revenue, and Average Price",https://www.eia.gov/electricity/sales_revenue_price/archive/f8612017.zip,https://unitil.com/electric-gas-service/pricing-rates/rates/ferc-oatt-information/transmission-service-information-ma,22.931678,17568,7731,25299,69.44147990039131,majority_coverage,Reported,19.681402,2974,1327,4301,69.14671006742618,majority_coverage,Reported,13.380792,5,23,28,17.857142857142858,minority_coverage,Reported,Investor Owned
COOP_MA_CHICOPEE,3477,City of Chicopee - (MA),Chicopee Electric Light,MA,2017,COOP,COOP,Municipal,23218,"At least 10,000 residential customers in the 2024 regional EIA/PUDL roster","EIA Electric Sales, Revenue, and Average Price",https://www.eia.gov/electricity/sales_revenue_price/archive/f8612017.zip,https://www.celd.com/about,12.498455,22974,0,22974,100.0,majority_coverage,Reported,12.874327,2693,0,2693,100.0,majority_coverage,Reported,10.702878,38,0,38,100.0,majority_coverage,Reported,Municipal
COOP_MA_PEABODY,14605,City of Peabody - (MA),Peabody Municipal Light Plant,MA,2017,COOP,COOP,Municipal,22546,"At least 10,000 residential customers in the 2024 regional EIA/PUDL roster","EIA Electric Sales, Revenue, and Average Price",https://www.eia.gov/electricity/sales_revenue_price/archive/f8612017.zip,https://www.pmlp.com/27/About-Us,11.653044,21904,0,21904,100.0,majority_coverage,Reported,13.941238,2504,0,2504,100.0,majority_coverage,Reported,12.231492,1766,0,1766,100.0,majority_coverage,Reported,Municipal
COOP_CT_WALLINGFORD,20038,Town of Wallingford - (CT),Wallingford Electric Division,CT,2017,COOP,COOP,Municipal,21405,"At least 10,000 residential customers in the 2024 regional EIA/PUDL roster","EIA Electric Sales, Revenue, and Average Price",https://www.eia.gov/electricity/sales_revenue_price/archive/f8612017.zip,https://www.wallingfordct.gov/government/departments/public-utilities/,13.522815,21264,0,21264,100.0,majority_coverage,Reported,11.971335,3633,0,3633,100.0,majority_coverage,Reported,9.4612458,26,0,26,100.0,majority_coverage,Reported,Municipal
COOP_CT_NORWICH,13831,City of Norwich - (CT),Norwich Public Utilities,CT,2017,COOP,COOP,Municipal,18870,"At least 10,000 residential customers in the 2024 regional EIA/PUDL roster","EIA Electric Sales, Revenue, and Average Price",https://www.eia.gov/electricity/sales_revenue_price/archive/f8612017.zip,https://www.norwichct.gov/272/Public-Utilities,19.32797,17613,0,17613,100.0,majority_coverage,Reported,16.162625,2552,0,2552,100.0,majority_coverage,Reported,14.900964,10,0,10,100.0,majority_coverage,Reported,Municipal
COOP_VT_BURLINGTON,2548,City of Burlington Electric - (VT),Burlington Electric Department,VT,2017,COOP,COOP,Municipal,17861,"At least 10,000 residential customers in the 2024 regional EIA/PUDL roster","EIA Electric Sales, Revenue, and Average Price",https://www.eia.gov/electricity/sales_revenue_price/archive/f8612017.zip,https://www.burlingtonelectric.com/history,15.847432,16957,0,16957,100.0,majority_coverage,Reported,14.440408,3867,0,3867,100.0,majority_coverage,Reported,11.542337,10,0,10,100.0,majority_coverage,Reported,Municipal
COOP_NY_FAIRPORT,5930,Village of Fairport - (NY),Fairport Municipal Commission,NY,2017,COOP,COOP,Municipal,16462,"At least 10,000 residential customers in the 2024 regional EIA/PUDL roster","EIA Electric Sales, Revenue, and Average Price",https://www.eia.gov/electricity/sales_revenue_price/archive/f8612017.zip,https://dps.ny.gov/location/village-fairport-electric,5.1889241,15773,0,15773,100.0,majority_coverage,Reported,5.4584373,1606,0,1606,100.0,majority_coverage,Reported,3.5510772,14,0,14,100.0,majority_coverage,Reported,Municipal
COOP_MA_20481,20481,City of Westfield - (MA),City of Westfield - (MA),MA,2017,COOP,COOP,Municipal,16200,"At least 10,000 residential customers in the 2024 regional EIA/PUDL roster","EIA Electric Sales, Revenue, and Average Price",https://www.eia.gov/electricity/sales_revenue_price/archive/f8612017.zip,https://s3.us-west-2.amazonaws.com/pudl.catalyst.coop/stable/core_eia861__yearly_sales.parquet,13.834132,15894,0,15894,100.0,majority_coverage,Reported,14.264673,2034,0,2034,100.0,majority_coverage,Reported,12.294035,61,0,61,100.0,majority_coverage,Reported,Municipal
COOP_MA_17127,17127,Town of Shrewsbury - (MA),Town of Shrewsbury - (MA),MA,2017,COOP,COOP,Municipal,15713,"At least 10,000 residential customers in the 2024 regional EIA/PUDL roster","EIA Electric Sales, Revenue, and Average Price",https://www.eia.gov/electricity/sales_revenue_price/archive/f8612017.zip,https://s3.us-west-2.amazonaws.com/pudl.catalyst.coop/stable/core_eia861__yearly_sales.parquet,11.18128,14387,0,14387,100.0,majority_coverage,Reported,11.445703,1694,0,1694,100.0,majority_coverage,Reported,10.098479,125,0,125,100.0,majority_coverage,Reported,Municipal
COOP_NY_9645,9645,Jamestown Board of Public Util,Jamestown Board of Public Util,NY,2017,COOP,COOP,Municipal,15562,"At least 10,000 residential customers in the 2024 regional EIA/PUDL roster","EIA Electric Sales, Revenue, and Average Price",https://www.eia.gov/electricity/sales_revenue_price/archive/f8612017.zip,https://s3.us-west-2.amazonaws.com/pudl.catalyst.coop/stable/core_eia861__yearly_sales.parquet,7.7787258,16271,0,16271,100.0,majority_coverage,Reported,7.9621493,2625,0,2625,100.0,majority_coverage,Reported,6.4166028,120,1,121,99.17355371900827,majority_coverage,Reported,Municipal
COOP_MA_8774,8774,City of Holyoke - (MA),City of Holyoke - (MA),MA,2017,COOP,COOP,Municipal,15040,"At least 10,000 residential customers in the 2024 regional EIA/PUDL roster","EIA Electric Sales, Revenue, and Average Price",https://www.eia.gov/electricity/sales_revenue_price/archive/f8612017.zip,https://s3.us-west-2.amazonaws.com/pudl.catalyst.coop/stable/core_eia861__yearly_sales.parquet,12.346822,14752,0,14752,100.0,majority_coverage,Reported,15.627261,2779,0,2779,100.0,majority_coverage,Reported,7.3375866,47,0,47,100.0,majority_coverage,Reported,Municipal
COOP_MA_12473,12473,Town of Middleborough - (MA),Town of Middleborough - (MA),MA,2017,COOP,COOP,Municipal,14884,"At least 10,000 residential customers in the 2024 regional EIA/PUDL roster","EIA Electric Sales, Revenue, and Average Price",https://www.eia.gov/electricity/sales_revenue_price/archive/f8612017.zip,https://s3.us-west-2.amazonaws.com/pudl.catalyst.coop/stable/core_eia861__yearly_sales.parquet,12.913216,14122,0,14122,100.0,majority_coverage,Reported,12.85308,2478,0,2478,100.0,majority_coverage,Reported,10.833234,21,0,21,100.0,majority_coverage,Reported,Municipal
COOP_MA_2144,2144,Town of Braintree - (MA),Town of Braintree - (MA),MA,2017,COOP,COOP,Municipal,14039,"At least 10,000 residential customers in the 2024 regional EIA/PUDL roster","EIA Electric Sales, Revenue, and Average Price",https://www.eia.gov/electricity/sales_revenue_price/archive/f8612017.zip,https://s3.us-west-2.amazonaws.com/pudl.catalyst.coop/stable/core_eia861__yearly_sales.parquet,14.119427,13902,0,13902,100.0,majority_coverage,Reported,15.213621,2727,0,2727,100.0,majority_coverage,Reported,13.392624,6,0,6,100.0,majority_coverage,Reported,Municipal
COOP_MA_13839,13839,City of Norwood - (MA),City of Norwood - (MA),MA,2017,COOP,COOP,Municipal,13601,"At least 10,000 residential customers in the 2024 regional EIA/PUDL roster","EIA Electric Sales, Revenue, and Average Price",https://www.eia.gov/electricity/sales_revenue_price/archive/f8612017.zip,https://s3.us-west-2.amazonaws.com/pudl.catalyst.coop/stable/core_eia861__yearly_sales.parquet,14.646605,13601,0,13601,100.0,majority_coverage,Reported,16.911293,2190,0,2190,100.0,majority_coverage,Reported,14.103237,46,0,46,100.0,majority_coverage,Reported,Municipal
COOP_NY_6775,6775,Village of Freeport - (NY),Village of Freeport - (NY),NY,2017,COOP,COOP,Municipal,13353,"At least 10,000 residential customers in the 2024 regional EIA/PUDL roster","EIA Electric Sales, Revenue, and Average Price",https://www.eia.gov/electricity/sales_revenue_price/archive/f8612017.zip,https://s3.us-west-2.amazonaws.com/pudl.catalyst.coop/stable/core_eia861__yearly_sales.parquet,12.494197,12928,0,12928,100.0,majority_coverage,Reported,12.163917,1683,0,1683,100.0,majority_coverage,Reported,,0,0,0,,no_published_price,Not reported,Municipal
MTC_MA_NANTUCKET,13206,Nantucket Electric Co,Nantucket Electric,MA,2017,MTC,MTC,Investor Owned,12823,"At least 10,000 residential customers in the 2024 regional EIA/PUDL roster","EIA Electric Sales, Revenue, and Average Price",https://www.eia.gov/electricity/sales_revenue_price/archive/f8612017.zip,https://www.nationalgridus.com/News/2023/11/National-Grid-Submits-Comprehensive-Performance-Investment-Plan-as-Part-of-Rate-Review-to-Build-a-Smarter%2C-Stronger%2C-Cleaner%2C-and-More-Equitable-Energy-Future/,24.267782,3362,8399,11761,28.586004591446304,minority_coverage,Reported,19.492554,452,1174,1626,27.798277982779826,minority_coverage,Reported,20.0,2,3,5,40.0,minority_coverage,Reported,Investor Owned
COOP_MA_13679,13679,Town of North Attleborough - (MA),Town of North Attleborough - (MA),MA,2017,COOP,COOP,Municipal,12607,"At least 10,000 residential customers in the 2024 regional EIA/PUDL roster","EIA Electric Sales, Revenue, and Average Price",https://www.eia.gov/electricity/sales_revenue_price/archive/f8612017.zip,https://s3.us-west-2.amazonaws.com/pudl.catalyst.coop/stable/core_eia861__yearly_sales.parquet,15.8813,12052,0,12052,100.0,majority_coverage,Reported,14.655526,1153,0,1153,100.0,majority_coverage,Reported,14.70813,128,0,128,100.0,majority_coverage,Reported,Municipal
COOP_CT_7716,7716,Groton Dept of Utilities - (CT),Groton Dept of Utilities - (CT),CT,2017,COOP,COOP,Municipal,12284,"At least 10,000 residential customers in the 2024 regional EIA/PUDL roster","EIA Electric Sales, Revenue, and Average Price",https://www.eia.gov/electricity/sales_revenue_price/archive/f8612017.zip,https://s3.us-west-2.amazonaws.com/pudl.catalyst.coop/stable/core_eia861__yearly_sales.parquet,15.917839,12002,0,12002,100.0,majority_coverage,Reported,13.947898,1611,0,1611,100.0,majority_coverage,Reported,9.6981065,15,0,15,100.0,majority_coverage,Reported,Municipal
COOP_MA_5480,5480,Town of Danvers,Town of Danvers,MA,2017,COOP,COOP,Municipal,11594,"At least 10,000 residential customers in the 2024 regional EIA/PUDL roster","EIA Electric Sales, Revenue, and Average Price",https://www.eia.gov/electricity/sales_revenue_price/archive/f8612017.zip,https://s3.us-west-2.amazonaws.com/pudl.catalyst.coop/stable/core_eia861__yearly_sales.parquet,15.224701,11334,0,11334,100.0,majority_coverage,Reported,14.755,1496,0,1496,100.0,majority_coverage,Reported,12.881158,405,0,405,100.0,majority_coverage,Reported,Municipal
COOP_MA_8973,8973,Town of Hudson - (MA),Town of Hudson - (MA),MA,2017,COOP,COOP,Municipal,11448,"At least 10,000 residential customers in the 2024 regional EIA/PUDL roster","EIA Electric Sales, Revenue, and Average Price",https://www.eia.gov/electricity/sales_revenue_price/archive/f8612017.zip,https://s3.us-west-2.amazonaws.com/pudl.catalyst.coop/stable/core_eia861__yearly_sales.parquet,10.261738,11242,0,11242,100.0,majority_coverage,Reported,7.5543583,1690,0,1690,100.0,majority_coverage,Reported,9.5740001,161,0,161,100.0,majority_coverage,Reported,Municipal
COOP_ME_5609,5609,Eastern Maine Electric Coop,Eastern Maine Electric Coop,ME,2017,COOP,COOP,Cooperative,10803,"At least 10,000 residential customers in the 2024 regional EIA/PUDL roster","EIA Electric Sales, Revenue, and Average Price",https://www.eia.gov/electricity/sales_revenue_price/archive/f8612017.zip,https://s3.us-west-2.amazonaws.com/pudl.catalyst.coop/stable/core_eia861__yearly_sales.parquet,17.310918,10472,0,10472,100.0,majority_coverage,Reported,15.792355,2120,0,2120,100.0,majority_coverage,Reported,14.049498,28,0,28,100.0,majority_coverage,Reported,Cooperative
DOM_NY_CECONY,4226,Consolidated Edison Co-NY Inc,Con Edison (CECONY),NY,2018,DOM,DOM,Investor Owned,3064038,"At least 10,000 residential customers in the 2024 regional EIA/PUDL roster","EIA Electric Sales, Revenue, and Average Price",https://www.eia.gov/electricity/sales_revenue_price/archive/f8612018.zip,https://investor.conedison.com/static-files/0b4e12b3-f43b-4398-a04b-3699537cabb5,26.357368,2315745,618530,2934275,78.92051699312437,majority_coverage,Reported,19.296206,386512,161119,547631,70.57891171244871,majority_coverage,Reported,16.715821,59,694,753,7.835325365205843,minority_coverage,Reported,Investor Owned
MTC_NY_NIMO,13573,Niagara Mohawk Power Corp.,Niagara Mohawk (National Grid),NY,2018,MTC,MTC,Investor Owned,1532294,"At least 10,000 residential customers in the 2024 regional EIA/PUDL roster","EIA Electric Sales, Revenue, and Average Price",https://www.eia.gov/electricity/sales_revenue_price/archive/f8612018.zip,https://www.nationalgrid.com/document/152396/download,12.591437,1269781,231640,1501421,84.57194884046513,majority_coverage,Reported,9.9869447,107628,68421,176049,61.13525211730825,majority_coverage,Reported,6.4363868,560,1026,1586,35.30895334174023,minority_coverage,Reported,Investor Owned
DOM_MA_NSTAR,54913,NSTAR Electric Company,NSTAR Electric (Eversource Massachusetts),MA,2018,DOM,DOM,Investor Owned,1303076,"At least 10,000 residential customers in the 2024 regional EIA/PUDL roster","EIA Electric Sales, Revenue, and Average Price",https://www.eia.gov/electricity/sales_revenue_price/archive/f8612018.zip,https://investors.eversource.com/static-files/1526fda9-4ffa-4cfd-bbd7-c9c18f56d3fe,23.061623,620731,609785,1230516,50.44477276199578,majority_coverage,Reported,23.592314,76173,119096,195269,39.00926414331,minority_coverage,Reported,19.04423,827,1454,2281,36.25602805786936,minority_coverage,Reported,Investor Owned
MTC_MA_MECO,11804,Massachusetts Electric Co,Massachusetts Electric (National Grid),MA,2018,MTC,MTC,Investor Owned,1210113,"At least 10,000 residential customers in the 2024 regional EIA/PUDL roster","EIA Electric Sales, Revenue, and Average Price",https://www.eia.gov/electricity/sales_revenue_price/archive/f8612018.zip,https://www.nationalgrid.com/document/152381/download,23.104014,668175,485916,1154091,57.89621442329938,majority_coverage,Reported,13.948732,77230,82425,159655,48.37305439854687,minority_coverage,Reported,17.110553,1460,2454,3914,37.30199284619315,minority_coverage,Reported,Investor Owned
DOM_CT_CLP,4176,Connecticut Light & Power Co,Connecticut Light & Power (Eversource Connecticut),CT,2018,DOM,DOM,Investor Owned,1174420,"At least 10,000 residential customers in the 2024 regional EIA/PUDL roster","EIA Electric Sales, Revenue, and Average Price",https://www.eia.gov/electricity/sales_revenue_price/archive/f8612018.zip,https://investors.eversource.com/static-files/1526fda9-4ffa-4cfd-bbd7-c9c18f56d3fe,20.322093,850728,286164,1136892,74.82927138197823,majority_coverage,Reported,17.569637,67020,44088,111108,60.31968895129064,majority_coverage,Reported,16.453682,1678,1372,3050,55.01639344262295,majority_coverage,Reported,Investor Owned
MTC_NY_NYSEG,13511,New York State Elec & Gas Corp,NYSEG,NY,2018,MTC,MTC,Investor Owned,792300,"At least 10,000 residential customers in the 2024 regional EIA/PUDL roster","EIA Electric Sales, Revenue, and Average Price",https://www.eia.gov/electricity/sales_revenue_price/archive/f8612018.zip,https://www.avangrid.com/aboutus/companyprofile,12.52517,642348,133673,776021,82.77456409040477,majority_coverage,Reported,11.132992,75867,44946,120813,62.79704998634253,majority_coverage,Reported,9.3363732,653,1199,1852,35.259179265658744,minority_coverage,Reported,Investor Owned
MTC_ME_CMP,3266,Central Maine Power Co,Central Maine Power,ME,2018,MTC,MTC,Investor Owned,577955,"At least 10,000 residential customers in the 2024 regional EIA/PUDL roster","EIA Electric Sales, Revenue, and Average Price",https://www.eia.gov/electricity/sales_revenue_price/archive/f8612018.zip,https://www.avangrid.com/aboutus/companyprofile,16.160681,468410,82564,550974,85.01490088461524,majority_coverage,Reported,13.933559,45356,19559,64915,69.86982977740122,majority_coverage,Reported,14.922559,1820,863,2683,67.83451360417443,majority_coverage,Reported,Investor Owned
DOM_NH_PSNH,15472,Public Service Co of NH,Public Service Company of New Hampshire,NH,2018,DOM,DOM,Investor Owned,459907,"At least 10,000 residential customers in the 2024 regional EIA/PUDL roster","EIA Electric Sales, Revenue, and Average Price",https://www.eia.gov/electricity/sales_revenue_price/archive/f8612018.zip,https://www.eversource.com/residential/about/doing-business-with-us/affiliates/list-of-affiliates,19.549627,336976,102102,439078,76.74627287179044,majority_coverage,Reported,15.928338,46616,28898,75514,61.73159943851471,majority_coverage,Reported,11.628088,1528,1229,2757,55.42256075444323,majority_coverage,Reported,Investor Owned
DOM_RI_RIE,13214,The Narragansett Electric Co,Rhode Island Energy (legal entity: Narragansett Electric),RI,2018,MTC,DOM,Investor Owned,451381,"At least 10,000 residential customers in the 2024 regional EIA/PUDL roster","EIA Electric Sales, Revenue, and Average Price",https://www.eia.gov/electricity/sales_revenue_price/archive/f8612018.zip,https://investors.pplweb.com/2024-04-02-PPL-Corporation-subsidiary-Rhode-Island-Energy-receives-regulatory-approval-for-planned-spending-to-strengthen-network-safety%2C-reliability-and-resilience,20.374716,386200,50242,436442,88.48827564716503,majority_coverage,Reported,17.760712,44475,14502,58977,75.41075334452414,majority_coverage,Reported,17.479273,1238,475,1713,72.27086981903093,majority_coverage,Reported,Investor Owned
MTC_NY_RGE,16183,Rochester Gas & Electric Corp,Rochester Gas & Electric,NY,2018,MTC,MTC,Investor Owned,351481,"At least 10,000 residential customers in the 2024 regional EIA/PUDL roster","EIA Electric Sales, Revenue, and Average Price",https://www.eia.gov/electricity/sales_revenue_price/archive/f8612018.zip,https://www.avangrid.com/aboutus/companyprofile,13.976534,290274,49651,339925,85.39354269324116,majority_coverage,Reported,13.168932,22898,17727,40625,56.36430769230769,majority_coverage,Reported,13.061717,289,487,776,37.24226804123711,minority_coverage,Reported,Investor Owned
MTC_CT_UI,19497,United Illuminating Co,United Illuminating,CT,2018,MTC,MTC,Investor Owned,312291,"At least 10,000 residential customers in the 2024 regional EIA/PUDL roster","EIA Electric Sales, Revenue, and Average Price",https://www.eia.gov/electricity/sales_revenue_price/archive/f8612018.zip,https://www.avangrid.com/aboutus/companyprofile,25.30952,206251,96567,302818,68.11054825010402,majority_coverage,Reported,18.723988,14261,17784,32045,44.503042596348884,minority_coverage,Reported,17.196711,236,907,1143,20.64741907261592,minority_coverage,Reported,Investor Owned
MTC_NY_CENTHUD,3249,Central Hudson Gas & Elec Corp,Central Hudson,NY,2018,MTC,MTC,Investor Owned,270859,"At least 10,000 residential customers in the 2024 regional EIA/PUDL roster","EIA Electric Sales, Revenue, and Average Price",https://www.eia.gov/electricity/sales_revenue_price/archive/f8612018.zip,https://www.fortisinc.com/company/our-companies/index,18.586594,227332,31996,259328,87.66195705824285,majority_coverage,Reported,14.007225,36284,10372,46656,77.76920438957475,majority_coverage,Reported,11.126686,766,275,1041,73.58309317963497,majority_coverage,Reported,Investor Owned
MTC_VT_GMP,7601,Green Mountain Power Corp,Green Mountain Power,VT,2018,MTC,MTC,Investor Owned,226675,"At least 10,000 residential customers in the 2024 regional EIA/PUDL roster","EIA Electric Sales, Revenue, and Average Price",https://www.eia.gov/electricity/sales_revenue_price/archive/f8612018.zip,https://energir.com/en/about/the-company/who-we-are/our-subsidiaries,18.076834,221911,0,221911,100.0,majority_coverage,Reported,15.214809,42769,0,42769,100.0,majority_coverage,Reported,10.340887,68,0,68,100.0,majority_coverage,Reported,Investor Owned
DOM_NY_ORU,14154,Orange & Rockland Utils Inc,Orange & Rockland Utilities,NY,2018,DOM,DOM,Investor Owned,211011,"At least 10,000 residential customers in the 2024 regional EIA/PUDL roster","EIA Electric Sales, Revenue, and Average Price",https://www.eia.gov/electricity/sales_revenue_price/archive/f8612018.zip,https://www.conedison.com/en/about-us/corporate-governance/corporate-leadership/michelle-oconnoll,20.528916,140570,60588,201158,69.88039252726712,majority_coverage,Reported,13.655561,17760,14523,32283,55.01347458414646,majority_coverage,Reported,7.7805565,48,57,105,45.714285714285715,minority_coverage,Reported,Investor Owned
MTC_ME_VERSANT,1179,Versant Power,Versant Power,ME,2018,MTC,MTC,Investor Owned,137906,"At least 10,000 residential customers in the 2024 regional EIA/PUDL roster","EIA Electric Sales, Revenue, and Average Price",https://www.eia.gov/electricity/sales_revenue_price/archive/f8612018.zip,https://www.versantpower.com/about/news-press-releases/blog-details/versant-power-to-welcome-new-president-in-2026,18.568793,125158,8034,133192,93.96810619256412,majority_coverage,Reported,12.144017,22530,3151,25681,87.73022857365368,majority_coverage,Reported,11.799271,145,104,249,58.23293172690763,majority_coverage,Reported,Investor Owned
COOP_NH_NHEC,13441,New Hampshire Elec Coop Inc,New Hampshire Electric Cooperative,NH,2018,COOP,COOP,Cooperative,74144,"At least 10,000 residential customers in the 2024 regional EIA/PUDL roster","EIA Electric Sales, Revenue, and Average Price",https://www.eia.gov/electricity/sales_revenue_price/archive/f8612018.zip,https://www.nhec.com/about/,20.767377,70261,644,70905,99.09174247232212,majority_coverage,Reported,19.170533,9222,1077,10299,89.54267404602389,majority_coverage,Reported,15.379502,12,19,31,38.70967741935484,minority_coverage,Reported,Cooperative
DOM_NH_UNITIL,24590,Unitil Energy Systems,Unitil Energy Systems,NH,2018,DOM,DOM,Investor Owned,68602,"At least 10,000 residential customers in the 2024 regional EIA/PUDL roster","EIA Electric Sales, Revenue, and Average Price",https://www.eia.gov/electricity/sales_revenue_price/archive/f8612018.zip,https://unitil.com/electric-gas-service/pricing-rates/rates/ferc-oatt-information/transmission-service-information-nh,18.09182,58964,7169,66133,89.15972358731646,majority_coverage,Reported,17.831556,9327,3018,12345,75.55285540704739,majority_coverage,Reported,15.003228,36,121,157,22.929936305732483,minority_coverage,Reported,Investor Owned
MTC_NH_LIBERTY,26510,Liberty Utilities (Granite State Electri,Liberty Utilities (Granite State Electric),NH,2018,MTC,MTC,Investor Owned,39667,"At least 10,000 residential customers in the 2024 regional EIA/PUDL roster","EIA Electric Sales, Revenue, and Average Price",https://www.eia.gov/electricity/sales_revenue_price/archive/f8612018.zip,https://libertyutilities.com/who-we-are.html,18.259419,32649,4041,36690,88.98609975470156,majority_coverage,Reported,15.165407,5030,2176,7206,69.80294199278379,majority_coverage,Reported,15.044408,130,66,196,66.3265306122449,majority_coverage,Reported,Investor Owned
COOP_VT_VEC,19791,"Vermont Electric Cooperative, Inc",Vermont Electric Cooperative,VT,2018,COOP,COOP,Cooperative,35964,"At least 10,000 residential customers in the 2024 regional EIA/PUDL roster","EIA Electric Sales, Revenue, and Average Price",https://www.eia.gov/electricity/sales_revenue_price/archive/f8612018.zip,https://vermontelectric.coop/at-a-glance,19.12505,34706,0,34706,100.0,majority_coverage,Reported,15.563808,4614,0,4614,100.0,majority_coverage,Reported,10.989974,16,0,16,100.0,majority_coverage,Reported,Cooperative
COOP_MA_TAUNTON,18488,City of Taunton,Taunton Municipal Lighting Plant,MA,2018,COOP,COOP,Municipal,35684,"At least 10,000 residential customers in the 2024 regional EIA/PUDL roster","EIA Electric Sales, Revenue, and Average Price",https://www.eia.gov/electricity/sales_revenue_price/archive/f8612018.zip,https://www.taunton-ma.gov/DocumentCenter/View/5355/Annual-Comprehensive-Financial-Report-for-Fiscal-Year-Ended-June-30-2024,15.561774,33800,0,33800,100.0,majority_coverage,Reported,16.200146,4517,0,4517,100.0,majority_coverage,Reported,13.924161,411,0,411,100.0,majority_coverage,Reported,Municipal
COOP_MA_READING,15748,Town of Reading - (MA),Reading Municipal Light Department,MA,2018,COOP,COOP,Municipal,27405,"At least 10,000 residential customers in the 2024 regional EIA/PUDL roster","EIA Electric Sales, Revenue, and Average Price",https://www.eia.gov/electricity/sales_revenue_price/archive/f8612018.zip,https://www.mass.gov/info-details/massachusetts-municipally-owned-electric-companies,16.254676,26543,0,26543,100.0,majority_coverage,Reported,13.714902,3365,0,3365,100.0,majority_coverage,Reported,,0,0,0,,no_published_price,Not reported,Municipal
DOM_MA_FITCHBURG,6374,Fitchburg Gas & Elec Light Co,Fitchburg Gas & Electric Light,MA,2018,DOM,DOM,Investor Owned,26290,"At least 10,000 residential customers in the 2024 regional EIA/PUDL roster","EIA Electric Sales, Revenue, and Average Price",https://www.eia.gov/electricity/sales_revenue_price/archive/f8612018.zip,https://unitil.com/electric-gas-service/pricing-rates/rates/ferc-oatt-information/transmission-service-information-ma,24.759624,17451,8081,25532,68.34952216825944,majority_coverage,Reported,21.025245,3018,1321,4339,69.55519705001153,majority_coverage,Reported,16.230486,6,24,30,20.0,minority_coverage,Reported,Investor Owned
COOP_MA_CHICOPEE,3477,City of Chicopee - (MA),Chicopee Electric Light,MA,2018,COOP,COOP,Municipal,23218,"At least 10,000 residential customers in the 2024 regional EIA/PUDL roster","EIA Electric Sales, Revenue, and Average Price",https://www.eia.gov/electricity/sales_revenue_price/archive/f8612018.zip,https://www.celd.com/about,13.191747,23431,0,23431,100.0,majority_coverage,Reported,13.617564,2839,0,2839,100.0,majority_coverage,Reported,11.428333,40,0,40,100.0,majority_coverage,Reported,Municipal
COOP_MA_PEABODY,14605,City of Peabody - (MA),Peabody Municipal Light Plant,MA,2018,COOP,COOP,Municipal,22546,"At least 10,000 residential customers in the 2024 regional EIA/PUDL roster","EIA Electric Sales, Revenue, and Average Price",https://www.eia.gov/electricity/sales_revenue_price/archive/f8612018.zip,https://www.pmlp.com/27/About-Us,11.284463,21368,0,21368,100.0,majority_coverage,Reported,14.263333,2418,0,2418,100.0,majority_coverage,Reported,12.005411,1749,0,1749,100.0,majority_coverage,Reported,Municipal
COOP_CT_WALLINGFORD,20038,Town of Wallingford - (CT),Wallingford Electric Division,CT,2018,COOP,COOP,Municipal,21405,"At least 10,000 residential customers in the 2024 regional EIA/PUDL roster","EIA Electric Sales, Revenue, and Average Price",https://www.eia.gov/electricity/sales_revenue_price/archive/f8612018.zip,https://www.wallingfordct.gov/government/departments/public-utilities/,13.792815,21361,0,21361,100.0,majority_coverage,Reported,11.982312,3639,0,3639,100.0,majority_coverage,Reported,9.8895929,26,0,26,100.0,majority_coverage,Reported,Municipal
COOP_CT_NORWICH,13831,City of Norwich - (CT),Norwich Public Utilities,CT,2018,COOP,COOP,Municipal,18870,"At least 10,000 residential customers in the 2024 regional EIA/PUDL roster","EIA Electric Sales, Revenue, and Average Price",https://www.eia.gov/electricity/sales_revenue_price/archive/f8612018.zip,https://www.norwichct.gov/272/Public-Utilities,19.461177,17756,0,17756,100.0,majority_coverage,Reported,16.24962,2532,0,2532,100.0,majority_coverage,Reported,14.737122,10,0,10,100.0,majority_coverage,Reported,Municipal
COOP_VT_BURLINGTON,2548,City of Burlington Electric - (VT),Burlington Electric Department,VT,2018,COOP,COOP,Municipal,17861,"At least 10,000 residential customers in the 2024 regional EIA/PUDL roster","EIA Electric Sales, Revenue, and Average Price",https://www.eia.gov/electricity/sales_revenue_price/archive/f8612018.zip,https://www.burlingtonelectric.com/history,15.711802,17096,0,17096,100.0,majority_coverage,Reported,14.393432,3900,0,3900,100.0,majority_coverage,Reported,11.558463,9,0,9,100.0,majority_coverage,Reported,Municipal
COOP_NY_FAIRPORT,5930,Village of Fairport - (NY),Fairport Municipal Commission,NY,2018,COOP,COOP,Municipal,16462,"At least 10,000 residential customers in the 2024 regional EIA/PUDL roster","EIA Electric Sales, Revenue, and Average Price",https://www.eia.gov/electricity/sales_revenue_price/archive/f8612018.zip,https://dps.ny.gov/location/village-fairport-electric,5.743235,16017,0,16017,100.0,majority_coverage,Reported,6.6679974,1563,0,1563,100.0,majority_coverage,Reported,3.9212866,13,0,13,100.0,majority_coverage,Reported,Municipal
COOP_MA_20481,20481,City of Westfield - (MA),City of Westfield - (MA),MA,2018,COOP,COOP,Municipal,16200,"At least 10,000 residential customers in the 2024 regional EIA/PUDL roster","EIA Electric Sales, Revenue, and Average Price",https://www.eia.gov/electricity/sales_revenue_price/archive/f8612018.zip,https://s3.us-west-2.amazonaws.com/pudl.catalyst.coop/stable/core_eia861__yearly_sales.parquet,13.497883,15900,0,15900,100.0,majority_coverage,Reported,14.173241,2054,0,2054,100.0,majority_coverage,Reported,12.21336,61,0,61,100.0,majority_coverage,Reported,Municipal
COOP_MA_17127,17127,Town of Shrewsbury - (MA),Town of Shrewsbury - (MA),MA,2018,COOP,COOP,Municipal,15713,"At least 10,000 residential customers in the 2024 regional EIA/PUDL roster","EIA Electric Sales, Revenue, and Average Price",https://www.eia.gov/electricity/sales_revenue_price/archive/f8612018.zip,https://s3.us-west-2.amazonaws.com/pudl.catalyst.coop/stable/core_eia861__yearly_sales.parquet,11.510889,14656,0,14656,100.0,majority_coverage,Reported,11.72327,1576,0,1576,100.0,majority_coverage,Reported,10.352025,125,0,125,100.0,majority_coverage,Reported,Municipal
COOP_NY_9645,9645,Jamestown Board of Public Util,Jamestown Board of Public Util,NY,2018,COOP,COOP,Municipal,15562,"At least 10,000 residential customers in the 2024 regional EIA/PUDL roster","EIA Electric Sales, Revenue, and Average Price",https://www.eia.gov/electricity/sales_revenue_price/archive/f8612018.zip,https://s3.us-west-2.amazonaws.com/pudl.catalyst.coop/stable/core_eia861__yearly_sales.parquet,7.9342191,16306,0,16306,100.0,majority_coverage,Reported,8.2493078,2590,0,2590,100.0,majority_coverage,Reported,6.7281161,116,1,117,99.14529914529915,majority_coverage,Reported,Municipal
COOP_MA_8774,8774,City of Holyoke - (MA),City of Holyoke - (MA),MA,2018,COOP,COOP,Municipal,15040,"At least 10,000 residential customers in the 2024 regional EIA/PUDL roster","EIA Electric Sales, Revenue, and Average Price",https://www.eia.gov/electricity/sales_revenue_price/archive/f8612018.zip,https://s3.us-west-2.amazonaws.com/pudl.catalyst.coop/stable/core_eia861__yearly_sales.parquet,12.994382,14793,0,14793,100.0,majority_coverage,Reported,14.411625,2821,0,2821,100.0,majority_coverage,Reported,9.8950081,43,0,43,100.0,majority_coverage,Reported,Municipal
COOP_MA_12473,12473,Town of Middleborough - (MA),Town of Middleborough - (MA),MA,2018,COOP,COOP,Municipal,14884,"At least 10,000 residential customers in the 2024 regional EIA/PUDL roster","EIA Electric Sales, Revenue, and Average Price",https://www.eia.gov/electricity/sales_revenue_price/archive/f8612018.zip,https://s3.us-west-2.amazonaws.com/pudl.catalyst.coop/stable/core_eia861__yearly_sales.parquet,14.34675,14306,0,14306,100.0,majority_coverage,Reported,14.301108,2532,0,2532,100.0,majority_coverage,Reported,12.364991,15,0,15,100.0,majority_coverage,Reported,Municipal
COOP_MA_2144,2144,Town of Braintree - (MA),Town of Braintree - (MA),MA,2018,COOP,COOP,Municipal,14039,"At least 10,000 residential customers in the 2024 regional EIA/PUDL roster","EIA Electric Sales, Revenue, and Average Price",https://www.eia.gov/electricity/sales_revenue_price/archive/f8612018.zip,https://s3.us-west-2.amazonaws.com/pudl.catalyst.coop/stable/core_eia861__yearly_sales.parquet,14.094802,13934,0,13934,100.0,majority_coverage,Reported,15.277589,2774,0,2774,100.0,majority_coverage,Reported,13.614141,6,0,6,100.0,majority_coverage,Reported,Municipal
COOP_MA_13839,13839,City of Norwood - (MA),City of Norwood - (MA),MA,2018,COOP,COOP,Municipal,13601,"At least 10,000 residential customers in the 2024 regional EIA/PUDL roster","EIA Electric Sales, Revenue, and Average Price",https://www.eia.gov/electricity/sales_revenue_price/archive/f8612018.zip,https://s3.us-west-2.amazonaws.com/pudl.catalyst.coop/stable/core_eia861__yearly_sales.parquet,16.242569,13657,0,13657,100.0,majority_coverage,Reported,18.756464,2187,0,2187,100.0,majority_coverage,Reported,15.561686,46,0,46,100.0,majority_coverage,Reported,Municipal
COOP_NY_6775,6775,Village of Freeport - (NY),Village of Freeport - (NY),NY,2018,COOP,COOP,Municipal,13353,"At least 10,000 residential customers in the 2024 regional EIA/PUDL roster","EIA Electric Sales, Revenue, and Average Price",https://www.eia.gov/electricity/sales_revenue_price/archive/f8612018.zip,https://s3.us-west-2.amazonaws.com/pudl.catalyst.coop/stable/core_eia861__yearly_sales.parquet,12.932559,12975,0,12975,100.0,majority_coverage,Reported,12.597646,1885,0,1885,100.0,majority_coverage,Reported,,0,0,0,,no_published_price,Not reported,Municipal
MTC_MA_NANTUCKET,13206,Nantucket Electric Co,Nantucket Electric,MA,2018,MTC,MTC,Investor Owned,12823,"At least 10,000 residential customers in the 2024 regional EIA/PUDL roster","EIA Electric Sales, Revenue, and Average Price",https://www.eia.gov/electricity/sales_revenue_price/archive/f8612018.zip,https://www.nationalgridus.com/News/2023/11/National-Grid-Submits-Comprehensive-Performance-Investment-Plan-as-Part-of-Rate-Review-to-Build-a-Smarter%2C-Stronger%2C-Cleaner%2C-and-More-Equitable-Energy-Future/,24.039042,1073,10870,11943,8.98434229255631,minority_coverage,Reported,21.960388,180,1452,1632,11.029411764705882,minority_coverage,Reported,22.666667,1,3,4,25.0,minority_coverage,Reported,Investor Owned
COOP_MA_13679,13679,Town of North Attleborough - (MA),Town of North Attleborough - (MA),MA,2018,COOP,COOP,Municipal,12607,"At least 10,000 residential customers in the 2024 regional EIA/PUDL roster","EIA Electric Sales, Revenue, and Average Price",https://www.eia.gov/electricity/sales_revenue_price/archive/f8612018.zip,https://s3.us-west-2.amazonaws.com/pudl.catalyst.coop/stable/core_eia861__yearly_sales.parquet,15.82929,12132,0,12132,100.0,majority_coverage,Reported,15.52746,1154,0,1154,100.0,majority_coverage,Reported,14.678515,128,0,128,100.0,majority_coverage,Reported,Municipal
COOP_CT_7716,7716,Groton Dept of Utilities - (CT),Groton Dept of Utilities - (CT),CT,2018,COOP,COOP,Municipal,12284,"At least 10,000 residential customers in the 2024 regional EIA/PUDL roster","EIA Electric Sales, Revenue, and Average Price",https://www.eia.gov/electricity/sales_revenue_price/archive/f8612018.zip,https://s3.us-west-2.amazonaws.com/pudl.catalyst.coop/stable/core_eia861__yearly_sales.parquet,15.671152,12096,0,12096,100.0,majority_coverage,Reported,13.953676,1653,0,1653,100.0,majority_coverage,Reported,9.7226686,17,0,17,100.0,majority_coverage,Reported,Municipal
COOP_MA_5480,5480,Town of Danvers,Town of Danvers,MA,2018,COOP,COOP,Municipal,11594,"At least 10,000 residential customers in the 2024 regional EIA/PUDL roster","EIA Electric Sales, Revenue, and Average Price",https://www.eia.gov/electricity/sales_revenue_price/archive/f8612018.zip,https://s3.us-west-2.amazonaws.com/pudl.catalyst.coop/stable/core_eia861__yearly_sales.parquet,14.487022,11381,0,11381,100.0,majority_coverage,Reported,13.963986,1558,0,1558,100.0,majority_coverage,Reported,12.075423,342,0,342,100.0,majority_coverage,Reported,Municipal
COOP_MA_8973,8973,Town of Hudson - (MA),Town of Hudson - (MA),MA,2018,COOP,COOP,Municipal,11448,"At least 10,000 residential customers in the 2024 regional EIA/PUDL roster","EIA Electric Sales, Revenue, and Average Price",https://www.eia.gov/electricity/sales_revenue_price/archive/f8612018.zip,https://s3.us-west-2.amazonaws.com/pudl.catalyst.coop/stable/core_eia861__yearly_sales.parquet,10.581354,11323,0,11323,100.0,majority_coverage,Reported,8.0292866,1768,0,1768,100.0,majority_coverage,Reported,10.641787,163,0,163,100.0,majority_coverage,Reported,Municipal
COOP_ME_5609,5609,Eastern Maine Electric Coop,Eastern Maine Electric Coop,ME,2018,COOP,COOP,Cooperative,10803,"At least 10,000 residential customers in the 2024 regional EIA/PUDL roster","EIA Electric Sales, Revenue, and Average Price",https://www.eia.gov/electricity/sales_revenue_price/archive/f8612018.zip,https://s3.us-west-2.amazonaws.com/pudl.catalyst.coop/stable/core_eia861__yearly_sales.parquet,16.704107,10408,0,10408,100.0,majority_coverage,Reported,14.935253,2173,0,2173,100.0,majority_coverage,Reported,13.058346,27,0,27,100.0,majority_coverage,Reported,Cooperative
DOM_NY_CECONY,4226,Consolidated Edison Co-NY Inc,Con Edison (CECONY),NY,2019,DOM,DOM,Investor Owned,3064038,"At least 10,000 residential customers in the 2024 regional EIA/PUDL roster","EIA Electric Sales, Revenue, and Average Price",https://www.eia.gov/electricity/sales_revenue_price/archive/f8612019.zip,https://investor.conedison.com/static-files/0b4e12b3-f43b-4398-a04b-3699537cabb5,25.297642,2372477,587472,2959949,80.1526310081694,majority_coverage,Reported,18.700437,400615,157612,558227,71.76560789786234,majority_coverage,Reported,14.700077,52,691,743,6.998654104979812,minority_coverage,Reported,Investor Owned
MTC_NY_NIMO,13573,Niagara Mohawk Power Corp.,Niagara Mohawk (National Grid),NY,2019,MTC,MTC,Investor Owned,1532294,"At least 10,000 residential customers in the 2024 regional EIA/PUDL roster","EIA Electric Sales, Revenue, and Average Price",https://www.eia.gov/electricity/sales_revenue_price/archive/f8612019.zip,https://www.nationalgrid.com/document/152396/download,12.542832,1285489,222218,1507707,85.26119464856235,majority_coverage,Reported,8.7868848,110404,67190,177594,62.166514634503415,majority_coverage,Reported,5.0022881,560,1022,1582,35.39823008849557,minority_coverage,Reported,Investor Owned
DOM_MA_NSTAR,54913,NSTAR Electric Company,NSTAR Electric (Eversource Massachusetts),MA,2019,DOM,DOM,Investor Owned,1303076,"At least 10,000 residential customers in the 2024 regional EIA/PUDL roster","EIA Electric Sales, Revenue, and Average Price",https://www.eia.gov/electricity/sales_revenue_price/archive/f8612019.zip,https://investors.eversource.com/static-files/1526fda9-4ffa-4cfd-bbd7-c9c18f56d3fe,22.528049,620676,619208,1239884,50.05919908636614,majority_coverage,Reported,21.965294,74812,120749,195561,38.25507130767382,minority_coverage,Reported,19.981673,770,1447,2217,34.731619305367616,minority_coverage,Reported,Investor Owned
MTC_MA_MECO,11804,Massachusetts Electric Co,Massachusetts Electric (National Grid),MA,2019,MTC,MTC,Investor Owned,1210113,"At least 10,000 residential customers in the 2024 regional EIA/PUDL roster","EIA Electric Sales, Revenue, and Average Price",https://www.eia.gov/electricity/sales_revenue_price/archive/f8612019.zip,https://www.nationalgrid.com/document/152381/download,23.832325,670255,487759,1158014,57.87969748206844,majority_coverage,Reported,13.743827,78055,82754,160809,48.53894993439422,minority_coverage,Reported,18.321342,1465,2386,3851,38.042066995585564,minority_coverage,Reported,Investor Owned
DOM_CT_CLP,4176,Connecticut Light & Power Co,Connecticut Light & Power (Eversource Connecticut),CT,2019,DOM,DOM,Investor Owned,1174420,"At least 10,000 residential customers in the 2024 regional EIA/PUDL roster","EIA Electric Sales, Revenue, and Average Price",https://www.eia.gov/electricity/sales_revenue_price/archive/f8612019.zip,https://investors.eversource.com/static-files/1526fda9-4ffa-4cfd-bbd7-c9c18f56d3fe,21.221578,875898,265825,1141723,76.71720723853333,majority_coverage,Reported,17.770265,66924,42517,109441,61.15075702890142,majority_coverage,Reported,16.939453,1638,1346,2984,54.892761394101875,majority_coverage,Reported,Investor Owned
MTC_NY_NYSEG,13511,New York State Elec & Gas Corp,NYSEG,NY,2019,MTC,MTC,Investor Owned,792300,"At least 10,000 residential customers in the 2024 regional EIA/PUDL roster","EIA Electric Sales, Revenue, and Average Price",https://www.eia.gov/electricity/sales_revenue_price/archive/f8612019.zip,https://www.avangrid.com/aboutus/companyprofile,11.386247,649945,128303,778248,83.51386704495225,majority_coverage,Reported,9.6231178,78268,44287,122555,63.863571457712865,majority_coverage,Reported,7.4168158,608,1182,1790,33.96648044692738,minority_coverage,Reported,Investor Owned
MTC_ME_CMP,3266,Central Maine Power Co,Central Maine Power,ME,2019,MTC,MTC,Investor Owned,577955,"At least 10,000 residential customers in the 2024 regional EIA/PUDL roster","EIA Electric Sales, Revenue, and Average Price",https://www.eia.gov/electricity/sales_revenue_price/archive/f8612019.zip,https://www.avangrid.com/aboutus/companyprofile,17.32146,484082,67430,551512,87.7736114536039,majority_coverage,Reported,15.005346,47340,21281,68621,68.98762769414611,majority_coverage,Reported,15.349405,1635,860,2495,65.53106212424849,majority_coverage,Reported,Investor Owned
DOM_NH_PSNH,15472,Public Service Co of NH,Public Service Company of New Hampshire,NH,2019,DOM,DOM,Investor Owned,459907,"At least 10,000 residential customers in the 2024 regional EIA/PUDL roster","EIA Electric Sales, Revenue, and Average Price",https://www.eia.gov/electricity/sales_revenue_price/archive/f8612019.zip,https://www.eversource.com/residential/about/doing-business-with-us/affiliates/list-of-affiliates,19.893003,351614,90482,442096,79.53340450942781,majority_coverage,Reported,15.92623,47726,28310,76036,62.76763638276606,majority_coverage,Reported,10.307913,1553,1183,2736,56.76169590643275,majority_coverage,Reported,Investor Owned
DOM_RI_RIE,13214,The Narragansett Electric Co,Rhode Island Energy (legal entity: Narragansett Electric),RI,2019,MTC,DOM,Investor Owned,451381,"At least 10,000 residential customers in the 2024 regional EIA/PUDL roster","EIA Electric Sales, Revenue, and Average Price",https://www.eia.gov/electricity/sales_revenue_price/archive/f8612019.zip,https://investors.pplweb.com/2024-04-02-PPL-Corporation-subsidiary-Rhode-Island-Energy-receives-regulatory-approval-for-planned-spending-to-strengthen-network-safety%2C-reliability-and-resilience,21.519623,389921,48043,437964,89.03037692595738,majority_coverage,Reported,17.104043,44746,14719,59465,75.24762465315732,majority_coverage,Reported,19.310911,1222,474,1696,72.05188679245283,majority_coverage,Reported,Investor Owned
MTC_NY_RGE,16183,Rochester Gas & Electric Corp,Rochester Gas & Electric,NY,2019,MTC,MTC,Investor Owned,351481,"At least 10,000 residential customers in the 2024 regional EIA/PUDL roster","EIA Electric Sales, Revenue, and Average Price",https://www.eia.gov/electricity/sales_revenue_price/archive/f8612019.zip,https://www.avangrid.com/aboutus/companyprofile,12.850189,296612,45046,341658,86.81547044120144,majority_coverage,Reported,11.40632,23505,17631,41136,57.13973162193699,majority_coverage,Reported,10.879224,279,468,747,37.34939759036145,minority_coverage,Reported,Investor Owned
MTC_CT_UI,19497,United Illuminating Co,United Illuminating,CT,2019,MTC,MTC,Investor Owned,312291,"At least 10,000 residential customers in the 2024 regional EIA/PUDL roster","EIA Electric Sales, Revenue, and Average Price",https://www.eia.gov/electricity/sales_revenue_price/archive/f8612019.zip,https://www.avangrid.com/aboutus/companyprofile,25.225585,214360,90310,304670,70.35809236222798,majority_coverage,Reported,18.881063,15044,17039,32083,46.89087678833027,minority_coverage,Reported,18.608027,229,880,1109,20.649233543733093,minority_coverage,Reported,Investor Owned
MTC_NY_CENTHUD,3249,Central Hudson Gas & Elec Corp,Central Hudson,NY,2019,MTC,MTC,Investor Owned,270859,"At least 10,000 residential customers in the 2024 regional EIA/PUDL roster","EIA Electric Sales, Revenue, and Average Price",https://www.eia.gov/electricity/sales_revenue_price/archive/f8612019.zip,https://www.fortisinc.com/company/our-companies/index,17.191798,222451,38645,261096,85.19893066151913,majority_coverage,Reported,13.00712,35776,11350,47126,75.91563043755039,majority_coverage,Reported,10.107472,749,292,1041,71.95004803073968,majority_coverage,Reported,Investor Owned
MTC_VT_GMP,7601,Green Mountain Power Corp,Green Mountain Power,VT,2019,MTC,MTC,Investor Owned,226675,"At least 10,000 residential customers in the 2024 regional EIA/PUDL roster","EIA Electric Sales, Revenue, and Average Price",https://www.eia.gov/electricity/sales_revenue_price/archive/f8612019.zip,https://energir.com/en/about/the-company/who-we-are/our-subsidiaries,17.654379,222599,0,222599,100.0,majority_coverage,Reported,16.279528,44060,0,44060,100.0,majority_coverage,Reported,10.715928,72,0,72,100.0,majority_coverage,Reported,Investor Owned
DOM_NY_ORU,14154,Orange & Rockland Utils Inc,Orange & Rockland Utilities,NY,2019,DOM,DOM,Investor Owned,211011,"At least 10,000 residential customers in the 2024 regional EIA/PUDL roster","EIA Electric Sales, Revenue, and Average Price",https://www.eia.gov/electricity/sales_revenue_price/archive/f8612019.zip,https://www.conedison.com/en/about-us/corporate-governance/corporate-leadership/michelle-oconnoll,19.405488,141580,61498,203078,69.71705453077142,majority_coverage,Reported,13.297495,18108,14338,32446,55.80965296184429,majority_coverage,Reported,5.4483893,53,58,111,47.747747747747745,minority_coverage,Reported,Investor Owned
MTC_ME_VERSANT,1179,Versant Power,Versant Power,ME,2019,MTC,MTC,Investor Owned,137906,"At least 10,000 residential customers in the 2024 regional EIA/PUDL roster","EIA Electric Sales, Revenue, and Average Price",https://www.eia.gov/electricity/sales_revenue_price/archive/f8612019.zip,https://www.versantpower.com/about/news-press-releases/blog-details/versant-power-to-welcome-new-president-in-2026,19.280909,125687,7947,133634,94.05316012392056,majority_coverage,Reported,12.293873,22273,3373,25646,86.84785151680573,majority_coverage,Reported,10.02075,140,109,249,56.22489959839358,majority_coverage,Reported,Investor Owned
COOP_NH_NHEC,13441,New Hampshire Elec Coop Inc,New Hampshire Electric Cooperative,NH,2019,COOP,COOP,Cooperative,74144,"At least 10,000 residential customers in the 2024 regional EIA/PUDL roster","EIA Electric Sales, Revenue, and Average Price",https://www.eia.gov/electricity/sales_revenue_price/archive/f8612019.zip,https://www.nhec.com/about/,20.95635,70747,608,71355,99.14792236003083,majority_coverage,Reported,19.372755,9205,1121,10326,89.14390858028278,majority_coverage,Reported,13.963493,11,20,31,35.483870967741936,minority_coverage,Reported,Cooperative
DOM_NH_UNITIL,24590,Unitil Energy Systems,Unitil Energy Systems,NH,2019,DOM,DOM,Investor Owned,68602,"At least 10,000 residential customers in the 2024 regional EIA/PUDL roster","EIA Electric Sales, Revenue, and Average Price",https://www.eia.gov/electricity/sales_revenue_price/archive/f8612019.zip,https://unitil.com/electric-gas-service/pricing-rates/rates/ferc-oatt-information/transmission-service-information-nh,18.700856,60190,6396,66586,90.39437719640766,majority_coverage,Reported,18.307934,9396,2960,12356,76.04402719326643,majority_coverage,Reported,12.961003,40,120,160,25.0,minority_coverage,Reported,Investor Owned
MTC_NH_LIBERTY,26510,Liberty Utilities (Granite State Electri,Liberty Utilities (Granite State Electric),NH,2019,MTC,MTC,Investor Owned,39667,"At least 10,000 residential customers in the 2024 regional EIA/PUDL roster","EIA Electric Sales, Revenue, and Average Price",https://www.eia.gov/electricity/sales_revenue_price/archive/f8612019.zip,https://libertyutilities.com/who-we-are.html,17.993258,33532,3560,37092,90.40224307128221,majority_coverage,Reported,15.050232,5247,2051,7298,71.89640997533571,majority_coverage,Reported,15.802855,134,62,196,68.36734693877551,majority_coverage,Reported,Investor Owned
COOP_VT_VEC,19791,"Vermont Electric Cooperative, Inc",Vermont Electric Cooperative,VT,2019,COOP,COOP,Cooperative,35964,"At least 10,000 residential customers in the 2024 regional EIA/PUDL roster","EIA Electric Sales, Revenue, and Average Price",https://www.eia.gov/electricity/sales_revenue_price/archive/f8612019.zip,https://vermontelectric.coop/at-a-glance,19.096907,34880,0,34880,100.0,majority_coverage,Reported,15.489559,4673,0,4673,100.0,majority_coverage,Reported,10.746994,16,0,16,100.0,majority_coverage,Reported,Cooperative
COOP_MA_TAUNTON,18488,City of Taunton,Taunton Municipal Lighting Plant,MA,2019,COOP,COOP,Municipal,35684,"At least 10,000 residential customers in the 2024 regional EIA/PUDL roster","EIA Electric Sales, Revenue, and Average Price",https://www.eia.gov/electricity/sales_revenue_price/archive/f8612019.zip,https://www.taunton-ma.gov/DocumentCenter/View/5355/Annual-Comprehensive-Financial-Report-for-Fiscal-Year-Ended-June-30-2024,15.3957,34099,0,34099,100.0,majority_coverage,Reported,16.669221,4543,0,4543,100.0,majority_coverage,Reported,13.547028,414,0,414,100.0,majority_coverage,Reported,Municipal
COOP_MA_READING,15748,Town of Reading - (MA),Reading Municipal Light Department,MA,2019,COOP,COOP,Municipal,27405,"At least 10,000 residential customers in the 2024 regional EIA/PUDL roster","EIA Electric Sales, Revenue, and Average Price",https://www.eia.gov/electricity/sales_revenue_price/archive/f8612019.zip,https://www.mass.gov/info-details/massachusetts-municipally-owned-electric-companies,15.201184,26542,0,26542,100.0,majority_coverage,Reported,12.397964,3233,0,3233,100.0,majority_coverage,Reported,,0,0,0,,no_published_price,Not reported,Municipal
DOM_MA_FITCHBURG,6374,Fitchburg Gas & Elec Light Co,Fitchburg Gas & Electric Light,MA,2019,DOM,DOM,Investor Owned,26290,"At least 10,000 residential customers in the 2024 regional EIA/PUDL roster","EIA Electric Sales, Revenue, and Average Price",https://www.eia.gov/electricity/sales_revenue_price/archive/f8612019.zip,https://unitil.com/electric-gas-service/pricing-rates/rates/ferc-oatt-information/transmission-service-information-ma,25.009753,17969,7645,25614,70.15304130553604,majority_coverage,Reported,21.895826,3059,1315,4374,69.93598536808413,majority_coverage,Reported,14.196139,5,26,31,16.129032258064516,minority_coverage,Reported,Investor Owned
COOP_MA_CHICOPEE,3477,City of Chicopee - (MA),Chicopee Electric Light,MA,2019,COOP,COOP,Municipal,23218,"At least 10,000 residential customers in the 2024 regional EIA/PUDL roster","EIA Electric Sales, Revenue, and Average Price",https://www.eia.gov/electricity/sales_revenue_price/archive/f8612019.zip,https://www.celd.com/about,13.502793,23445,0,23445,100.0,majority_coverage,Reported,13.825548,2864,0,2864,100.0,majority_coverage,Reported,11.67094,38,0,38,100.0,majority_coverage,Reported,Municipal
COOP_MA_PEABODY,14605,City of Peabody - (MA),Peabody Municipal Light Plant,MA,2019,COOP,COOP,Municipal,22546,"At least 10,000 residential customers in the 2024 regional EIA/PUDL roster","EIA Electric Sales, Revenue, and Average Price",https://www.eia.gov/electricity/sales_revenue_price/archive/f8612019.zip,https://www.pmlp.com/27/About-Us,11.085175,24017,0,24017,100.0,majority_coverage,Reported,12.888262,2788,0,2788,100.0,majority_coverage,Reported,11.753214,2034,0,2034,100.0,majority_coverage,Reported,Municipal
COOP_CT_WALLINGFORD,20038,Town of Wallingford - (CT),Wallingford Electric Division,CT,2019,COOP,COOP,Municipal,21405,"At least 10,000 residential customers in the 2024 regional EIA/PUDL roster","EIA Electric Sales, Revenue, and Average Price",https://www.eia.gov/electricity/sales_revenue_price/archive/f8612019.zip,https://www.wallingfordct.gov/government/departments/public-utilities/,14.111642,21536,0,21536,100.0,majority_coverage,Reported,12.043705,3663,0,3663,100.0,majority_coverage,Reported,9.7833646,26,0,26,100.0,majority_coverage,Reported,Municipal
COOP_CT_NORWICH,13831,City of Norwich - (CT),Norwich Public Utilities,CT,2019,COOP,COOP,Municipal,18870,"At least 10,000 residential customers in the 2024 regional EIA/PUDL roster","EIA Electric Sales, Revenue, and Average Price",https://www.eia.gov/electricity/sales_revenue_price/archive/f8612019.zip,https://www.norwichct.gov/272/Public-Utilities,19.888324,17901,0,17901,100.0,majority_coverage,Reported,16.356096,2546,0,2546,100.0,majority_coverage,Reported,14.602853,9,0,9,100.0,majority_coverage,Reported,Municipal
COOP_VT_BURLINGTON,2548,City of Burlington Electric - (VT),Burlington Electric Department,VT,2019,COOP,COOP,Municipal,17861,"At least 10,000 residential customers in the 2024 regional EIA/PUDL roster","EIA Electric Sales, Revenue, and Average Price",https://www.eia.gov/electricity/sales_revenue_price/archive/f8612019.zip,https://www.burlingtonelectric.com/history,15.75492,17260,0,17260,100.0,majority_coverage,Reported,14.444349,3918,0,3918,100.0,majority_coverage,Reported,11.45025,9,0,9,100.0,majority_coverage,Reported,Municipal
COOP_NY_FAIRPORT,5930,Village of Fairport - (NY),Fairport Municipal Commission,NY,2019,COOP,COOP,Municipal,16462,"At least 10,000 residential customers in the 2024 regional EIA/PUDL roster","EIA Electric Sales, Revenue, and Average Price",https://www.eia.gov/electricity/sales_revenue_price/archive/f8612019.zip,https://dps.ny.gov/location/village-fairport-electric,5.552841,16149,0,16149,100.0,majority_coverage,Reported,6.2939636,1506,0,1506,100.0,majority_coverage,Reported,3.7314525,12,0,12,100.0,majority_coverage,Reported,Municipal
COOP_MA_20481,20481,City of Westfield - (MA),City of Westfield - (MA),MA,2019,COOP,COOP,Municipal,16200,"At least 10,000 residential customers in the 2024 regional EIA/PUDL roster","EIA Electric Sales, Revenue, and Average Price",https://www.eia.gov/electricity/sales_revenue_price/archive/f8612019.zip,https://s3.us-west-2.amazonaws.com/pudl.catalyst.coop/stable/core_eia861__yearly_sales.parquet,14.125057,15933,0,15933,100.0,majority_coverage,Reported,15.151362,2069,0,2069,100.0,majority_coverage,Reported,12.929196,59,0,59,100.0,majority_coverage,Reported,Municipal
COOP_MA_17127,17127,Town of Shrewsbury - (MA),Town of Shrewsbury - (MA),MA,2019,COOP,COOP,Municipal,15713,"At least 10,000 residential customers in the 2024 regional EIA/PUDL roster","EIA Electric Sales, Revenue, and Average Price",https://www.eia.gov/electricity/sales_revenue_price/archive/f8612019.zip,https://s3.us-west-2.amazonaws.com/pudl.catalyst.coop/stable/core_eia861__yearly_sales.parquet,12.04285,14663,0,14663,100.0,majority_coverage,Reported,12.004356,1541,0,1541,100.0,majority_coverage,Reported,10.684142,122,0,122,100.0,majority_coverage,Reported,Municipal
COOP_NY_9645,9645,Jamestown Board of Public Util,Jamestown Board of Public Util,NY,2019,COOP,COOP,Municipal,15562,"At least 10,000 residential customers in the 2024 regional EIA/PUDL roster","EIA Electric Sales, Revenue, and Average Price",https://www.eia.gov/electricity/sales_revenue_price/archive/f8612019.zip,https://s3.us-west-2.amazonaws.com/pudl.catalyst.coop/stable/core_eia861__yearly_sales.parquet,8.2543006,16271,0,16271,100.0,majority_coverage,Reported,8.5990981,2586,0,2586,100.0,majority_coverage,Reported,7.1104821,114,0,114,100.0,majority_coverage,Reported,Municipal
COOP_MA_8774,8774,City of Holyoke - (MA),City of Holyoke - (MA),MA,2019,COOP,COOP,Municipal,15040,"At least 10,000 residential customers in the 2024 regional EIA/PUDL roster","EIA Electric Sales, Revenue, and Average Price",https://www.eia.gov/electricity/sales_revenue_price/archive/f8612019.zip,https://s3.us-west-2.amazonaws.com/pudl.catalyst.coop/stable/core_eia861__yearly_sales.parquet,13.37259,14826,0,14826,100.0,majority_coverage,Reported,12.547445,2826,0,2826,100.0,majority_coverage,Reported,10.317738,37,0,37,100.0,majority_coverage,Reported,Municipal
COOP_MA_12473,12473,Town of Middleborough - (MA),Town of Middleborough - (MA),MA,2019,COOP,COOP,Municipal,14884,"At least 10,000 residential customers in the 2024 regional EIA/PUDL roster","EIA Electric Sales, Revenue, and Average Price",https://www.eia.gov/electricity/sales_revenue_price/archive/f8612019.zip,https://s3.us-west-2.amazonaws.com/pudl.catalyst.coop/stable/core_eia861__yearly_sales.parquet,14.900228,14551,0,14551,100.0,majority_coverage,Reported,15.012075,2556,0,2556,100.0,majority_coverage,Reported,12.709176,16,0,16,100.0,majority_coverage,Reported,Municipal
COOP_MA_2144,2144,Town of Braintree - (MA),Town of Braintree - (MA),MA,2019,COOP,COOP,Municipal,14039,"At least 10,000 residential customers in the 2024 regional EIA/PUDL roster","EIA Electric Sales, Revenue, and Average Price",https://www.eia.gov/electricity/sales_revenue_price/archive/f8612019.zip,https://s3.us-west-2.amazonaws.com/pudl.catalyst.coop/stable/core_eia861__yearly_sales.parquet,14.319506,13965,0,13965,100.0,majority_coverage,Reported,15.355454,2749,0,2749,100.0,majority_coverage,Reported,13.780968,6,0,6,100.0,majority_coverage,Reported,Municipal
COOP_MA_13839,13839,City of Norwood - (MA),City of Norwood - (MA),MA,2019,COOP,COOP,Municipal,13601,"At least 10,000 residential customers in the 2024 regional EIA/PUDL roster","EIA Electric Sales, Revenue, and Average Price",https://www.eia.gov/electricity/sales_revenue_price/archive/f8612019.zip,https://s3.us-west-2.amazonaws.com/pudl.catalyst.coop/stable/core_eia861__yearly_sales.parquet,17.7331,13773,0,13773,100.0,majority_coverage,Reported,20.152254,2199,0,2199,100.0,majority_coverage,Reported,16.810886,45,0,45,100.0,majority_coverage,Reported,Municipal
COOP_NY_6775,6775,Village of Freeport - (NY),Village of Freeport - (NY),NY,2019,COOP,COOP,Municipal,13353,"At least 10,000 residential customers in the 2024 regional EIA/PUDL roster","EIA Electric Sales, Revenue, and Average Price",https://www.eia.gov/electricity/sales_revenue_price/archive/f8612019.zip,https://s3.us-west-2.amazonaws.com/pudl.catalyst.coop/stable/core_eia861__yearly_sales.parquet,12.715021,12969,0,12969,100.0,majority_coverage,Reported,12.338404,1920,0,1920,100.0,majority_coverage,Reported,,0,0,0,,no_published_price,Not reported,Municipal
MTC_MA_NANTUCKET,13206,Nantucket Electric Co,Nantucket Electric,MA,2019,MTC,MTC,Investor Owned,12823,"At least 10,000 residential customers in the 2024 regional EIA/PUDL roster","EIA Electric Sales, Revenue, and Average Price",https://www.eia.gov/electricity/sales_revenue_price/archive/f8612019.zip,https://www.nationalgridus.com/News/2023/11/National-Grid-Submits-Comprehensive-Performance-Investment-Plan-as-Part-of-Rate-Review-to-Build-a-Smarter%2C-Stronger%2C-Cleaner%2C-and-More-Equitable-Energy-Future/,24.776092,1218,10827,12045,10.112079701120797,minority_coverage,Reported,21.105145,192,1462,1654,11.608222490931077,minority_coverage,Reported,24.285714,1,3,4,25.0,minority_coverage,Reported,Investor Owned
COOP_MA_13679,13679,Town of North Attleborough - (MA),Town of North Attleborough - (MA),MA,2019,COOP,COOP,Municipal,12607,"At least 10,000 residential customers in the 2024 regional EIA/PUDL roster","EIA Electric Sales, Revenue, and Average Price",https://www.eia.gov/electricity/sales_revenue_price/archive/f8612019.zip,https://s3.us-west-2.amazonaws.com/pudl.catalyst.coop/stable/core_eia861__yearly_sales.parquet,15.945786,12201,0,12201,100.0,majority_coverage,Reported,17.08299,1126,0,1126,100.0,majority_coverage,Reported,14.586258,152,0,152,100.0,majority_coverage,Reported,Municipal
COOP_CT_7716,7716,Groton Dept of Utilities - (CT),Groton Dept of Utilities - (CT),CT,2019,COOP,COOP,Municipal,12284,"At least 10,000 residential customers in the 2024 regional EIA/PUDL roster","EIA Electric Sales, Revenue, and Average Price",https://www.eia.gov/electricity/sales_revenue_price/archive/f8612019.zip,https://s3.us-west-2.amazonaws.com/pudl.catalyst.coop/stable/core_eia861__yearly_sales.parquet,15.946572,12186,0,12186,100.0,majority_coverage,Reported,14.22183,1334,0,1334,100.0,majority_coverage,Reported,9.7803069,12,0,12,100.0,majority_coverage,Reported,Municipal
COOP_MA_5480,5480,Town of Danvers,Town of Danvers,MA,2019,COOP,COOP,Municipal,11594,"At least 10,000 residential customers in the 2024 regional EIA/PUDL roster","EIA Electric Sales, Revenue, and Average Price",https://www.eia.gov/electricity/sales_revenue_price/archive/f8612019.zip,https://s3.us-west-2.amazonaws.com/pudl.catalyst.coop/stable/core_eia861__yearly_sales.parquet,14.12662,11420,0,11420,100.0,majority_coverage,Reported,13.805774,1564,0,1564,100.0,majority_coverage,Reported,11.833636,343,0,343,100.0,majority_coverage,Reported,Municipal
COOP_MA_8973,8973,Town of Hudson - (MA),Town of Hudson - (MA),MA,2019,COOP,COOP,Municipal,11448,"At least 10,000 residential customers in the 2024 regional EIA/PUDL roster","EIA Electric Sales, Revenue, and Average Price",https://www.eia.gov/electricity/sales_revenue_price/archive/f8612019.zip,https://s3.us-west-2.amazonaws.com/pudl.catalyst.coop/stable/core_eia861__yearly_sales.parquet,11.016538,11390,0,11390,100.0,majority_coverage,Reported,8.8738341,1761,0,1761,100.0,majority_coverage,Reported,12.027525,161,0,161,100.0,majority_coverage,Reported,Municipal
COOP_ME_5609,5609,Eastern Maine Electric Coop,Eastern Maine Electric Coop,ME,2019,COOP,COOP,Cooperative,10803,"At least 10,000 residential customers in the 2024 regional EIA/PUDL roster","EIA Electric Sales, Revenue, and Average Price",https://www.eia.gov/electricity/sales_revenue_price/archive/f8612019.zip,https://s3.us-west-2.amazonaws.com/pudl.catalyst.coop/stable/core_eia861__yearly_sales.parquet,17.289222,10398,0,10398,100.0,majority_coverage,Reported,15.38315,2205,0,2205,100.0,majority_coverage,Reported,13.245185,28,0,28,100.0,majority_coverage,Reported,Cooperative
DOM_NY_CECONY,4226,Consolidated Edison Co-NY Inc,Con Edison (CECONY),NY,2020,DOM,DOM,Investor Owned,3064038,"At least 10,000 residential customers in the 2024 regional EIA/PUDL roster","EIA Electric Sales, Revenue, and Average Price",https://www.eia.gov/electricity/sales_revenue_price/archive/f8612020.zip,https://investor.conedison.com/static-files/0b4e12b3-f43b-4398-a04b-3699537cabb5,26.150327,2402283,538931,2941214,81.67657980684166,majority_coverage,Reported,20.157194,425378,149972,575350,73.93377943860258,majority_coverage,Reported,15.576814,46,676,722,6.371191135734072,minority_coverage,Reported,Investor Owned
MTC_NY_NIMO,13573,Niagara Mohawk Power Corp.,Niagara Mohawk (National Grid),NY,2020,MTC,MTC,Investor Owned,1532294,"At least 10,000 residential customers in the 2024 regional EIA/PUDL roster","EIA Electric Sales, Revenue, and Average Price",https://www.eia.gov/electricity/sales_revenue_price/archive/f8612020.zip,https://www.nationalgrid.com/document/152396/download,12.640154,1307935,206712,1514647,86.35246364334397,majority_coverage,Reported,8.600259,112928,66147,179075,63.06184559542091,majority_coverage,Reported,4.9481663,568,1012,1580,35.949367088607595,minority_coverage,Reported,Investor Owned
DOM_MA_NSTAR,54913,NSTAR Electric Company,NSTAR Electric (Eversource Massachusetts),MA,2020,DOM,DOM,Investor Owned,1303076,"At least 10,000 residential customers in the 2024 regional EIA/PUDL roster","EIA Electric Sales, Revenue, and Average Price",https://www.eia.gov/electricity/sales_revenue_price/archive/f8612020.zip,https://investors.eversource.com/static-files/1526fda9-4ffa-4cfd-bbd7-c9c18f56d3fe,22.389693,599660,646426,1246086,48.123484253895796,minority_coverage,Reported,18.33661,69149,127566,196715,35.151869455811706,minority_coverage,Reported,22.572075,771,1492,2263,34.069818824569154,minority_coverage,Reported,Investor Owned
MTC_MA_MECO,11804,Massachusetts Electric Co,Massachusetts Electric (National Grid),MA,2020,MTC,MTC,Investor Owned,1210113,"At least 10,000 residential customers in the 2024 regional EIA/PUDL roster","EIA Electric Sales, Revenue, and Average Price",https://www.eia.gov/electricity/sales_revenue_price/archive/f8612020.zip,https://www.nationalgrid.com/document/152381/download,24.097257,619778,547895,1167673,53.07804496635616,majority_coverage,Reported,11.511278,68644,91871,160515,42.76485063701212,minority_coverage,Reported,16.986369,1280,2494,3774,33.91626921038686,minority_coverage,Reported,Investor Owned
DOM_CT_CLP,4176,Connecticut Light & Power Co,Connecticut Light & Power (Eversource Connecticut),CT,2020,DOM,DOM,Investor Owned,1174420,"At least 10,000 residential customers in the 2024 regional EIA/PUDL roster","EIA Electric Sales, Revenue, and Average Price",https://www.eia.gov/electricity/sales_revenue_price/archive/f8612020.zip,https://investors.eversource.com/static-files/1526fda9-4ffa-4cfd-bbd7-c9c18f56d3fe,21.552107,867089,282490,1149579,75.42665619326728,majority_coverage,Reported,15.325033,67833,44294,112127,60.496579771152355,majority_coverage,Reported,11.56958,1601,1343,2944,54.38179347826087,majority_coverage,Reported,Investor Owned
MTC_NY_NYSEG,13511,New York State Elec & Gas Corp,NYSEG,NY,2020,MTC,MTC,Investor Owned,792300,"At least 10,000 residential customers in the 2024 regional EIA/PUDL roster","EIA Electric Sales, Revenue, and Average Price",https://www.eia.gov/electricity/sales_revenue_price/archive/f8612020.zip,https://www.avangrid.com/aboutus/companyprofile,11.490268,656837,125533,782370,83.95477842964327,majority_coverage,Reported,9.6621609,78979,44260,123239,64.08604419055656,majority_coverage,Reported,7.4740557,590,1138,1728,34.14351851851852,minority_coverage,Reported,Investor Owned
MTC_ME_CMP,3266,Central Maine Power Co,Central Maine Power,ME,2020,MTC,MTC,Investor Owned,577955,"At least 10,000 residential customers in the 2024 regional EIA/PUDL roster","EIA Electric Sales, Revenue, and Average Price",https://www.eia.gov/electricity/sales_revenue_price/archive/f8612020.zip,https://www.avangrid.com/aboutus/companyprofile,16.242065,495573,61494,557067,88.96111239761106,majority_coverage,Reported,13.795137,48251,17706,65957,73.1552375032218,majority_coverage,Reported,13.747974,1432,830,2262,63.306808134394345,majority_coverage,Reported,Investor Owned
DOM_NH_PSNH,15472,Public Service Co of NH,Public Service Company of New Hampshire,NH,2020,DOM,DOM,Investor Owned,459907,"At least 10,000 residential customers in the 2024 regional EIA/PUDL roster","EIA Electric Sales, Revenue, and Average Price",https://www.eia.gov/electricity/sales_revenue_price/archive/f8612020.zip,https://www.eversource.com/residential/about/doing-business-with-us/affiliates/list-of-affiliates,18.579255,365185,81427,446612,81.76784322857425,majority_coverage,Reported,14.937181,49565,27037,76602,64.70457690399728,majority_coverage,Reported,10.074378,1622,1097,2719,59.65428466347922,majority_coverage,Reported,Investor Owned
DOM_RI_RIE,13214,The Narragansett Electric Co,Rhode Island Energy (legal entity: Narragansett Electric),RI,2020,MTC,DOM,Investor Owned,451381,"At least 10,000 residential customers in the 2024 regional EIA/PUDL roster","EIA Electric Sales, Revenue, and Average Price",https://www.eia.gov/electricity/sales_revenue_price/archive/f8612020.zip,https://investors.pplweb.com/2024-04-02-PPL-Corporation-subsidiary-Rhode-Island-Energy-receives-regulatory-approval-for-planned-spending-to-strengthen-network-safety%2C-reliability-and-resilience,21.809504,392129,43705,435834,89.9720994690639,majority_coverage,Reported,15.517311,43986,15009,58995,74.55886092041699,majority_coverage,Reported,19.436159,1141,488,1629,70.04297114794352,majority_coverage,Reported,Investor Owned
MTC_NY_RGE,16183,Rochester Gas & Electric Corp,Rochester Gas & Electric,NY,2020,MTC,MTC,Investor Owned,351481,"At least 10,000 residential customers in the 2024 regional EIA/PUDL roster","EIA Electric Sales, Revenue, and Average Price",https://www.eia.gov/electricity/sales_revenue_price/archive/f8612020.zip,https://www.avangrid.com/aboutus/companyprofile,12.607443,302686,41523,344209,87.93668962752281,majority_coverage,Reported,10.88392,23411,17521,40932,57.19485976741913,majority_coverage,Reported,10.019286,276,457,733,37.653478854024556,minority_coverage,Reported,Investor Owned
MTC_CT_UI,19497,United Illuminating Co,United Illuminating,CT,2020,MTC,MTC,Investor Owned,312291,"At least 10,000 residential customers in the 2024 regional EIA/PUDL roster","EIA Electric Sales, Revenue, and Average Price",https://www.eia.gov/electricity/sales_revenue_price/archive/f8612020.zip,https://www.avangrid.com/aboutus/companyprofile,25.965195,229087,77759,306846,74.65862354405793,majority_coverage,Reported,19.065817,15228,16687,31915,47.71424095253016,minority_coverage,Reported,17.379763,211,863,1074,19.646182495344508,minority_coverage,Reported,Investor Owned
MTC_NY_CENTHUD,3249,Central Hudson Gas & Elec Corp,Central Hudson,NY,2020,MTC,MTC,Investor Owned,270859,"At least 10,000 residential customers in the 2024 regional EIA/PUDL roster","EIA Electric Sales, Revenue, and Average Price",https://www.eia.gov/electricity/sales_revenue_price/archive/f8612020.zip,https://www.fortisinc.com/company/our-companies/index,17.573713,211342,52080,263422,80.2294417322775,majority_coverage,Reported,13.229555,32912,14442,47354,69.5020484014022,majority_coverage,Reported,9.9310602,690,318,1008,68.45238095238095,majority_coverage,Reported,Investor Owned
MTC_VT_GMP,7601,Green Mountain Power Corp,Green Mountain Power,VT,2020,MTC,MTC,Investor Owned,226675,"At least 10,000 residential customers in the 2024 regional EIA/PUDL roster","EIA Electric Sales, Revenue, and Average Price",https://www.eia.gov/electricity/sales_revenue_price/archive/f8612020.zip,https://energir.com/en/about/the-company/who-we-are/our-subsidiaries,20.001197,222757,0,222757,100.0,majority_coverage,Reported,16.736801,44773,0,44773,100.0,majority_coverage,Reported,10.916897,72,0,72,100.0,majority_coverage,Reported,Investor Owned
DOM_NY_ORU,14154,Orange & Rockland Utils Inc,Orange & Rockland Utilities,NY,2020,DOM,DOM,Investor Owned,211011,"At least 10,000 residential customers in the 2024 regional EIA/PUDL roster","EIA Electric Sales, Revenue, and Average Price",https://www.eia.gov/electricity/sales_revenue_price/archive/f8612020.zip,https://www.conedison.com/en/about-us/corporate-governance/corporate-leadership/michelle-oconnoll,18.654232,142401,61576,203977,69.8122827573697,majority_coverage,Reported,13.688314,18170,14384,32554,55.81495361553112,majority_coverage,Reported,4.3207275,43,61,104,41.34615384615385,minority_coverage,Reported,Investor Owned
MTC_ME_VERSANT,1179,Versant Power,Versant Power,ME,2020,MTC,MTC,Investor Owned,137906,"At least 10,000 residential customers in the 2024 regional EIA/PUDL roster","EIA Electric Sales, Revenue, and Average Price",https://www.eia.gov/electricity/sales_revenue_price/archive/f8612020.zip,https://www.versantpower.com/about/news-press-releases/blog-details/versant-power-to-welcome-new-president-in-2026,17.464515,126828,7695,134523,94.2797885863384,majority_coverage,Reported,12.776465,22277,3689,25966,85.79296002464761,majority_coverage,Reported,9.3307436,151,115,266,56.766917293233085,majority_coverage,Reported,Investor Owned
COOP_NH_NHEC,13441,New Hampshire Elec Coop Inc,New Hampshire Electric Cooperative,NH,2020,COOP,COOP,Cooperative,74144,"At least 10,000 residential customers in the 2024 regional EIA/PUDL roster","EIA Electric Sales, Revenue, and Average Price",https://www.eia.gov/electricity/sales_revenue_price/archive/f8612020.zip,https://www.nhec.com/about/,19.75352,71310,534,71844,99.25672289961584,majority_coverage,Reported,18.625344,9034,1324,10358,87.21760957713845,majority_coverage,Reported,14.037036,11,20,31,35.483870967741936,minority_coverage,Reported,Cooperative
DOM_NH_UNITIL,24590,Unitil Energy Systems,Unitil Energy Systems,NH,2020,DOM,DOM,Investor Owned,68602,"At least 10,000 residential customers in the 2024 regional EIA/PUDL roster","EIA Electric Sales, Revenue, and Average Price",https://www.eia.gov/electricity/sales_revenue_price/archive/f8612020.zip,https://unitil.com/electric-gas-service/pricing-rates/rates/ferc-oatt-information/transmission-service-information-nh,18.168184,61462,5711,67173,91.4980721420809,majority_coverage,Reported,18.033611,9467,2934,12401,76.3406176921216,majority_coverage,Reported,12.593904,39,125,164,23.78048780487805,minority_coverage,Reported,Investor Owned
MTC_NH_LIBERTY,26510,Liberty Utilities (Granite State Electri,Liberty Utilities (Granite State Electric),NH,2020,MTC,MTC,Investor Owned,39667,"At least 10,000 residential customers in the 2024 regional EIA/PUDL roster","EIA Electric Sales, Revenue, and Average Price",https://www.eia.gov/electricity/sales_revenue_price/archive/f8612020.zip,https://libertyutilities.com/who-we-are.html,17.145602,34240,3321,37561,91.15838236468677,majority_coverage,Reported,14.501826,5358,1991,7349,72.9078786229419,majority_coverage,Reported,14.883689,135,58,193,69.94818652849742,majority_coverage,Reported,Investor Owned
COOP_VT_VEC,19791,"Vermont Electric Cooperative, Inc",Vermont Electric Cooperative,VT,2020,COOP,COOP,Cooperative,35964,"At least 10,000 residential customers in the 2024 regional EIA/PUDL roster","EIA Electric Sales, Revenue, and Average Price",https://www.eia.gov/electricity/sales_revenue_price/archive/f8612020.zip,https://vermontelectric.coop/at-a-glance,19.570195,35104,0,35104,100.0,majority_coverage,Reported,15.777342,4754,0,4754,100.0,majority_coverage,Reported,11.207915,16,0,16,100.0,majority_coverage,Reported,Cooperative
COOP_MA_TAUNTON,18488,City of Taunton,Taunton Municipal Lighting Plant,MA,2020,COOP,COOP,Municipal,35684,"At least 10,000 residential customers in the 2024 regional EIA/PUDL roster","EIA Electric Sales, Revenue, and Average Price",https://www.eia.gov/electricity/sales_revenue_price/archive/f8612020.zip,https://www.taunton-ma.gov/DocumentCenter/View/5355/Annual-Comprehensive-Financial-Report-for-Fiscal-Year-Ended-June-30-2024,15.3851,34325,0,34325,100.0,majority_coverage,Reported,17.28386,3667,0,3667,100.0,majority_coverage,Reported,13.084351,401,0,401,100.0,majority_coverage,Reported,Municipal
COOP_MA_READING,15748,Town of Reading - (MA),Reading Municipal Light Department,MA,2020,COOP,COOP,Municipal,27405,"At least 10,000 residential customers in the 2024 regional EIA/PUDL roster","EIA Electric Sales, Revenue, and Average Price",https://www.eia.gov/electricity/sales_revenue_price/archive/f8612020.zip,https://www.mass.gov/info-details/massachusetts-municipally-owned-electric-companies,14.747858,26729,0,26729,100.0,majority_coverage,Reported,11.808136,3222,0,3222,100.0,majority_coverage,Reported,,0,0,0,,no_published_price,Not reported,Municipal
DOM_MA_FITCHBURG,6374,Fitchburg Gas & Elec Light Co,Fitchburg Gas & Electric Light,MA,2020,DOM,DOM,Investor Owned,26290,"At least 10,000 residential customers in the 2024 regional EIA/PUDL roster","EIA Electric Sales, Revenue, and Average Price",https://www.eia.gov/electricity/sales_revenue_price/archive/f8612020.zip,https://unitil.com/electric-gas-service/pricing-rates/rates/ferc-oatt-information/transmission-service-information-ma,24.734027,18431,7275,25706,71.6992141912394,majority_coverage,Reported,21.695026,3076,1339,4415,69.67157417893544,majority_coverage,Reported,13.293031,4,25,29,13.793103448275861,minority_coverage,Reported,Investor Owned
COOP_MA_CHICOPEE,3477,City of Chicopee - (MA),Chicopee Electric Light,MA,2020,COOP,COOP,Municipal,23218,"At least 10,000 residential customers in the 2024 regional EIA/PUDL roster","EIA Electric Sales, Revenue, and Average Price",https://www.eia.gov/electricity/sales_revenue_price/archive/f8612020.zip,https://www.celd.com/about,12.591027,23470,0,23470,100.0,majority_coverage,Reported,13.060237,2876,0,2876,100.0,majority_coverage,Reported,10.855141,37,0,37,100.0,majority_coverage,Reported,Municipal
COOP_MA_PEABODY,14605,City of Peabody - (MA),Peabody Municipal Light Plant,MA,2020,COOP,COOP,Municipal,22546,"At least 10,000 residential customers in the 2024 regional EIA/PUDL roster","EIA Electric Sales, Revenue, and Average Price",https://www.eia.gov/electricity/sales_revenue_price/archive/f8612020.zip,https://www.pmlp.com/27/About-Us,10.527695,22191,0,22191,100.0,majority_coverage,Reported,13.823135,2513,0,2513,100.0,majority_coverage,Reported,11.425734,1871,0,1871,100.0,majority_coverage,Reported,Municipal
COOP_CT_WALLINGFORD,20038,Town of Wallingford - (CT),Wallingford Electric Division,CT,2020,COOP,COOP,Municipal,21405,"At least 10,000 residential customers in the 2024 regional EIA/PUDL roster","EIA Electric Sales, Revenue, and Average Price",https://www.eia.gov/electricity/sales_revenue_price/archive/f8612020.zip,https://www.wallingfordct.gov/government/departments/public-utilities/,13.090255,21614,0,21614,100.0,majority_coverage,Reported,11.035184,3689,0,3689,100.0,majority_coverage,Reported,8.23801,25,0,25,100.0,majority_coverage,Reported,Municipal
COOP_CT_NORWICH,13831,City of Norwich - (CT),Norwich Public Utilities,CT,2020,COOP,COOP,Municipal,18870,"At least 10,000 residential customers in the 2024 regional EIA/PUDL roster","EIA Electric Sales, Revenue, and Average Price",https://www.eia.gov/electricity/sales_revenue_price/archive/f8612020.zip,https://www.norwichct.gov/272/Public-Utilities,19.796919,18072,0,18072,100.0,majority_coverage,Reported,16.440398,2483,0,2483,100.0,majority_coverage,Reported,15.580847,9,0,9,100.0,majority_coverage,Reported,Municipal
COOP_VT_BURLINGTON,2548,City of Burlington Electric - (VT),Burlington Electric Department,VT,2020,COOP,COOP,Municipal,17861,"At least 10,000 residential customers in the 2024 regional EIA/PUDL roster","EIA Electric Sales, Revenue, and Average Price",https://www.eia.gov/electricity/sales_revenue_price/archive/f8612020.zip,https://www.burlingtonelectric.com/history,15.65296,17348,0,17348,100.0,majority_coverage,Reported,14.543881,3995,0,3995,100.0,majority_coverage,Reported,11.346924,9,0,9,100.0,majority_coverage,Reported,Municipal
COOP_NY_FAIRPORT,5930,Village of Fairport - (NY),Fairport Municipal Commission,NY,2020,COOP,COOP,Municipal,16462,"At least 10,000 residential customers in the 2024 regional EIA/PUDL roster","EIA Electric Sales, Revenue, and Average Price",https://www.eia.gov/electricity/sales_revenue_price/archive/f8612020.zip,https://dps.ny.gov/location/village-fairport-electric,5.7185078,16226,0,16226,100.0,majority_coverage,Reported,6.6374175,1528,0,1528,100.0,majority_coverage,Reported,4.0941174,12,0,12,100.0,majority_coverage,Reported,Municipal
COOP_MA_20481,20481,City of Westfield - (MA),City of Westfield - (MA),MA,2020,COOP,COOP,Municipal,16200,"At least 10,000 residential customers in the 2024 regional EIA/PUDL roster","EIA Electric Sales, Revenue, and Average Price",https://www.eia.gov/electricity/sales_revenue_price/archive/f8612020.zip,https://s3.us-west-2.amazonaws.com/pudl.catalyst.coop/stable/core_eia861__yearly_sales.parquet,14.454366,15999,0,15999,100.0,majority_coverage,Reported,15.778326,2072,0,2072,100.0,majority_coverage,Reported,12.822673,58,0,58,100.0,majority_coverage,Reported,Municipal
COOP_MA_17127,17127,Town of Shrewsbury - (MA),Town of Shrewsbury - (MA),MA,2020,COOP,COOP,Municipal,15713,"At least 10,000 residential customers in the 2024 regional EIA/PUDL roster","EIA Electric Sales, Revenue, and Average Price",https://www.eia.gov/electricity/sales_revenue_price/archive/f8612020.zip,https://s3.us-west-2.amazonaws.com/pudl.catalyst.coop/stable/core_eia861__yearly_sales.parquet,12.149512,14679,0,14679,100.0,majority_coverage,Reported,11.96571,1539,0,1539,100.0,majority_coverage,Reported,10.732957,123,0,123,100.0,majority_coverage,Reported,Municipal
COOP_NY_9645,9645,Jamestown Board of Public Util,Jamestown Board of Public Util,NY,2020,COOP,COOP,Municipal,15562,"At least 10,000 residential customers in the 2024 regional EIA/PUDL roster","EIA Electric Sales, Revenue, and Average Price",https://www.eia.gov/electricity/sales_revenue_price/archive/f8612020.zip,https://s3.us-west-2.amazonaws.com/pudl.catalyst.coop/stable/core_eia861__yearly_sales.parquet,8.460859,16223,0,16223,100.0,majority_coverage,Reported,8.8179952,2640,0,2640,100.0,majority_coverage,Reported,7.3087336,113,0,113,100.0,majority_coverage,Reported,Municipal
COOP_MA_8774,8774,City of Holyoke - (MA),City of Holyoke - (MA),MA,2020,COOP,COOP,Municipal,15040,"At least 10,000 residential customers in the 2024 regional EIA/PUDL roster","EIA Electric Sales, Revenue, and Average Price",https://www.eia.gov/electricity/sales_revenue_price/archive/f8612020.zip,https://s3.us-west-2.amazonaws.com/pudl.catalyst.coop/stable/core_eia861__yearly_sales.parquet,13.596544,14884,0,14884,100.0,majority_coverage,Reported,12.592986,2833,0,2833,100.0,majority_coverage,Reported,10.224993,35,0,35,100.0,majority_coverage,Reported,Municipal
COOP_MA_12473,12473,Town of Middleborough - (MA),Town of Middleborough - (MA),MA,2020,COOP,COOP,Municipal,14884,"At least 10,000 residential customers in the 2024 regional EIA/PUDL roster","EIA Electric Sales, Revenue, and Average Price",https://www.eia.gov/electricity/sales_revenue_price/archive/f8612020.zip,https://s3.us-west-2.amazonaws.com/pudl.catalyst.coop/stable/core_eia861__yearly_sales.parquet,14.386278,14783,0,14783,100.0,majority_coverage,Reported,14.478344,2570,0,2570,100.0,majority_coverage,Reported,12.099262,16,0,16,100.0,majority_coverage,Reported,Municipal
COOP_MA_2144,2144,Town of Braintree - (MA),Town of Braintree - (MA),MA,2020,COOP,COOP,Municipal,14039,"At least 10,000 residential customers in the 2024 regional EIA/PUDL roster","EIA Electric Sales, Revenue, and Average Price",https://www.eia.gov/electricity/sales_revenue_price/archive/f8612020.zip,https://s3.us-west-2.amazonaws.com/pudl.catalyst.coop/stable/core_eia861__yearly_sales.parquet,14.261032,14013,0,14013,100.0,majority_coverage,Reported,15.305701,2748,0,2748,100.0,majority_coverage,Reported,13.740628,5,0,5,100.0,majority_coverage,Reported,Municipal
COOP_MA_13839,13839,City of Norwood - (MA),City of Norwood - (MA),MA,2020,COOP,COOP,Municipal,13601,"At least 10,000 residential customers in the 2024 regional EIA/PUDL roster","EIA Electric Sales, Revenue, and Average Price",https://www.eia.gov/electricity/sales_revenue_price/archive/f8612020.zip,https://s3.us-west-2.amazonaws.com/pudl.catalyst.coop/stable/core_eia861__yearly_sales.parquet,17.560202,13964,0,13964,100.0,majority_coverage,Reported,19.968206,2175,0,2175,100.0,majority_coverage,Reported,16.54423,45,0,45,100.0,majority_coverage,Reported,Municipal
COOP_NY_6775,6775,Village of Freeport - (NY),Village of Freeport - (NY),NY,2020,COOP,COOP,Municipal,13353,"At least 10,000 residential customers in the 2024 regional EIA/PUDL roster","EIA Electric Sales, Revenue, and Average Price",https://www.eia.gov/electricity/sales_revenue_price/archive/f8612020.zip,https://s3.us-west-2.amazonaws.com/pudl.catalyst.coop/stable/core_eia861__yearly_sales.parquet,12.559319,13222,0,13222,100.0,majority_coverage,Reported,12.509956,1947,0,1947,100.0,majority_coverage,Reported,,0,0,0,,no_published_price,Not reported,Municipal
MTC_MA_NANTUCKET,13206,Nantucket Electric Co,Nantucket Electric,MA,2020,MTC,MTC,Investor Owned,12823,"At least 10,000 residential customers in the 2024 regional EIA/PUDL roster","EIA Electric Sales, Revenue, and Average Price",https://www.eia.gov/electricity/sales_revenue_price/archive/f8612020.zip,https://www.nationalgridus.com/News/2023/11/National-Grid-Submits-Comprehensive-Performance-Investment-Plan-as-Part-of-Rate-Review-to-Build-a-Smarter%2C-Stronger%2C-Cleaner%2C-and-More-Equitable-Energy-Future/,24.512823,2006,10056,12062,16.63074117061847,minority_coverage,Reported,19.795918,284,1360,1644,17.27493917274939,minority_coverage,Reported,22.413793,1,3,4,25.0,minority_coverage,Reported,Investor Owned
COOP_MA_13679,13679,Town of North Attleborough - (MA),Town of North Attleborough - (MA),MA,2020,COOP,COOP,Municipal,12607,"At least 10,000 residential customers in the 2024 regional EIA/PUDL roster","EIA Electric Sales, Revenue, and Average Price",https://www.eia.gov/electricity/sales_revenue_price/archive/f8612020.zip,https://s3.us-west-2.amazonaws.com/pudl.catalyst.coop/stable/core_eia861__yearly_sales.parquet,15.086618,12266,0,12266,100.0,majority_coverage,Reported,16.401948,1114,0,1114,100.0,majority_coverage,Reported,14.032231,154,0,154,100.0,majority_coverage,Reported,Municipal
COOP_CT_7716,7716,Groton Dept of Utilities - (CT),Groton Dept of Utilities - (CT),CT,2020,COOP,COOP,Municipal,12284,"At least 10,000 residential customers in the 2024 regional EIA/PUDL roster","EIA Electric Sales, Revenue, and Average Price",https://www.eia.gov/electricity/sales_revenue_price/archive/f8612020.zip,https://s3.us-west-2.amazonaws.com/pudl.catalyst.coop/stable/core_eia861__yearly_sales.parquet,15.96062,12203,0,12203,100.0,majority_coverage,Reported,14.600523,1625,0,1625,100.0,majority_coverage,Reported,10.695277,12,0,12,100.0,majority_coverage,Reported,Municipal
COOP_MA_5480,5480,Town of Danvers,Town of Danvers,MA,2020,COOP,COOP,Municipal,11594,"At least 10,000 residential customers in the 2024 regional EIA/PUDL roster","EIA Electric Sales, Revenue, and Average Price",https://www.eia.gov/electricity/sales_revenue_price/archive/f8612020.zip,https://s3.us-west-2.amazonaws.com/pudl.catalyst.coop/stable/core_eia861__yearly_sales.parquet,14.893228,11443,0,11443,100.0,majority_coverage,Reported,14.461244,1562,0,1562,100.0,majority_coverage,Reported,12.519598,342,0,342,100.0,majority_coverage,Reported,Municipal
COOP_MA_8973,8973,Town of Hudson - (MA),Town of Hudson - (MA),MA,2020,COOP,COOP,Municipal,11448,"At least 10,000 residential customers in the 2024 regional EIA/PUDL roster","EIA Electric Sales, Revenue, and Average Price",https://www.eia.gov/electricity/sales_revenue_price/archive/f8612020.zip,https://s3.us-west-2.amazonaws.com/pudl.catalyst.coop/stable/core_eia861__yearly_sales.parquet,11.543667,11421,0,11421,100.0,majority_coverage,Reported,9.3806926,1754,0,1754,100.0,majority_coverage,Reported,12.607342,166,0,166,100.0,majority_coverage,Reported,Municipal
COOP_ME_5609,5609,Eastern Maine Electric Coop,Eastern Maine Electric Coop,ME,2020,COOP,COOP,Cooperative,10803,"At least 10,000 residential customers in the 2024 regional EIA/PUDL roster","EIA Electric Sales, Revenue, and Average Price",https://www.eia.gov/electricity/sales_revenue_price/archive/f8612020.zip,https://s3.us-west-2.amazonaws.com/pudl.catalyst.coop/stable/core_eia861__yearly_sales.parquet,17.281202,10524,0,10524,100.0,majority_coverage,Reported,15.467838,2235,0,2235,100.0,majority_coverage,Reported,13.226469,29,0,29,100.0,majority_coverage,Reported,Cooperative
DOM_NY_CECONY,4226,Consolidated Edison Co-NY Inc,Con Edison (CECONY),NY,2021,DOM,DOM,Investor Owned,3064038,"At least 10,000 residential customers in the 2024 regional EIA/PUDL roster","EIA Electric Sales, Revenue, and Average Price",https://www.eia.gov/electricity/sales_revenue_price/archive/f8612021.zip,https://investor.conedison.com/static-files/0b4e12b3-f43b-4398-a04b-3699537cabb5,27.325274,2482139,458590,2940729,84.40556746303383,majority_coverage,Reported,23.498893,447828,141285,589113,76.01733453514012,majority_coverage,Reported,18.864125,43,685,728,5.906593406593407,minority_coverage,Reported,Investor Owned
MTC_NY_NIMO,13573,Niagara Mohawk Power Corp.,Niagara Mohawk (National Grid),NY,2021,MTC,MTC,Investor Owned,1532294,"At least 10,000 residential customers in the 2024 regional EIA/PUDL roster","EIA Electric Sales, Revenue, and Average Price",https://www.eia.gov/electricity/sales_revenue_price/archive/f8612021.zip,https://www.nationalgrid.com/document/152396/download,14.893209,1341789,181452,1523241,88.0877681207373,majority_coverage,Reported,10.902965,117461,63752,181213,64.81930104352337,majority_coverage,Reported,6.5912694,582,988,1570,37.07006369426752,minority_coverage,Reported,Investor Owned
DOM_MA_NSTAR,54913,NSTAR Electric Company,NSTAR Electric (Eversource Massachusetts),MA,2021,DOM,DOM,Investor Owned,1303076,"At least 10,000 residential customers in the 2024 regional EIA/PUDL roster","EIA Electric Sales, Revenue, and Average Price",https://www.eia.gov/electricity/sales_revenue_price/archive/f8612021.zip,https://investors.eversource.com/static-files/1526fda9-4ffa-4cfd-bbd7-c9c18f56d3fe,24.254046,451661,803467,1255128,35.985254093606386,minority_coverage,Reported,19.482456,58957,159597,218554,26.97594187248918,minority_coverage,Reported,21.00189,709,1537,2246,31.567230632235084,minority_coverage,Reported,Investor Owned
MTC_MA_MECO,11804,Massachusetts Electric Co,Massachusetts Electric (National Grid),MA,2021,MTC,MTC,Investor Owned,1210113,"At least 10,000 residential customers in the 2024 regional EIA/PUDL roster","EIA Electric Sales, Revenue, and Average Price",https://www.eia.gov/electricity/sales_revenue_price/archive/f8612021.zip,https://www.nationalgrid.com/document/152381/download,24.923183,597759,583153,1180912,50.61842033953419,majority_coverage,Reported,11.863975,65163,95036,160199,40.67628387193428,minority_coverage,Reported,17.733738,1172,2523,3695,31.718538565629228,minority_coverage,Reported,Investor Owned
DOM_CT_CLP,4176,Connecticut Light & Power Co,Connecticut Light & Power (Eversource Connecticut),CT,2021,DOM,DOM,Investor Owned,1174420,"At least 10,000 residential customers in the 2024 regional EIA/PUDL roster","EIA Electric Sales, Revenue, and Average Price",https://www.eia.gov/electricity/sales_revenue_price/archive/f8612021.zip,https://investors.eversource.com/static-files/1526fda9-4ffa-4cfd-bbd7-c9c18f56d3fe,21.297124,968346,187346,1155692,83.78927949661329,majority_coverage,Reported,16.483243,73240,40166,113406,64.58212087543869,majority_coverage,Reported,16.257555,1650,1258,2908,56.74002751031637,majority_coverage,Reported,Investor Owned
MTC_NY_NYSEG,13511,New York State Elec & Gas Corp,NYSEG,NY,2021,MTC,MTC,Investor Owned,792300,"At least 10,000 residential customers in the 2024 regional EIA/PUDL roster","EIA Electric Sales, Revenue, and Average Price",https://www.eia.gov/electricity/sales_revenue_price/archive/f8612021.zip,https://www.avangrid.com/aboutus/companyprofile,12.90823,678499,108511,787010,86.21224635010991,majority_coverage,Reported,11.91067,82179,42769,124948,65.77056055319012,majority_coverage,Reported,9.5275071,576,1097,1673,34.42916915720263,minority_coverage,Reported,Investor Owned
MTC_ME_CMP,3266,Central Maine Power Co,Central Maine Power,ME,2021,MTC,MTC,Investor Owned,577955,"At least 10,000 residential customers in the 2024 regional EIA/PUDL roster","EIA Electric Sales, Revenue, and Average Price",https://www.eia.gov/electricity/sales_revenue_price/archive/f8612021.zip,https://www.avangrid.com/aboutus/companyprofile,16.460698,503190,56996,560186,89.8255222372569,majority_coverage,Reported,13.534435,49671,16313,65984,75.27733996120271,majority_coverage,Reported,12.759757,1278,798,2076,61.5606936416185,majority_coverage,Reported,Investor Owned
DOM_NH_PSNH,15472,Public Service Co of NH,Public Service Company of New Hampshire,NH,2021,DOM,DOM,Investor Owned,459907,"At least 10,000 residential customers in the 2024 regional EIA/PUDL roster","EIA Electric Sales, Revenue, and Average Price",https://www.eia.gov/electricity/sales_revenue_price/archive/f8612021.zip,https://www.eversource.com/residential/about/doing-business-with-us/affiliates/list-of-affiliates,19.505668,377250,72763,450013,83.83091155144407,majority_coverage,Reported,15.847617,51154,26098,77252,66.21705586910372,majority_coverage,Reported,12.048871,1652,1069,2721,60.71297317162808,majority_coverage,Reported,Investor Owned
DOM_RI_RIE,13214,The Narragansett Electric Co,Rhode Island Energy (legal entity: Narragansett Electric),RI,2021,MTC,DOM,Investor Owned,451381,"At least 10,000 residential customers in the 2024 regional EIA/PUDL roster","EIA Electric Sales, Revenue, and Average Price",https://www.eia.gov/electricity/sales_revenue_price/archive/f8612021.zip,https://investors.pplweb.com/2024-04-02-PPL-Corporation-subsidiary-Rhode-Island-Energy-receives-regulatory-approval-for-planned-spending-to-strengthen-network-safety%2C-reliability-and-resilience,22.107131,399976,40410,440386,90.823958981439,majority_coverage,Reported,13.853923,43851,15292,59143,74.14402380670577,majority_coverage,Reported,19.329305,1081,506,1587,68.1159420289855,majority_coverage,Reported,Investor Owned
MTC_NY_RGE,16183,Rochester Gas & Electric Corp,Rochester Gas & Electric,NY,2021,MTC,MTC,Investor Owned,351481,"At least 10,000 residential customers in the 2024 regional EIA/PUDL roster","EIA Electric Sales, Revenue, and Average Price",https://www.eia.gov/electricity/sales_revenue_price/archive/f8612021.zip,https://www.avangrid.com/aboutus/companyprofile,13.53733,287962,58862,346824,83.02827947316219,majority_coverage,Reported,12.452053,22330,18818,41148,54.26752211529114,majority_coverage,Reported,12.794646,260,455,715,36.36363636363637,minority_coverage,Reported,Investor Owned
MTC_CT_UI,19497,United Illuminating Co,United Illuminating,CT,2021,MTC,MTC,Investor Owned,312291,"At least 10,000 residential customers in the 2024 regional EIA/PUDL roster","EIA Electric Sales, Revenue, and Average Price",https://www.eia.gov/electricity/sales_revenue_price/archive/f8612021.zip,https://www.avangrid.com/aboutus/companyprofile,25.193634,245034,63982,309016,79.29492324022057,majority_coverage,Reported,17.61236,15356,16473,31829,48.24531088001508,minority_coverage,Reported,16.22392,194,835,1029,18.853255587949466,minority_coverage,Reported,Investor Owned
MTC_NY_CENTHUD,3249,Central Hudson Gas & Elec Corp,Central Hudson,NY,2021,MTC,MTC,Investor Owned,270859,"At least 10,000 residential customers in the 2024 regional EIA/PUDL roster","EIA Electric Sales, Revenue, and Average Price",https://www.eia.gov/electricity/sales_revenue_price/archive/f8612021.zip,https://www.fortisinc.com/company/our-companies/index,18.529658,215501,44690,260191,82.82415610071064,majority_coverage,Reported,15.412829,33370,13380,46750,71.37967914438502,majority_coverage,Reported,12.371853,612,272,884,69.23076923076923,majority_coverage,Reported,Investor Owned
MTC_VT_GMP,7601,Green Mountain Power Corp,Green Mountain Power,VT,2021,MTC,MTC,Investor Owned,226675,"At least 10,000 residential customers in the 2024 regional EIA/PUDL roster","EIA Electric Sales, Revenue, and Average Price",https://www.eia.gov/electricity/sales_revenue_price/archive/f8612021.zip,https://energir.com/en/about/the-company/who-we-are/our-subsidiaries,19.583093,225106,0,225106,100.0,majority_coverage,Reported,16.970975,45499,0,45499,100.0,majority_coverage,Reported,11.025351,72,0,72,100.0,majority_coverage,Reported,Investor Owned
DOM_NY_ORU,14154,Orange & Rockland Utils Inc,Orange & Rockland Utilities,NY,2021,DOM,DOM,Investor Owned,211011,"At least 10,000 residential customers in the 2024 regional EIA/PUDL roster","EIA Electric Sales, Revenue, and Average Price",https://www.eia.gov/electricity/sales_revenue_price/archive/f8612021.zip,https://www.conedison.com/en/about-us/corporate-governance/corporate-leadership/michelle-oconnoll,19.848941,134506,71313,205819,65.35159533376414,majority_coverage,Reported,11.993238,16428,16453,32881,49.96198412457042,minority_coverage,Reported,5.7701692,36,63,99,36.36363636363637,minority_coverage,Reported,Investor Owned
MTC_ME_VERSANT,1179,Versant Power,Versant Power,ME,2021,MTC,MTC,Investor Owned,137906,"At least 10,000 residential customers in the 2024 regional EIA/PUDL roster","EIA Electric Sales, Revenue, and Average Price",https://www.eia.gov/electricity/sales_revenue_price/archive/f8612021.zip,https://www.versantpower.com/about/news-press-releases/blog-details/versant-power-to-welcome-new-president-in-2026,17.678571,126991,8666,135657,93.6118298355411,majority_coverage,Reported,14.097321,22865,3791,26656,85.77806122448979,majority_coverage,Reported,11.121305,158,115,273,57.875457875457876,majority_coverage,Reported,Investor Owned
COOP_NH_NHEC,13441,New Hampshire Elec Coop Inc,New Hampshire Electric Cooperative,NH,2021,COOP,COOP,Cooperative,74144,"At least 10,000 residential customers in the 2024 regional EIA/PUDL roster","EIA Electric Sales, Revenue, and Average Price",https://www.eia.gov/electricity/sales_revenue_price/archive/f8612021.zip,https://www.nhec.com/about/,20.229589,72017,461,72478,99.36394492121747,majority_coverage,Reported,18.645778,9083,1315,10398,87.35333718022697,majority_coverage,Reported,15.20267,14,17,31,45.16129032258065,minority_coverage,Reported,Cooperative
DOM_NH_UNITIL,24590,Unitil Energy Systems,Unitil Energy Systems,NH,2021,DOM,DOM,Investor Owned,68602,"At least 10,000 residential customers in the 2024 regional EIA/PUDL roster","EIA Electric Sales, Revenue, and Average Price",https://www.eia.gov/electricity/sales_revenue_price/archive/f8612021.zip,https://unitil.com/electric-gas-service/pricing-rates/rates/ferc-oatt-information/transmission-service-information-nh,18.874656,62197,5446,67643,91.94890823884215,majority_coverage,Reported,18.987829,9476,3054,12530,75.62649640861932,majority_coverage,Reported,15.027952,39,127,166,23.49397590361446,minority_coverage,Reported,Investor Owned
MTC_NH_LIBERTY,26510,Liberty Utilities (Granite State Electri,Liberty Utilities (Granite State Electric),NH,2021,MTC,MTC,Investor Owned,39667,"At least 10,000 residential customers in the 2024 regional EIA/PUDL roster","EIA Electric Sales, Revenue, and Average Price",https://www.eia.gov/electricity/sales_revenue_price/archive/f8612021.zip,https://libertyutilities.com/who-we-are.html,18.321745,34954,3007,37961,92.07871236268802,majority_coverage,Reported,15.397552,5477,1949,7426,73.75437651494748,majority_coverage,Reported,15.972324,132,57,189,69.84126984126983,majority_coverage,Reported,Investor Owned
COOP_VT_VEC,19791,"Vermont Electric Cooperative, Inc",Vermont Electric Cooperative,VT,2021,COOP,COOP,Cooperative,35964,"At least 10,000 residential customers in the 2024 regional EIA/PUDL roster","EIA Electric Sales, Revenue, and Average Price",https://www.eia.gov/electricity/sales_revenue_price/archive/f8612021.zip,https://vermontelectric.coop/at-a-glance,19.587482,35371,0,35371,100.0,majority_coverage,Reported,15.778561,4851,0,4851,100.0,majority_coverage,Reported,11.414937,16,0,16,100.0,majority_coverage,Reported,Cooperative
COOP_MA_TAUNTON,18488,City of Taunton,Taunton Municipal Lighting Plant,MA,2021,COOP,COOP,Municipal,35684,"At least 10,000 residential customers in the 2024 regional EIA/PUDL roster","EIA Electric Sales, Revenue, and Average Price",https://www.eia.gov/electricity/sales_revenue_price/archive/f8612021.zip,https://www.taunton-ma.gov/DocumentCenter/View/5355/Annual-Comprehensive-Financial-Report-for-Fiscal-Year-Ended-June-30-2024,15.397638,34637,0,34637,100.0,majority_coverage,Reported,16.968609,3637,0,3637,100.0,majority_coverage,Reported,13.163971,404,0,404,100.0,majority_coverage,Reported,Municipal
COOP_MA_READING,15748,Town of Reading - (MA),Reading Municipal Light Department,MA,2021,COOP,COOP,Municipal,27405,"At least 10,000 residential customers in the 2024 regional EIA/PUDL roster","EIA Electric Sales, Revenue, and Average Price",https://www.eia.gov/electricity/sales_revenue_price/archive/f8612021.zip,https://www.mass.gov/info-details/massachusetts-municipally-owned-electric-companies,14.609379,26862,0,26862,100.0,majority_coverage,Reported,11.795257,3251,0,3251,100.0,majority_coverage,Reported,,0,0,0,,no_published_price,Not reported,Municipal
DOM_MA_FITCHBURG,6374,Fitchburg Gas & Elec Light Co,Fitchburg Gas & Electric Light,MA,2021,DOM,DOM,Investor Owned,26290,"At least 10,000 residential customers in the 2024 regional EIA/PUDL roster","EIA Electric Sales, Revenue, and Average Price",https://www.eia.gov/electricity/sales_revenue_price/archive/f8612021.zip,https://unitil.com/electric-gas-service/pricing-rates/rates/ferc-oatt-information/transmission-service-information-ma,25.429013,18818,7160,25978,72.43821695280621,majority_coverage,Reported,23.161308,3117,1335,4452,70.01347708894879,majority_coverage,Reported,17.11091,7,23,30,23.333333333333332,minority_coverage,Reported,Investor Owned
COOP_MA_CHICOPEE,3477,City of Chicopee - (MA),Chicopee Electric Light,MA,2021,COOP,COOP,Municipal,23218,"At least 10,000 residential customers in the 2024 regional EIA/PUDL roster","EIA Electric Sales, Revenue, and Average Price",https://www.eia.gov/electricity/sales_revenue_price/archive/f8612021.zip,https://www.celd.com/about,13.069727,23202,0,23202,100.0,majority_coverage,Reported,13.60446,2745,0,2745,100.0,majority_coverage,Reported,11.30334,37,0,37,100.0,majority_coverage,Reported,Municipal
COOP_MA_PEABODY,14605,City of Peabody - (MA),Peabody Municipal Light Plant,MA,2021,COOP,COOP,Municipal,22546,"At least 10,000 residential customers in the 2024 regional EIA/PUDL roster","EIA Electric Sales, Revenue, and Average Price",https://www.eia.gov/electricity/sales_revenue_price/archive/f8612021.zip,https://www.pmlp.com/27/About-Us,10.632833,22162,0,22162,100.0,majority_coverage,Reported,13.818447,2557,0,2557,100.0,majority_coverage,Reported,11.479517,1882,0,1882,100.0,majority_coverage,Reported,Municipal
COOP_CT_WALLINGFORD,20038,Town of Wallingford - (CT),Wallingford Electric Division,CT,2021,COOP,COOP,Municipal,21405,"At least 10,000 residential customers in the 2024 regional EIA/PUDL roster","EIA Electric Sales, Revenue, and Average Price",https://www.eia.gov/electricity/sales_revenue_price/archive/f8612021.zip,https://www.wallingfordct.gov/government/departments/public-utilities/,13.572951,21589,0,21589,100.0,majority_coverage,Reported,11.342382,3598,0,3598,100.0,majority_coverage,Reported,9.1523878,24,0,24,100.0,majority_coverage,Reported,Municipal
COOP_CT_NORWICH,13831,City of Norwich - (CT),Norwich Public Utilities,CT,2021,COOP,COOP,Municipal,18870,"At least 10,000 residential customers in the 2024 regional EIA/PUDL roster","EIA Electric Sales, Revenue, and Average Price",https://www.eia.gov/electricity/sales_revenue_price/archive/f8612021.zip,https://www.norwichct.gov/272/Public-Utilities,20.058157,18478,0,18478,100.0,majority_coverage,Reported,16.635982,2154,0,2154,100.0,majority_coverage,Reported,18.554659,9,0,9,100.0,majority_coverage,Reported,Municipal
COOP_VT_BURLINGTON,2548,City of Burlington Electric - (VT),Burlington Electric Department,VT,2021,COOP,COOP,Municipal,17861,"At least 10,000 residential customers in the 2024 regional EIA/PUDL roster","EIA Electric Sales, Revenue, and Average Price",https://www.eia.gov/electricity/sales_revenue_price/archive/f8612021.zip,https://www.burlingtonelectric.com/history,16.236542,17350,0,17350,100.0,majority_coverage,Reported,15.014547,3995,0,3995,100.0,majority_coverage,Reported,11.622863,9,0,9,100.0,majority_coverage,Reported,Municipal
COOP_NY_FAIRPORT,5930,Village of Fairport - (NY),Fairport Municipal Commission,NY,2021,COOP,COOP,Municipal,16462,"At least 10,000 residential customers in the 2024 regional EIA/PUDL roster","EIA Electric Sales, Revenue, and Average Price",https://www.eia.gov/electricity/sales_revenue_price/archive/f8612021.zip,https://dps.ny.gov/location/village-fairport-electric,6.5543107,16275,0,16275,100.0,majority_coverage,Reported,7.4460758,1420,0,1420,100.0,majority_coverage,Reported,4.6201568,12,0,12,100.0,majority_coverage,Reported,Municipal
COOP_MA_20481,20481,City of Westfield - (MA),City of Westfield - (MA),MA,2021,COOP,COOP,Municipal,16200,"At least 10,000 residential customers in the 2024 regional EIA/PUDL roster","EIA Electric Sales, Revenue, and Average Price",https://www.eia.gov/electricity/sales_revenue_price/archive/f8612021.zip,https://s3.us-west-2.amazonaws.com/pudl.catalyst.coop/stable/core_eia861__yearly_sales.parquet,15.26174,16080,0,16080,100.0,majority_coverage,Reported,16.266592,2066,0,2066,100.0,majority_coverage,Reported,13.560807,58,0,58,100.0,majority_coverage,Reported,Municipal
COOP_MA_17127,17127,Town of Shrewsbury - (MA),Town of Shrewsbury - (MA),MA,2021,COOP,COOP,Municipal,15713,"At least 10,000 residential customers in the 2024 regional EIA/PUDL roster","EIA Electric Sales, Revenue, and Average Price",https://www.eia.gov/electricity/sales_revenue_price/archive/f8612021.zip,https://s3.us-west-2.amazonaws.com/pudl.catalyst.coop/stable/core_eia861__yearly_sales.parquet,12.152778,14736,0,14736,100.0,majority_coverage,Reported,11.944633,1529,0,1529,100.0,majority_coverage,Reported,10.680824,124,0,124,100.0,majority_coverage,Reported,Municipal
COOP_NY_9645,9645,Jamestown Board of Public Util,Jamestown Board of Public Util,NY,2021,COOP,COOP,Municipal,15562,"At least 10,000 residential customers in the 2024 regional EIA/PUDL roster","EIA Electric Sales, Revenue, and Average Price",https://www.eia.gov/electricity/sales_revenue_price/archive/f8612021.zip,https://s3.us-west-2.amazonaws.com/pudl.catalyst.coop/stable/core_eia861__yearly_sales.parquet,8.7061062,16146,0,16146,100.0,majority_coverage,Reported,9.0004593,2221,0,2221,100.0,majority_coverage,Reported,7.646185,133,0,133,100.0,majority_coverage,Reported,Municipal
COOP_MA_8774,8774,City of Holyoke - (MA),City of Holyoke - (MA),MA,2021,COOP,COOP,Municipal,15040,"At least 10,000 residential customers in the 2024 regional EIA/PUDL roster","EIA Electric Sales, Revenue, and Average Price",https://www.eia.gov/electricity/sales_revenue_price/archive/f8612021.zip,https://s3.us-west-2.amazonaws.com/pudl.catalyst.coop/stable/core_eia861__yearly_sales.parquet,14.084339,14957,0,14957,100.0,majority_coverage,Reported,12.961788,2866,0,2866,100.0,majority_coverage,Reported,10.230415,25,0,25,100.0,majority_coverage,Reported,Municipal
COOP_MA_12473,12473,Town of Middleborough - (MA),Town of Middleborough - (MA),MA,2021,COOP,COOP,Municipal,14884,"At least 10,000 residential customers in the 2024 regional EIA/PUDL roster","EIA Electric Sales, Revenue, and Average Price",https://www.eia.gov/electricity/sales_revenue_price/archive/f8612021.zip,https://s3.us-west-2.amazonaws.com/pudl.catalyst.coop/stable/core_eia861__yearly_sales.parquet,14.398104,14997,0,14997,100.0,majority_coverage,Reported,14.171889,2580,0,2580,100.0,majority_coverage,Reported,12.393268,17,0,17,100.0,majority_coverage,Reported,Municipal
COOP_MA_2144,2144,Town of Braintree - (MA),Town of Braintree - (MA),MA,2021,COOP,COOP,Municipal,14039,"At least 10,000 residential customers in the 2024 regional EIA/PUDL roster","EIA Electric Sales, Revenue, and Average Price",https://www.eia.gov/electricity/sales_revenue_price/archive/f8612021.zip,https://s3.us-west-2.amazonaws.com/pudl.catalyst.coop/stable/core_eia861__yearly_sales.parquet,14.327091,13996,0,13996,100.0,majority_coverage,Reported,15.42353,2744,0,2744,100.0,majority_coverage,Reported,13.697445,5,0,5,100.0,majority_coverage,Reported,Municipal
COOP_MA_13839,13839,City of Norwood - (MA),City of Norwood - (MA),MA,2021,COOP,COOP,Municipal,13601,"At least 10,000 residential customers in the 2024 regional EIA/PUDL roster","EIA Electric Sales, Revenue, and Average Price",https://www.eia.gov/electricity/sales_revenue_price/archive/f8612021.zip,https://s3.us-west-2.amazonaws.com/pudl.catalyst.coop/stable/core_eia861__yearly_sales.parquet,17.282717,14024,0,14024,100.0,majority_coverage,Reported,19.411175,2154,0,2154,100.0,majority_coverage,Reported,16.003646,46,0,46,100.0,majority_coverage,Reported,Municipal
COOP_NY_6775,6775,Village of Freeport - (NY),Village of Freeport - (NY),NY,2021,COOP,COOP,Municipal,13353,"At least 10,000 residential customers in the 2024 regional EIA/PUDL roster","EIA Electric Sales, Revenue, and Average Price",https://www.eia.gov/electricity/sales_revenue_price/archive/f8612021.zip,https://s3.us-west-2.amazonaws.com/pudl.catalyst.coop/stable/core_eia861__yearly_sales.parquet,13.41351,13258,0,13258,100.0,majority_coverage,Reported,13.22192,2026,0,2026,100.0,majority_coverage,Reported,,0,0,0,,no_published_price,Not reported,Municipal
MTC_MA_NANTUCKET,13206,Nantucket Electric Co,Nantucket Electric,MA,2021,MTC,MTC,Investor Owned,12823,"At least 10,000 residential customers in the 2024 regional EIA/PUDL roster","EIA Electric Sales, Revenue, and Average Price",https://www.eia.gov/electricity/sales_revenue_price/archive/f8612021.zip,https://www.nationalgridus.com/News/2023/11/National-Grid-Submits-Comprehensive-Performance-Investment-Plan-as-Part-of-Rate-Review-to-Build-a-Smarter%2C-Stronger%2C-Cleaner%2C-and-More-Equitable-Energy-Future/,25.455531,1822,10487,12309,14.802177268665204,minority_coverage,Reported,21.183206,254,1459,1713,14.82778750729714,minority_coverage,Reported,22.75,1,3,4,25.0,minority_coverage,Reported,Investor Owned
COOP_MA_13679,13679,Town of North Attleborough - (MA),Town of North Attleborough - (MA),MA,2021,COOP,COOP,Municipal,12607,"At least 10,000 residential customers in the 2024 regional EIA/PUDL roster","EIA Electric Sales, Revenue, and Average Price",https://www.eia.gov/electricity/sales_revenue_price/archive/f8612021.zip,https://s3.us-west-2.amazonaws.com/pudl.catalyst.coop/stable/core_eia861__yearly_sales.parquet,14.582379,12458,0,12458,100.0,majority_coverage,Reported,15.705416,1122,0,1122,100.0,majority_coverage,Reported,13.496078,154,0,154,100.0,majority_coverage,Reported,Municipal
COOP_CT_7716,7716,Groton Dept of Utilities - (CT),Groton Dept of Utilities - (CT),CT,2021,COOP,COOP,Municipal,12284,"At least 10,000 residential customers in the 2024 regional EIA/PUDL roster","EIA Electric Sales, Revenue, and Average Price",https://www.eia.gov/electricity/sales_revenue_price/archive/f8612021.zip,https://s3.us-west-2.amazonaws.com/pudl.catalyst.coop/stable/core_eia861__yearly_sales.parquet,15.904849,12225,0,12225,100.0,majority_coverage,Reported,14.937099,1620,0,1620,100.0,majority_coverage,Reported,9.819787,12,0,12,100.0,majority_coverage,Reported,Municipal
COOP_MA_5480,5480,Town of Danvers,Town of Danvers,MA,2021,COOP,COOP,Municipal,11594,"At least 10,000 residential customers in the 2024 regional EIA/PUDL roster","EIA Electric Sales, Revenue, and Average Price",https://www.eia.gov/electricity/sales_revenue_price/archive/f8612021.zip,https://s3.us-west-2.amazonaws.com/pudl.catalyst.coop/stable/core_eia861__yearly_sales.parquet,15.827113,11447,0,11447,100.0,majority_coverage,Reported,14.490957,1559,0,1559,100.0,majority_coverage,Reported,12.352259,342,0,342,100.0,majority_coverage,Reported,Municipal
COOP_MA_8973,8973,Town of Hudson - (MA),Town of Hudson - (MA),MA,2021,COOP,COOP,Municipal,11448,"At least 10,000 residential customers in the 2024 regional EIA/PUDL roster","EIA Electric Sales, Revenue, and Average Price",https://www.eia.gov/electricity/sales_revenue_price/archive/f8612021.zip,https://s3.us-west-2.amazonaws.com/pudl.catalyst.coop/stable/core_eia861__yearly_sales.parquet,11.930937,11388,0,11388,100.0,majority_coverage,Reported,9.4530571,1767,0,1767,100.0,majority_coverage,Reported,13.148749,166,0,166,100.0,majority_coverage,Reported,Municipal
COOP_ME_5609,5609,Eastern Maine Electric Coop,Eastern Maine Electric Coop,ME,2021,COOP,COOP,Cooperative,10803,"At least 10,000 residential customers in the 2024 regional EIA/PUDL roster","EIA Electric Sales, Revenue, and Average Price",https://www.eia.gov/electricity/sales_revenue_price/archive/f8612021.zip,https://s3.us-west-2.amazonaws.com/pudl.catalyst.coop/stable/core_eia861__yearly_sales.parquet,16.635336,10633,0,10633,100.0,majority_coverage,Reported,14.891994,2276,0,2276,100.0,majority_coverage,Reported,12.683824,28,0,28,100.0,majority_coverage,Reported,Cooperative
DOM_NY_CECONY,4226,Consolidated Edison Co-NY Inc,Con Edison (CECONY),NY,2022,DOM,DOM,Investor Owned,3064038,"At least 10,000 residential customers in the 2024 regional EIA/PUDL roster","EIA Electric Sales, Revenue, and Average Price",https://www.eia.gov/electricity/sales_revenue_price/archive/f8612022.zip,https://investor.conedison.com/static-files/0b4e12b3-f43b-4398-a04b-3699537cabb5,28.762013,2609391,396933,3006324,86.79673248791548,majority_coverage,Reported,26.040136,459703,127090,586793,78.34159575864061,majority_coverage,Reported,22.459469,50,669,719,6.954102920723226,minority_coverage,Reported,Investor Owned
MTC_NY_NIMO,13573,Niagara Mohawk Power Corp.,Niagara Mohawk (National Grid),NY,2022,MTC,MTC,Investor Owned,1532294,"At least 10,000 residential customers in the 2024 regional EIA/PUDL roster","EIA Electric Sales, Revenue, and Average Price",https://www.eia.gov/electricity/sales_revenue_price/archive/f8612022.zip,https://www.nationalgrid.com/document/152396/download,18.643349,1379221,145403,1524624,90.46302563779659,majority_coverage,Reported,14.238739,122483,60248,182731,67.02913025157198,majority_coverage,Reported,9.3450865,602,966,1568,38.392857142857146,minority_coverage,Reported,Investor Owned
DOM_MA_NSTAR,54913,NSTAR Electric Company,NSTAR Electric (Eversource Massachusetts),MA,2022,DOM,DOM,Investor Owned,1303076,"At least 10,000 residential customers in the 2024 regional EIA/PUDL roster","EIA Electric Sales, Revenue, and Average Price",https://www.eia.gov/electricity/sales_revenue_price/archive/f8612022.zip,https://investors.eversource.com/static-files/1526fda9-4ffa-4cfd-bbd7-c9c18f56d3fe,29.305911,432255,857454,1289709,33.51570005326783,minority_coverage,Reported,24.85269,54204,167988,222192,24.395117736012097,minority_coverage,Reported,32.291628,639,1515,2154,29.66573816155989,minority_coverage,Reported,Investor Owned
MTC_MA_MECO,11804,Massachusetts Electric Co,Massachusetts Electric (National Grid),MA,2022,MTC,MTC,Investor Owned,1210113,"At least 10,000 residential customers in the 2024 regional EIA/PUDL roster","EIA Electric Sales, Revenue, and Average Price",https://www.eia.gov/electricity/sales_revenue_price/archive/f8612022.zip,https://www.nationalgrid.com/document/152381/download,28.533747,611277,579581,1190858,51.330805184161335,majority_coverage,Reported,14.893984,66685,92744,159429,41.827396521335515,minority_coverage,Reported,23.954389,1180,2403,3583,32.93329612056935,minority_coverage,Reported,Investor Owned
DOM_CT_CLP,4176,Connecticut Light & Power Co,Connecticut Light & Power (Eversource Connecticut),CT,2022,DOM,DOM,Investor Owned,1174420,"At least 10,000 residential customers in the 2024 regional EIA/PUDL roster","EIA Electric Sales, Revenue, and Average Price",https://www.eia.gov/electricity/sales_revenue_price/archive/f8612022.zip,https://investors.eversource.com/static-files/1526fda9-4ffa-4cfd-bbd7-c9c18f56d3fe,25.475009,1035056,125452,1160508,89.18990648922713,majority_coverage,Reported,20.527574,81002,31917,112919,71.73460622215924,majority_coverage,Reported,23.107303,1841,1043,2884,63.83495145631068,majority_coverage,Reported,Investor Owned
MTC_NY_NYSEG,13511,New York State Elec & Gas Corp,NYSEG,NY,2022,MTC,MTC,Investor Owned,792300,"At least 10,000 residential customers in the 2024 regional EIA/PUDL roster","EIA Electric Sales, Revenue, and Average Price",https://www.eia.gov/electricity/sales_revenue_price/archive/f8612022.zip,https://www.avangrid.com/aboutus/companyprofile,15.695361,700370,88750,789120,88.75329480940795,majority_coverage,Reported,15.373511,85380,40400,125780,67.8804261408809,majority_coverage,Reported,12.829901,578,1042,1620,35.67901234567901,minority_coverage,Reported,Investor Owned
MTC_ME_CMP,3266,Central Maine Power Co,Central Maine Power,ME,2022,MTC,MTC,Investor Owned,577955,"At least 10,000 residential customers in the 2024 regional EIA/PUDL roster","EIA Electric Sales, Revenue, and Average Price",https://www.eia.gov/electricity/sales_revenue_price/archive/f8612022.zip,https://www.avangrid.com/aboutus/companyprofile,22.372158,512210,52962,565172,90.62904744042521,majority_coverage,Reported,19.23675,52046,21205,73251,71.05158973938923,majority_coverage,Reported,19.556343,1161,770,1931,60.1242879337131,majority_coverage,Reported,Investor Owned
DOM_NH_PSNH,15472,Public Service Co of NH,Public Service Company of New Hampshire,NH,2022,DOM,DOM,Investor Owned,459907,"At least 10,000 residential customers in the 2024 regional EIA/PUDL roster","EIA Electric Sales, Revenue, and Average Price",https://www.eia.gov/electricity/sales_revenue_price/archive/f8612022.zip,https://www.eversource.com/residential/about/doing-business-with-us/affiliates/list-of-affiliates,25.984684,380922,72257,453179,84.05552772745428,majority_coverage,Reported,22.893387,53226,24787,78013,68.22709035673542,majority_coverage,Reported,21.732052,1688,1024,2712,62.24188790560472,majority_coverage,Reported,Investor Owned
DOM_RI_RIE,13214,The Narragansett Electric Co,Rhode Island Energy (legal entity: Narragansett Electric),RI,2022,DOM,DOM,Investor Owned,451381,"At least 10,000 residential customers in the 2024 regional EIA/PUDL roster","EIA Electric Sales, Revenue, and Average Price",https://www.eia.gov/electricity/sales_revenue_price/archive/f8612022.zip,https://investors.pplweb.com/2024-04-02-PPL-Corporation-subsidiary-Rhode-Island-Energy-receives-regulatory-approval-for-planned-spending-to-strengthen-network-safety%2C-reliability-and-resilience,22.983676,408910,33318,442228,92.46587733024593,majority_coverage,Reported,14.274086,44699,14522,59221,75.47829317302984,majority_coverage,Reported,23.957152,1078,489,1567,68.79387364390556,majority_coverage,Reported,Investor Owned
MTC_NY_RGE,16183,Rochester Gas & Electric Corp,Rochester Gas & Electric,NY,2022,MTC,MTC,Investor Owned,351481,"At least 10,000 residential customers in the 2024 regional EIA/PUDL roster","EIA Electric Sales, Revenue, and Average Price",https://www.eia.gov/electricity/sales_revenue_price/archive/f8612022.zip,https://www.avangrid.com/aboutus/companyprofile,15.788978,276292,72648,348940,79.18037484954434,majority_coverage,Reported,15.604324,20893,19934,40827,51.174467876650255,majority_coverage,Reported,16.642816,222,466,688,32.26744186046512,minority_coverage,Reported,Investor Owned
MTC_CT_UI,19497,United Illuminating Co,United Illuminating,CT,2022,MTC,MTC,Investor Owned,312291,"At least 10,000 residential customers in the 2024 regional EIA/PUDL roster","EIA Electric Sales, Revenue, and Average Price",https://www.eia.gov/electricity/sales_revenue_price/archive/f8612022.zip,https://www.avangrid.com/aboutus/companyprofile,23.554853,270343,39761,310104,87.17817248406986,majority_coverage,Reported,20.469573,17944,14430,32374,55.42719466238339,majority_coverage,Reported,20.106961,264,718,982,26.883910386965375,minority_coverage,Reported,Investor Owned
MTC_NY_CENTHUD,3249,Central Hudson Gas & Elec Corp,Central Hudson,NY,2022,MTC,MTC,Investor Owned,270859,"At least 10,000 residential customers in the 2024 regional EIA/PUDL roster","EIA Electric Sales, Revenue, and Average Price",https://www.eia.gov/electricity/sales_revenue_price/archive/f8612022.zip,https://www.fortisinc.com/company/our-companies/index,22.260445,233720,37513,271233,86.1694557815605,majority_coverage,Reported,19.615668,37720,12121,49841,75.68066451315183,majority_coverage,Reported,16.465644,749,263,1012,74.01185770750988,majority_coverage,Reported,Investor Owned
MTC_VT_GMP,7601,Green Mountain Power Corp,Green Mountain Power,VT,2022,MTC,MTC,Investor Owned,226675,"At least 10,000 residential customers in the 2024 regional EIA/PUDL roster","EIA Electric Sales, Revenue, and Average Price",https://www.eia.gov/electricity/sales_revenue_price/archive/f8612022.zip,https://energir.com/en/about/the-company/who-we-are/our-subsidiaries,20.368832,225059,0,225059,100.0,majority_coverage,Reported,17.654635,46568,0,46568,100.0,majority_coverage,Reported,11.411827,73,0,73,100.0,majority_coverage,Reported,Investor Owned
DOM_NY_ORU,14154,Orange & Rockland Utils Inc,Orange & Rockland Utilities,NY,2022,DOM,DOM,Investor Owned,211011,"At least 10,000 residential customers in the 2024 regional EIA/PUDL roster","EIA Electric Sales, Revenue, and Average Price",https://www.eia.gov/electricity/sales_revenue_price/archive/f8612022.zip,https://www.conedison.com/en/about-us/corporate-governance/corporate-leadership/michelle-oconnoll,23.789262,152372,54619,206991,73.61286239498335,majority_coverage,Reported,15.653967,18641,14477,33118,56.286611510356906,majority_coverage,Reported,7.7962239,41,59,100,41.0,minority_coverage,Reported,Investor Owned
MTC_ME_VERSANT,1179,Versant Power,Versant Power,ME,2022,MTC,MTC,Investor Owned,137906,"At least 10,000 residential customers in the 2024 regional EIA/PUDL roster","EIA Electric Sales, Revenue, and Average Price",https://www.eia.gov/electricity/sales_revenue_price/archive/f8612022.zip,https://www.versantpower.com/about/news-press-releases/blog-details/versant-power-to-welcome-new-president-in-2026,23.326472,129433,7052,136485,94.83313184599041,majority_coverage,Reported,15.886677,23586,3654,27240,86.58590308370044,majority_coverage,Reported,9.2165043,39,34,73,53.42465753424658,majority_coverage,Reported,Investor Owned
COOP_NH_NHEC,13441,New Hampshire Elec Coop Inc,New Hampshire Electric Cooperative,NH,2022,COOP,COOP,Cooperative,74144,"At least 10,000 residential customers in the 2024 regional EIA/PUDL roster","EIA Electric Sales, Revenue, and Average Price",https://www.eia.gov/electricity/sales_revenue_price/archive/f8612022.zip,https://www.nhec.com/about/,25.61893,72547,433,72980,99.40668676349685,majority_coverage,Reported,23.96567,9284,1269,10553,87.9749834170378,majority_coverage,Reported,20.411147,14,17,31,45.16129032258065,minority_coverage,Reported,Cooperative
DOM_NH_UNITIL,24590,Unitil Energy Systems,Unitil Energy Systems,NH,2022,DOM,DOM,Investor Owned,68602,"At least 10,000 residential customers in the 2024 regional EIA/PUDL roster","EIA Electric Sales, Revenue, and Average Price",https://www.eia.gov/electricity/sales_revenue_price/archive/f8612022.zip,https://unitil.com/electric-gas-service/pricing-rates/rates/ferc-oatt-information/transmission-service-information-nh,24.229924,62313,5684,67997,91.64080768269189,majority_coverage,Reported,23.732734,9500,3131,12631,75.21178053994142,majority_coverage,Reported,18.668761,38,131,169,22.485207100591715,minority_coverage,Reported,Investor Owned
MTC_NH_LIBERTY,26510,Liberty Utilities (Granite State Electri,Liberty Utilities (Granite State Electric),NH,2022,MTC,MTC,Investor Owned,39667,"At least 10,000 residential customers in the 2024 regional EIA/PUDL roster","EIA Electric Sales, Revenue, and Average Price",https://www.eia.gov/electricity/sales_revenue_price/archive/f8612022.zip,https://libertyutilities.com/who-we-are.html,26.187174,35789,2696,38485,92.99467324931791,majority_coverage,Reported,23.314449,5562,1748,7310,76.0875512995896,majority_coverage,Reported,20.52789,134,49,183,73.22404371584699,majority_coverage,Reported,Investor Owned
COOP_VT_VEC,19791,"Vermont Electric Cooperative, Inc",Vermont Electric Cooperative,VT,2022,COOP,COOP,Cooperative,35964,"At least 10,000 residential customers in the 2024 regional EIA/PUDL roster","EIA Electric Sales, Revenue, and Average Price",https://www.eia.gov/electricity/sales_revenue_price/archive/f8612022.zip,https://vermontelectric.coop/at-a-glance,19.889925,35640,0,35640,100.0,majority_coverage,Reported,16.012554,4930,0,4930,100.0,majority_coverage,Reported,11.874344,18,0,18,100.0,majority_coverage,Reported,Cooperative
COOP_MA_TAUNTON,18488,City of Taunton,Taunton Municipal Lighting Plant,MA,2022,COOP,COOP,Municipal,35684,"At least 10,000 residential customers in the 2024 regional EIA/PUDL roster","EIA Electric Sales, Revenue, and Average Price",https://www.eia.gov/electricity/sales_revenue_price/archive/f8612022.zip,https://www.taunton-ma.gov/DocumentCenter/View/5355/Annual-Comprehensive-Financial-Report-for-Fiscal-Year-Ended-June-30-2024,17.221485,34401,0,34401,100.0,majority_coverage,Reported,19.008437,4367,0,4367,100.0,majority_coverage,Reported,14.398986,400,0,400,100.0,majority_coverage,Reported,Municipal
COOP_MA_READING,15748,Town of Reading - (MA),Reading Municipal Light Department,MA,2022,COOP,COOP,Municipal,27405,"At least 10,000 residential customers in the 2024 regional EIA/PUDL roster","EIA Electric Sales, Revenue, and Average Price",https://www.eia.gov/electricity/sales_revenue_price/archive/f8612022.zip,https://www.mass.gov/info-details/massachusetts-municipally-owned-electric-companies,16.934517,28410,0,28410,100.0,majority_coverage,Reported,13.607179,2408,0,2408,100.0,majority_coverage,Reported,,0,0,0,,no_published_price,Not reported,Municipal
DOM_MA_FITCHBURG,6374,Fitchburg Gas & Elec Light Co,Fitchburg Gas & Electric Light,MA,2022,DOM,DOM,Investor Owned,26290,"At least 10,000 residential customers in the 2024 regional EIA/PUDL roster","EIA Electric Sales, Revenue, and Average Price",https://www.eia.gov/electricity/sales_revenue_price/archive/f8612022.zip,https://unitil.com/electric-gas-service/pricing-rates/rates/ferc-oatt-information/transmission-service-information-ma,29.912401,18525,7531,26056,71.09686828369665,majority_coverage,Reported,28.539936,3098,1397,4495,68.9210233592881,majority_coverage,Reported,20.917522,5,24,29,17.24137931034483,minority_coverage,Reported,Investor Owned
COOP_MA_CHICOPEE,3477,City of Chicopee - (MA),Chicopee Electric Light,MA,2022,COOP,COOP,Municipal,23218,"At least 10,000 residential customers in the 2024 regional EIA/PUDL roster","EIA Electric Sales, Revenue, and Average Price",https://www.eia.gov/electricity/sales_revenue_price/archive/f8612022.zip,https://www.celd.com/about,16.086448,23207,0,23207,100.0,majority_coverage,Reported,16.412069,2772,0,2772,100.0,majority_coverage,Reported,14.336274,35,0,35,100.0,majority_coverage,Reported,Municipal
COOP_MA_PEABODY,14605,City of Peabody - (MA),Peabody Municipal Light Plant,MA,2022,COOP,COOP,Municipal,22546,"At least 10,000 residential customers in the 2024 regional EIA/PUDL roster","EIA Electric Sales, Revenue, and Average Price",https://www.eia.gov/electricity/sales_revenue_price/archive/f8612022.zip,https://www.pmlp.com/27/About-Us,12.586173,22203,0,22203,100.0,majority_coverage,Reported,16.241696,2572,0,2572,100.0,majority_coverage,Reported,13.403149,1872,0,1872,100.0,majority_coverage,Reported,Municipal
COOP_CT_WALLINGFORD,20038,Town of Wallingford - (CT),Wallingford Electric Division,CT,2022,COOP,COOP,Municipal,21405,"At least 10,000 residential customers in the 2024 regional EIA/PUDL roster","EIA Electric Sales, Revenue, and Average Price",https://www.eia.gov/electricity/sales_revenue_price/archive/f8612022.zip,https://www.wallingfordct.gov/government/departments/public-utilities/,15.807262,21543,0,21543,100.0,majority_coverage,Reported,13.272448,3652,0,3652,100.0,majority_coverage,Reported,11.722105,24,0,24,100.0,majority_coverage,Reported,Municipal
COOP_CT_NORWICH,13831,City of Norwich - (CT),Norwich Public Utilities,CT,2022,COOP,COOP,Municipal,18870,"At least 10,000 residential customers in the 2024 regional EIA/PUDL roster","EIA Electric Sales, Revenue, and Average Price",https://www.eia.gov/electricity/sales_revenue_price/archive/f8612022.zip,https://www.norwichct.gov/272/Public-Utilities,22.809475,18657,0,18657,100.0,majority_coverage,Reported,19.497934,2081,0,2081,100.0,majority_coverage,Reported,17.52558,9,0,9,100.0,majority_coverage,Reported,Municipal
COOP_VT_BURLINGTON,2548,City of Burlington Electric - (VT),Burlington Electric Department,VT,2022,COOP,COOP,Municipal,17861,"At least 10,000 residential customers in the 2024 regional EIA/PUDL roster","EIA Electric Sales, Revenue, and Average Price",https://www.eia.gov/electricity/sales_revenue_price/archive/f8612022.zip,https://www.burlingtonelectric.com/history,17.21025,17550,0,17550,100.0,majority_coverage,Reported,16.056055,3888,0,3888,100.0,majority_coverage,Reported,12.217889,9,0,9,100.0,majority_coverage,Reported,Municipal
COOP_NY_FAIRPORT,5930,Village of Fairport - (NY),Fairport Municipal Commission,NY,2022,COOP,COOP,Municipal,16462,"At least 10,000 residential customers in the 2024 regional EIA/PUDL roster","EIA Electric Sales, Revenue, and Average Price",https://www.eia.gov/electricity/sales_revenue_price/archive/f8612022.zip,https://dps.ny.gov/location/village-fairport-electric,5.9302124,16283,0,16283,100.0,majority_coverage,Reported,6.8164344,1531,0,1531,100.0,majority_coverage,Reported,4.2136663,12,0,12,100.0,majority_coverage,Reported,Municipal
COOP_MA_20481,20481,City of Westfield - (MA),City of Westfield - (MA),MA,2022,COOP,COOP,Municipal,16200,"At least 10,000 residential customers in the 2024 regional EIA/PUDL roster","EIA Electric Sales, Revenue, and Average Price",https://www.eia.gov/electricity/sales_revenue_price/archive/f8612022.zip,https://s3.us-west-2.amazonaws.com/pudl.catalyst.coop/stable/core_eia861__yearly_sales.parquet,17.362071,16170,0,16170,100.0,majority_coverage,Reported,18.327687,2048,0,2048,100.0,majority_coverage,Reported,15.801894,65,0,65,100.0,majority_coverage,Reported,Municipal
COOP_MA_17127,17127,Town of Shrewsbury - (MA),Town of Shrewsbury - (MA),MA,2022,COOP,COOP,Municipal,15713,"At least 10,000 residential customers in the 2024 regional EIA/PUDL roster","EIA Electric Sales, Revenue, and Average Price",https://www.eia.gov/electricity/sales_revenue_price/archive/f8612022.zip,https://s3.us-west-2.amazonaws.com/pudl.catalyst.coop/stable/core_eia861__yearly_sales.parquet,13.523366,15044,0,15044,100.0,majority_coverage,Reported,13.589385,1167,0,1167,100.0,majority_coverage,Reported,11.358041,124,0,124,100.0,majority_coverage,Reported,Municipal
COOP_NY_9645,9645,Jamestown Board of Public Util,Jamestown Board of Public Util,NY,2022,COOP,COOP,Municipal,15562,"At least 10,000 residential customers in the 2024 regional EIA/PUDL roster","EIA Electric Sales, Revenue, and Average Price",https://www.eia.gov/electricity/sales_revenue_price/archive/f8612022.zip,https://s3.us-west-2.amazonaws.com/pudl.catalyst.coop/stable/core_eia861__yearly_sales.parquet,8.2080788,16150,0,16150,100.0,majority_coverage,Reported,8.4810601,2320,0,2320,100.0,majority_coverage,Reported,6.8713798,113,0,113,100.0,majority_coverage,Reported,Municipal
COOP_MA_8774,8774,City of Holyoke - (MA),City of Holyoke - (MA),MA,2022,COOP,COOP,Municipal,15040,"At least 10,000 residential customers in the 2024 regional EIA/PUDL roster","EIA Electric Sales, Revenue, and Average Price",https://www.eia.gov/electricity/sales_revenue_price/archive/f8612022.zip,https://s3.us-west-2.amazonaws.com/pudl.catalyst.coop/stable/core_eia861__yearly_sales.parquet,13.942722,14976,0,14976,100.0,majority_coverage,Reported,12.791199,2890,0,2890,100.0,majority_coverage,Reported,10.517476,22,0,22,100.0,majority_coverage,Reported,Municipal
COOP_MA_12473,12473,Town of Middleborough - (MA),Town of Middleborough - (MA),MA,2022,COOP,COOP,Municipal,14884,"At least 10,000 residential customers in the 2024 regional EIA/PUDL roster","EIA Electric Sales, Revenue, and Average Price",https://www.eia.gov/electricity/sales_revenue_price/archive/f8612022.zip,https://s3.us-west-2.amazonaws.com/pudl.catalyst.coop/stable/core_eia861__yearly_sales.parquet,14.430328,15165,0,15165,100.0,majority_coverage,Reported,13.99643,2601,0,2601,100.0,majority_coverage,Reported,12.818635,17,0,17,100.0,majority_coverage,Reported,Municipal
COOP_MA_2144,2144,Town of Braintree - (MA),Town of Braintree - (MA),MA,2022,COOP,COOP,Municipal,14039,"At least 10,000 residential customers in the 2024 regional EIA/PUDL roster","EIA Electric Sales, Revenue, and Average Price",https://www.eia.gov/electricity/sales_revenue_price/archive/f8612022.zip,https://s3.us-west-2.amazonaws.com/pudl.catalyst.coop/stable/core_eia861__yearly_sales.parquet,14.736295,14006,0,14006,100.0,majority_coverage,Reported,15.78987,2727,0,2727,100.0,majority_coverage,Reported,14.180093,5,0,5,100.0,majority_coverage,Reported,Municipal
COOP_MA_13839,13839,City of Norwood - (MA),City of Norwood - (MA),MA,2022,COOP,COOP,Municipal,13601,"At least 10,000 residential customers in the 2024 regional EIA/PUDL roster","EIA Electric Sales, Revenue, and Average Price",https://www.eia.gov/electricity/sales_revenue_price/archive/f8612022.zip,https://s3.us-west-2.amazonaws.com/pudl.catalyst.coop/stable/core_eia861__yearly_sales.parquet,17.254621,13791,0,13791,100.0,majority_coverage,Reported,19.347345,1909,0,1909,100.0,majority_coverage,Reported,15.780906,45,0,45,100.0,majority_coverage,Reported,Municipal
COOP_NY_6775,6775,Village of Freeport - (NY),Village of Freeport - (NY),NY,2022,COOP,COOP,Municipal,13353,"At least 10,000 residential customers in the 2024 regional EIA/PUDL roster","EIA Electric Sales, Revenue, and Average Price",https://www.eia.gov/electricity/sales_revenue_price/archive/f8612022.zip,https://s3.us-west-2.amazonaws.com/pudl.catalyst.coop/stable/core_eia861__yearly_sales.parquet,14.023603,13288,0,13288,100.0,majority_coverage,Reported,13.722149,1873,0,1873,100.0,majority_coverage,Reported,,0,0,0,,no_published_price,Not reported,Municipal
MTC_MA_NANTUCKET,13206,Nantucket Electric Co,Nantucket Electric,MA,2022,MTC,MTC,Investor Owned,12823,"At least 10,000 residential customers in the 2024 regional EIA/PUDL roster","EIA Electric Sales, Revenue, and Average Price",https://www.eia.gov/electricity/sales_revenue_price/archive/f8612022.zip,https://www.nationalgridus.com/News/2023/11/National-Grid-Submits-Comprehensive-Performance-Investment-Plan-as-Part-of-Rate-Review-to-Build-a-Smarter%2C-Stronger%2C-Cleaner%2C-and-More-Equitable-Energy-Future/,29.617828,2033,10415,12448,16.33194087403599,minority_coverage,Reported,26.190334,262,1452,1714,15.28588098016336,minority_coverage,Reported,27.592593,1,3,4,25.0,minority_coverage,Reported,Investor Owned
COOP_MA_13679,13679,Town of North Attleborough - (MA),Town of North Attleborough - (MA),MA,2022,COOP,COOP,Municipal,12607,"At least 10,000 residential customers in the 2024 regional EIA/PUDL roster","EIA Electric Sales, Revenue, and Average Price",https://www.eia.gov/electricity/sales_revenue_price/archive/f8612022.zip,https://s3.us-west-2.amazonaws.com/pudl.catalyst.coop/stable/core_eia861__yearly_sales.parquet,15.463801,12530,0,12530,100.0,majority_coverage,Reported,16.650977,1122,0,1122,100.0,majority_coverage,Reported,14.387411,152,0,152,100.0,majority_coverage,Reported,Municipal
COOP_CT_7716,7716,Groton Dept of Utilities - (CT),Groton Dept of Utilities - (CT),CT,2022,COOP,COOP,Municipal,12284,"At least 10,000 residential customers in the 2024 regional EIA/PUDL roster","EIA Electric Sales, Revenue, and Average Price",https://www.eia.gov/electricity/sales_revenue_price/archive/f8612022.zip,https://s3.us-west-2.amazonaws.com/pudl.catalyst.coop/stable/core_eia861__yearly_sales.parquet,17.676051,12244,0,12244,100.0,majority_coverage,Reported,17.094451,1602,0,1602,100.0,majority_coverage,Reported,10.954625,12,0,12,100.0,majority_coverage,Reported,Municipal
COOP_MA_5480,5480,Town of Danvers,Town of Danvers,MA,2022,COOP,COOP,Municipal,11594,"At least 10,000 residential customers in the 2024 regional EIA/PUDL roster","EIA Electric Sales, Revenue, and Average Price",https://www.eia.gov/electricity/sales_revenue_price/archive/f8612022.zip,https://s3.us-west-2.amazonaws.com/pudl.catalyst.coop/stable/core_eia861__yearly_sales.parquet,16.382613,11486,0,11486,100.0,majority_coverage,Reported,15.803652,1551,0,1551,100.0,majority_coverage,Reported,12.924773,345,0,345,100.0,majority_coverage,Reported,Municipal
COOP_MA_8973,8973,Town of Hudson - (MA),Town of Hudson - (MA),MA,2022,COOP,COOP,Municipal,11448,"At least 10,000 residential customers in the 2024 regional EIA/PUDL roster","EIA Electric Sales, Revenue, and Average Price",https://www.eia.gov/electricity/sales_revenue_price/archive/f8612022.zip,https://s3.us-west-2.amazonaws.com/pudl.catalyst.coop/stable/core_eia861__yearly_sales.parquet,12.310322,11396,0,11396,100.0,majority_coverage,Reported,9.8964828,1800,0,1800,100.0,majority_coverage,Reported,13.59825,163,0,163,100.0,majority_coverage,Reported,Municipal
COOP_ME_5609,5609,Eastern Maine Electric Coop,Eastern Maine Electric Coop,ME,2022,COOP,COOP,Cooperative,10803,"At least 10,000 residential customers in the 2024 regional EIA/PUDL roster","EIA Electric Sales, Revenue, and Average Price",https://www.eia.gov/electricity/sales_revenue_price/archive/f8612022.zip,https://s3.us-west-2.amazonaws.com/pudl.catalyst.coop/stable/core_eia861__yearly_sales.parquet,16.769878,10667,0,10667,100.0,majority_coverage,Reported,15.079494,2310,0,2310,100.0,majority_coverage,Reported,12.862392,29,0,29,100.0,majority_coverage,Reported,Cooperative
DOM_NY_CECONY,4226,Consolidated Edison Co-NY Inc,Con Edison (CECONY),NY,2023,DOM,DOM,Investor Owned,3064038,"At least 10,000 residential customers in the 2024 regional EIA/PUDL roster","EIA Electric Sales, Revenue, and Average Price",https://www.eia.gov/electricity/sales_revenue_price/archive/f8612023.zip,https://investor.conedison.com/static-files/0b4e12b3-f43b-4398-a04b-3699537cabb5,31.580885,2667061,373482,3040543,87.71660193590421,majority_coverage,Reported,25.444789,474951,121876,596827,79.57934208740556,majority_coverage,Reported,21.926768,53,661,714,7.42296918767507,minority_coverage,Reported,Investor Owned
MTC_NY_NIMO,13573,Niagara Mohawk Power Corp.,Niagara Mohawk (National Grid),NY,2023,MTC,MTC,Investor Owned,1532294,"At least 10,000 residential customers in the 2024 regional EIA/PUDL roster","EIA Electric Sales, Revenue, and Average Price",https://www.eia.gov/electricity/sales_revenue_price/archive/f8612023.zip,https://www.nationalgrid.com/document/152396/download,16.974024,1416116,110614,1526730,92.7548420480373,majority_coverage,Reported,11.401853,125987,57771,183758,68.5613687567344,majority_coverage,Reported,6.7760342,611,949,1560,39.166666666666664,minority_coverage,Reported,Investor Owned
DOM_MA_NSTAR,54913,NSTAR Electric Company,NSTAR Electric (Eversource Massachusetts),MA,2023,DOM,DOM,Investor Owned,1303076,"At least 10,000 residential customers in the 2024 regional EIA/PUDL roster","EIA Electric Sales, Revenue, and Average Price",https://www.eia.gov/electricity/sales_revenue_price/archive/f8612023.zip,https://investors.eversource.com/static-files/1526fda9-4ffa-4cfd-bbd7-c9c18f56d3fe,29.661782,409760,873884,1283644,31.921623129154188,minority_coverage,Reported,27.09467,53555,176273,229828,23.30220860817655,minority_coverage,Reported,33.453844,631,1549,2180,28.94495412844037,minority_coverage,Reported,Investor Owned
MTC_MA_MECO,11804,Massachusetts Electric Co,Massachusetts Electric (National Grid),MA,2023,MTC,MTC,Investor Owned,1210113,"At least 10,000 residential customers in the 2024 regional EIA/PUDL roster","EIA Electric Sales, Revenue, and Average Price",https://www.eia.gov/electricity/sales_revenue_price/archive/f8612023.zip,https://www.nationalgrid.com/document/152381/download,36.718551,573012,621401,1194413,47.97436062735419,minority_coverage,Reported,20.63076,60965,97336,158301,38.51207509744095,minority_coverage,Reported,26.599892,1026,2485,3511,29.22244374821988,minority_coverage,Reported,Investor Owned
DOM_CT_CLP,4176,Connecticut Light & Power Co,Connecticut Light & Power (Eversource Connecticut),CT,2023,DOM,DOM,Investor Owned,1174420,"At least 10,000 residential customers in the 2024 regional EIA/PUDL roster","EIA Electric Sales, Revenue, and Average Price",https://www.eia.gov/electricity/sales_revenue_price/archive/f8612023.zip,https://investors.eversource.com/static-files/1526fda9-4ffa-4cfd-bbd7-c9c18f56d3fe,31.629377,933332,232229,1165561,80.07577466987999,majority_coverage,Reported,27.417271,77561,35654,113215,68.50770657598375,majority_coverage,Reported,29.786087,1702,1175,2877,59.15884602015989,majority_coverage,Reported,Investor Owned
MTC_NY_NYSEG,13511,New York State Elec & Gas Corp,NYSEG,NY,2023,MTC,MTC,Investor Owned,792300,"At least 10,000 residential customers in the 2024 regional EIA/PUDL roster","EIA Electric Sales, Revenue, and Average Price",https://www.eia.gov/electricity/sales_revenue_price/archive/f8612023.zip,https://www.avangrid.com/aboutus/companyprofile,15.529676,723220,68544,791764,91.34287489706529,majority_coverage,Reported,13.310948,87138,38673,125811,69.26103440875599,majority_coverage,Reported,8.9282147,563,1000,1563,36.02047344849648,minority_coverage,Reported,Investor Owned
MTC_ME_CMP,3266,Central Maine Power Co,Central Maine Power,ME,2023,MTC,MTC,Investor Owned,577955,"At least 10,000 residential customers in the 2024 regional EIA/PUDL roster","EIA Electric Sales, Revenue, and Average Price",https://www.eia.gov/electricity/sales_revenue_price/archive/f8612023.zip,https://www.avangrid.com/aboutus/companyprofile,27.452436,513418,54554,567972,90.39494904678399,majority_coverage,Reported,24.647608,52131,23372,75503,69.04493861171079,majority_coverage,Reported,22.621011,1032,780,1812,56.95364238410596,majority_coverage,Reported,Investor Owned
DOM_NH_PSNH,15472,Public Service Co of NH,Public Service Company of New Hampshire,NH,2023,DOM,DOM,Investor Owned,459907,"At least 10,000 residential customers in the 2024 regional EIA/PUDL roster","EIA Electric Sales, Revenue, and Average Price",https://www.eia.gov/electricity/sales_revenue_price/archive/f8612023.zip,https://www.eversource.com/residential/about/doing-business-with-us/affiliates/list-of-affiliates,28.93447,328800,127112,455912,72.1191808945586,majority_coverage,Reported,27.714443,46180,32418,78598,58.754675691493425,majority_coverage,Reported,26.895195,1379,1312,2691,51.244890375325156,majority_coverage,Reported,Investor Owned
DOM_RI_RIE,13214,The Narragansett Electric Co,Rhode Island Energy (legal entity: Narragansett Electric),RI,2023,DOM,DOM,Investor Owned,451381,"At least 10,000 residential customers in the 2024 regional EIA/PUDL roster","EIA Electric Sales, Revenue, and Average Price",https://www.eia.gov/electricity/sales_revenue_price/archive/f8612023.zip,https://investors.pplweb.com/2024-04-02-PPL-Corporation-subsidiary-Rhode-Island-Energy-receives-regulatory-approval-for-planned-spending-to-strengthen-network-safety%2C-reliability-and-resilience,27.186214,364293,79914,444207,82.00973870290203,majority_coverage,Reported,16.733485,38783,20593,59376,65.31763675559148,majority_coverage,Reported,28.00162,958,587,1545,62.006472491909385,majority_coverage,Reported,Investor Owned
MTC_NY_RGE,16183,Rochester Gas & Electric Corp,Rochester Gas & Electric,NY,2023,MTC,MTC,Investor Owned,351481,"At least 10,000 residential customers in the 2024 regional EIA/PUDL roster","EIA Electric Sales, Revenue, and Average Price",https://www.eia.gov/electricity/sales_revenue_price/archive/f8612023.zip,https://www.avangrid.com/aboutus/companyprofile,16.133144,290313,60235,350548,82.81690381916314,majority_coverage,Reported,12.957993,21087,19328,40415,52.176172213287145,majority_coverage,Reported,11.952742,222,429,651,34.10138248847926,minority_coverage,Reported,Investor Owned
MTC_CT_UI,19497,United Illuminating Co,United Illuminating,CT,2023,MTC,MTC,Investor Owned,312291,"At least 10,000 residential customers in the 2024 regional EIA/PUDL roster","EIA Electric Sales, Revenue, and Average Price",https://www.eia.gov/electricity/sales_revenue_price/archive/f8612023.zip,https://www.avangrid.com/aboutus/companyprofile,33.156904,263416,47097,310513,84.8325190893779,majority_coverage,Reported,25.871276,18294,14278,32572,56.164804126243396,majority_coverage,Reported,27.589186,260,680,940,27.659574468085108,minority_coverage,Reported,Investor Owned
MTC_NY_CENTHUD,3249,Central Hudson Gas & Elec Corp,Central Hudson,NY,2023,MTC,MTC,Investor Owned,270859,"At least 10,000 residential customers in the 2024 regional EIA/PUDL roster","EIA Electric Sales, Revenue, and Average Price",https://www.eia.gov/electricity/sales_revenue_price/archive/f8612023.zip,https://www.fortisinc.com/company/our-companies/index,25.12523,241785,28256,270041,89.53640373128525,majority_coverage,Reported,18.094435,39820,10196,50016,79.61452335252719,majority_coverage,Reported,16.659887,750,243,993,75.52870090634441,majority_coverage,Reported,Investor Owned
MTC_VT_GMP,7601,Green Mountain Power Corp,Green Mountain Power,VT,2023,MTC,MTC,Investor Owned,226675,"At least 10,000 residential customers in the 2024 regional EIA/PUDL roster","EIA Electric Sales, Revenue, and Average Price",https://www.eia.gov/electricity/sales_revenue_price/archive/f8612023.zip,https://energir.com/en/about/the-company/who-we-are/our-subsidiaries,21.020105,225952,0,225952,100.0,majority_coverage,Reported,18.273414,47258,0,47258,100.0,majority_coverage,Reported,10.588328,75,0,75,100.0,majority_coverage,Reported,Investor Owned
DOM_NY_ORU,14154,Orange & Rockland Utils Inc,Orange & Rockland Utilities,NY,2023,DOM,DOM,Investor Owned,211011,"At least 10,000 residential customers in the 2024 regional EIA/PUDL roster","EIA Electric Sales, Revenue, and Average Price",https://www.eia.gov/electricity/sales_revenue_price/archive/f8612023.zip,https://www.conedison.com/en/about-us/corporate-governance/corporate-leadership/michelle-oconnoll,23.465302,168096,40723,208819,80.49842207845072,majority_coverage,Reported,14.958869,20293,13126,33419,60.72294203895987,majority_coverage,Reported,6.0745423,32,60,92,34.78260869565217,minority_coverage,Reported,Investor Owned
MTC_ME_VERSANT,1179,Versant Power,Versant Power,ME,2023,MTC,MTC,Investor Owned,137906,"At least 10,000 residential customers in the 2024 regional EIA/PUDL roster","EIA Electric Sales, Revenue, and Average Price",https://www.eia.gov/electricity/sales_revenue_price/archive/f8612023.zip,https://www.versantpower.com/about/news-press-releases/blog-details/versant-power-to-welcome-new-president-in-2026,29.094892,130405,7058,137463,94.86552745102318,majority_coverage,Reported,18.388071,23614,3867,27481,85.92845966303992,majority_coverage,Reported,13.178074,40,36,76,52.63157894736842,majority_coverage,Reported,Investor Owned
COOP_NH_NHEC,13441,New Hampshire Elec Coop Inc,New Hampshire Electric Cooperative,NH,2023,COOP,COOP,Cooperative,74144,"At least 10,000 residential customers in the 2024 regional EIA/PUDL roster","EIA Electric Sales, Revenue, and Average Price",https://www.eia.gov/electricity/sales_revenue_price/archive/f8612023.zip,https://www.nhec.com/about/,26.608294,73026,471,73497,99.35915751663333,majority_coverage,Reported,24.796268,9253,1415,10668,86.73603299587552,majority_coverage,Reported,20.620573,10,21,31,32.25806451612903,minority_coverage,Reported,Cooperative
DOM_NH_UNITIL,24590,Unitil Energy Systems,Unitil Energy Systems,NH,2023,DOM,DOM,Investor Owned,68602,"At least 10,000 residential customers in the 2024 regional EIA/PUDL roster","EIA Electric Sales, Revenue, and Average Price",https://www.eia.gov/electricity/sales_revenue_price/archive/f8612023.zip,https://unitil.com/electric-gas-service/pricing-rates/rates/ferc-oatt-information/transmission-service-information-nh,32.474247,55907,12155,68062,82.14128294790045,majority_coverage,Reported,33.090707,8322,4301,12623,65.92727560801711,majority_coverage,Reported,16.658028,27,140,167,16.167664670658684,minority_coverage,Reported,Investor Owned
MTC_NH_LIBERTY,26510,Liberty Utilities (Granite State Electri,Liberty Utilities (Granite State Electric),NH,2023,MTC,MTC,Investor Owned,39667,"At least 10,000 residential customers in the 2024 regional EIA/PUDL roster","EIA Electric Sales, Revenue, and Average Price",https://www.eia.gov/electricity/sales_revenue_price/archive/f8612023.zip,https://libertyutilities.com/who-we-are.html,30.774397,29719,9568,39287,75.6458879527579,majority_coverage,Reported,25.683984,4236,2767,7003,60.48836213051549,majority_coverage,Reported,25.000484,80,84,164,48.78048780487805,minority_coverage,Reported,Investor Owned
COOP_VT_VEC,19791,"Vermont Electric Cooperative, Inc",Vermont Electric Cooperative,VT,2023,COOP,COOP,Cooperative,35964,"At least 10,000 residential customers in the 2024 regional EIA/PUDL roster","EIA Electric Sales, Revenue, and Average Price",https://www.eia.gov/electricity/sales_revenue_price/archive/f8612023.zip,https://vermontelectric.coop/at-a-glance,21.405177,35793,0,35793,100.0,majority_coverage,Reported,17.2647,5023,0,5023,100.0,majority_coverage,Reported,12.574857,19,0,19,100.0,majority_coverage,Reported,Cooperative
COOP_MA_TAUNTON,18488,City of Taunton,Taunton Municipal Lighting Plant,MA,2023,COOP,COOP,Municipal,35684,"At least 10,000 residential customers in the 2024 regional EIA/PUDL roster","EIA Electric Sales, Revenue, and Average Price",https://www.eia.gov/electricity/sales_revenue_price/archive/f8612023.zip,https://www.taunton-ma.gov/DocumentCenter/View/5355/Annual-Comprehensive-Financial-Report-for-Fiscal-Year-Ended-June-30-2024,20.734492,34979,0,34979,100.0,majority_coverage,Reported,22.071861,4749,0,4749,100.0,majority_coverage,Reported,18.200451,424,0,424,100.0,majority_coverage,Reported,Municipal
COOP_MA_READING,15748,Town of Reading - (MA),Reading Municipal Light Department,MA,2023,COOP,COOP,Municipal,27405,"At least 10,000 residential customers in the 2024 regional EIA/PUDL roster","EIA Electric Sales, Revenue, and Average Price",https://www.eia.gov/electricity/sales_revenue_price/archive/f8612023.zip,https://www.mass.gov/info-details/massachusetts-municipally-owned-electric-companies,15.955373,27217,0,27217,100.0,majority_coverage,Reported,13.227203,3266,0,3266,100.0,majority_coverage,Reported,,0,0,0,,no_published_price,Not reported,Municipal
DOM_MA_FITCHBURG,6374,Fitchburg Gas & Elec Light Co,Fitchburg Gas & Electric Light,MA,2023,DOM,DOM,Investor Owned,26290,"At least 10,000 residential customers in the 2024 regional EIA/PUDL roster","EIA Electric Sales, Revenue, and Average Price",https://www.eia.gov/electricity/sales_revenue_price/archive/f8612023.zip,https://unitil.com/electric-gas-service/pricing-rates/rates/ferc-oatt-information/transmission-service-information-ma,37.904468,9638,16547,26185,36.80733244223792,minority_coverage,Reported,40.319239,1338,3182,4520,29.601769911504423,minority_coverage,Reported,17.662897,1,29,30,3.3333333333333335,minority_coverage,Reported,Investor Owned
COOP_MA_CHICOPEE,3477,City of Chicopee - (MA),Chicopee Electric Light,MA,2023,COOP,COOP,Municipal,23218,"At least 10,000 residential customers in the 2024 regional EIA/PUDL roster","EIA Electric Sales, Revenue, and Average Price",https://www.eia.gov/electricity/sales_revenue_price/archive/f8612023.zip,https://www.celd.com/about,16.802939,23470,0,23470,100.0,majority_coverage,Reported,17.082308,2928,0,2928,100.0,majority_coverage,Reported,14.77205,40,0,40,100.0,majority_coverage,Reported,Municipal
COOP_MA_PEABODY,14605,City of Peabody - (MA),Peabody Municipal Light Plant,MA,2023,COOP,COOP,Municipal,22546,"At least 10,000 residential customers in the 2024 regional EIA/PUDL roster","EIA Electric Sales, Revenue, and Average Price",https://www.eia.gov/electricity/sales_revenue_price/archive/f8612023.zip,https://www.pmlp.com/27/About-Us,14.70791,22369,0,22369,100.0,majority_coverage,Reported,17.637563,2655,0,2655,100.0,majority_coverage,Reported,15.174337,1850,0,1850,100.0,majority_coverage,Reported,Municipal
COOP_CT_WALLINGFORD,20038,Town of Wallingford - (CT),Wallingford Electric Division,CT,2023,COOP,COOP,Municipal,21405,"At least 10,000 residential customers in the 2024 regional EIA/PUDL roster","EIA Electric Sales, Revenue, and Average Price",https://www.eia.gov/electricity/sales_revenue_price/archive/f8612023.zip,https://www.wallingfordct.gov/government/departments/public-utilities/,16.727282,21370,0,21370,100.0,majority_coverage,Reported,14.323681,3654,0,3654,100.0,majority_coverage,Reported,12.037527,24,0,24,100.0,majority_coverage,Reported,Municipal
COOP_CT_NORWICH,13831,City of Norwich - (CT),Norwich Public Utilities,CT,2023,COOP,COOP,Municipal,18870,"At least 10,000 residential customers in the 2024 regional EIA/PUDL roster","EIA Electric Sales, Revenue, and Average Price",https://www.eia.gov/electricity/sales_revenue_price/archive/f8612023.zip,https://www.norwichct.gov/272/Public-Utilities,25.445149,18748,0,18748,100.0,majority_coverage,Reported,22.270958,2047,0,2047,100.0,majority_coverage,Reported,20.656368,13,0,13,100.0,majority_coverage,Reported,Municipal
COOP_VT_BURLINGTON,2548,City of Burlington Electric - (VT),Burlington Electric Department,VT,2023,COOP,COOP,Municipal,17861,"At least 10,000 residential customers in the 2024 regional EIA/PUDL roster","EIA Electric Sales, Revenue, and Average Price",https://www.eia.gov/electricity/sales_revenue_price/archive/f8612023.zip,https://www.burlingtonelectric.com/history,17.973758,17620,0,17620,100.0,majority_coverage,Reported,16.883825,3957,0,3957,100.0,majority_coverage,Reported,12.570976,9,0,9,100.0,majority_coverage,Reported,Municipal
COOP_NY_FAIRPORT,5930,Village of Fairport - (NY),Fairport Municipal Commission,NY,2023,COOP,COOP,Municipal,16462,"At least 10,000 residential customers in the 2024 regional EIA/PUDL roster","EIA Electric Sales, Revenue, and Average Price",https://www.eia.gov/electricity/sales_revenue_price/archive/f8612023.zip,https://dps.ny.gov/location/village-fairport-electric,5.5306821,16341,0,16341,100.0,majority_coverage,Reported,6.2110831,1638,0,1638,100.0,majority_coverage,Reported,3.6314048,11,0,11,100.0,majority_coverage,Reported,Municipal
COOP_MA_20481,20481,City of Westfield - (MA),City of Westfield - (MA),MA,2023,COOP,COOP,Municipal,16200,"At least 10,000 residential customers in the 2024 regional EIA/PUDL roster","EIA Electric Sales, Revenue, and Average Price",https://www.eia.gov/electricity/sales_revenue_price/archive/f8612023.zip,https://s3.us-west-2.amazonaws.com/pudl.catalyst.coop/stable/core_eia861__yearly_sales.parquet,18.228703,16207,0,16207,100.0,majority_coverage,Reported,19.738,2039,0,2039,100.0,majority_coverage,Reported,17.10311,65,0,65,100.0,majority_coverage,Reported,Municipal
COOP_MA_17127,17127,Town of Shrewsbury - (MA),Town of Shrewsbury - (MA),MA,2023,COOP,COOP,Municipal,15713,"At least 10,000 residential customers in the 2024 regional EIA/PUDL roster","EIA Electric Sales, Revenue, and Average Price",https://www.eia.gov/electricity/sales_revenue_price/archive/f8612023.zip,https://s3.us-west-2.amazonaws.com/pudl.catalyst.coop/stable/core_eia861__yearly_sales.parquet,16.99918,15089,0,15089,100.0,majority_coverage,Reported,15.734927,1229,0,1229,100.0,majority_coverage,Reported,14.168435,127,0,127,100.0,majority_coverage,Reported,Municipal
COOP_NY_9645,9645,Jamestown Board of Public Util,Jamestown Board of Public Util,NY,2023,COOP,COOP,Municipal,15562,"At least 10,000 residential customers in the 2024 regional EIA/PUDL roster","EIA Electric Sales, Revenue, and Average Price",https://www.eia.gov/electricity/sales_revenue_price/archive/f8612023.zip,https://s3.us-west-2.amazonaws.com/pudl.catalyst.coop/stable/core_eia861__yearly_sales.parquet,8.1182208,16088,0,16088,100.0,majority_coverage,Reported,8.2569478,2671,0,2671,100.0,majority_coverage,Reported,6.7120891,116,0,116,100.0,majority_coverage,Reported,Municipal
COOP_MA_8774,8774,City of Holyoke - (MA),City of Holyoke - (MA),MA,2023,COOP,COOP,Municipal,15040,"At least 10,000 residential customers in the 2024 regional EIA/PUDL roster","EIA Electric Sales, Revenue, and Average Price",https://www.eia.gov/electricity/sales_revenue_price/archive/f8612023.zip,https://s3.us-west-2.amazonaws.com/pudl.catalyst.coop/stable/core_eia861__yearly_sales.parquet,15.812827,14092,0,14092,100.0,majority_coverage,Reported,14.462478,2898,0,2898,100.0,majority_coverage,Reported,11.23742,22,0,22,100.0,majority_coverage,Reported,Municipal
COOP_MA_12473,12473,Town of Middleborough - (MA),Town of Middleborough - (MA),MA,2023,COOP,COOP,Municipal,14884,"At least 10,000 residential customers in the 2024 regional EIA/PUDL roster","EIA Electric Sales, Revenue, and Average Price",https://www.eia.gov/electricity/sales_revenue_price/archive/f8612023.zip,https://s3.us-west-2.amazonaws.com/pudl.catalyst.coop/stable/core_eia861__yearly_sales.parquet,14.513991,15269,0,15269,100.0,majority_coverage,Reported,14.025314,2625,0,2625,100.0,majority_coverage,Reported,12.799487,17,0,17,100.0,majority_coverage,Reported,Municipal
COOP_MA_2144,2144,Town of Braintree - (MA),Town of Braintree - (MA),MA,2023,COOP,COOP,Municipal,14039,"At least 10,000 residential customers in the 2024 regional EIA/PUDL roster","EIA Electric Sales, Revenue, and Average Price",https://www.eia.gov/electricity/sales_revenue_price/archive/f8612023.zip,https://s3.us-west-2.amazonaws.com/pudl.catalyst.coop/stable/core_eia861__yearly_sales.parquet,15.808419,14027,0,14027,100.0,majority_coverage,Reported,16.817376,2720,0,2720,100.0,majority_coverage,Reported,15.190381,5,0,5,100.0,majority_coverage,Reported,Municipal
COOP_MA_13839,13839,City of Norwood - (MA),City of Norwood - (MA),MA,2023,COOP,COOP,Municipal,13601,"At least 10,000 residential customers in the 2024 regional EIA/PUDL roster","EIA Electric Sales, Revenue, and Average Price",https://www.eia.gov/electricity/sales_revenue_price/archive/f8612023.zip,https://s3.us-west-2.amazonaws.com/pudl.catalyst.coop/stable/core_eia861__yearly_sales.parquet,18.04366,13599,0,13599,100.0,majority_coverage,Reported,19.720037,2136,0,2136,100.0,majority_coverage,Reported,16.160637,44,0,44,100.0,majority_coverage,Reported,Municipal
COOP_NY_6775,6775,Village of Freeport - (NY),Village of Freeport - (NY),NY,2023,COOP,COOP,Municipal,13353,"At least 10,000 residential customers in the 2024 regional EIA/PUDL roster","EIA Electric Sales, Revenue, and Average Price",https://www.eia.gov/electricity/sales_revenue_price/archive/f8612023.zip,https://s3.us-west-2.amazonaws.com/pudl.catalyst.coop/stable/core_eia861__yearly_sales.parquet,13.706038,13322,0,13322,100.0,majority_coverage,Reported,13.584641,1853,0,1853,100.0,majority_coverage,Reported,,0,0,0,,no_published_price,Not reported,Municipal
MTC_MA_NANTUCKET,13206,Nantucket Electric Co,Nantucket Electric,MA,2023,MTC,MTC,Investor Owned,12823,"At least 10,000 residential customers in the 2024 regional EIA/PUDL roster","EIA Electric Sales, Revenue, and Average Price",https://www.eia.gov/electricity/sales_revenue_price/archive/f8612023.zip,https://www.nationalgridus.com/News/2023/11/National-Grid-Submits-Comprehensive-Performance-Investment-Plan-as-Part-of-Rate-Review-to-Build-a-Smarter%2C-Stronger%2C-Cleaner%2C-and-More-Equitable-Energy-Future/,37.408065,1973,10626,12599,15.659973013731248,minority_coverage,Reported,33.937079,244,1471,1715,14.227405247813412,minority_coverage,Reported,34.642857,1,2,3,33.333333333333336,minority_coverage,Reported,Investor Owned
COOP_MA_13679,13679,Town of North Attleborough - (MA),Town of North Attleborough - (MA),MA,2023,COOP,COOP,Municipal,12607,"At least 10,000 residential customers in the 2024 regional EIA/PUDL roster","EIA Electric Sales, Revenue, and Average Price",https://www.eia.gov/electricity/sales_revenue_price/archive/f8612023.zip,https://s3.us-west-2.amazonaws.com/pudl.catalyst.coop/stable/core_eia861__yearly_sales.parquet,15.927139,12576,0,12576,100.0,majority_coverage,Reported,17.180782,1121,0,1121,100.0,majority_coverage,Reported,14.620338,153,0,153,100.0,majority_coverage,Reported,Municipal
COOP_CT_7716,7716,Groton Dept of Utilities - (CT),Groton Dept of Utilities - (CT),CT,2023,COOP,COOP,Municipal,12284,"At least 10,000 residential customers in the 2024 regional EIA/PUDL roster","EIA Electric Sales, Revenue, and Average Price",https://www.eia.gov/electricity/sales_revenue_price/archive/f8612023.zip,https://s3.us-west-2.amazonaws.com/pudl.catalyst.coop/stable/core_eia861__yearly_sales.parquet,20.068337,12240,0,12240,100.0,majority_coverage,Reported,19.431665,1594,0,1594,100.0,majority_coverage,Reported,12.819499,16,0,16,100.0,majority_coverage,Reported,Municipal
COOP_MA_5480,5480,Town of Danvers,Town of Danvers,MA,2023,COOP,COOP,Municipal,11594,"At least 10,000 residential customers in the 2024 regional EIA/PUDL roster","EIA Electric Sales, Revenue, and Average Price",https://www.eia.gov/electricity/sales_revenue_price/archive/f8612023.zip,https://s3.us-west-2.amazonaws.com/pudl.catalyst.coop/stable/core_eia861__yearly_sales.parquet,16.153251,11509,0,11509,100.0,majority_coverage,Reported,15.277146,1540,0,1540,100.0,majority_coverage,Reported,13.428443,346,0,346,100.0,majority_coverage,Reported,Municipal
COOP_MA_8973,8973,Town of Hudson - (MA),Town of Hudson - (MA),MA,2023,COOP,COOP,Municipal,11448,"At least 10,000 residential customers in the 2024 regional EIA/PUDL roster","EIA Electric Sales, Revenue, and Average Price",https://www.eia.gov/electricity/sales_revenue_price/archive/f8612023.zip,https://s3.us-west-2.amazonaws.com/pudl.catalyst.coop/stable/core_eia861__yearly_sales.parquet,13.388093,11405,0,11405,100.0,majority_coverage,Reported,10.701088,1850,0,1850,100.0,majority_coverage,Reported,14.861988,166,0,166,100.0,majority_coverage,Reported,Municipal
COOP_ME_5609,5609,Eastern Maine Electric Coop,Eastern Maine Electric Coop,ME,2023,COOP,COOP,Cooperative,10803,"At least 10,000 residential customers in the 2024 regional EIA/PUDL roster","EIA Electric Sales, Revenue, and Average Price",https://www.eia.gov/electricity/sales_revenue_price/archive/f8612023.zip,https://s3.us-west-2.amazonaws.com/pudl.catalyst.coop/stable/core_eia861__yearly_sales.parquet,16.77375,10693,0,10693,100.0,majority_coverage,Reported,15.277325,2358,0,2358,100.0,majority_coverage,Reported,13.034389,30,0,30,100.0,majority_coverage,Reported,Cooperative
DOM_NY_CECONY,4226,Consolidated Edison Co-NY Inc,Con Edison (CECONY),NY,2024,DOM,DOM,Investor Owned,3064038,"At least 10,000 residential customers in the 2024 regional EIA/PUDL roster","EIA Electric Sales, Revenue, and Average Price",https://www.eia.gov/electricity/sales_revenue_price/xls/f8612024.zip,https://investor.conedison.com/static-files/0b4e12b3-f43b-4398-a04b-3699537cabb5,35.66164,2715069,348969,3064038,88.6108135734609,majority_coverage,Reported,28.196293,454400,117849,572249,79.40599284577168,majority_coverage,Reported,30.954324,6961,3537,10498,66.30786816536484,majority_coverage,Reported,Investor Owned
MTC_NY_NIMO,13573,Niagara Mohawk Power Corp.,Niagara Mohawk (National Grid),NY,2024,MTC,MTC,Investor Owned,1532294,"At least 10,000 residential customers in the 2024 regional EIA/PUDL roster","EIA Electric Sales, Revenue, and Average Price",https://www.eia.gov/electricity/sales_revenue_price/xls/f8612024.zip,https://www.nationalgrid.com/document/152396/download,17.222104,1430208,102086,1532294,93.33770151158981,majority_coverage,Reported,10.42868,129036,56036,185072,69.72205411947782,majority_coverage,Reported,5.9980794,622,932,1554,40.02574002574003,minority_coverage,Reported,Investor Owned
DOM_MA_NSTAR,54913,NSTAR Electric Company,NSTAR Electric (Eversource Massachusetts),MA,2024,DOM,DOM,Investor Owned,1303076,"At least 10,000 residential customers in the 2024 regional EIA/PUDL roster","EIA Electric Sales, Revenue, and Average Price",https://www.eia.gov/electricity/sales_revenue_price/xls/f8612024.zip,https://investors.eversource.com/static-files/1526fda9-4ffa-4cfd-bbd7-c9c18f56d3fe,29.913775,383373,919703,1303076,29.420617063010905,minority_coverage,Reported,27.000778,45206,176142,221348,20.423044256103513,minority_coverage,Reported,25.344819,540,1593,2133,25.31645569620253,minority_coverage,Reported,Investor Owned
MTC_MA_MECO,11804,Massachusetts Electric Co,Massachusetts Electric (National Grid),MA,2024,MTC,MTC,Investor Owned,1210113,"At least 10,000 residential customers in the 2024 regional EIA/PUDL roster","EIA Electric Sales, Revenue, and Average Price",https://www.eia.gov/electricity/sales_revenue_price/xls/f8612024.zip,https://www.nationalgrid.com/document/152381/download,33.59877,526437,683676,1210113,43.50312739388801,minority_coverage,Reported,23.025923,56090,104042,160132,35.02735243424175,minority_coverage,Reported,23.886447,926,2584,3510,26.381766381766383,minority_coverage,Reported,Investor Owned
DOM_CT_CLP,4176,Connecticut Light & Power Co,Connecticut Light & Power (Eversource Connecticut),CT,2024,DOM,DOM,Investor Owned,1174420,"At least 10,000 residential customers in the 2024 regional EIA/PUDL roster","EIA Electric Sales, Revenue, and Average Price",https://www.eia.gov/electricity/sales_revenue_price/xls/f8612024.zip,https://investors.eversource.com/static-files/1526fda9-4ffa-4cfd-bbd7-c9c18f56d3fe,28.507537,924132,250288,1174420,78.68837383559544,majority_coverage,Reported,22.73614,72531,41100,113631,63.83029278981968,majority_coverage,Reported,21.40465,1554,1271,2825,55.008849557522126,majority_coverage,Reported,Investor Owned
MTC_NY_NYSEG,13511,New York State Elec & Gas Corp,NYSEG,NY,2024,MTC,MTC,Investor Owned,792300,"At least 10,000 residential customers in the 2024 regional EIA/PUDL roster","EIA Electric Sales, Revenue, and Average Price",https://www.eia.gov/electricity/sales_revenue_price/xls/f8612024.zip,https://www.avangrid.com/aboutus/companyprofile,18.320617,735192,57108,792300,92.79212419538054,majority_coverage,Reported,14.957555,90322,37245,127567,70.80357772778227,majority_coverage,Reported,12.46572,543,957,1500,36.2,minority_coverage,Reported,Investor Owned
MTC_ME_CMP,3266,Central Maine Power Co,Central Maine Power,ME,2024,MTC,MTC,Investor Owned,577955,"At least 10,000 residential customers in the 2024 regional EIA/PUDL roster","EIA Electric Sales, Revenue, and Average Price",https://www.eia.gov/electricity/sales_revenue_price/xls/f8612024.zip,https://www.avangrid.com/aboutus/companyprofile,23.434731,519295,58660,577955,89.85042088051839,majority_coverage,Reported,21.08089,52081,25587,77668,67.05593037029408,majority_coverage,Reported,20.36466,927,778,1705,54.36950146627566,majority_coverage,Reported,Investor Owned
DOM_NH_PSNH,15472,Public Service Co of NH,Public Service Company of New Hampshire,NH,2024,DOM,DOM,Investor Owned,459907,"At least 10,000 residential customers in the 2024 regional EIA/PUDL roster","EIA Electric Sales, Revenue, and Average Price",https://www.eia.gov/electricity/sales_revenue_price/xls/f8612024.zip,https://www.eversource.com/residential/about/doing-business-with-us/affiliates/list-of-affiliates,22.65233,279131,180776,459907,60.69292269958927,majority_coverage,Reported,19.738952,38098,41369,79467,47.94191299533139,minority_coverage,Reported,19.332838,1080,1604,2684,40.23845007451565,minority_coverage,Reported,Investor Owned
DOM_RI_RIE,13214,The Narragansett Electric Co,Rhode Island Energy (legal entity: Narragansett Electric),RI,2024,DOM,DOM,Investor Owned,451381,"At least 10,000 residential customers in the 2024 regional EIA/PUDL roster","EIA Electric Sales, Revenue, and Average Price",https://www.eia.gov/electricity/sales_revenue_price/xls/f8612024.zip,https://investors.pplweb.com/2024-04-02-PPL-Corporation-subsidiary-Rhode-Island-Energy-receives-regulatory-approval-for-planned-spending-to-strengthen-network-safety%2C-reliability-and-resilience,28.262554,332540,118841,451381,73.67168755441634,majority_coverage,Reported,23.170962,34977,26717,61694,56.69433008072098,majority_coverage,Reported,25.920882,926,661,1587,58.349086326402016,majority_coverage,Reported,Investor Owned
MTC_NY_RGE,16183,Rochester Gas & Electric Corp,Rochester Gas & Electric,NY,2024,MTC,MTC,Investor Owned,351481,"At least 10,000 residential customers in the 2024 regional EIA/PUDL roster","EIA Electric Sales, Revenue, and Average Price",https://www.eia.gov/electricity/sales_revenue_price/xls/f8612024.zip,https://www.avangrid.com/aboutus/companyprofile,18.761332,294053,57428,351481,83.66113673285327,majority_coverage,Reported,14.837276,21739,18488,40227,54.04081835583066,majority_coverage,Reported,12.984571,227,407,634,35.80441640378549,minority_coverage,Reported,Investor Owned
MTC_CT_UI,19497,United Illuminating Co,United Illuminating,CT,2024,MTC,MTC,Investor Owned,312291,"At least 10,000 residential customers in the 2024 regional EIA/PUDL roster","EIA Electric Sales, Revenue, and Average Price",https://www.eia.gov/electricity/sales_revenue_price/xls/f8612024.zip,https://www.avangrid.com/aboutus/companyprofile,34.042707,256302,55989,312291,82.07152943888873,majority_coverage,Reported,24.26706,16864,15801,32665,51.62712383284862,majority_coverage,Reported,17.556766,221,699,920,24.02173913043478,minority_coverage,Reported,Investor Owned
MTC_NY_CENTHUD,3249,Central Hudson Gas & Elec Corp,Central Hudson,NY,2024,MTC,MTC,Investor Owned,270859,"At least 10,000 residential customers in the 2024 regional EIA/PUDL roster","EIA Electric Sales, Revenue, and Average Price",https://www.eia.gov/electricity/sales_revenue_price/xls/f8612024.zip,https://www.fortisinc.com/company/our-companies/index,25.144244,229592,41267,270859,84.76439771246294,majority_coverage,Reported,17.41606,37980,11492,49472,76.77069857697283,majority_coverage,Reported,16.08669,602,259,861,69.91869918699187,majority_coverage,Reported,Investor Owned
MTC_VT_GMP,7601,Green Mountain Power Corp,Green Mountain Power,VT,2024,MTC,MTC,Investor Owned,226675,"At least 10,000 residential customers in the 2024 regional EIA/PUDL roster","EIA Electric Sales, Revenue, and Average Price",https://www.eia.gov/electricity/sales_revenue_price/xls/f8612024.zip,https://energir.com/en/about/the-company/who-we-are/our-subsidiaries,22.090347,226675,0,226675,100.0,majority_coverage,Reported,19.245643,48745,0,48745,100.0,majority_coverage,Reported,10.836235,74,0,74,100.0,majority_coverage,Reported,Investor Owned
DOM_NY_ORU,14154,Orange & Rockland Utils Inc,Orange & Rockland Utilities,NY,2024,DOM,DOM,Investor Owned,211011,"At least 10,000 residential customers in the 2024 regional EIA/PUDL roster","EIA Electric Sales, Revenue, and Average Price",https://www.eia.gov/electricity/sales_revenue_price/xls/f8612024.zip,https://www.conedison.com/en/about-us/corporate-governance/corporate-leadership/michelle-oconnoll,23.306148,170465,40546,211011,80.78488799162129,majority_coverage,Reported,16.102478,21615,12080,33695,64.14898352871346,majority_coverage,Reported,9.3232163,29,56,85,34.11764705882353,minority_coverage,Reported,Investor Owned
MTC_ME_VERSANT,1179,Versant Power,Versant Power,ME,2024,MTC,MTC,Investor Owned,137906,"At least 10,000 residential customers in the 2024 regional EIA/PUDL roster","EIA Electric Sales, Revenue, and Average Price",https://www.eia.gov/electricity/sales_revenue_price/xls/f8612024.zip,https://www.versantpower.com/about/news-press-releases/blog-details/versant-power-to-welcome-new-president-in-2026,28.08211,130632,7274,137906,94.72539265876756,majority_coverage,Reported,19.993999,23586,3996,27582,85.51229062432022,majority_coverage,Reported,15.884759,37,35,72,51.388888888888886,majority_coverage,Reported,Investor Owned
COOP_NH_NHEC,13441,New Hampshire Elec Coop Inc,New Hampshire Electric Cooperative,NH,2024,COOP,COOP,Cooperative,74144,"At least 10,000 residential customers in the 2024 regional EIA/PUDL roster","EIA Electric Sales, Revenue, and Average Price",https://www.eia.gov/electricity/sales_revenue_price/xls/f8612024.zip,https://www.nhec.com/about/,23.833295,72772,1372,74144,98.14954682779457,majority_coverage,Reported,22.129839,9163,1567,10730,85.39608574091332,majority_coverage,Reported,16.924323,9,23,32,28.125,minority_coverage,Reported,Cooperative
DOM_NH_UNITIL,24590,Unitil Energy Systems,Unitil Energy Systems,NH,2024,DOM,DOM,Investor Owned,68602,"At least 10,000 residential customers in the 2024 regional EIA/PUDL roster","EIA Electric Sales, Revenue, and Average Price",https://www.eia.gov/electricity/sales_revenue_price/xls/f8612024.zip,https://unitil.com/electric-gas-service/pricing-rates/rates/ferc-oatt-information/transmission-service-information-nh,23.32787,39656,28946,68602,57.805894871869626,majority_coverage,Reported,23.537991,5988,6699,12687,47.197919129817926,minority_coverage,Reported,19.548684,19,144,163,11.656441717791411,minority_coverage,Reported,Investor Owned
MTC_NH_LIBERTY,26510,Liberty Utilities (Granite State Electri,Liberty Utilities (Granite State Electric),NH,2024,MTC,MTC,Investor Owned,39667,"At least 10,000 residential customers in the 2024 regional EIA/PUDL roster","EIA Electric Sales, Revenue, and Average Price",https://www.eia.gov/electricity/sales_revenue_price/xls/f8612024.zip,https://libertyutilities.com/who-we-are.html,22.867179,24689,14978,39667,62.24065343988706,majority_coverage,Reported,18.15488,3312,3645,6957,47.60672703751617,minority_coverage,Reported,17.671597,62,111,173,35.83815028901734,minority_coverage,Reported,Investor Owned
COOP_VT_VEC,19791,"Vermont Electric Cooperative, Inc",Vermont Electric Cooperative,VT,2024,COOP,COOP,Cooperative,35964,"At least 10,000 residential customers in the 2024 regional EIA/PUDL roster","EIA Electric Sales, Revenue, and Average Price",https://www.eia.gov/electricity/sales_revenue_price/xls/f8612024.zip,https://vermontelectric.coop/at-a-glance,23.261459,35964,0,35964,100.0,majority_coverage,Reported,18.450251,5139,0,5139,100.0,majority_coverage,Reported,12.899943,19,0,19,100.0,majority_coverage,Reported,Cooperative
COOP_MA_TAUNTON,18488,City of Taunton,Taunton Municipal Lighting Plant,MA,2024,COOP,COOP,Municipal,35684,"At least 10,000 residential customers in the 2024 regional EIA/PUDL roster","EIA Electric Sales, Revenue, and Average Price",https://www.eia.gov/electricity/sales_revenue_price/xls/f8612024.zip,https://www.taunton-ma.gov/DocumentCenter/View/5355/Annual-Comprehensive-Financial-Report-for-Fiscal-Year-Ended-June-30-2024,21.463636,35684,0,35684,100.0,majority_coverage,Reported,22.624372,4545,0,4545,100.0,majority_coverage,Reported,19.09677,461,0,461,100.0,majority_coverage,Reported,Municipal
COOP_MA_READING,15748,Town of Reading - (MA),Reading Municipal Light Department,MA,2024,COOP,COOP,Municipal,27405,"At least 10,000 residential customers in the 2024 regional EIA/PUDL roster","EIA Electric Sales, Revenue, and Average Price",https://www.eia.gov/electricity/sales_revenue_price/xls/f8612024.zip,https://www.mass.gov/info-details/massachusetts-municipally-owned-electric-companies,15.859442,27405,0,27405,100.0,majority_coverage,Reported,13.107392,3295,0,3295,100.0,majority_coverage,Reported,,0,0,0,,no_published_price,Not reported,Municipal
DOM_MA_FITCHBURG,6374,Fitchburg Gas & Elec Light Co,Fitchburg Gas & Electric Light,MA,2024,DOM,DOM,Investor Owned,26290,"At least 10,000 residential customers in the 2024 regional EIA/PUDL roster","EIA Electric Sales, Revenue, and Average Price",https://www.eia.gov/electricity/sales_revenue_price/xls/f8612024.zip,https://unitil.com/electric-gas-service/pricing-rates/rates/ferc-oatt-information/transmission-service-information-ma,40.080489,6168,20122,26290,23.461392164321033,minority_coverage,Reported,36.405147,726,3838,4564,15.907099035933392,minority_coverage,Reported,,0,30,30,0.0,no_published_price,Not reported,Investor Owned
COOP_MA_CHICOPEE,3477,City of Chicopee - (MA),Chicopee Electric Light,MA,2024,COOP,COOP,Municipal,23218,"At least 10,000 residential customers in the 2024 regional EIA/PUDL roster","EIA Electric Sales, Revenue, and Average Price",https://www.eia.gov/electricity/sales_revenue_price/xls/f8612024.zip,https://www.celd.com/about,16.164584,23218,0,23218,100.0,majority_coverage,Reported,16.529782,2794,0,2794,100.0,majority_coverage,Reported,14.259497,40,0,40,100.0,majority_coverage,Reported,Municipal
COOP_MA_PEABODY,14605,City of Peabody - (MA),Peabody Municipal Light Plant,MA,2024,COOP,COOP,Municipal,22546,"At least 10,000 residential customers in the 2024 regional EIA/PUDL roster","EIA Electric Sales, Revenue, and Average Price",https://www.eia.gov/electricity/sales_revenue_price/xls/f8612024.zip,https://www.pmlp.com/27/About-Us,15.709837,22546,0,22546,100.0,majority_coverage,Reported,18.626588,2673,0,2673,100.0,majority_coverage,Reported,16.045173,1867,0,1867,100.0,majority_coverage,Reported,Municipal
COOP_CT_WALLINGFORD,20038,Town of Wallingford - (CT),Wallingford Electric Division,CT,2024,COOP,COOP,Municipal,21405,"At least 10,000 residential customers in the 2024 regional EIA/PUDL roster","EIA Electric Sales, Revenue, and Average Price",https://www.eia.gov/electricity/sales_revenue_price/xls/f8612024.zip,https://www.wallingfordct.gov/government/departments/public-utilities/,15.651391,21405,0,21405,100.0,majority_coverage,Reported,12.821672,3670,0,3670,100.0,majority_coverage,Reported,11.010399,25,0,25,100.0,majority_coverage,Reported,Municipal
COOP_CT_NORWICH,13831,City of Norwich - (CT),Norwich Public Utilities,CT,2024,COOP,COOP,Municipal,18870,"At least 10,000 residential customers in the 2024 regional EIA/PUDL roster","EIA Electric Sales, Revenue, and Average Price",https://www.eia.gov/electricity/sales_revenue_price/xls/f8612024.zip,https://www.norwichct.gov/272/Public-Utilities,22.782728,18870,0,18870,100.0,majority_coverage,Reported,20.309405,2014,0,2014,100.0,majority_coverage,Reported,18.361983,14,0,14,100.0,majority_coverage,Reported,Municipal
COOP_VT_BURLINGTON,2548,City of Burlington Electric - (VT),Burlington Electric Department,VT,2024,COOP,COOP,Municipal,17861,"At least 10,000 residential customers in the 2024 regional EIA/PUDL roster","EIA Electric Sales, Revenue, and Average Price",https://www.eia.gov/electricity/sales_revenue_price/xls/f8612024.zip,https://www.burlingtonelectric.com/history,18.884319,17861,0,17861,100.0,majority_coverage,Reported,17.765003,3972,0,3972,100.0,majority_coverage,Reported,13.719759,9,0,9,100.0,majority_coverage,Reported,Municipal
COOP_NY_FAIRPORT,5930,Village of Fairport - (NY),Fairport Municipal Commission,NY,2024,COOP,COOP,Municipal,16462,"At least 10,000 residential customers in the 2024 regional EIA/PUDL roster","EIA Electric Sales, Revenue, and Average Price",https://www.eia.gov/electricity/sales_revenue_price/xls/f8612024.zip,https://dps.ny.gov/location/village-fairport-electric,6.6904341,16462,0,16462,100.0,majority_coverage,Reported,7.5580234,1602,0,1602,100.0,majority_coverage,Reported,4.9509571,12,0,12,100.0,majority_coverage,Reported,Municipal
COOP_MA_20481,20481,City of Westfield - (MA),City of Westfield - (MA),MA,2024,COOP,COOP,Municipal,16200,"At least 10,000 residential customers in the 2024 regional EIA/PUDL roster","EIA Electric Sales, Revenue, and Average Price",https://www.eia.gov/electricity/sales_revenue_price/xls/f8612024.zip,https://s3.us-west-2.amazonaws.com/pudl.catalyst.coop/stable/core_eia861__yearly_sales.parquet,17.587449,16200,0,16200,100.0,majority_coverage,Reported,20.242565,2078,0,2078,100.0,majority_coverage,Reported,17.767779,66,0,66,100.0,majority_coverage,Reported,Municipal
COOP_MA_17127,17127,Town of Shrewsbury - (MA),Town of Shrewsbury - (MA),MA,2024,COOP,COOP,Municipal,15713,"At least 10,000 residential customers in the 2024 regional EIA/PUDL roster","EIA Electric Sales, Revenue, and Average Price",https://www.eia.gov/electricity/sales_revenue_price/xls/f8612024.zip,https://s3.us-west-2.amazonaws.com/pudl.catalyst.coop/stable/core_eia861__yearly_sales.parquet,14.272446,15713,0,15713,100.0,majority_coverage,Reported,14.593243,1171,0,1171,100.0,majority_coverage,Reported,12.109957,102,0,102,100.0,majority_coverage,Reported,Municipal
COOP_NY_9645,9645,Jamestown Board of Public Util,Jamestown Board of Public Util,NY,2024,COOP,COOP,Municipal,15562,"At least 10,000 residential customers in the 2024 regional EIA/PUDL roster","EIA Electric Sales, Revenue, and Average Price",https://www.eia.gov/electricity/sales_revenue_price/xls/f8612024.zip,https://s3.us-west-2.amazonaws.com/pudl.catalyst.coop/stable/core_eia861__yearly_sales.parquet,8.4251059,15562,0,15562,100.0,majority_coverage,Reported,8.7170836,2667,0,2667,100.0,majority_coverage,Reported,7.2374343,118,0,118,100.0,majority_coverage,Reported,Municipal
COOP_MA_8774,8774,City of Holyoke - (MA),City of Holyoke - (MA),MA,2024,COOP,COOP,Municipal,15040,"At least 10,000 residential customers in the 2024 regional EIA/PUDL roster","EIA Electric Sales, Revenue, and Average Price",https://www.eia.gov/electricity/sales_revenue_price/xls/f8612024.zip,https://s3.us-west-2.amazonaws.com/pudl.catalyst.coop/stable/core_eia861__yearly_sales.parquet,16.580047,15040,0,15040,100.0,majority_coverage,Reported,14.889116,2905,0,2905,100.0,majority_coverage,Reported,11.594015,21,0,21,100.0,majority_coverage,Reported,Municipal
COOP_MA_12473,12473,Town of Middleborough - (MA),Town of Middleborough - (MA),MA,2024,COOP,COOP,Municipal,14884,"At least 10,000 residential customers in the 2024 regional EIA/PUDL roster","EIA Electric Sales, Revenue, and Average Price",https://www.eia.gov/electricity/sales_revenue_price/xls/f8612024.zip,https://s3.us-west-2.amazonaws.com/pudl.catalyst.coop/stable/core_eia861__yearly_sales.parquet,15.836386,14884,0,14884,100.0,majority_coverage,Reported,14.945468,3231,0,3231,100.0,majority_coverage,Reported,13.606023,17,0,17,100.0,majority_coverage,Reported,Municipal
COOP_MA_2144,2144,Town of Braintree - (MA),Town of Braintree - (MA),MA,2024,COOP,COOP,Municipal,14039,"At least 10,000 residential customers in the 2024 regional EIA/PUDL roster","EIA Electric Sales, Revenue, and Average Price",https://www.eia.gov/electricity/sales_revenue_price/xls/f8612024.zip,https://s3.us-west-2.amazonaws.com/pudl.catalyst.coop/stable/core_eia861__yearly_sales.parquet,15.787043,14039,0,14039,100.0,majority_coverage,Reported,16.767541,2725,0,2725,100.0,majority_coverage,Reported,15.126234,5,0,5,100.0,majority_coverage,Reported,Municipal
COOP_MA_13839,13839,City of Norwood - (MA),City of Norwood - (MA),MA,2024,COOP,COOP,Municipal,13601,"At least 10,000 residential customers in the 2024 regional EIA/PUDL roster","EIA Electric Sales, Revenue, and Average Price",https://www.eia.gov/electricity/sales_revenue_price/xls/f8612024.zip,https://s3.us-west-2.amazonaws.com/pudl.catalyst.coop/stable/core_eia861__yearly_sales.parquet,17.66734,13601,0,13601,100.0,majority_coverage,Reported,19.572329,2148,0,2148,100.0,majority_coverage,Reported,15.617086,45,0,45,100.0,majority_coverage,Reported,Municipal
COOP_NY_6775,6775,Village of Freeport - (NY),Village of Freeport - (NY),NY,2024,COOP,COOP,Municipal,13353,"At least 10,000 residential customers in the 2024 regional EIA/PUDL roster","EIA Electric Sales, Revenue, and Average Price",https://www.eia.gov/electricity/sales_revenue_price/xls/f8612024.zip,https://s3.us-west-2.amazonaws.com/pudl.catalyst.coop/stable/core_eia861__yearly_sales.parquet,14.117485,13353,0,13353,100.0,majority_coverage,Reported,13.752259,1966,0,1966,100.0,majority_coverage,Reported,,0,0,0,,no_published_price,Not reported,Municipal
MTC_MA_NANTUCKET,13206,Nantucket Electric Co,Nantucket Electric,MA,2024,MTC,MTC,Investor Owned,12823,"At least 10,000 residential customers in the 2024 regional EIA/PUDL roster","EIA Electric Sales, Revenue, and Average Price",https://www.eia.gov/electricity/sales_revenue_price/xls/f8612024.zip,https://www.nationalgridus.com/News/2023/11/National-Grid-Submits-Comprehensive-Performance-Investment-Plan-as-Part-of-Rate-Review-to-Build-a-Smarter%2C-Stronger%2C-Cleaner%2C-and-More-Equitable-Energy-Future/,35.108449,2055,10768,12823,16.025890977150432,minority_coverage,Reported,30.140619,250,1467,1717,14.560279557367501,minority_coverage,Reported,30.4,1,3,4,25.0,minority_coverage,Reported,Investor Owned
COOP_MA_13679,13679,Town of North Attleborough - (MA),Town of North Attleborough - (MA),MA,2024,COOP,COOP,Municipal,12607,"At least 10,000 residential customers in the 2024 regional EIA/PUDL roster","EIA Electric Sales, Revenue, and Average Price",https://www.eia.gov/electricity/sales_revenue_price/xls/f8612024.zip,https://s3.us-west-2.amazonaws.com/pudl.catalyst.coop/stable/core_eia861__yearly_sales.parquet,15.905916,12607,0,12607,100.0,majority_coverage,Reported,15.812798,1161,0,1161,100.0,majority_coverage,Reported,14.996402,128,0,128,100.0,majority_coverage,Reported,Municipal
COOP_CT_7716,7716,Groton Dept of Utilities - (CT),Groton Dept of Utilities - (CT),CT,2024,COOP,COOP,Municipal,12284,"At least 10,000 residential customers in the 2024 regional EIA/PUDL roster","EIA Electric Sales, Revenue, and Average Price",https://www.eia.gov/electricity/sales_revenue_price/xls/f8612024.zip,https://s3.us-west-2.amazonaws.com/pudl.catalyst.coop/stable/core_eia861__yearly_sales.parquet,18.704273,12284,0,12284,100.0,majority_coverage,Reported,17.984809,1588,0,1588,100.0,majority_coverage,Reported,13.539973,17,0,17,100.0,majority_coverage,Reported,Municipal
COOP_MA_5480,5480,Town of Danvers,Town of Danvers,MA,2024,COOP,COOP,Municipal,11594,"At least 10,000 residential customers in the 2024 regional EIA/PUDL roster","EIA Electric Sales, Revenue, and Average Price",https://www.eia.gov/electricity/sales_revenue_price/xls/f8612024.zip,https://s3.us-west-2.amazonaws.com/pudl.catalyst.coop/stable/core_eia861__yearly_sales.parquet,16.446283,11594,0,11594,100.0,majority_coverage,Reported,15.882686,1549,0,1549,100.0,majority_coverage,Reported,13.336746,349,0,349,100.0,majority_coverage,Reported,Municipal
COOP_MA_8973,8973,Town of Hudson - (MA),Town of Hudson - (MA),MA,2024,COOP,COOP,Municipal,11448,"At least 10,000 residential customers in the 2024 regional EIA/PUDL roster","EIA Electric Sales, Revenue, and Average Price",https://www.eia.gov/electricity/sales_revenue_price/xls/f8612024.zip,https://s3.us-west-2.amazonaws.com/pudl.catalyst.coop/stable/core_eia861__yearly_sales.parquet,13.386663,11448,0,11448,100.0,majority_coverage,Reported,10.777996,1901,0,1901,100.0,majority_coverage,Reported,15.04928,166,0,166,100.0,majority_coverage,Reported,Municipal
COOP_ME_5609,5609,Eastern Maine Electric Coop,Eastern Maine Electric Coop,ME,2024,COOP,COOP,Cooperative,10803,"At least 10,000 residential customers in the 2024 regional EIA/PUDL roster","EIA Electric Sales, Revenue, and Average Price",https://www.eia.gov/electricity/sales_revenue_price/xls/f8612024.zip,https://s3.us-west-2.amazonaws.com/pudl.catalyst.coop/stable/core_eia861__yearly_sales.parquet,17.057021,10803,0,10803,100.0,majority_coverage,Reported,15.591154,2424,0,2424,100.0,majority_coverage,Reported,13.239143,30,0,30,100.0,majority_coverage,Reported,Cooperative
