panel_id,utility_id_eia,utility_name_eia,display_name,state,year,ownership,ownership_2024,parent_or_owner,parent_country_or_level,reliability_row_status,reporting_standard,standard_changed_during_panel,comparability_status,reliability_customers,entity_type,short_form,highest_distribution_voltage_kv,inactive_accounts_included,momentary_interruption_definition,outages_recorded_automatically,saidi_w_major_event_days_minutes,saidi_wo_major_event_days_minutes,saidi_w_major_event_days_minus_loss_of_service_minutes,saifi_w_major_event_days_customers,saifi_wo_major_event_days_customers,saifi_w_major_event_days_minus_loss_of_service_customers,caidi_w_major_event_days_minutes,caidi_wo_major_event_days_minutes,caidi_w_major_event_days_minus_loss_of_service_minutes,reported_metric_count,display_metrics_complete,caidi_source_status,official_eia_validation_status,analysis_use,analysis_excluded_fields,independent_crosscheck_status,independent_crosscheck_scope,independent_crosscheck_saidi,independent_crosscheck_saifi,independent_crosscheck_caidi,independent_crosscheck_customer_count,independent_crosscheck_source_title,independent_crosscheck_source_url,independent_crosscheck_additional_source_url,independent_crosscheck_source_location,independent_crosscheck_note,review_status,quality_note,source_status,source_report,source_schedule,eia_source_page,eia_source_file_url,pudl_source_url,pudl_documentation_url,data_maturity,retrieved_date
COOP_CT_NORWICH,13831,City of Norwich - (CT),Norwich Public Utilities,CT,2013,COOP,COOP,City of Norwich,Local municipal,reported,ieee_standard,False,consistent_ieee_standard,20900.0,Municipal,,35.0,,,True,42.0,42.0,42.0,0.428,0.428,0.428,98.130841,98.130841,98.130841,9,True,Derived by PUDL as SAIDI divided by SAIFI,exact_match,ready_for_descriptive_use,,not_independently_checked,,,,,,,,,,,ready_for_descriptive_use,No coverage or definition flag in this audit.,Utility-reported EIA-861 data standardized by PUDL,"EIA Form 861, Annual Electric Power Industry Report",Distribution System Reliability,https://www.eia.gov/electricity/data/eia861/,https://www.eia.gov/electricity/data/eia861/archive/zip/f8612013.zip,https://s3.us-west-2.amazonaws.com/pudl.catalyst.coop/stable/core_eia861__yearly_reliability.parquet,https://catalystcoop-pudl.readthedocs.io/en/stable/data_sources/eia861.html,final,2026-08-08
COOP_CT_NORWICH,13831,City of Norwich - (CT),Norwich Public Utilities,CT,2014,COOP,COOP,City of Norwich,Local municipal,reported,ieee_standard,False,consistent_ieee_standard,20005.0,Municipal,,35.0,,,True,38.486,38.486,38.486,0.458,0.458,0.458,84.030568,84.030568,84.030568,9,True,Derived by PUDL as SAIDI divided by SAIFI,exact_match,ready_for_descriptive_use,,not_independently_checked,,,,,,,,,,,ready_for_descriptive_use,No coverage or definition flag in this audit.,Utility-reported EIA-861 data standardized by PUDL,"EIA Form 861, Annual Electric Power Industry Report",Distribution System Reliability,https://www.eia.gov/electricity/data/eia861/,https://www.eia.gov/electricity/data/eia861/archive/zip/f8612014.zip,https://s3.us-west-2.amazonaws.com/pudl.catalyst.coop/stable/core_eia861__yearly_reliability.parquet,https://catalystcoop-pudl.readthedocs.io/en/stable/data_sources/eia861.html,final,2026-08-08
COOP_CT_NORWICH,13831,City of Norwich - (CT),Norwich Public Utilities,CT,2015,COOP,COOP,City of Norwich,Local municipal,reported,ieee_standard,False,consistent_ieee_standard,20049.0,Municipal,,35.0,,,False,27.123,27.123,27.123,0.373,0.373,0.373,72.715818,72.715818,72.715818,9,True,Derived by PUDL as SAIDI divided by SAIFI,exact_match,ready_for_descriptive_use,,not_independently_checked,,,,,,,,,,,ready_for_descriptive_use,No coverage or definition flag in this audit.,Utility-reported EIA-861 data standardized by PUDL,"EIA Form 861, Annual Electric Power Industry Report",Distribution System Reliability,https://www.eia.gov/electricity/data/eia861/,https://www.eia.gov/electricity/data/eia861/archive/zip/f8612015.zip,https://s3.us-west-2.amazonaws.com/pudl.catalyst.coop/stable/core_eia861__yearly_reliability.parquet,https://catalystcoop-pudl.readthedocs.io/en/stable/data_sources/eia861.html,final,2026-08-08
COOP_CT_NORWICH,13831,City of Norwich - (CT),Norwich Public Utilities,CT,2016,COOP,COOP,City of Norwich,Local municipal,reported,ieee_standard,False,consistent_ieee_standard,20046.0,Municipal,,35.0,,,False,56.343,56.343,56.343,0.641,0.641,0.641,87.898596,87.898596,87.898596,9,True,Derived by PUDL as SAIDI divided by SAIFI,exact_match,ready_for_descriptive_use,,not_independently_checked,,,,,,,,,,,ready_for_descriptive_use,No coverage or definition flag in this audit.,Utility-reported EIA-861 data standardized by PUDL,"EIA Form 861, Annual Electric Power Industry Report",Distribution System Reliability,https://www.eia.gov/electricity/data/eia861/,https://www.eia.gov/electricity/data/eia861/archive/zip/f8612016.zip,https://s3.us-west-2.amazonaws.com/pudl.catalyst.coop/stable/core_eia861__yearly_reliability.parquet,https://catalystcoop-pudl.readthedocs.io/en/stable/data_sources/eia861.html,final,2026-08-08
COOP_CT_NORWICH,13831,City of Norwich - (CT),Norwich Public Utilities,CT,2017,COOP,COOP,City of Norwich,Local municipal,reported,ieee_standard,False,consistent_ieee_standard,20175.0,Municipal,,35.0,,,False,135.08,48.52,135.08,0.65,0.53,0.65,207.81538,91.54717,207.81538,9,True,Derived by PUDL as SAIDI divided by SAIFI,exact_match,ready_for_descriptive_use,,not_independently_checked,,,,,,,,,,,ready_for_descriptive_use,No coverage or definition flag in this audit.,Utility-reported EIA-861 data standardized by PUDL,"EIA Form 861, Annual Electric Power Industry Report",Distribution System Reliability,https://www.eia.gov/electricity/data/eia861/,https://www.eia.gov/electricity/data/eia861/archive/zip/f8612017.zip,https://s3.us-west-2.amazonaws.com/pudl.catalyst.coop/stable/core_eia861__yearly_reliability.parquet,https://catalystcoop-pudl.readthedocs.io/en/stable/data_sources/eia861.html,final,2026-08-08
COOP_CT_NORWICH,13831,City of Norwich - (CT),Norwich Public Utilities,CT,2018,COOP,COOP,City of Norwich,Local municipal,reported,ieee_standard,False,consistent_ieee_standard,20298.0,Municipal,,35.0,,,False,138.81,84.48,138.81,0.93,0.72,0.93,149.25806,117.33333,149.25806,9,True,Derived by PUDL as SAIDI divided by SAIFI,exact_match,ready_for_descriptive_use,,not_independently_checked,,,,,,,,,,,ready_for_descriptive_use,No coverage or definition flag in this audit.,Utility-reported EIA-861 data standardized by PUDL,"EIA Form 861, Annual Electric Power Industry Report",Distribution System Reliability,https://www.eia.gov/electricity/data/eia861/,https://www.eia.gov/electricity/data/eia861/archive/zip/f8612018.zip,https://s3.us-west-2.amazonaws.com/pudl.catalyst.coop/stable/core_eia861__yearly_reliability.parquet,https://catalystcoop-pudl.readthedocs.io/en/stable/data_sources/eia861.html,final,2026-08-08
COOP_CT_NORWICH,13831,City of Norwich - (CT),Norwich Public Utilities,CT,2019,COOP,COOP,City of Norwich,Local municipal,reported,ieee_standard,False,consistent_ieee_standard,20456.0,Municipal,,35.0,,,False,94.71,94.71,94.71,1.04,1.04,1.04,91.067308,91.067308,91.067308,9,True,Derived by PUDL as SAIDI divided by SAIFI,exact_match,ready_for_descriptive_use,,not_independently_checked,,,,,,,,,,,ready_for_descriptive_use,No coverage or definition flag in this audit.,Utility-reported EIA-861 data standardized by PUDL,"EIA Form 861, Annual Electric Power Industry Report",Distribution System Reliability,https://www.eia.gov/electricity/data/eia861/,https://www.eia.gov/electricity/data/eia861/archive/zip/f8612019.zip,https://s3.us-west-2.amazonaws.com/pudl.catalyst.coop/stable/core_eia861__yearly_reliability.parquet,https://catalystcoop-pudl.readthedocs.io/en/stable/data_sources/eia861.html,final,2026-08-08
COOP_CT_NORWICH,13831,City of Norwich - (CT),Norwich Public Utilities,CT,2020,COOP,COOP,City of Norwich,Local municipal,reported,ieee_standard,False,consistent_ieee_standard,20564.0,Municipal,,35.0,,,False,132.19,132.19,132.19,0.93,0.93,0.93,142.13978,142.13978,142.13978,9,True,Derived by PUDL as SAIDI divided by SAIFI,exact_match,ready_for_descriptive_use,,not_independently_checked,,,,,,,,,,,ready_for_descriptive_use,No coverage or definition flag in this audit.,Utility-reported EIA-861 data standardized by PUDL,"EIA Form 861, Annual Electric Power Industry Report",Distribution System Reliability,https://www.eia.gov/electricity/data/eia861/,https://www.eia.gov/electricity/data/eia861/archive/zip/f8612020.zip,https://s3.us-west-2.amazonaws.com/pudl.catalyst.coop/stable/core_eia861__yearly_reliability.parquet,https://catalystcoop-pudl.readthedocs.io/en/stable/data_sources/eia861.html,final,2026-08-08
COOP_CT_NORWICH,13831,City of Norwich - (CT),Norwich Public Utilities,CT,2021,COOP,COOP,City of Norwich,Local municipal,reported,ieee_standard,False,consistent_ieee_standard,20642.0,Municipal,,35.0,,,False,169.31,113.441,169.31,0.929,0.834,0.929,182.24973,136.02038,182.24973,9,True,Derived by PUDL as SAIDI divided by SAIFI,exact_match,ready_for_descriptive_use,,not_independently_checked,,,,,,,,,,,ready_for_descriptive_use,No coverage or definition flag in this audit.,Utility-reported EIA-861 data standardized by PUDL,"EIA Form 861, Annual Electric Power Industry Report",Distribution System Reliability,https://www.eia.gov/electricity/data/eia861/,https://www.eia.gov/electricity/data/eia861/archive/zip/f8612021.zip,https://s3.us-west-2.amazonaws.com/pudl.catalyst.coop/stable/core_eia861__yearly_reliability.parquet,https://catalystcoop-pudl.readthedocs.io/en/stable/data_sources/eia861.html,final,2026-08-08
COOP_CT_NORWICH,13831,City of Norwich - (CT),Norwich Public Utilities,CT,2022,COOP,COOP,City of Norwich,Local municipal,reported,ieee_standard,False,consistent_ieee_standard,20747.0,Municipal,,35.0,,,True,120.49,120.49,120.49,1.01,1.01,1.01,119.29703,119.29703,119.29703,9,True,Derived by PUDL as SAIDI divided by SAIFI,exact_match,ready_for_descriptive_use,,not_independently_checked,,,,,,,,,,,ready_for_descriptive_use,No coverage or definition flag in this audit.,Utility-reported EIA-861 data standardized by PUDL,"EIA Form 861, Annual Electric Power Industry Report",Distribution System Reliability,https://www.eia.gov/electricity/data/eia861/,https://www.eia.gov/electricity/data/eia861/archive/zip/f8612022.zip,https://s3.us-west-2.amazonaws.com/pudl.catalyst.coop/stable/core_eia861__yearly_reliability.parquet,https://catalystcoop-pudl.readthedocs.io/en/stable/data_sources/eia861.html,final,2026-08-08
COOP_CT_NORWICH,13831,City of Norwich - (CT),Norwich Public Utilities,CT,2023,COOP,COOP,City of Norwich,Local municipal,reported,ieee_standard,False,consistent_ieee_standard,20808.0,Municipal,,34.5,,,True,456.89,153.15,153.15,2.4,1.21,1.21,190.37083,126.57025,126.57025,9,True,Derived by PUDL as SAIDI divided by SAIFI,exact_match,ready_for_descriptive_use,,not_independently_checked,,,,,,,,,,,ready_for_descriptive_use,No coverage or definition flag in this audit.,Utility-reported EIA-861 data standardized by PUDL,"EIA Form 861, Annual Electric Power Industry Report",Distribution System Reliability,https://www.eia.gov/electricity/data/eia861/,https://www.eia.gov/electricity/data/eia861/archive/zip/f8612023.zip,https://s3.us-west-2.amazonaws.com/pudl.catalyst.coop/stable/core_eia861__yearly_reliability.parquet,https://catalystcoop-pudl.readthedocs.io/en/stable/data_sources/eia861.html,final,2026-08-08
COOP_CT_NORWICH,13831,City of Norwich - (CT),Norwich Public Utilities,CT,2024,COOP,COOP,City of Norwich,Local municipal,reported,ieee_standard,False,consistent_ieee_standard,20898.0,Municipal,,34.5,,,True,287.98,287.98,287.98,1.45,1.45,1.45,198.6069,198.6069,198.6069,9,True,Derived by PUDL as SAIDI divided by SAIFI,exact_match,ready_for_descriptive_use,,not_independently_checked,,,,,,,,,,,ready_for_descriptive_use,No coverage or definition flag in this audit.,Utility-reported EIA-861 data standardized by PUDL,"EIA Form 861, Annual Electric Power Industry Report",Distribution System Reliability,https://www.eia.gov/electricity/data/eia861/,https://www.eia.gov/electricity/data/eia861/zip/f8612024.zip,https://s3.us-west-2.amazonaws.com/pudl.catalyst.coop/stable/core_eia861__yearly_reliability.parquet,https://catalystcoop-pudl.readthedocs.io/en/stable/data_sources/eia861.html,final,2026-08-08
COOP_CT_WALLINGFORD,20038,Town of Wallingford - (CT),Wallingford Electric Division,CT,2013,COOP,COOP,Town of Wallingford,Local municipal,reported,other_standard,False,consistent_other_standard,24738.0,Municipal,,13.8,False,L,False,,29.0,,,0.102,,,284.31373,,3,False,Derived by PUDL as SAIDI divided by SAIFI,exact_match,descriptive_only_incomplete_metrics,,not_independently_checked,,,,,,,,,,,incomplete_metrics,"Missing display fields: saidi_w_major_event_days_minutes, saifi_w_major_event_days_customers, caidi_w_major_event_days_minutes. Utility reports using a non-IEEE method allowed by EIA; retain for within-utility description, but do not pool directly with IEEE rows.",Utility-reported EIA-861 data standardized by PUDL,"EIA Form 861, Annual Electric Power Industry Report",Distribution System Reliability,https://www.eia.gov/electricity/data/eia861/,https://www.eia.gov/electricity/data/eia861/archive/zip/f8612013.zip,https://s3.us-west-2.amazonaws.com/pudl.catalyst.coop/stable/core_eia861__yearly_reliability.parquet,https://catalystcoop-pudl.readthedocs.io/en/stable/data_sources/eia861.html,final,2026-08-08
COOP_CT_WALLINGFORD,20038,Town of Wallingford - (CT),Wallingford Electric Division,CT,2014,COOP,COOP,Town of Wallingford,Local municipal,reported,other_standard,False,consistent_other_standard,24624.0,Municipal,,13.8,False,L,False,12.6,12.6,,0.1,0.1,,126.0,126.0,,6,True,Derived by PUDL as SAIDI divided by SAIFI,exact_match,descriptive_only_non_ieee_method,,not_independently_checked,,,,,,,,,,,descriptive_only_non_ieee_method,"Utility reports using a non-IEEE method allowed by EIA; retain for within-utility description, but do not pool directly with IEEE rows.",Utility-reported EIA-861 data standardized by PUDL,"EIA Form 861, Annual Electric Power Industry Report",Distribution System Reliability,https://www.eia.gov/electricity/data/eia861/,https://www.eia.gov/electricity/data/eia861/archive/zip/f8612014.zip,https://s3.us-west-2.amazonaws.com/pudl.catalyst.coop/stable/core_eia861__yearly_reliability.parquet,https://catalystcoop-pudl.readthedocs.io/en/stable/data_sources/eia861.html,final,2026-08-08
COOP_CT_WALLINGFORD,20038,Town of Wallingford - (CT),Wallingford Electric Division,CT,2015,COOP,COOP,Town of Wallingford,Local municipal,reported,other_standard,False,consistent_other_standard,24738.0,Municipal,,13.8,False,L,False,333.648,9.2,,0.296,0.092,,1127.1892,100.0,,6,True,Derived by PUDL as SAIDI divided by SAIFI,exact_match,descriptive_only_non_ieee_method,,not_independently_checked,,,,,,,,,,,descriptive_only_non_ieee_method,"Utility reports using a non-IEEE method allowed by EIA; retain for within-utility description, but do not pool directly with IEEE rows.",Utility-reported EIA-861 data standardized by PUDL,"EIA Form 861, Annual Electric Power Industry Report",Distribution System Reliability,https://www.eia.gov/electricity/data/eia861/,https://www.eia.gov/electricity/data/eia861/archive/zip/f8612015.zip,https://s3.us-west-2.amazonaws.com/pudl.catalyst.coop/stable/core_eia861__yearly_reliability.parquet,https://catalystcoop-pudl.readthedocs.io/en/stable/data_sources/eia861.html,final,2026-08-08
COOP_CT_WALLINGFORD,20038,Town of Wallingford - (CT),Wallingford Electric Division,CT,2016,COOP,COOP,Town of Wallingford,Local municipal,reported,other_standard,False,consistent_other_standard,24777.0,Municipal,,13.8,False,L,False,52.5,52.5,,0.3,0.3,,175.0,175.0,,6,True,Derived by PUDL as SAIDI divided by SAIFI,exact_match,descriptive_only_non_ieee_method,,not_independently_checked,,,,,,,,,,,descriptive_only_non_ieee_method,"Utility reports using a non-IEEE method allowed by EIA; retain for within-utility description, but do not pool directly with IEEE rows.",Utility-reported EIA-861 data standardized by PUDL,"EIA Form 861, Annual Electric Power Industry Report",Distribution System Reliability,https://www.eia.gov/electricity/data/eia861/,https://www.eia.gov/electricity/data/eia861/archive/zip/f8612016.zip,https://s3.us-west-2.amazonaws.com/pudl.catalyst.coop/stable/core_eia861__yearly_reliability.parquet,https://catalystcoop-pudl.readthedocs.io/en/stable/data_sources/eia861.html,final,2026-08-08
COOP_CT_WALLINGFORD,20038,Town of Wallingford - (CT),Wallingford Electric Division,CT,2017,COOP,COOP,Town of Wallingford,Local municipal,reported,other_standard,False,consistent_other_standard,24906.0,Municipal,,13.8,False,L,False,116.17,22.03,,0.435,0.279,,267.05747,78.960573,,6,True,Derived by PUDL as SAIDI divided by SAIFI,exact_match,descriptive_only_non_ieee_method,,not_independently_checked,,,,,,,,,,,descriptive_only_non_ieee_method,"Utility reports using a non-IEEE method allowed by EIA; retain for within-utility description, but do not pool directly with IEEE rows.",Utility-reported EIA-861 data standardized by PUDL,"EIA Form 861, Annual Electric Power Industry Report",Distribution System Reliability,https://www.eia.gov/electricity/data/eia861/,https://www.eia.gov/electricity/data/eia861/archive/zip/f8612017.zip,https://s3.us-west-2.amazonaws.com/pudl.catalyst.coop/stable/core_eia861__yearly_reliability.parquet,https://catalystcoop-pudl.readthedocs.io/en/stable/data_sources/eia861.html,final,2026-08-08
COOP_CT_WALLINGFORD,20038,Town of Wallingford - (CT),Wallingford Electric Division,CT,2018,COOP,COOP,Town of Wallingford,Local municipal,reported,other_standard,False,consistent_other_standard,25018.0,Municipal,,13.8,False,L,False,295.7,29.54,,0.77,0.37,,384.02597,79.837838,,6,True,Derived by PUDL as SAIDI divided by SAIFI,exact_match,descriptive_only_non_ieee_method,,not_independently_checked,,,,,,,,,,,descriptive_only_non_ieee_method,"Utility reports using a non-IEEE method allowed by EIA; retain for within-utility description, but do not pool directly with IEEE rows.",Utility-reported EIA-861 data standardized by PUDL,"EIA Form 861, Annual Electric Power Industry Report",Distribution System Reliability,https://www.eia.gov/electricity/data/eia861/,https://www.eia.gov/electricity/data/eia861/archive/zip/f8612018.zip,https://s3.us-west-2.amazonaws.com/pudl.catalyst.coop/stable/core_eia861__yearly_reliability.parquet,https://catalystcoop-pudl.readthedocs.io/en/stable/data_sources/eia861.html,final,2026-08-08
COOP_CT_WALLINGFORD,20038,Town of Wallingford - (CT),Wallingford Electric Division,CT,2019,COOP,COOP,Town of Wallingford,Local municipal,reported,other_standard,False,consistent_other_standard,25205.0,Municipal,,13.8,False,L,False,72.343,24.223,,0.471,0.281,,153.59448,86.202847,,6,True,Derived by PUDL as SAIDI divided by SAIFI,exact_match,descriptive_only_non_ieee_method,,not_independently_checked,,,,,,,,,,,descriptive_only_non_ieee_method,"Utility reports using a non-IEEE method allowed by EIA; retain for within-utility description, but do not pool directly with IEEE rows.",Utility-reported EIA-861 data standardized by PUDL,"EIA Form 861, Annual Electric Power Industry Report",Distribution System Reliability,https://www.eia.gov/electricity/data/eia861/,https://www.eia.gov/electricity/data/eia861/archive/zip/f8612019.zip,https://s3.us-west-2.amazonaws.com/pudl.catalyst.coop/stable/core_eia861__yearly_reliability.parquet,https://catalystcoop-pudl.readthedocs.io/en/stable/data_sources/eia861.html,final,2026-08-08
COOP_CT_WALLINGFORD,20038,Town of Wallingford - (CT),Wallingford Electric Division,CT,2020,COOP,COOP,Town of Wallingford,Local municipal,reported,other_standard,False,consistent_other_standard,23325.0,Municipal,,13.8,False,L,False,60.663,19.534,,0.429,0.17,,141.40559,114.90588,,6,True,Derived by PUDL as SAIDI divided by SAIFI,exact_match,descriptive_only_non_ieee_method,,not_independently_checked,,,,,,,,,,,descriptive_only_non_ieee_method,"Utility reports using a non-IEEE method allowed by EIA; retain for within-utility description, but do not pool directly with IEEE rows.",Utility-reported EIA-861 data standardized by PUDL,"EIA Form 861, Annual Electric Power Industry Report",Distribution System Reliability,https://www.eia.gov/electricity/data/eia861/,https://www.eia.gov/electricity/data/eia861/archive/zip/f8612020.zip,https://s3.us-west-2.amazonaws.com/pudl.catalyst.coop/stable/core_eia861__yearly_reliability.parquet,https://catalystcoop-pudl.readthedocs.io/en/stable/data_sources/eia861.html,final,2026-08-08
COOP_CT_WALLINGFORD,20038,Town of Wallingford - (CT),Wallingford Electric Division,CT,2021,COOP,COOP,Town of Wallingford,Local municipal,reported,other_standard,False,consistent_other_standard,25429.0,Municipal,,13.8,False,F,False,31.68,31.68,,0.396,0.396,,80.0,80.0,,6,True,Derived by PUDL as SAIDI divided by SAIFI,exact_match,descriptive_only_non_ieee_method,,not_independently_checked,,,,,,,,,,,descriptive_only_non_ieee_method,"Utility reports using a non-IEEE method allowed by EIA; retain for within-utility description, but do not pool directly with IEEE rows.",Utility-reported EIA-861 data standardized by PUDL,"EIA Form 861, Annual Electric Power Industry Report",Distribution System Reliability,https://www.eia.gov/electricity/data/eia861/,https://www.eia.gov/electricity/data/eia861/archive/zip/f8612021.zip,https://s3.us-west-2.amazonaws.com/pudl.catalyst.coop/stable/core_eia861__yearly_reliability.parquet,https://catalystcoop-pudl.readthedocs.io/en/stable/data_sources/eia861.html,final,2026-08-08
COOP_CT_WALLINGFORD,20038,Town of Wallingford - (CT),Wallingford Electric Division,CT,2022,COOP,COOP,Town of Wallingford,Local municipal,reported,other_standard,False,consistent_other_standard,25219.0,Municipal,,13.8,False,F,False,32.55,32.55,,0.297,0.297,,109.59596,109.59596,,6,True,Derived by PUDL as SAIDI divided by SAIFI,exact_match,descriptive_only_non_ieee_method,,not_independently_checked,,,,,,,,,,,descriptive_only_non_ieee_method,"Utility reports using a non-IEEE method allowed by EIA; retain for within-utility description, but do not pool directly with IEEE rows.",Utility-reported EIA-861 data standardized by PUDL,"EIA Form 861, Annual Electric Power Industry Report",Distribution System Reliability,https://www.eia.gov/electricity/data/eia861/,https://www.eia.gov/electricity/data/eia861/archive/zip/f8612022.zip,https://s3.us-west-2.amazonaws.com/pudl.catalyst.coop/stable/core_eia861__yearly_reliability.parquet,https://catalystcoop-pudl.readthedocs.io/en/stable/data_sources/eia861.html,final,2026-08-08
COOP_CT_WALLINGFORD,20038,Town of Wallingford - (CT),Wallingford Electric Division,CT,2023,COOP,COOP,Town of Wallingford,Local municipal,reported,other_standard,False,consistent_other_standard,25048.0,Municipal,,13.8,False,F,False,110.32,45.19,,0.46,0.27,,239.82609,167.37037,,6,True,Derived by PUDL as SAIDI divided by SAIFI,exact_match,descriptive_only_non_ieee_method,,not_independently_checked,,,,,,,,,,,descriptive_only_non_ieee_method,"Utility reports using a non-IEEE method allowed by EIA; retain for within-utility description, but do not pool directly with IEEE rows.",Utility-reported EIA-861 data standardized by PUDL,"EIA Form 861, Annual Electric Power Industry Report",Distribution System Reliability,https://www.eia.gov/electricity/data/eia861/,https://www.eia.gov/electricity/data/eia861/archive/zip/f8612023.zip,https://s3.us-west-2.amazonaws.com/pudl.catalyst.coop/stable/core_eia861__yearly_reliability.parquet,https://catalystcoop-pudl.readthedocs.io/en/stable/data_sources/eia861.html,final,2026-08-08
COOP_CT_WALLINGFORD,20038,Town of Wallingford - (CT),Wallingford Electric Division,CT,2024,COOP,COOP,Town of Wallingford,Local municipal,reported,other_standard,False,consistent_other_standard,25100.0,Municipal,,13.8,False,F,False,214.08,37.15,,0.81,0.29,,264.2963,128.10345,,6,True,Derived by PUDL as SAIDI divided by SAIFI,exact_match,descriptive_only_non_ieee_method,,not_independently_checked,,,,,,,,,,,descriptive_only_non_ieee_method,"Utility reports using a non-IEEE method allowed by EIA; retain for within-utility description, but do not pool directly with IEEE rows.",Utility-reported EIA-861 data standardized by PUDL,"EIA Form 861, Annual Electric Power Industry Report",Distribution System Reliability,https://www.eia.gov/electricity/data/eia861/,https://www.eia.gov/electricity/data/eia861/zip/f8612024.zip,https://s3.us-west-2.amazonaws.com/pudl.catalyst.coop/stable/core_eia861__yearly_reliability.parquet,https://catalystcoop-pudl.readthedocs.io/en/stable/data_sources/eia861.html,final,2026-08-08
COOP_MA_CHICOPEE,3477,City of Chicopee - (MA),Chicopee Electric Light,MA,2013,COOP,COOP,City of Chicopee,Local municipal,reported,ieee_standard,False,consistent_ieee_standard,25699.0,Municipal,,13.8,,,False,39.97,,,0.39,,,102.48718,,,3,False,Derived by PUDL as SAIDI divided by SAIFI,exact_match,descriptive_only_incomplete_metrics,,not_independently_checked,,,,,,,,,,,incomplete_metrics,"Missing display fields: saidi_wo_major_event_days_minutes, saifi_wo_major_event_days_customers, caidi_wo_major_event_days_minutes.",Utility-reported EIA-861 data standardized by PUDL,"EIA Form 861, Annual Electric Power Industry Report",Distribution System Reliability,https://www.eia.gov/electricity/data/eia861/,https://www.eia.gov/electricity/data/eia861/archive/zip/f8612013.zip,https://s3.us-west-2.amazonaws.com/pudl.catalyst.coop/stable/core_eia861__yearly_reliability.parquet,https://catalystcoop-pudl.readthedocs.io/en/stable/data_sources/eia861.html,final,2026-08-08
COOP_MA_CHICOPEE,3477,City of Chicopee - (MA),Chicopee Electric Light,MA,2014,COOP,COOP,City of Chicopee,Local municipal,reported,ieee_standard,False,consistent_ieee_standard,25750.0,Municipal,,13.8,,,False,4.621,,,0.054,,,85.574074,,,3,False,Derived by PUDL as SAIDI divided by SAIFI,exact_match,descriptive_only_incomplete_metrics,,not_independently_checked,,,,,,,,,,,incomplete_metrics,"Missing display fields: saidi_wo_major_event_days_minutes, saifi_wo_major_event_days_customers, caidi_wo_major_event_days_minutes.",Utility-reported EIA-861 data standardized by PUDL,"EIA Form 861, Annual Electric Power Industry Report",Distribution System Reliability,https://www.eia.gov/electricity/data/eia861/,https://www.eia.gov/electricity/data/eia861/archive/zip/f8612014.zip,https://s3.us-west-2.amazonaws.com/pudl.catalyst.coop/stable/core_eia861__yearly_reliability.parquet,https://catalystcoop-pudl.readthedocs.io/en/stable/data_sources/eia861.html,final,2026-08-08
COOP_MA_CHICOPEE,3477,City of Chicopee - (MA),Chicopee Electric Light,MA,2015,COOP,COOP,City of Chicopee,Local municipal,reported,ieee_standard,False,consistent_ieee_standard,26013.0,Municipal,,13.8,,,False,5.74,,,0.132,,,43.484848,,,3,False,Derived by PUDL as SAIDI divided by SAIFI,exact_match,descriptive_only_incomplete_metrics,,not_independently_checked,,,,,,,,,,,incomplete_metrics,"Missing display fields: saidi_wo_major_event_days_minutes, saifi_wo_major_event_days_customers, caidi_wo_major_event_days_minutes.",Utility-reported EIA-861 data standardized by PUDL,"EIA Form 861, Annual Electric Power Industry Report",Distribution System Reliability,https://www.eia.gov/electricity/data/eia861/,https://www.eia.gov/electricity/data/eia861/archive/zip/f8612015.zip,https://s3.us-west-2.amazonaws.com/pudl.catalyst.coop/stable/core_eia861__yearly_reliability.parquet,https://catalystcoop-pudl.readthedocs.io/en/stable/data_sources/eia861.html,final,2026-08-08
COOP_MA_CHICOPEE,3477,City of Chicopee - (MA),Chicopee Electric Light,MA,2016,COOP,COOP,City of Chicopee,Local municipal,reported,ieee_standard,False,consistent_ieee_standard,26308.0,Municipal,,13.8,,,False,17.25,,,0.371,,,46.495957,,,3,False,Derived by PUDL as SAIDI divided by SAIFI,exact_match,descriptive_only_incomplete_metrics,,not_independently_checked,,,,,,,,,,,incomplete_metrics,"Missing display fields: saidi_wo_major_event_days_minutes, saifi_wo_major_event_days_customers, caidi_wo_major_event_days_minutes.",Utility-reported EIA-861 data standardized by PUDL,"EIA Form 861, Annual Electric Power Industry Report",Distribution System Reliability,https://www.eia.gov/electricity/data/eia861/,https://www.eia.gov/electricity/data/eia861/archive/zip/f8612016.zip,https://s3.us-west-2.amazonaws.com/pudl.catalyst.coop/stable/core_eia861__yearly_reliability.parquet,https://catalystcoop-pudl.readthedocs.io/en/stable/data_sources/eia861.html,final,2026-08-08
COOP_MA_CHICOPEE,3477,City of Chicopee - (MA),Chicopee Electric Light,MA,2017,COOP,COOP,City of Chicopee,Local municipal,reported,ieee_standard,False,consistent_ieee_standard,26375.0,Municipal,,13.8,,,False,17.54,,,0.405,,,43.308642,,,3,False,Derived by PUDL as SAIDI divided by SAIFI,exact_match,descriptive_only_incomplete_metrics,,not_independently_checked,,,,,,,,,,,incomplete_metrics,"Missing display fields: saidi_wo_major_event_days_minutes, saifi_wo_major_event_days_customers, caidi_wo_major_event_days_minutes.",Utility-reported EIA-861 data standardized by PUDL,"EIA Form 861, Annual Electric Power Industry Report",Distribution System Reliability,https://www.eia.gov/electricity/data/eia861/,https://www.eia.gov/electricity/data/eia861/archive/zip/f8612017.zip,https://s3.us-west-2.amazonaws.com/pudl.catalyst.coop/stable/core_eia861__yearly_reliability.parquet,https://catalystcoop-pudl.readthedocs.io/en/stable/data_sources/eia861.html,final,2026-08-08
COOP_MA_CHICOPEE,3477,City of Chicopee - (MA),Chicopee Electric Light,MA,2018,COOP,COOP,City of Chicopee,Local municipal,reported,ieee_standard,False,consistent_ieee_standard,26219.0,Municipal,,13.8,,,False,25.94,,,0.236,,,109.91525,,,3,False,Derived by PUDL as SAIDI divided by SAIFI,exact_match,descriptive_only_incomplete_metrics,,not_independently_checked,,,,,,,,,,,incomplete_metrics,"Missing display fields: saidi_wo_major_event_days_minutes, saifi_wo_major_event_days_customers, caidi_wo_major_event_days_minutes.",Utility-reported EIA-861 data standardized by PUDL,"EIA Form 861, Annual Electric Power Industry Report",Distribution System Reliability,https://www.eia.gov/electricity/data/eia861/,https://www.eia.gov/electricity/data/eia861/archive/zip/f8612018.zip,https://s3.us-west-2.amazonaws.com/pudl.catalyst.coop/stable/core_eia861__yearly_reliability.parquet,https://catalystcoop-pudl.readthedocs.io/en/stable/data_sources/eia861.html,final,2026-08-08
COOP_MA_CHICOPEE,3477,City of Chicopee - (MA),Chicopee Electric Light,MA,2019,COOP,COOP,City of Chicopee,Local municipal,reported,ieee_standard,False,consistent_ieee_standard,25914.0,Municipal,,13.8,,,False,35.24,,,0.694,,,50.778098,,,3,False,Derived by PUDL as SAIDI divided by SAIFI,exact_match,descriptive_only_incomplete_metrics,,not_independently_checked,,,,,,,,,,,incomplete_metrics,"Missing display fields: saidi_wo_major_event_days_minutes, saifi_wo_major_event_days_customers, caidi_wo_major_event_days_minutes.",Utility-reported EIA-861 data standardized by PUDL,"EIA Form 861, Annual Electric Power Industry Report",Distribution System Reliability,https://www.eia.gov/electricity/data/eia861/,https://www.eia.gov/electricity/data/eia861/archive/zip/f8612019.zip,https://s3.us-west-2.amazonaws.com/pudl.catalyst.coop/stable/core_eia861__yearly_reliability.parquet,https://catalystcoop-pudl.readthedocs.io/en/stable/data_sources/eia861.html,final,2026-08-08
COOP_MA_CHICOPEE,3477,City of Chicopee - (MA),Chicopee Electric Light,MA,2020,COOP,COOP,City of Chicopee,Local municipal,reported,ieee_standard,False,consistent_ieee_standard,25982.0,Municipal,,13.8,,,True,226.16,,,0.381,,,593.5958,,,3,False,Derived by PUDL as SAIDI divided by SAIFI,exact_match,descriptive_only_incomplete_metrics,,not_independently_checked,,,,,,,,,,,incomplete_metrics,"Missing display fields: saidi_wo_major_event_days_minutes, saifi_wo_major_event_days_customers, caidi_wo_major_event_days_minutes.",Utility-reported EIA-861 data standardized by PUDL,"EIA Form 861, Annual Electric Power Industry Report",Distribution System Reliability,https://www.eia.gov/electricity/data/eia861/,https://www.eia.gov/electricity/data/eia861/archive/zip/f8612020.zip,https://s3.us-west-2.amazonaws.com/pudl.catalyst.coop/stable/core_eia861__yearly_reliability.parquet,https://catalystcoop-pudl.readthedocs.io/en/stable/data_sources/eia861.html,final,2026-08-08
COOP_MA_CHICOPEE,3477,City of Chicopee - (MA),Chicopee Electric Light,MA,2021,COOP,COOP,City of Chicopee,Local municipal,reported,ieee_standard,False,consistent_ieee_standard,26019.0,Municipal,,13.8,,,True,27.92,,,0.558,,,50.035842,,,3,False,Derived by PUDL as SAIDI divided by SAIFI,exact_match,descriptive_only_incomplete_metrics,,not_independently_checked,,,,,,,,,,,incomplete_metrics,"Missing display fields: saidi_wo_major_event_days_minutes, saifi_wo_major_event_days_customers, caidi_wo_major_event_days_minutes.",Utility-reported EIA-861 data standardized by PUDL,"EIA Form 861, Annual Electric Power Industry Report",Distribution System Reliability,https://www.eia.gov/electricity/data/eia861/,https://www.eia.gov/electricity/data/eia861/archive/zip/f8612021.zip,https://s3.us-west-2.amazonaws.com/pudl.catalyst.coop/stable/core_eia861__yearly_reliability.parquet,https://catalystcoop-pudl.readthedocs.io/en/stable/data_sources/eia861.html,final,2026-08-08
COOP_MA_CHICOPEE,3477,City of Chicopee - (MA),Chicopee Electric Light,MA,2022,COOP,COOP,City of Chicopee,Local municipal,reported,ieee_standard,False,consistent_ieee_standard,26019.0,Municipal,,13.8,,,True,12.92,,,0.257,,,50.272374,,,3,False,Derived by PUDL as SAIDI divided by SAIFI,exact_match,descriptive_only_incomplete_metrics,,not_independently_checked,,,,,,,,,,,incomplete_metrics,"Missing display fields: saidi_wo_major_event_days_minutes, saifi_wo_major_event_days_customers, caidi_wo_major_event_days_minutes.",Utility-reported EIA-861 data standardized by PUDL,"EIA Form 861, Annual Electric Power Industry Report",Distribution System Reliability,https://www.eia.gov/electricity/data/eia861/,https://www.eia.gov/electricity/data/eia861/archive/zip/f8612022.zip,https://s3.us-west-2.amazonaws.com/pudl.catalyst.coop/stable/core_eia861__yearly_reliability.parquet,https://catalystcoop-pudl.readthedocs.io/en/stable/data_sources/eia861.html,final,2026-08-08
COOP_MA_CHICOPEE,3477,City of Chicopee - (MA),Chicopee Electric Light,MA,2023,COOP,COOP,City of Chicopee,Local municipal,reported,ieee_standard,False,consistent_ieee_standard,26032.0,Municipal,,13.8,,,True,31.5,,,0.679,,,46.391753,,,3,False,Derived by PUDL as SAIDI divided by SAIFI,exact_match,descriptive_only_incomplete_metrics,,not_independently_checked,,,,,,,,,,,incomplete_metrics,"Missing display fields: saidi_wo_major_event_days_minutes, saifi_wo_major_event_days_customers, caidi_wo_major_event_days_minutes.",Utility-reported EIA-861 data standardized by PUDL,"EIA Form 861, Annual Electric Power Industry Report",Distribution System Reliability,https://www.eia.gov/electricity/data/eia861/,https://www.eia.gov/electricity/data/eia861/archive/zip/f8612023.zip,https://s3.us-west-2.amazonaws.com/pudl.catalyst.coop/stable/core_eia861__yearly_reliability.parquet,https://catalystcoop-pudl.readthedocs.io/en/stable/data_sources/eia861.html,final,2026-08-08
COOP_MA_CHICOPEE,3477,City of Chicopee - (MA),Chicopee Electric Light,MA,2024,COOP,COOP,City of Chicopee,Local municipal,reported,ieee_standard,False,consistent_ieee_standard,26049.0,Municipal,,13.8,,,True,10.53,,,0.209,,,50.382775,,,3,False,Derived by PUDL as SAIDI divided by SAIFI,exact_match,descriptive_only_incomplete_metrics,,not_independently_checked,,,,,,,,,,,incomplete_metrics,"Missing display fields: saidi_wo_major_event_days_minutes, saifi_wo_major_event_days_customers, caidi_wo_major_event_days_minutes.",Utility-reported EIA-861 data standardized by PUDL,"EIA Form 861, Annual Electric Power Industry Report",Distribution System Reliability,https://www.eia.gov/electricity/data/eia861/,https://www.eia.gov/electricity/data/eia861/zip/f8612024.zip,https://s3.us-west-2.amazonaws.com/pudl.catalyst.coop/stable/core_eia861__yearly_reliability.parquet,https://catalystcoop-pudl.readthedocs.io/en/stable/data_sources/eia861.html,final,2026-08-08
COOP_MA_PEABODY,14605,City of Peabody - (MA),Peabody Municipal Light Plant,MA,2013,COOP,COOP,City of Peabody,Local municipal,not_reported,,False,missing,,,,,,,,,,,,,,,,,0,False,Unavailable because a component is missing,matching_absence,missing_in_source,,not_independently_checked,,,,,,,,,,,missing_in_source,No populated reliability row appears in the PUDL EIA-861 table.,Not reported in the PUDL EIA-861 reliability table,"EIA Form 861, Annual Electric Power Industry Report",Distribution System Reliability,https://www.eia.gov/electricity/data/eia861/,https://www.eia.gov/electricity/data/eia861/archive/zip/f8612013.zip,https://s3.us-west-2.amazonaws.com/pudl.catalyst.coop/stable/core_eia861__yearly_reliability.parquet,https://catalystcoop-pudl.readthedocs.io/en/stable/data_sources/eia861.html,,2026-08-08
COOP_MA_PEABODY,14605,City of Peabody - (MA),Peabody Municipal Light Plant,MA,2014,COOP,COOP,City of Peabody,Local municipal,not_reported,,False,missing,,,,,,,,,,,,,,,,,0,False,Unavailable because a component is missing,matching_absence,missing_in_source,,not_independently_checked,,,,,,,,,,,missing_in_source,No populated reliability row appears in the PUDL EIA-861 table.,Not reported in the PUDL EIA-861 reliability table,"EIA Form 861, Annual Electric Power Industry Report",Distribution System Reliability,https://www.eia.gov/electricity/data/eia861/,https://www.eia.gov/electricity/data/eia861/archive/zip/f8612014.zip,https://s3.us-west-2.amazonaws.com/pudl.catalyst.coop/stable/core_eia861__yearly_reliability.parquet,https://catalystcoop-pudl.readthedocs.io/en/stable/data_sources/eia861.html,,2026-08-08
COOP_MA_PEABODY,14605,City of Peabody - (MA),Peabody Municipal Light Plant,MA,2015,COOP,COOP,City of Peabody,Local municipal,not_reported,,False,missing,,,,,,,,,,,,,,,,,0,False,Unavailable because a component is missing,matching_absence,missing_in_source,,not_independently_checked,,,,,,,,,,,missing_in_source,No populated reliability row appears in the PUDL EIA-861 table.,Not reported in the PUDL EIA-861 reliability table,"EIA Form 861, Annual Electric Power Industry Report",Distribution System Reliability,https://www.eia.gov/electricity/data/eia861/,https://www.eia.gov/electricity/data/eia861/archive/zip/f8612015.zip,https://s3.us-west-2.amazonaws.com/pudl.catalyst.coop/stable/core_eia861__yearly_reliability.parquet,https://catalystcoop-pudl.readthedocs.io/en/stable/data_sources/eia861.html,,2026-08-08
COOP_MA_PEABODY,14605,City of Peabody - (MA),Peabody Municipal Light Plant,MA,2016,COOP,COOP,City of Peabody,Local municipal,not_reported,,False,missing,,,,,,,,,,,,,,,,,0,False,Unavailable because a component is missing,matching_absence,missing_in_source,,not_independently_checked,,,,,,,,,,,missing_in_source,No populated reliability row appears in the PUDL EIA-861 table.,Not reported in the PUDL EIA-861 reliability table,"EIA Form 861, Annual Electric Power Industry Report",Distribution System Reliability,https://www.eia.gov/electricity/data/eia861/,https://www.eia.gov/electricity/data/eia861/archive/zip/f8612016.zip,https://s3.us-west-2.amazonaws.com/pudl.catalyst.coop/stable/core_eia861__yearly_reliability.parquet,https://catalystcoop-pudl.readthedocs.io/en/stable/data_sources/eia861.html,,2026-08-08
COOP_MA_PEABODY,14605,City of Peabody - (MA),Peabody Municipal Light Plant,MA,2017,COOP,COOP,City of Peabody,Local municipal,not_reported,,False,missing,,,,,,,,,,,,,,,,,0,False,Unavailable because a component is missing,matching_absence,missing_in_source,,not_independently_checked,,,,,,,,,,,missing_in_source,No populated reliability row appears in the PUDL EIA-861 table.,Not reported in the PUDL EIA-861 reliability table,"EIA Form 861, Annual Electric Power Industry Report",Distribution System Reliability,https://www.eia.gov/electricity/data/eia861/,https://www.eia.gov/electricity/data/eia861/archive/zip/f8612017.zip,https://s3.us-west-2.amazonaws.com/pudl.catalyst.coop/stable/core_eia861__yearly_reliability.parquet,https://catalystcoop-pudl.readthedocs.io/en/stable/data_sources/eia861.html,,2026-08-08
COOP_MA_PEABODY,14605,City of Peabody - (MA),Peabody Municipal Light Plant,MA,2018,COOP,COOP,City of Peabody,Local municipal,not_reported,,False,missing,,,,,,,,,,,,,,,,,0,False,Unavailable because a component is missing,matching_absence,missing_in_source,,not_independently_checked,,,,,,,,,,,missing_in_source,No populated reliability row appears in the PUDL EIA-861 table.,Not reported in the PUDL EIA-861 reliability table,"EIA Form 861, Annual Electric Power Industry Report",Distribution System Reliability,https://www.eia.gov/electricity/data/eia861/,https://www.eia.gov/electricity/data/eia861/archive/zip/f8612018.zip,https://s3.us-west-2.amazonaws.com/pudl.catalyst.coop/stable/core_eia861__yearly_reliability.parquet,https://catalystcoop-pudl.readthedocs.io/en/stable/data_sources/eia861.html,,2026-08-08
COOP_MA_PEABODY,14605,City of Peabody - (MA),Peabody Municipal Light Plant,MA,2019,COOP,COOP,City of Peabody,Local municipal,not_reported,,False,missing,,,,,,,,,,,,,,,,,0,False,Unavailable because a component is missing,matching_absence,missing_in_source,,not_independently_checked,,,,,,,,,,,missing_in_source,No populated reliability row appears in the PUDL EIA-861 table.,Not reported in the PUDL EIA-861 reliability table,"EIA Form 861, Annual Electric Power Industry Report",Distribution System Reliability,https://www.eia.gov/electricity/data/eia861/,https://www.eia.gov/electricity/data/eia861/archive/zip/f8612019.zip,https://s3.us-west-2.amazonaws.com/pudl.catalyst.coop/stable/core_eia861__yearly_reliability.parquet,https://catalystcoop-pudl.readthedocs.io/en/stable/data_sources/eia861.html,,2026-08-08
COOP_MA_PEABODY,14605,City of Peabody - (MA),Peabody Municipal Light Plant,MA,2020,COOP,COOP,City of Peabody,Local municipal,not_reported,,False,missing,,,,,,,,,,,,,,,,,0,False,Unavailable because a component is missing,matching_absence,missing_in_source,,not_independently_checked,,,,,,,,,,,missing_in_source,No populated reliability row appears in the PUDL EIA-861 table.,Not reported in the PUDL EIA-861 reliability table,"EIA Form 861, Annual Electric Power Industry Report",Distribution System Reliability,https://www.eia.gov/electricity/data/eia861/,https://www.eia.gov/electricity/data/eia861/archive/zip/f8612020.zip,https://s3.us-west-2.amazonaws.com/pudl.catalyst.coop/stable/core_eia861__yearly_reliability.parquet,https://catalystcoop-pudl.readthedocs.io/en/stable/data_sources/eia861.html,,2026-08-08
COOP_MA_PEABODY,14605,City of Peabody - (MA),Peabody Municipal Light Plant,MA,2021,COOP,COOP,City of Peabody,Local municipal,not_reported,,False,missing,,,,,,,,,,,,,,,,,0,False,Unavailable because a component is missing,matching_absence,missing_in_source,,not_independently_checked,,,,,,,,,,,missing_in_source,No populated reliability row appears in the PUDL EIA-861 table.,Not reported in the PUDL EIA-861 reliability table,"EIA Form 861, Annual Electric Power Industry Report",Distribution System Reliability,https://www.eia.gov/electricity/data/eia861/,https://www.eia.gov/electricity/data/eia861/archive/zip/f8612021.zip,https://s3.us-west-2.amazonaws.com/pudl.catalyst.coop/stable/core_eia861__yearly_reliability.parquet,https://catalystcoop-pudl.readthedocs.io/en/stable/data_sources/eia861.html,,2026-08-08
COOP_MA_PEABODY,14605,City of Peabody - (MA),Peabody Municipal Light Plant,MA,2022,COOP,COOP,City of Peabody,Local municipal,not_reported,,False,missing,,,,,,,,,,,,,,,,,0,False,Unavailable because a component is missing,matching_absence,missing_in_source,,not_independently_checked,,,,,,,,,,,missing_in_source,No populated reliability row appears in the PUDL EIA-861 table.,Not reported in the PUDL EIA-861 reliability table,"EIA Form 861, Annual Electric Power Industry Report",Distribution System Reliability,https://www.eia.gov/electricity/data/eia861/,https://www.eia.gov/electricity/data/eia861/archive/zip/f8612022.zip,https://s3.us-west-2.amazonaws.com/pudl.catalyst.coop/stable/core_eia861__yearly_reliability.parquet,https://catalystcoop-pudl.readthedocs.io/en/stable/data_sources/eia861.html,,2026-08-08
COOP_MA_PEABODY,14605,City of Peabody - (MA),Peabody Municipal Light Plant,MA,2023,COOP,COOP,City of Peabody,Local municipal,not_reported,,False,missing,,,,,,,,,,,,,,,,,0,False,Unavailable because a component is missing,matching_absence,missing_in_source,,not_independently_checked,,,,,,,,,,,missing_in_source,No populated reliability row appears in the PUDL EIA-861 table.,Not reported in the PUDL EIA-861 reliability table,"EIA Form 861, Annual Electric Power Industry Report",Distribution System Reliability,https://www.eia.gov/electricity/data/eia861/,https://www.eia.gov/electricity/data/eia861/archive/zip/f8612023.zip,https://s3.us-west-2.amazonaws.com/pudl.catalyst.coop/stable/core_eia861__yearly_reliability.parquet,https://catalystcoop-pudl.readthedocs.io/en/stable/data_sources/eia861.html,,2026-08-08
COOP_MA_PEABODY,14605,City of Peabody - (MA),Peabody Municipal Light Plant,MA,2024,COOP,COOP,City of Peabody,Local municipal,not_reported,,False,missing,,,,,,,,,,,,,,,,,0,False,Unavailable because a component is missing,matching_absence,missing_in_source,,not_independently_checked,,,,,,,,,,,missing_in_source,No populated reliability row appears in the PUDL EIA-861 table.,Not reported in the PUDL EIA-861 reliability table,"EIA Form 861, Annual Electric Power Industry Report",Distribution System Reliability,https://www.eia.gov/electricity/data/eia861/,https://www.eia.gov/electricity/data/eia861/zip/f8612024.zip,https://s3.us-west-2.amazonaws.com/pudl.catalyst.coop/stable/core_eia861__yearly_reliability.parquet,https://catalystcoop-pudl.readthedocs.io/en/stable/data_sources/eia861.html,,2026-08-08
COOP_MA_READING,15748,Town of Reading - (MA),Reading Municipal Light Department,MA,2013,COOP,COOP,Town of Reading,Local municipal,reported,ieee_standard,False,consistent_ieee_standard,29500.0,Municipal,,13.8,,,False,,11.84,,,0.35,,,33.828571,,3,False,Derived by PUDL as SAIDI divided by SAIFI,exact_match,descriptive_only_incomplete_metrics,,not_independently_checked,,,,,,,,,,,incomplete_metrics,"Missing display fields: saidi_w_major_event_days_minutes, saifi_w_major_event_days_customers, caidi_w_major_event_days_minutes.",Utility-reported EIA-861 data standardized by PUDL,"EIA Form 861, Annual Electric Power Industry Report",Distribution System Reliability,https://www.eia.gov/electricity/data/eia861/,https://www.eia.gov/electricity/data/eia861/archive/zip/f8612013.zip,https://s3.us-west-2.amazonaws.com/pudl.catalyst.coop/stable/core_eia861__yearly_reliability.parquet,https://catalystcoop-pudl.readthedocs.io/en/stable/data_sources/eia861.html,final,2026-08-08
COOP_MA_READING,15748,Town of Reading - (MA),Reading Municipal Light Department,MA,2014,COOP,COOP,Town of Reading,Local municipal,reported,ieee_standard,False,consistent_ieee_standard,29767.0,Municipal,,13.8,,,False,39.319,,,0.618,,,63.622977,,,3,False,Derived by PUDL as SAIDI divided by SAIFI,exact_match,descriptive_only_incomplete_metrics,,not_independently_checked,,,,,,,,,,,incomplete_metrics,"Missing display fields: saidi_wo_major_event_days_minutes, saifi_wo_major_event_days_customers, caidi_wo_major_event_days_minutes.",Utility-reported EIA-861 data standardized by PUDL,"EIA Form 861, Annual Electric Power Industry Report",Distribution System Reliability,https://www.eia.gov/electricity/data/eia861/,https://www.eia.gov/electricity/data/eia861/archive/zip/f8612014.zip,https://s3.us-west-2.amazonaws.com/pudl.catalyst.coop/stable/core_eia861__yearly_reliability.parquet,https://catalystcoop-pudl.readthedocs.io/en/stable/data_sources/eia861.html,final,2026-08-08
COOP_MA_READING,15748,Town of Reading - (MA),Reading Municipal Light Department,MA,2015,COOP,COOP,Town of Reading,Local municipal,reported,ieee_standard,False,consistent_ieee_standard,29787.0,Municipal,,13.8,,,False,64.41,20.37,,0.31,,,207.77419,,,4,False,Derived by PUDL as SAIDI divided by SAIFI,exact_match,descriptive_only_incomplete_metrics,,not_independently_checked,,,,,,,,,,,incomplete_metrics,"Missing display fields: saifi_wo_major_event_days_customers, caidi_wo_major_event_days_minutes.",Utility-reported EIA-861 data standardized by PUDL,"EIA Form 861, Annual Electric Power Industry Report",Distribution System Reliability,https://www.eia.gov/electricity/data/eia861/,https://www.eia.gov/electricity/data/eia861/archive/zip/f8612015.zip,https://s3.us-west-2.amazonaws.com/pudl.catalyst.coop/stable/core_eia861__yearly_reliability.parquet,https://catalystcoop-pudl.readthedocs.io/en/stable/data_sources/eia861.html,final,2026-08-08
COOP_MA_READING,15748,Town of Reading - (MA),Reading Municipal Light Department,MA,2016,COOP,COOP,Town of Reading,Local municipal,reported,ieee_standard,False,consistent_ieee_standard,29785.0,Municipal,,13.8,,,False,53.2,22.7,,0.31,,,171.6129,,,4,False,Derived by PUDL as SAIDI divided by SAIFI,exact_match,descriptive_only_incomplete_metrics,,not_independently_checked,,,,,,,,,,,incomplete_metrics,"Missing display fields: saifi_wo_major_event_days_customers, caidi_wo_major_event_days_minutes.",Utility-reported EIA-861 data standardized by PUDL,"EIA Form 861, Annual Electric Power Industry Report",Distribution System Reliability,https://www.eia.gov/electricity/data/eia861/,https://www.eia.gov/electricity/data/eia861/archive/zip/f8612016.zip,https://s3.us-west-2.amazonaws.com/pudl.catalyst.coop/stable/core_eia861__yearly_reliability.parquet,https://catalystcoop-pudl.readthedocs.io/en/stable/data_sources/eia861.html,final,2026-08-08
COOP_MA_READING,15748,Town of Reading - (MA),Reading Municipal Light Department,MA,2017,COOP,COOP,Town of Reading,Local municipal,reported,ieee_standard,False,consistent_ieee_standard,29715.0,Municipal,,13.8,,,True,21.06,13.52,,0.28,,,75.214286,,,4,False,Derived by PUDL as SAIDI divided by SAIFI,exact_match,descriptive_only_incomplete_metrics,,not_independently_checked,,,,,,,,,,,incomplete_metrics,"Missing display fields: saifi_wo_major_event_days_customers, caidi_wo_major_event_days_minutes.",Utility-reported EIA-861 data standardized by PUDL,"EIA Form 861, Annual Electric Power Industry Report",Distribution System Reliability,https://www.eia.gov/electricity/data/eia861/,https://www.eia.gov/electricity/data/eia861/archive/zip/f8612017.zip,https://s3.us-west-2.amazonaws.com/pudl.catalyst.coop/stable/core_eia861__yearly_reliability.parquet,https://catalystcoop-pudl.readthedocs.io/en/stable/data_sources/eia861.html,final,2026-08-08
COOP_MA_READING,15748,Town of Reading - (MA),Reading Municipal Light Department,MA,2018,COOP,COOP,Town of Reading,Local municipal,reported,ieee_standard,False,consistent_ieee_standard,29760.0,Municipal,,13.8,,,True,65.57,19.309,,0.528,0.357,,124.18561,54.086835,,6,True,Derived by PUDL as SAIDI divided by SAIFI,exact_match,ready_for_descriptive_use,,not_independently_checked,,,,,,,,,,,ready_for_descriptive_use,No coverage or definition flag in this audit.,Utility-reported EIA-861 data standardized by PUDL,"EIA Form 861, Annual Electric Power Industry Report",Distribution System Reliability,https://www.eia.gov/electricity/data/eia861/,https://www.eia.gov/electricity/data/eia861/archive/zip/f8612018.zip,https://s3.us-west-2.amazonaws.com/pudl.catalyst.coop/stable/core_eia861__yearly_reliability.parquet,https://catalystcoop-pudl.readthedocs.io/en/stable/data_sources/eia861.html,final,2026-08-08
COOP_MA_READING,15748,Town of Reading - (MA),Reading Municipal Light Department,MA,2019,COOP,COOP,Town of Reading,Local municipal,reported,ieee_standard,False,consistent_ieee_standard,30111.0,Municipal,,13.5,,,True,29.34,16.399,,0.955,0.255,,30.722513,64.309804,,6,True,Derived by PUDL as SAIDI divided by SAIFI,exact_match,ready_for_descriptive_use,,not_independently_checked,,,,,,,,,,,ready_for_descriptive_use,No coverage or definition flag in this audit.,Utility-reported EIA-861 data standardized by PUDL,"EIA Form 861, Annual Electric Power Industry Report",Distribution System Reliability,https://www.eia.gov/electricity/data/eia861/,https://www.eia.gov/electricity/data/eia861/archive/zip/f8612019.zip,https://s3.us-west-2.amazonaws.com/pudl.catalyst.coop/stable/core_eia861__yearly_reliability.parquet,https://catalystcoop-pudl.readthedocs.io/en/stable/data_sources/eia861.html,final,2026-08-08
COOP_MA_READING,15748,Town of Reading - (MA),Reading Municipal Light Department,MA,2020,COOP,COOP,Town of Reading,Local municipal,reported,ieee_standard,False,consistent_ieee_standard,30111.0,Municipal,,13.8,,,True,37.591,18.929,,0.346,0.225,,108.64451,84.128889,,6,True,Derived by PUDL as SAIDI divided by SAIFI,exact_match,ready_for_descriptive_use,,not_independently_checked,,,,,,,,,,,ready_for_descriptive_use,No coverage or definition flag in this audit.,Utility-reported EIA-861 data standardized by PUDL,"EIA Form 861, Annual Electric Power Industry Report",Distribution System Reliability,https://www.eia.gov/electricity/data/eia861/,https://www.eia.gov/electricity/data/eia861/archive/zip/f8612020.zip,https://s3.us-west-2.amazonaws.com/pudl.catalyst.coop/stable/core_eia861__yearly_reliability.parquet,https://catalystcoop-pudl.readthedocs.io/en/stable/data_sources/eia861.html,final,2026-08-08
COOP_MA_READING,15748,Town of Reading - (MA),Reading Municipal Light Department,MA,2021,COOP,COOP,Town of Reading,Local municipal,reported,ieee_standard,False,consistent_ieee_standard,30504.0,Municipal,,13.8,,,True,21.826,13.925,,0.275,0.25,,79.367273,55.7,,6,True,Derived by PUDL as SAIDI divided by SAIFI,exact_match,ready_for_descriptive_use,,not_independently_checked,,,,,,,,,,,ready_for_descriptive_use,No coverage or definition flag in this audit.,Utility-reported EIA-861 data standardized by PUDL,"EIA Form 861, Annual Electric Power Industry Report",Distribution System Reliability,https://www.eia.gov/electricity/data/eia861/,https://www.eia.gov/electricity/data/eia861/archive/zip/f8612021.zip,https://s3.us-west-2.amazonaws.com/pudl.catalyst.coop/stable/core_eia861__yearly_reliability.parquet,https://catalystcoop-pudl.readthedocs.io/en/stable/data_sources/eia861.html,final,2026-08-08
COOP_MA_READING,15748,Town of Reading - (MA),Reading Municipal Light Department,MA,2022,COOP,COOP,Town of Reading,Local municipal,reported,ieee_standard,False,consistent_ieee_standard,30504.0,Municipal,,13.8,,,True,61.704,14.34,,0.258,0.15,,239.16279,95.6,,6,True,Derived by PUDL as SAIDI divided by SAIFI,exact_match,ready_for_descriptive_use,,not_independently_checked,,,,,,,,,,,ready_for_descriptive_use,No coverage or definition flag in this audit.,Utility-reported EIA-861 data standardized by PUDL,"EIA Form 861, Annual Electric Power Industry Report",Distribution System Reliability,https://www.eia.gov/electricity/data/eia861/,https://www.eia.gov/electricity/data/eia861/archive/zip/f8612022.zip,https://s3.us-west-2.amazonaws.com/pudl.catalyst.coop/stable/core_eia861__yearly_reliability.parquet,https://catalystcoop-pudl.readthedocs.io/en/stable/data_sources/eia861.html,final,2026-08-08
COOP_MA_READING,15748,Town of Reading - (MA),Reading Municipal Light Department,MA,2023,COOP,COOP,Town of Reading,Local municipal,reported,ieee_standard,False,consistent_ieee_standard,30504.0,Municipal,,13.8,,,True,36.94,26.13,,0.34,0.3,,108.64706,87.1,,6,True,Derived by PUDL as SAIDI divided by SAIFI,exact_match,ready_for_descriptive_use,,not_independently_checked,,,,,,,,,,,ready_for_descriptive_use,No coverage or definition flag in this audit.,Utility-reported EIA-861 data standardized by PUDL,"EIA Form 861, Annual Electric Power Industry Report",Distribution System Reliability,https://www.eia.gov/electricity/data/eia861/,https://www.eia.gov/electricity/data/eia861/archive/zip/f8612023.zip,https://s3.us-west-2.amazonaws.com/pudl.catalyst.coop/stable/core_eia861__yearly_reliability.parquet,https://catalystcoop-pudl.readthedocs.io/en/stable/data_sources/eia861.html,final,2026-08-08
COOP_MA_READING,15748,Town of Reading - (MA),Reading Municipal Light Department,MA,2024,COOP,COOP,Town of Reading,Local municipal,reported,ieee_standard,False,consistent_ieee_standard,32638.0,Municipal,,13.8,,,True,46.02,23.24,,0.66,0.27,,69.727273,86.074074,,6,True,Derived by PUDL as SAIDI divided by SAIFI,exact_match,ready_for_descriptive_use,,not_independently_checked,,,,,,,,,,,ready_for_descriptive_use,No coverage or definition flag in this audit.,Utility-reported EIA-861 data standardized by PUDL,"EIA Form 861, Annual Electric Power Industry Report",Distribution System Reliability,https://www.eia.gov/electricity/data/eia861/,https://www.eia.gov/electricity/data/eia861/zip/f8612024.zip,https://s3.us-west-2.amazonaws.com/pudl.catalyst.coop/stable/core_eia861__yearly_reliability.parquet,https://catalystcoop-pudl.readthedocs.io/en/stable/data_sources/eia861.html,final,2026-08-08
COOP_MA_TAUNTON,18488,City of Taunton,Taunton Municipal Lighting Plant,MA,2013,COOP,COOP,City of Taunton,Local municipal,not_reported,,False,missing,,,,,,,,,,,,,,,,,0,False,Unavailable because a component is missing,matching_absence,missing_in_source,,not_independently_checked,,,,,,,,,,,missing_in_source,No populated reliability row appears in the PUDL EIA-861 table.,Not reported in the PUDL EIA-861 reliability table,"EIA Form 861, Annual Electric Power Industry Report",Distribution System Reliability,https://www.eia.gov/electricity/data/eia861/,https://www.eia.gov/electricity/data/eia861/archive/zip/f8612013.zip,https://s3.us-west-2.amazonaws.com/pudl.catalyst.coop/stable/core_eia861__yearly_reliability.parquet,https://catalystcoop-pudl.readthedocs.io/en/stable/data_sources/eia861.html,,2026-08-08
COOP_MA_TAUNTON,18488,City of Taunton,Taunton Municipal Lighting Plant,MA,2014,COOP,COOP,City of Taunton,Local municipal,not_reported,,False,missing,,,,,,,,,,,,,,,,,0,False,Unavailable because a component is missing,matching_absence,missing_in_source,,not_independently_checked,,,,,,,,,,,missing_in_source,No populated reliability row appears in the PUDL EIA-861 table.,Not reported in the PUDL EIA-861 reliability table,"EIA Form 861, Annual Electric Power Industry Report",Distribution System Reliability,https://www.eia.gov/electricity/data/eia861/,https://www.eia.gov/electricity/data/eia861/archive/zip/f8612014.zip,https://s3.us-west-2.amazonaws.com/pudl.catalyst.coop/stable/core_eia861__yearly_reliability.parquet,https://catalystcoop-pudl.readthedocs.io/en/stable/data_sources/eia861.html,,2026-08-08
COOP_MA_TAUNTON,18488,City of Taunton,Taunton Municipal Lighting Plant,MA,2015,COOP,COOP,City of Taunton,Local municipal,not_reported,,False,missing,,,,,,,,,,,,,,,,,0,False,Unavailable because a component is missing,matching_absence,missing_in_source,,not_independently_checked,,,,,,,,,,,missing_in_source,No populated reliability row appears in the PUDL EIA-861 table.,Not reported in the PUDL EIA-861 reliability table,"EIA Form 861, Annual Electric Power Industry Report",Distribution System Reliability,https://www.eia.gov/electricity/data/eia861/,https://www.eia.gov/electricity/data/eia861/archive/zip/f8612015.zip,https://s3.us-west-2.amazonaws.com/pudl.catalyst.coop/stable/core_eia861__yearly_reliability.parquet,https://catalystcoop-pudl.readthedocs.io/en/stable/data_sources/eia861.html,,2026-08-08
COOP_MA_TAUNTON,18488,City of Taunton,Taunton Municipal Lighting Plant,MA,2016,COOP,COOP,City of Taunton,Local municipal,reported,ieee_standard,False,consistent_ieee_standard,29112.0,Municipal,,13.8,,,,26.585,26.585,,1.792,1.792,,14.835379,14.835379,,6,True,Derived by PUDL as SAIDI divided by SAIFI,exact_match,ready_for_descriptive_use,,not_independently_checked,,,,,,,,,,,ready_for_descriptive_use,No coverage or definition flag in this audit.,Utility-reported EIA-861 data standardized by PUDL,"EIA Form 861, Annual Electric Power Industry Report",Distribution System Reliability,https://www.eia.gov/electricity/data/eia861/,https://www.eia.gov/electricity/data/eia861/archive/zip/f8612016.zip,https://s3.us-west-2.amazonaws.com/pudl.catalyst.coop/stable/core_eia861__yearly_reliability.parquet,https://catalystcoop-pudl.readthedocs.io/en/stable/data_sources/eia861.html,final,2026-08-08
COOP_MA_TAUNTON,18488,City of Taunton,Taunton Municipal Lighting Plant,MA,2017,COOP,COOP,City of Taunton,Local municipal,reported,ieee_standard,False,consistent_ieee_standard,38000.0,Municipal,,13.8,,,False,67.088,67.088,,2.531,2.531,,26.506519,26.506519,,6,True,Derived by PUDL as SAIDI divided by SAIFI,exact_match,ready_for_descriptive_use,,not_independently_checked,,,,,,,,,,,ready_for_descriptive_use,No coverage or definition flag in this audit.,Utility-reported EIA-861 data standardized by PUDL,"EIA Form 861, Annual Electric Power Industry Report",Distribution System Reliability,https://www.eia.gov/electricity/data/eia861/,https://www.eia.gov/electricity/data/eia861/archive/zip/f8612017.zip,https://s3.us-west-2.amazonaws.com/pudl.catalyst.coop/stable/core_eia861__yearly_reliability.parquet,https://catalystcoop-pudl.readthedocs.io/en/stable/data_sources/eia861.html,final,2026-08-08
COOP_MA_TAUNTON,18488,City of Taunton,Taunton Municipal Lighting Plant,MA,2018,COOP,COOP,City of Taunton,Local municipal,reported,ieee_standard,False,consistent_ieee_standard,38000.0,Municipal,,13.8,,,False,270.186,81.228,,5.099,2.659,,52.988037,30.548326,,6,True,Derived by PUDL as SAIDI divided by SAIFI,exact_match,ready_for_descriptive_use,,not_independently_checked,,,,,,,,,,,ready_for_descriptive_use,No coverage or definition flag in this audit.,Utility-reported EIA-861 data standardized by PUDL,"EIA Form 861, Annual Electric Power Industry Report",Distribution System Reliability,https://www.eia.gov/electricity/data/eia861/,https://www.eia.gov/electricity/data/eia861/archive/zip/f8612018.zip,https://s3.us-west-2.amazonaws.com/pudl.catalyst.coop/stable/core_eia861__yearly_reliability.parquet,https://catalystcoop-pudl.readthedocs.io/en/stable/data_sources/eia861.html,final,2026-08-08
COOP_MA_TAUNTON,18488,City of Taunton,Taunton Municipal Lighting Plant,MA,2019,COOP,COOP,City of Taunton,Local municipal,reported,ieee_standard,False,consistent_ieee_standard,38000.0,Municipal,,13.8,,,True,68.489,68.489,,2.474,2.474,,27.683508,27.683508,,6,True,Derived by PUDL as SAIDI divided by SAIFI,exact_match,ready_for_descriptive_use,,not_independently_checked,,,,,,,,,,,ready_for_descriptive_use,No coverage or definition flag in this audit.,Utility-reported EIA-861 data standardized by PUDL,"EIA Form 861, Annual Electric Power Industry Report",Distribution System Reliability,https://www.eia.gov/electricity/data/eia861/,https://www.eia.gov/electricity/data/eia861/archive/zip/f8612019.zip,https://s3.us-west-2.amazonaws.com/pudl.catalyst.coop/stable/core_eia861__yearly_reliability.parquet,https://catalystcoop-pudl.readthedocs.io/en/stable/data_sources/eia861.html,final,2026-08-08
COOP_MA_TAUNTON,18488,City of Taunton,Taunton Municipal Lighting Plant,MA,2020,COOP,COOP,City of Taunton,Local municipal,reported,ieee_standard,False,consistent_ieee_standard,38800.0,Municipal,,13.8,,,True,84.159,84.159,,4.211,4.211,,19.985514,19.985514,,6,True,Derived by PUDL as SAIDI divided by SAIFI,exact_match,ready_for_descriptive_use,,not_independently_checked,,,,,,,,,,,ready_for_descriptive_use,No coverage or definition flag in this audit.,Utility-reported EIA-861 data standardized by PUDL,"EIA Form 861, Annual Electric Power Industry Report",Distribution System Reliability,https://www.eia.gov/electricity/data/eia861/,https://www.eia.gov/electricity/data/eia861/archive/zip/f8612020.zip,https://s3.us-west-2.amazonaws.com/pudl.catalyst.coop/stable/core_eia861__yearly_reliability.parquet,https://catalystcoop-pudl.readthedocs.io/en/stable/data_sources/eia861.html,final,2026-08-08
COOP_MA_TAUNTON,18488,City of Taunton,Taunton Municipal Lighting Plant,MA,2021,COOP,COOP,City of Taunton,Local municipal,reported,ieee_standard,False,consistent_ieee_standard,39087.0,Municipal,,13.8,,,True,342.696,342.696,,5.321,5.321,,64.404435,64.404435,,6,True,Derived by PUDL as SAIDI divided by SAIFI,exact_match,ready_for_descriptive_use,,not_independently_checked,,,,,,,,,,,ready_for_descriptive_use,No coverage or definition flag in this audit.,Utility-reported EIA-861 data standardized by PUDL,"EIA Form 861, Annual Electric Power Industry Report",Distribution System Reliability,https://www.eia.gov/electricity/data/eia861/,https://www.eia.gov/electricity/data/eia861/archive/zip/f8612021.zip,https://s3.us-west-2.amazonaws.com/pudl.catalyst.coop/stable/core_eia861__yearly_reliability.parquet,https://catalystcoop-pudl.readthedocs.io/en/stable/data_sources/eia861.html,final,2026-08-08
COOP_MA_TAUNTON,18488,City of Taunton,Taunton Municipal Lighting Plant,MA,2022,COOP,COOP,City of Taunton,Local municipal,reported,ieee_standard,False,consistent_ieee_standard,39168.0,Municipal,,13.8,,,True,102.369,102.369,,2.663,2.663,,38.441232,38.441232,,6,True,Derived by PUDL as SAIDI divided by SAIFI,exact_match,ready_for_descriptive_use,,not_independently_checked,,,,,,,,,,,ready_for_descriptive_use,No coverage or definition flag in this audit.,Utility-reported EIA-861 data standardized by PUDL,"EIA Form 861, Annual Electric Power Industry Report",Distribution System Reliability,https://www.eia.gov/electricity/data/eia861/,https://www.eia.gov/electricity/data/eia861/archive/zip/f8612022.zip,https://s3.us-west-2.amazonaws.com/pudl.catalyst.coop/stable/core_eia861__yearly_reliability.parquet,https://catalystcoop-pudl.readthedocs.io/en/stable/data_sources/eia861.html,final,2026-08-08
COOP_MA_TAUNTON,18488,City of Taunton,Taunton Municipal Lighting Plant,MA,2023,COOP,COOP,City of Taunton,Local municipal,reported,ieee_standard,False,consistent_ieee_standard,40152.0,Municipal,,13.8,,,True,87.463,87.463,,3.509,3.509,,24.925335,24.925335,,6,True,Derived by PUDL as SAIDI divided by SAIFI,exact_match,ready_for_descriptive_use,,not_independently_checked,,,,,,,,,,,ready_for_descriptive_use,No coverage or definition flag in this audit.,Utility-reported EIA-861 data standardized by PUDL,"EIA Form 861, Annual Electric Power Industry Report",Distribution System Reliability,https://www.eia.gov/electricity/data/eia861/,https://www.eia.gov/electricity/data/eia861/archive/zip/f8612023.zip,https://s3.us-west-2.amazonaws.com/pudl.catalyst.coop/stable/core_eia861__yearly_reliability.parquet,https://catalystcoop-pudl.readthedocs.io/en/stable/data_sources/eia861.html,final,2026-08-08
COOP_MA_TAUNTON,18488,City of Taunton,Taunton Municipal Lighting Plant,MA,2024,COOP,COOP,City of Taunton,Local municipal,reported,ieee_standard,False,consistent_ieee_standard,39242.0,Municipal,,13.8,,,True,192.98,192.98,,2.365,2.365,,81.598309,81.598309,,6,True,Derived by PUDL as SAIDI divided by SAIFI,exact_match,ready_for_descriptive_use,,not_independently_checked,,,,,,,,,,,ready_for_descriptive_use,No coverage or definition flag in this audit.,Utility-reported EIA-861 data standardized by PUDL,"EIA Form 861, Annual Electric Power Industry Report",Distribution System Reliability,https://www.eia.gov/electricity/data/eia861/,https://www.eia.gov/electricity/data/eia861/zip/f8612024.zip,https://s3.us-west-2.amazonaws.com/pudl.catalyst.coop/stable/core_eia861__yearly_reliability.parquet,https://catalystcoop-pudl.readthedocs.io/en/stable/data_sources/eia861.html,final,2026-08-08
COOP_NH_NHEC,13441,New Hampshire Elec Coop Inc,New Hampshire Electric Cooperative,NH,2013,COOP,COOP,Member-owned cooperative,Local/member-owned,reported,other_standard,False,consistent_other_standard,79269.0,Cooperative,,13.0,False,F,True,540.0,360.0,,3.68,2.87,,146.73913,125.43554,,6,True,Derived by PUDL as SAIDI divided by SAIFI,exact_match,descriptive_only_non_ieee_method,,not_independently_checked,,,,,,,,,,,descriptive_only_non_ieee_method,"Utility reports using a non-IEEE method allowed by EIA; retain for within-utility description, but do not pool directly with IEEE rows.",Utility-reported EIA-861 data standardized by PUDL,"EIA Form 861, Annual Electric Power Industry Report",Distribution System Reliability,https://www.eia.gov/electricity/data/eia861/,https://www.eia.gov/electricity/data/eia861/archive/zip/f8612013.zip,https://s3.us-west-2.amazonaws.com/pudl.catalyst.coop/stable/core_eia861__yearly_reliability.parquet,https://catalystcoop-pudl.readthedocs.io/en/stable/data_sources/eia861.html,final,2026-08-08
COOP_NH_NHEC,13441,New Hampshire Elec Coop Inc,New Hampshire Electric Cooperative,NH,2014,COOP,COOP,Member-owned cooperative,Local/member-owned,reported,other_standard,False,consistent_other_standard,79673.0,Cooperative,,13.0,False,F,True,1234.2,452.4,,4.57,3.29,,270.06565,137.5076,,6,True,Derived by PUDL as SAIDI divided by SAIFI,exact_match,descriptive_only_non_ieee_method,,not_independently_checked,,,,,,,,,,,descriptive_only_non_ieee_method,"Utility reports using a non-IEEE method allowed by EIA; retain for within-utility description, but do not pool directly with IEEE rows.",Utility-reported EIA-861 data standardized by PUDL,"EIA Form 861, Annual Electric Power Industry Report",Distribution System Reliability,https://www.eia.gov/electricity/data/eia861/,https://www.eia.gov/electricity/data/eia861/archive/zip/f8612014.zip,https://s3.us-west-2.amazonaws.com/pudl.catalyst.coop/stable/core_eia861__yearly_reliability.parquet,https://catalystcoop-pudl.readthedocs.io/en/stable/data_sources/eia861.html,final,2026-08-08
COOP_NH_NHEC,13441,New Hampshire Elec Coop Inc,New Hampshire Electric Cooperative,NH,2015,COOP,COOP,Member-owned cooperative,Local/member-owned,reported,other_standard,False,consistent_other_standard,80141.0,Cooperative,,13.0,False,F,True,400.8,400.8,,3.38,3.38,,118.57988,118.57988,,6,True,Derived by PUDL as SAIDI divided by SAIFI,exact_match,descriptive_only_non_ieee_method,,not_independently_checked,,,,,,,,,,,descriptive_only_non_ieee_method,"Utility reports using a non-IEEE method allowed by EIA; retain for within-utility description, but do not pool directly with IEEE rows.",Utility-reported EIA-861 data standardized by PUDL,"EIA Form 861, Annual Electric Power Industry Report",Distribution System Reliability,https://www.eia.gov/electricity/data/eia861/,https://www.eia.gov/electricity/data/eia861/archive/zip/f8612015.zip,https://s3.us-west-2.amazonaws.com/pudl.catalyst.coop/stable/core_eia861__yearly_reliability.parquet,https://catalystcoop-pudl.readthedocs.io/en/stable/data_sources/eia861.html,final,2026-08-08
COOP_NH_NHEC,13441,New Hampshire Elec Coop Inc,New Hampshire Electric Cooperative,NH,2016,COOP,COOP,Member-owned cooperative,Local/member-owned,reported,other_standard,False,consistent_other_standard,80253.0,Cooperative,,13.0,False,F,True,187.8,187.8,,1.56,1.56,,120.38462,120.38462,,6,True,Derived by PUDL as SAIDI divided by SAIFI,exact_match,descriptive_only_non_ieee_method,,not_independently_checked,,,,,,,,,,,descriptive_only_non_ieee_method,"Utility reports using a non-IEEE method allowed by EIA; retain for within-utility description, but do not pool directly with IEEE rows.",Utility-reported EIA-861 data standardized by PUDL,"EIA Form 861, Annual Electric Power Industry Report",Distribution System Reliability,https://www.eia.gov/electricity/data/eia861/,https://www.eia.gov/electricity/data/eia861/archive/zip/f8612016.zip,https://s3.us-west-2.amazonaws.com/pudl.catalyst.coop/stable/core_eia861__yearly_reliability.parquet,https://catalystcoop-pudl.readthedocs.io/en/stable/data_sources/eia861.html,final,2026-08-08
COOP_NH_NHEC,13441,New Hampshire Elec Coop Inc,New Hampshire Electric Cooperative,NH,2017,COOP,COOP,Member-owned cooperative,Local/member-owned,reported,other_standard,False,consistent_other_standard,80984.0,Cooperative,,13.0,False,F,True,2692.46,395.21,,4.63,2.48,,581.52484,159.35887,,6,True,Derived by PUDL as SAIDI divided by SAIFI,exact_match,descriptive_only_non_ieee_method,,not_independently_checked,,,,,,,,,,,descriptive_only_non_ieee_method,"Utility reports using a non-IEEE method allowed by EIA; retain for within-utility description, but do not pool directly with IEEE rows.",Utility-reported EIA-861 data standardized by PUDL,"EIA Form 861, Annual Electric Power Industry Report",Distribution System Reliability,https://www.eia.gov/electricity/data/eia861/,https://www.eia.gov/electricity/data/eia861/archive/zip/f8612017.zip,https://s3.us-west-2.amazonaws.com/pudl.catalyst.coop/stable/core_eia861__yearly_reliability.parquet,https://catalystcoop-pudl.readthedocs.io/en/stable/data_sources/eia861.html,final,2026-08-08
COOP_NH_NHEC,13441,New Hampshire Elec Coop Inc,New Hampshire Electric Cooperative,NH,2018,COOP,COOP,Member-owned cooperative,Local/member-owned,reported,other_standard,False,consistent_other_standard,81389.0,Cooperative,,13.0,False,F,True,972.615,389.438,,4.44,2.76,,219.05743,141.10072,,6,True,Derived by PUDL as SAIDI divided by SAIFI,exact_match,descriptive_only_non_ieee_method,,not_independently_checked,,,,,,,,,,,descriptive_only_non_ieee_method,"Utility reports using a non-IEEE method allowed by EIA; retain for within-utility description, but do not pool directly with IEEE rows.",Utility-reported EIA-861 data standardized by PUDL,"EIA Form 861, Annual Electric Power Industry Report",Distribution System Reliability,https://www.eia.gov/electricity/data/eia861/,https://www.eia.gov/electricity/data/eia861/archive/zip/f8612018.zip,https://s3.us-west-2.amazonaws.com/pudl.catalyst.coop/stable/core_eia861__yearly_reliability.parquet,https://catalystcoop-pudl.readthedocs.io/en/stable/data_sources/eia861.html,final,2026-08-08
COOP_NH_NHEC,13441,New Hampshire Elec Coop Inc,New Hampshire Electric Cooperative,NH,2019,COOP,COOP,Member-owned cooperative,Local/member-owned,reported,other_standard,False,consistent_other_standard,81880.0,Cooperative,,13.0,False,F,True,870.38,319.942,,3.52,2.15,,247.26705,148.81023,,6,True,Derived by PUDL as SAIDI divided by SAIFI,exact_match,descriptive_only_non_ieee_method,,not_independently_checked,,,,,,,,,,,descriptive_only_non_ieee_method,"Utility reports using a non-IEEE method allowed by EIA; retain for within-utility description, but do not pool directly with IEEE rows.",Utility-reported EIA-861 data standardized by PUDL,"EIA Form 861, Annual Electric Power Industry Report",Distribution System Reliability,https://www.eia.gov/electricity/data/eia861/,https://www.eia.gov/electricity/data/eia861/archive/zip/f8612019.zip,https://s3.us-west-2.amazonaws.com/pudl.catalyst.coop/stable/core_eia861__yearly_reliability.parquet,https://catalystcoop-pudl.readthedocs.io/en/stable/data_sources/eia861.html,final,2026-08-08
COOP_NH_NHEC,13441,New Hampshire Elec Coop Inc,New Hampshire Electric Cooperative,NH,2020,COOP,COOP,Member-owned cooperative,Local/member-owned,reported,other_standard,False,consistent_other_standard,82436.0,Cooperative,,13.0,False,F,True,1226.129,304.178,,4.27,2.46,,287.14965,123.64959,,6,True,Derived by PUDL as SAIDI divided by SAIFI,exact_match,descriptive_only_non_ieee_method,,not_independently_checked,,,,,,,,,,,descriptive_only_non_ieee_method,"Utility reports using a non-IEEE method allowed by EIA; retain for within-utility description, but do not pool directly with IEEE rows.",Utility-reported EIA-861 data standardized by PUDL,"EIA Form 861, Annual Electric Power Industry Report",Distribution System Reliability,https://www.eia.gov/electricity/data/eia861/,https://www.eia.gov/electricity/data/eia861/archive/zip/f8612020.zip,https://s3.us-west-2.amazonaws.com/pudl.catalyst.coop/stable/core_eia861__yearly_reliability.parquet,https://catalystcoop-pudl.readthedocs.io/en/stable/data_sources/eia861.html,final,2026-08-08
COOP_NH_NHEC,13441,New Hampshire Elec Coop Inc,New Hampshire Electric Cooperative,NH,2021,COOP,COOP,Member-owned cooperative,Local/member-owned,reported,other_standard,False,consistent_other_standard,83126.0,Cooperative,,13.0,False,F,True,696.387,356.683,,3.548,2.83,,196.27593,126.0364,,6,True,Derived by PUDL as SAIDI divided by SAIFI,exact_match,descriptive_only_non_ieee_method,,not_independently_checked,,,,,,,,,,,descriptive_only_non_ieee_method,"Utility reports using a non-IEEE method allowed by EIA; retain for within-utility description, but do not pool directly with IEEE rows.",Utility-reported EIA-861 data standardized by PUDL,"EIA Form 861, Annual Electric Power Industry Report",Distribution System Reliability,https://www.eia.gov/electricity/data/eia861/,https://www.eia.gov/electricity/data/eia861/archive/zip/f8612021.zip,https://s3.us-west-2.amazonaws.com/pudl.catalyst.coop/stable/core_eia861__yearly_reliability.parquet,https://catalystcoop-pudl.readthedocs.io/en/stable/data_sources/eia861.html,final,2026-08-08
COOP_NH_NHEC,13441,New Hampshire Elec Coop Inc,New Hampshire Electric Cooperative,NH,2022,COOP,COOP,Member-owned cooperative,Local/member-owned,reported,other_standard,False,consistent_other_standard,83822.0,Cooperative,,13.0,False,F,True,1583.1,341.18,,4.7,2.77,,336.82979,123.16968,,6,True,Derived by PUDL as SAIDI divided by SAIFI,exact_match,descriptive_only_non_ieee_method,,not_independently_checked,,,,,,,,,,,descriptive_only_non_ieee_method,"Utility reports using a non-IEEE method allowed by EIA; retain for within-utility description, but do not pool directly with IEEE rows.",Utility-reported EIA-861 data standardized by PUDL,"EIA Form 861, Annual Electric Power Industry Report",Distribution System Reliability,https://www.eia.gov/electricity/data/eia861/,https://www.eia.gov/electricity/data/eia861/archive/zip/f8612022.zip,https://s3.us-west-2.amazonaws.com/pudl.catalyst.coop/stable/core_eia861__yearly_reliability.parquet,https://catalystcoop-pudl.readthedocs.io/en/stable/data_sources/eia861.html,final,2026-08-08
COOP_NH_NHEC,13441,New Hampshire Elec Coop Inc,New Hampshire Electric Cooperative,NH,2023,COOP,COOP,Member-owned cooperative,Local/member-owned,reported,other_standard,False,consistent_other_standard,84468.0,Cooperative,,13.0,False,F,True,1084.86,405.62,,3.88,2.76,,279.60309,146.96377,,6,True,Derived by PUDL as SAIDI divided by SAIFI,exact_match,descriptive_only_non_ieee_method,,not_independently_checked,,,,,,,,,,,descriptive_only_non_ieee_method,"Utility reports using a non-IEEE method allowed by EIA; retain for within-utility description, but do not pool directly with IEEE rows.",Utility-reported EIA-861 data standardized by PUDL,"EIA Form 861, Annual Electric Power Industry Report",Distribution System Reliability,https://www.eia.gov/electricity/data/eia861/,https://www.eia.gov/electricity/data/eia861/archive/zip/f8612023.zip,https://s3.us-west-2.amazonaws.com/pudl.catalyst.coop/stable/core_eia861__yearly_reliability.parquet,https://catalystcoop-pudl.readthedocs.io/en/stable/data_sources/eia861.html,final,2026-08-08
COOP_NH_NHEC,13441,New Hampshire Elec Coop Inc,New Hampshire Electric Cooperative,NH,2024,COOP,COOP,Member-owned cooperative,Local/member-owned,reported,other_standard,False,consistent_other_standard,85138.0,Cooperative,,25.0,False,F,True,2410.19,514.88,,5.24,2.65,,459.95992,194.29434,,6,True,Derived by PUDL as SAIDI divided by SAIFI,exact_match,descriptive_only_non_ieee_method,,not_independently_checked,,,,,,,,,,,descriptive_only_non_ieee_method,"Utility reports using a non-IEEE method allowed by EIA; retain for within-utility description, but do not pool directly with IEEE rows.",Utility-reported EIA-861 data standardized by PUDL,"EIA Form 861, Annual Electric Power Industry Report",Distribution System Reliability,https://www.eia.gov/electricity/data/eia861/,https://www.eia.gov/electricity/data/eia861/zip/f8612024.zip,https://s3.us-west-2.amazonaws.com/pudl.catalyst.coop/stable/core_eia861__yearly_reliability.parquet,https://catalystcoop-pudl.readthedocs.io/en/stable/data_sources/eia861.html,final,2026-08-08
COOP_NY_FAIRPORT,5930,Village of Fairport - (NY),Fairport Municipal Commission,NY,2013,COOP,COOP,Village of Fairport,Local municipal,reported,other_standard,True,reporting_standard_changes_during_panel,16776.0,Municipal,,12.5,,,False,83.62,21.76,,0.504,0.263,,165.9127,82.737643,,6,True,Derived by PUDL as SAIDI divided by SAIFI,exact_match,descriptive_only_reporting_standard_change,,not_independently_checked,,,,,,,,,,,descriptive_only_method_change,This utility changes between IEEE and other reporting standards during 2013-2024.,Utility-reported EIA-861 data standardized by PUDL,"EIA Form 861, Annual Electric Power Industry Report",Distribution System Reliability,https://www.eia.gov/electricity/data/eia861/,https://www.eia.gov/electricity/data/eia861/archive/zip/f8612013.zip,https://s3.us-west-2.amazonaws.com/pudl.catalyst.coop/stable/core_eia861__yearly_reliability.parquet,https://catalystcoop-pudl.readthedocs.io/en/stable/data_sources/eia861.html,final,2026-08-08
COOP_NY_FAIRPORT,5930,Village of Fairport - (NY),Fairport Municipal Commission,NY,2014,COOP,COOP,Village of Fairport,Local municipal,reported,other_standard,True,reporting_standard_changes_during_panel,16802.0,Municipal,,12.5,True,L,False,142.0,79.0,,0.477,0.431,,297.69392,183.29466,,6,True,Derived by PUDL as SAIDI divided by SAIFI,exact_match,descriptive_only_reporting_standard_change,,not_independently_checked,,,,,,,,,,,descriptive_only_method_change,This utility changes between IEEE and other reporting standards during 2013-2024.,Utility-reported EIA-861 data standardized by PUDL,"EIA Form 861, Annual Electric Power Industry Report",Distribution System Reliability,https://www.eia.gov/electricity/data/eia861/,https://www.eia.gov/electricity/data/eia861/archive/zip/f8612014.zip,https://s3.us-west-2.amazonaws.com/pudl.catalyst.coop/stable/core_eia861__yearly_reliability.parquet,https://catalystcoop-pudl.readthedocs.io/en/stable/data_sources/eia861.html,final,2026-08-08
COOP_NY_FAIRPORT,5930,Village of Fairport - (NY),Fairport Municipal Commission,NY,2015,COOP,COOP,Village of Fairport,Local municipal,reported,other_standard,True,reporting_standard_changes_during_panel,16719.0,Municipal,,12.5,True,F,False,40.78,37.16,,0.39,0.39,,104.5641,95.282051,,6,True,Derived by PUDL as SAIDI divided by SAIFI,exact_match,descriptive_only_reporting_standard_change,,not_independently_checked,,,,,,,,,,,descriptive_only_method_change,This utility changes between IEEE and other reporting standards during 2013-2024.,Utility-reported EIA-861 data standardized by PUDL,"EIA Form 861, Annual Electric Power Industry Report",Distribution System Reliability,https://www.eia.gov/electricity/data/eia861/,https://www.eia.gov/electricity/data/eia861/archive/zip/f8612015.zip,https://s3.us-west-2.amazonaws.com/pudl.catalyst.coop/stable/core_eia861__yearly_reliability.parquet,https://catalystcoop-pudl.readthedocs.io/en/stable/data_sources/eia861.html,final,2026-08-08
COOP_NY_FAIRPORT,5930,Village of Fairport - (NY),Fairport Municipal Commission,NY,2016,COOP,COOP,Village of Fairport,Local municipal,reported,other_standard,True,reporting_standard_changes_during_panel,17152.0,Municipal,,12.5,False,F,False,22.292,22.292,,0.224,0.224,,99.517857,99.517857,,6,True,Derived by PUDL as SAIDI divided by SAIFI,exact_match,descriptive_only_reporting_standard_change,,not_independently_checked,,,,,,,,,,,descriptive_only_method_change,This utility changes between IEEE and other reporting standards during 2013-2024.,Utility-reported EIA-861 data standardized by PUDL,"EIA Form 861, Annual Electric Power Industry Report",Distribution System Reliability,https://www.eia.gov/electricity/data/eia861/,https://www.eia.gov/electricity/data/eia861/archive/zip/f8612016.zip,https://s3.us-west-2.amazonaws.com/pudl.catalyst.coop/stable/core_eia861__yearly_reliability.parquet,https://catalystcoop-pudl.readthedocs.io/en/stable/data_sources/eia861.html,final,2026-08-08
COOP_NY_FAIRPORT,5930,Village of Fairport - (NY),Fairport Municipal Commission,NY,2017,COOP,COOP,Village of Fairport,Local municipal,reported,ieee_standard,True,reporting_standard_changes_during_panel,17152.0,Municipal,,12.5,,,,74.51,29.68,,0.709,0.414,,105.09168,71.690821,,6,True,Derived by PUDL as SAIDI divided by SAIFI,exact_match,descriptive_only_reporting_standard_change,,not_independently_checked,,,,,,,,,,,descriptive_only_method_change,This utility changes between IEEE and other reporting standards during 2013-2024.,Utility-reported EIA-861 data standardized by PUDL,"EIA Form 861, Annual Electric Power Industry Report",Distribution System Reliability,https://www.eia.gov/electricity/data/eia861/,https://www.eia.gov/electricity/data/eia861/archive/zip/f8612017.zip,https://s3.us-west-2.amazonaws.com/pudl.catalyst.coop/stable/core_eia861__yearly_reliability.parquet,https://catalystcoop-pudl.readthedocs.io/en/stable/data_sources/eia861.html,final,2026-08-08
COOP_NY_FAIRPORT,5930,Village of Fairport - (NY),Fairport Municipal Commission,NY,2018,COOP,COOP,Village of Fairport,Local municipal,reported,ieee_standard,True,reporting_standard_changes_during_panel,17578.0,Municipal,,12.5,,,False,35.698,21.474,,0.712,0.456,,50.13764,47.092105,,6,True,Derived by PUDL as SAIDI divided by SAIFI,exact_match,descriptive_only_reporting_standard_change,,not_independently_checked,,,,,,,,,,,descriptive_only_method_change,This utility changes between IEEE and other reporting standards during 2013-2024.,Utility-reported EIA-861 data standardized by PUDL,"EIA Form 861, Annual Electric Power Industry Report",Distribution System Reliability,https://www.eia.gov/electricity/data/eia861/,https://www.eia.gov/electricity/data/eia861/archive/zip/f8612018.zip,https://s3.us-west-2.amazonaws.com/pudl.catalyst.coop/stable/core_eia861__yearly_reliability.parquet,https://catalystcoop-pudl.readthedocs.io/en/stable/data_sources/eia861.html,final,2026-08-08
COOP_NY_FAIRPORT,5930,Village of Fairport - (NY),Fairport Municipal Commission,NY,2019,COOP,COOP,Village of Fairport,Local municipal,reported,ieee_standard,True,reporting_standard_changes_during_panel,17623.0,Municipal,,12.5,,,False,39.672,21.703,,0.491,0.34,,80.798371,63.832353,,6,True,Derived by PUDL as SAIDI divided by SAIFI,exact_match,descriptive_only_reporting_standard_change,,not_independently_checked,,,,,,,,,,,descriptive_only_method_change,This utility changes between IEEE and other reporting standards during 2013-2024.,Utility-reported EIA-861 data standardized by PUDL,"EIA Form 861, Annual Electric Power Industry Report",Distribution System Reliability,https://www.eia.gov/electricity/data/eia861/,https://www.eia.gov/electricity/data/eia861/archive/zip/f8612019.zip,https://s3.us-west-2.amazonaws.com/pudl.catalyst.coop/stable/core_eia861__yearly_reliability.parquet,https://catalystcoop-pudl.readthedocs.io/en/stable/data_sources/eia861.html,final,2026-08-08
COOP_NY_FAIRPORT,5930,Village of Fairport - (NY),Fairport Municipal Commission,NY,2020,COOP,COOP,Village of Fairport,Local municipal,reported,ieee_standard,True,reporting_standard_changes_during_panel,17666.0,Municipal,,12.5,,,False,26.043,17.69,,0.287,0.259,,90.74216,68.301158,,6,True,Derived by PUDL as SAIDI divided by SAIFI,exact_match,descriptive_only_reporting_standard_change,,not_independently_checked,,,,,,,,,,,descriptive_only_method_change,This utility changes between IEEE and other reporting standards during 2013-2024.,Utility-reported EIA-861 data standardized by PUDL,"EIA Form 861, Annual Electric Power Industry Report",Distribution System Reliability,https://www.eia.gov/electricity/data/eia861/,https://www.eia.gov/electricity/data/eia861/archive/zip/f8612020.zip,https://s3.us-west-2.amazonaws.com/pudl.catalyst.coop/stable/core_eia861__yearly_reliability.parquet,https://catalystcoop-pudl.readthedocs.io/en/stable/data_sources/eia861.html,final,2026-08-08
COOP_NY_FAIRPORT,5930,Village of Fairport - (NY),Fairport Municipal Commission,NY,2021,COOP,COOP,Village of Fairport,Local municipal,reported,ieee_standard,True,reporting_standard_changes_during_panel,17658.0,Municipal,,12.5,,,False,128.49,17.986,,0.67,0.19,,191.77612,94.663158,,6,True,Derived by PUDL as SAIDI divided by SAIFI,exact_match,descriptive_only_reporting_standard_change,,not_independently_checked,,,,,,,,,,,descriptive_only_method_change,This utility changes between IEEE and other reporting standards during 2013-2024.,Utility-reported EIA-861 data standardized by PUDL,"EIA Form 861, Annual Electric Power Industry Report",Distribution System Reliability,https://www.eia.gov/electricity/data/eia861/,https://www.eia.gov/electricity/data/eia861/archive/zip/f8612021.zip,https://s3.us-west-2.amazonaws.com/pudl.catalyst.coop/stable/core_eia861__yearly_reliability.parquet,https://catalystcoop-pudl.readthedocs.io/en/stable/data_sources/eia861.html,final,2026-08-08
COOP_NY_FAIRPORT,5930,Village of Fairport - (NY),Fairport Municipal Commission,NY,2022,COOP,COOP,Village of Fairport,Local municipal,reported,ieee_standard,True,reporting_standard_changes_during_panel,17666.0,Municipal,,12.5,,,False,26.043,17.69,,0.287,0.259,,90.74216,68.301158,,6,True,Derived by PUDL as SAIDI divided by SAIFI,exact_match,descriptive_only_reporting_standard_change,,not_independently_checked,,,,,,,,,,,descriptive_only_method_change,This utility changes between IEEE and other reporting standards during 2013-2024.,Utility-reported EIA-861 data standardized by PUDL,"EIA Form 861, Annual Electric Power Industry Report",Distribution System Reliability,https://www.eia.gov/electricity/data/eia861/,https://www.eia.gov/electricity/data/eia861/archive/zip/f8612022.zip,https://s3.us-west-2.amazonaws.com/pudl.catalyst.coop/stable/core_eia861__yearly_reliability.parquet,https://catalystcoop-pudl.readthedocs.io/en/stable/data_sources/eia861.html,final,2026-08-08
COOP_NY_FAIRPORT,5930,Village of Fairport - (NY),Fairport Municipal Commission,NY,2023,COOP,COOP,Village of Fairport,Local municipal,reported,ieee_standard,True,reporting_standard_changes_during_panel,17895.0,Municipal,,12.5,,,False,74.84,14.799,,0.566,0.303,,132.22615,48.841584,,6,True,Derived by PUDL as SAIDI divided by SAIFI,exact_match,descriptive_only_reporting_standard_change,,not_independently_checked,,,,,,,,,,,descriptive_only_method_change,This utility changes between IEEE and other reporting standards during 2013-2024.,Utility-reported EIA-861 data standardized by PUDL,"EIA Form 861, Annual Electric Power Industry Report",Distribution System Reliability,https://www.eia.gov/electricity/data/eia861/,https://www.eia.gov/electricity/data/eia861/archive/zip/f8612023.zip,https://s3.us-west-2.amazonaws.com/pudl.catalyst.coop/stable/core_eia861__yearly_reliability.parquet,https://catalystcoop-pudl.readthedocs.io/en/stable/data_sources/eia861.html,final,2026-08-08
COOP_NY_FAIRPORT,5930,Village of Fairport - (NY),Fairport Municipal Commission,NY,2024,COOP,COOP,Village of Fairport,Local municipal,reported,ieee_standard,True,reporting_standard_changes_during_panel,17955.0,Municipal,,12.5,,,False,36.565,20.211,,0.91,0.26,,40.181319,77.734615,,6,True,Derived by PUDL as SAIDI divided by SAIFI,exact_match,descriptive_only_reporting_standard_change,,not_independently_checked,,,,,,,,,,,descriptive_only_method_change,This utility changes between IEEE and other reporting standards during 2013-2024.,Utility-reported EIA-861 data standardized by PUDL,"EIA Form 861, Annual Electric Power Industry Report",Distribution System Reliability,https://www.eia.gov/electricity/data/eia861/,https://www.eia.gov/electricity/data/eia861/zip/f8612024.zip,https://s3.us-west-2.amazonaws.com/pudl.catalyst.coop/stable/core_eia861__yearly_reliability.parquet,https://catalystcoop-pudl.readthedocs.io/en/stable/data_sources/eia861.html,final,2026-08-08
COOP_VT_BURLINGTON,2548,City of Burlington Electric - (VT),Burlington Electric Department,VT,2013,COOP,COOP,City of Burlington,Local municipal,reported,other_standard,False,consistent_other_standard,20458.0,Municipal,,13.8,True,F,True,,,,,1.1,,,,,1,False,Unavailable because a component is missing,exact_match,descriptive_only_incomplete_metrics,,not_independently_checked,,,,,,,,,,,incomplete_metrics,"Missing display fields: saidi_w_major_event_days_minutes, saidi_wo_major_event_days_minutes, saifi_w_major_event_days_customers, caidi_w_major_event_days_minutes, caidi_wo_major_event_days_minutes. Utility reports using a non-IEEE method allowed by EIA; retain for within-utility description, but do not pool directly with IEEE rows.",Utility-reported EIA-861 data standardized by PUDL,"EIA Form 861, Annual Electric Power Industry Report",Distribution System Reliability,https://www.eia.gov/electricity/data/eia861/,https://www.eia.gov/electricity/data/eia861/archive/zip/f8612013.zip,https://s3.us-west-2.amazonaws.com/pudl.catalyst.coop/stable/core_eia861__yearly_reliability.parquet,https://catalystcoop-pudl.readthedocs.io/en/stable/data_sources/eia861.html,final,2026-08-08
COOP_VT_BURLINGTON,2548,City of Burlington Electric - (VT),Burlington Electric Department,VT,2014,COOP,COOP,City of Burlington,Local municipal,reported,other_standard,False,consistent_other_standard,20538.0,Municipal,,13.8,True,F,True,,,,1.3,1.1,,,,,2,False,Unavailable because a component is missing,exact_match,descriptive_only_incomplete_metrics,,not_independently_checked,,,,,,,,,,,incomplete_metrics,"Missing display fields: saidi_w_major_event_days_minutes, saidi_wo_major_event_days_minutes, caidi_w_major_event_days_minutes, caidi_wo_major_event_days_minutes. Utility reports using a non-IEEE method allowed by EIA; retain for within-utility description, but do not pool directly with IEEE rows.",Utility-reported EIA-861 data standardized by PUDL,"EIA Form 861, Annual Electric Power Industry Report",Distribution System Reliability,https://www.eia.gov/electricity/data/eia861/,https://www.eia.gov/electricity/data/eia861/archive/zip/f8612014.zip,https://s3.us-west-2.amazonaws.com/pudl.catalyst.coop/stable/core_eia861__yearly_reliability.parquet,https://catalystcoop-pudl.readthedocs.io/en/stable/data_sources/eia861.html,final,2026-08-08
COOP_VT_BURLINGTON,2548,City of Burlington Electric - (VT),Burlington Electric Department,VT,2015,COOP,COOP,City of Burlington,Local municipal,reported,other_standard,False,consistent_other_standard,20592.0,Municipal,,13.8,False,F,False,,,,0.4,,,,,,1,False,Unavailable because a component is missing,exact_match,descriptive_only_incomplete_metrics,,not_independently_checked,,,,,,,,,,,incomplete_metrics,"Missing display fields: saidi_w_major_event_days_minutes, saidi_wo_major_event_days_minutes, saifi_wo_major_event_days_customers, caidi_w_major_event_days_minutes, caidi_wo_major_event_days_minutes. Utility reports using a non-IEEE method allowed by EIA; retain for within-utility description, but do not pool directly with IEEE rows.",Utility-reported EIA-861 data standardized by PUDL,"EIA Form 861, Annual Electric Power Industry Report",Distribution System Reliability,https://www.eia.gov/electricity/data/eia861/,https://www.eia.gov/electricity/data/eia861/archive/zip/f8612015.zip,https://s3.us-west-2.amazonaws.com/pudl.catalyst.coop/stable/core_eia861__yearly_reliability.parquet,https://catalystcoop-pudl.readthedocs.io/en/stable/data_sources/eia861.html,final,2026-08-08
COOP_VT_BURLINGTON,2548,City of Burlington Electric - (VT),Burlington Electric Department,VT,2016,COOP,COOP,City of Burlington,Local municipal,reported,other_standard,False,consistent_other_standard,20728.0,Municipal,,13.8,False,F,False,,,,0.59,,,,,,1,False,Unavailable because a component is missing,exact_match,descriptive_only_incomplete_metrics,,not_independently_checked,,,,,,,,,,,incomplete_metrics,"Missing display fields: saidi_w_major_event_days_minutes, saidi_wo_major_event_days_minutes, saifi_wo_major_event_days_customers, caidi_w_major_event_days_minutes, caidi_wo_major_event_days_minutes. Utility reports using a non-IEEE method allowed by EIA; retain for within-utility description, but do not pool directly with IEEE rows.",Utility-reported EIA-861 data standardized by PUDL,"EIA Form 861, Annual Electric Power Industry Report",Distribution System Reliability,https://www.eia.gov/electricity/data/eia861/,https://www.eia.gov/electricity/data/eia861/archive/zip/f8612016.zip,https://s3.us-west-2.amazonaws.com/pudl.catalyst.coop/stable/core_eia861__yearly_reliability.parquet,https://catalystcoop-pudl.readthedocs.io/en/stable/data_sources/eia861.html,final,2026-08-08
COOP_VT_BURLINGTON,2548,City of Burlington Electric - (VT),Burlington Electric Department,VT,2017,COOP,COOP,City of Burlington,Local municipal,reported,other_standard,False,consistent_other_standard,21069.0,Municipal,,13.8,False,F,False,,,,0.67,,,,,,1,False,Unavailable because a component is missing,exact_match,descriptive_only_incomplete_metrics,,not_independently_checked,,,,,,,,,,,incomplete_metrics,"Missing display fields: saidi_w_major_event_days_minutes, saidi_wo_major_event_days_minutes, saifi_wo_major_event_days_customers, caidi_w_major_event_days_minutes, caidi_wo_major_event_days_minutes. Utility reports using a non-IEEE method allowed by EIA; retain for within-utility description, but do not pool directly with IEEE rows.",Utility-reported EIA-861 data standardized by PUDL,"EIA Form 861, Annual Electric Power Industry Report",Distribution System Reliability,https://www.eia.gov/electricity/data/eia861/,https://www.eia.gov/electricity/data/eia861/archive/zip/f8612017.zip,https://s3.us-west-2.amazonaws.com/pudl.catalyst.coop/stable/core_eia861__yearly_reliability.parquet,https://catalystcoop-pudl.readthedocs.io/en/stable/data_sources/eia861.html,final,2026-08-08
COOP_VT_BURLINGTON,2548,City of Burlington Electric - (VT),Burlington Electric Department,VT,2018,COOP,COOP,City of Burlington,Local municipal,reported,other_standard,False,consistent_other_standard,21285.0,Municipal,,13.8,False,F,False,,,,0.43,,,,,,1,False,Unavailable because a component is missing,exact_match,descriptive_only_incomplete_metrics,,not_independently_checked,,,,,,,,,,,incomplete_metrics,"Missing display fields: saidi_w_major_event_days_minutes, saidi_wo_major_event_days_minutes, saifi_wo_major_event_days_customers, caidi_w_major_event_days_minutes, caidi_wo_major_event_days_minutes. Utility reports using a non-IEEE method allowed by EIA; retain for within-utility description, but do not pool directly with IEEE rows.",Utility-reported EIA-861 data standardized by PUDL,"EIA Form 861, Annual Electric Power Industry Report",Distribution System Reliability,https://www.eia.gov/electricity/data/eia861/,https://www.eia.gov/electricity/data/eia861/archive/zip/f8612018.zip,https://s3.us-west-2.amazonaws.com/pudl.catalyst.coop/stable/core_eia861__yearly_reliability.parquet,https://catalystcoop-pudl.readthedocs.io/en/stable/data_sources/eia861.html,final,2026-08-08
COOP_VT_BURLINGTON,2548,City of Burlington Electric - (VT),Burlington Electric Department,VT,2019,COOP,COOP,City of Burlington,Local municipal,reported,other_standard,False,consistent_other_standard,21266.0,Municipal,,13.8,False,F,False,,,,1.03,,,,,,1,False,Unavailable because a component is missing,exact_match,descriptive_only_incomplete_metrics,,not_independently_checked,,,,,,,,,,,incomplete_metrics,"Missing display fields: saidi_w_major_event_days_minutes, saidi_wo_major_event_days_minutes, saifi_wo_major_event_days_customers, caidi_w_major_event_days_minutes, caidi_wo_major_event_days_minutes. Utility reports using a non-IEEE method allowed by EIA; retain for within-utility description, but do not pool directly with IEEE rows.",Utility-reported EIA-861 data standardized by PUDL,"EIA Form 861, Annual Electric Power Industry Report",Distribution System Reliability,https://www.eia.gov/electricity/data/eia861/,https://www.eia.gov/electricity/data/eia861/archive/zip/f8612019.zip,https://s3.us-west-2.amazonaws.com/pudl.catalyst.coop/stable/core_eia861__yearly_reliability.parquet,https://catalystcoop-pudl.readthedocs.io/en/stable/data_sources/eia861.html,final,2026-08-08
COOP_VT_BURLINGTON,2548,City of Burlington Electric - (VT),Burlington Electric Department,VT,2020,COOP,COOP,City of Burlington,Local municipal,reported,other_standard,False,consistent_other_standard,21451.0,Municipal,,13.8,False,F,False,,,,1.5,,,,,,1,False,Unavailable because a component is missing,exact_match,descriptive_only_incomplete_metrics,,not_independently_checked,,,,,,,,,,,incomplete_metrics,"Missing display fields: saidi_w_major_event_days_minutes, saidi_wo_major_event_days_minutes, saifi_wo_major_event_days_customers, caidi_w_major_event_days_minutes, caidi_wo_major_event_days_minutes. Utility reports using a non-IEEE method allowed by EIA; retain for within-utility description, but do not pool directly with IEEE rows.",Utility-reported EIA-861 data standardized by PUDL,"EIA Form 861, Annual Electric Power Industry Report",Distribution System Reliability,https://www.eia.gov/electricity/data/eia861/,https://www.eia.gov/electricity/data/eia861/archive/zip/f8612020.zip,https://s3.us-west-2.amazonaws.com/pudl.catalyst.coop/stable/core_eia861__yearly_reliability.parquet,https://catalystcoop-pudl.readthedocs.io/en/stable/data_sources/eia861.html,final,2026-08-08
COOP_VT_BURLINGTON,2548,City of Burlington Electric - (VT),Burlington Electric Department,VT,2021,COOP,COOP,City of Burlington,Local municipal,reported,other_standard,False,consistent_other_standard,21492.0,Municipal,,13.8,False,F,False,,,,0.17,,,,,,1,False,Unavailable because a component is missing,exact_match,descriptive_only_incomplete_metrics,,not_independently_checked,,,,,,,,,,,incomplete_metrics,"Missing display fields: saidi_w_major_event_days_minutes, saidi_wo_major_event_days_minutes, saifi_wo_major_event_days_customers, caidi_w_major_event_days_minutes, caidi_wo_major_event_days_minutes. Utility reports using a non-IEEE method allowed by EIA; retain for within-utility description, but do not pool directly with IEEE rows.",Utility-reported EIA-861 data standardized by PUDL,"EIA Form 861, Annual Electric Power Industry Report",Distribution System Reliability,https://www.eia.gov/electricity/data/eia861/,https://www.eia.gov/electricity/data/eia861/archive/zip/f8612021.zip,https://s3.us-west-2.amazonaws.com/pudl.catalyst.coop/stable/core_eia861__yearly_reliability.parquet,https://catalystcoop-pudl.readthedocs.io/en/stable/data_sources/eia861.html,final,2026-08-08
COOP_VT_BURLINGTON,2548,City of Burlington Electric - (VT),Burlington Electric Department,VT,2022,COOP,COOP,City of Burlington,Local municipal,reported,other_standard,False,consistent_other_standard,21560.0,Municipal,,13.8,False,F,False,,,,1.06,,,,,,1,False,Unavailable because a component is missing,exact_match,descriptive_only_incomplete_metrics,,not_independently_checked,,,,,,,,,,,incomplete_metrics,"Missing display fields: saidi_w_major_event_days_minutes, saidi_wo_major_event_days_minutes, saifi_wo_major_event_days_customers, caidi_w_major_event_days_minutes, caidi_wo_major_event_days_minutes. Utility reports using a non-IEEE method allowed by EIA; retain for within-utility description, but do not pool directly with IEEE rows.",Utility-reported EIA-861 data standardized by PUDL,"EIA Form 861, Annual Electric Power Industry Report",Distribution System Reliability,https://www.eia.gov/electricity/data/eia861/,https://www.eia.gov/electricity/data/eia861/archive/zip/f8612022.zip,https://s3.us-west-2.amazonaws.com/pudl.catalyst.coop/stable/core_eia861__yearly_reliability.parquet,https://catalystcoop-pudl.readthedocs.io/en/stable/data_sources/eia861.html,final,2026-08-08
COOP_VT_BURLINGTON,2548,City of Burlington Electric - (VT),Burlington Electric Department,VT,2023,COOP,COOP,City of Burlington,Local municipal,reported,other_standard,False,consistent_other_standard,21640.0,Municipal,,13.8,False,F,False,,,,0.55,,,,,,1,False,Unavailable because a component is missing,exact_match,descriptive_only_incomplete_metrics,,not_independently_checked,,,,,,,,,,,incomplete_metrics,"Missing display fields: saidi_w_major_event_days_minutes, saidi_wo_major_event_days_minutes, saifi_wo_major_event_days_customers, caidi_w_major_event_days_minutes, caidi_wo_major_event_days_minutes. Utility reports using a non-IEEE method allowed by EIA; retain for within-utility description, but do not pool directly with IEEE rows.",Utility-reported EIA-861 data standardized by PUDL,"EIA Form 861, Annual Electric Power Industry Report",Distribution System Reliability,https://www.eia.gov/electricity/data/eia861/,https://www.eia.gov/electricity/data/eia861/archive/zip/f8612023.zip,https://s3.us-west-2.amazonaws.com/pudl.catalyst.coop/stable/core_eia861__yearly_reliability.parquet,https://catalystcoop-pudl.readthedocs.io/en/stable/data_sources/eia861.html,final,2026-08-08
COOP_VT_BURLINGTON,2548,City of Burlington Electric - (VT),Burlington Electric Department,VT,2024,COOP,COOP,City of Burlington,Local municipal,reported,other_standard,False,consistent_other_standard,21843.0,Municipal,,13.8,False,F,False,,,,1.3,,,,,,1,False,Unavailable because a component is missing,exact_match,descriptive_only_incomplete_metrics,,not_independently_checked,,,,,,,,,,,incomplete_metrics,"Missing display fields: saidi_w_major_event_days_minutes, saidi_wo_major_event_days_minutes, saifi_wo_major_event_days_customers, caidi_w_major_event_days_minutes, caidi_wo_major_event_days_minutes. Utility reports using a non-IEEE method allowed by EIA; retain for within-utility description, but do not pool directly with IEEE rows.",Utility-reported EIA-861 data standardized by PUDL,"EIA Form 861, Annual Electric Power Industry Report",Distribution System Reliability,https://www.eia.gov/electricity/data/eia861/,https://www.eia.gov/electricity/data/eia861/zip/f8612024.zip,https://s3.us-west-2.amazonaws.com/pudl.catalyst.coop/stable/core_eia861__yearly_reliability.parquet,https://catalystcoop-pudl.readthedocs.io/en/stable/data_sources/eia861.html,final,2026-08-08
COOP_VT_VEC,19791,"Vermont Electric Cooperative, Inc",Vermont Electric Cooperative,VT,2013,COOP,COOP,Member-owned cooperative,Local/member-owned,reported,ieee_standard,False,consistent_ieee_standard,37983.0,Cooperative,,35.0,,,True,,,,3.0,2.0,3.0,,,,3,False,Unavailable because a component is missing,exact_match,descriptive_only_incomplete_metrics,,not_independently_checked,,,,,,,,,,,incomplete_metrics,"Missing display fields: saidi_w_major_event_days_minutes, saidi_wo_major_event_days_minutes, caidi_w_major_event_days_minutes, caidi_wo_major_event_days_minutes.",Utility-reported EIA-861 data standardized by PUDL,"EIA Form 861, Annual Electric Power Industry Report",Distribution System Reliability,https://www.eia.gov/electricity/data/eia861/,https://www.eia.gov/electricity/data/eia861/archive/zip/f8612013.zip,https://s3.us-west-2.amazonaws.com/pudl.catalyst.coop/stable/core_eia861__yearly_reliability.parquet,https://catalystcoop-pudl.readthedocs.io/en/stable/data_sources/eia861.html,final,2026-08-08
COOP_VT_VEC,19791,"Vermont Electric Cooperative, Inc",Vermont Electric Cooperative,VT,2014,COOP,COOP,Member-owned cooperative,Local/member-owned,reported,ieee_standard,False,consistent_ieee_standard,38281.0,Cooperative,,35.0,,,True,,,,2.67,1.47,2.46,,,,3,False,Unavailable because a component is missing,exact_match,descriptive_only_incomplete_metrics,,not_independently_checked,,,,,,,,,,,incomplete_metrics,"Missing display fields: saidi_w_major_event_days_minutes, saidi_wo_major_event_days_minutes, caidi_w_major_event_days_minutes, caidi_wo_major_event_days_minutes.",Utility-reported EIA-861 data standardized by PUDL,"EIA Form 861, Annual Electric Power Industry Report",Distribution System Reliability,https://www.eia.gov/electricity/data/eia861/,https://www.eia.gov/electricity/data/eia861/archive/zip/f8612014.zip,https://s3.us-west-2.amazonaws.com/pudl.catalyst.coop/stable/core_eia861__yearly_reliability.parquet,https://catalystcoop-pudl.readthedocs.io/en/stable/data_sources/eia861.html,final,2026-08-08
COOP_VT_VEC,19791,"Vermont Electric Cooperative, Inc",Vermont Electric Cooperative,VT,2015,COOP,COOP,Member-owned cooperative,Local/member-owned,reported,ieee_standard,False,consistent_ieee_standard,38329.0,Cooperative,,35.0,,,True,210.52,210.52,194.98,1.88,1.88,1.62,111.97872,111.97872,120.35802,9,True,Derived by PUDL as SAIDI divided by SAIFI,exact_match,ready_for_descriptive_use,,not_independently_checked,,,,,,,,,,,ready_for_descriptive_use,No coverage or definition flag in this audit.,Utility-reported EIA-861 data standardized by PUDL,"EIA Form 861, Annual Electric Power Industry Report",Distribution System Reliability,https://www.eia.gov/electricity/data/eia861/,https://www.eia.gov/electricity/data/eia861/archive/zip/f8612015.zip,https://s3.us-west-2.amazonaws.com/pudl.catalyst.coop/stable/core_eia861__yearly_reliability.parquet,https://catalystcoop-pudl.readthedocs.io/en/stable/data_sources/eia861.html,final,2026-08-08
COOP_VT_VEC,19791,"Vermont Electric Cooperative, Inc",Vermont Electric Cooperative,VT,2016,COOP,COOP,Member-owned cooperative,Local/member-owned,reported,ieee_standard,False,consistent_ieee_standard,38424.0,Cooperative,,35.0,,,True,217.59,217.59,204.88,1.7,1.7,1.5,127.99412,127.99412,136.58667,9,True,Derived by PUDL as SAIDI divided by SAIFI,exact_match,ready_for_descriptive_use,,not_independently_checked,,,,,,,,,,,ready_for_descriptive_use,No coverage or definition flag in this audit.,Utility-reported EIA-861 data standardized by PUDL,"EIA Form 861, Annual Electric Power Industry Report",Distribution System Reliability,https://www.eia.gov/electricity/data/eia861/,https://www.eia.gov/electricity/data/eia861/archive/zip/f8612016.zip,https://s3.us-west-2.amazonaws.com/pudl.catalyst.coop/stable/core_eia861__yearly_reliability.parquet,https://catalystcoop-pudl.readthedocs.io/en/stable/data_sources/eia861.html,final,2026-08-08
COOP_VT_VEC,19791,"Vermont Electric Cooperative, Inc",Vermont Electric Cooperative,VT,2017,COOP,COOP,Member-owned cooperative,Local/member-owned,reported,ieee_standard,False,consistent_ieee_standard,38372.0,Cooperative,,35.0,,,True,1744.41,200.78,1733.61,2.72,1.72,2.59,641.32721,116.73256,669.34749,9,True,Derived by PUDL as SAIDI divided by SAIFI,exact_match,ready_for_descriptive_use,,not_independently_checked,,,,,,,,,,,ready_for_descriptive_use,No coverage or definition flag in this audit.,Utility-reported EIA-861 data standardized by PUDL,"EIA Form 861, Annual Electric Power Industry Report",Distribution System Reliability,https://www.eia.gov/electricity/data/eia861/,https://www.eia.gov/electricity/data/eia861/archive/zip/f8612017.zip,https://s3.us-west-2.amazonaws.com/pudl.catalyst.coop/stable/core_eia861__yearly_reliability.parquet,https://catalystcoop-pudl.readthedocs.io/en/stable/data_sources/eia861.html,final,2026-08-08
COOP_VT_VEC,19791,"Vermont Electric Cooperative, Inc",Vermont Electric Cooperative,VT,2018,COOP,COOP,Member-owned cooperative,Local/member-owned,reported,ieee_standard,False,consistent_ieee_standard,38982.0,Cooperative,,35.0,,,True,929.76,357.66,732.08,3.39,2.34,2.86,274.26549,152.84615,255.97203,9,True,Derived by PUDL as SAIDI divided by SAIFI,exact_match,ready_for_descriptive_use,,not_independently_checked,,,,,,,,,,,ready_for_descriptive_use,No coverage or definition flag in this audit.,Utility-reported EIA-861 data standardized by PUDL,"EIA Form 861, Annual Electric Power Industry Report",Distribution System Reliability,https://www.eia.gov/electricity/data/eia861/,https://www.eia.gov/electricity/data/eia861/archive/zip/f8612018.zip,https://s3.us-west-2.amazonaws.com/pudl.catalyst.coop/stable/core_eia861__yearly_reliability.parquet,https://catalystcoop-pudl.readthedocs.io/en/stable/data_sources/eia861.html,final,2026-08-08
COOP_VT_VEC,19791,"Vermont Electric Cooperative, Inc",Vermont Electric Cooperative,VT,2019,COOP,COOP,Member-owned cooperative,Local/member-owned,reported,ieee_standard,False,consistent_ieee_standard,39179.0,Cooperative,,35.0,,,True,333.98,170.42,329.39,1.96,1.49,1.9,170.39796,114.37584,173.36316,9,True,Derived by PUDL as SAIDI divided by SAIFI,exact_match,ready_for_descriptive_use,,not_independently_checked,,,,,,,,,,,ready_for_descriptive_use,No coverage or definition flag in this audit.,Utility-reported EIA-861 data standardized by PUDL,"EIA Form 861, Annual Electric Power Industry Report",Distribution System Reliability,https://www.eia.gov/electricity/data/eia861/,https://www.eia.gov/electricity/data/eia861/archive/zip/f8612019.zip,https://s3.us-west-2.amazonaws.com/pudl.catalyst.coop/stable/core_eia861__yearly_reliability.parquet,https://catalystcoop-pudl.readthedocs.io/en/stable/data_sources/eia861.html,final,2026-08-08
COOP_VT_VEC,19791,"Vermont Electric Cooperative, Inc",Vermont Electric Cooperative,VT,2020,COOP,COOP,Member-owned cooperative,Local/member-owned,reported,ieee_standard,False,consistent_ieee_standard,39539.0,Cooperative,,35.0,,,True,158.43,158.43,151.01,1.63,1.63,1.56,97.196319,97.196319,96.801282,9,True,Derived by PUDL as SAIDI divided by SAIFI,exact_match,ready_for_descriptive_use,,not_independently_checked,,,,,,,,,,,ready_for_descriptive_use,No coverage or definition flag in this audit.,Utility-reported EIA-861 data standardized by PUDL,"EIA Form 861, Annual Electric Power Industry Report",Distribution System Reliability,https://www.eia.gov/electricity/data/eia861/,https://www.eia.gov/electricity/data/eia861/archive/zip/f8612020.zip,https://s3.us-west-2.amazonaws.com/pudl.catalyst.coop/stable/core_eia861__yearly_reliability.parquet,https://catalystcoop-pudl.readthedocs.io/en/stable/data_sources/eia861.html,final,2026-08-08
COOP_VT_VEC,19791,"Vermont Electric Cooperative, Inc",Vermont Electric Cooperative,VT,2021,COOP,COOP,Member-owned cooperative,Local/member-owned,reported,ieee_standard,False,consistent_ieee_standard,39961.0,Cooperative,,35.0,,,True,215.29,215.29,210.12,1.91,1.91,1.75,112.71728,112.71728,120.06857,9,True,Derived by PUDL as SAIDI divided by SAIFI,exact_match,ready_for_descriptive_use,,not_independently_checked,,,,,,,,,,,ready_for_descriptive_use,No coverage or definition flag in this audit.,Utility-reported EIA-861 data standardized by PUDL,"EIA Form 861, Annual Electric Power Industry Report",Distribution System Reliability,https://www.eia.gov/electricity/data/eia861/,https://www.eia.gov/electricity/data/eia861/archive/zip/f8612021.zip,https://s3.us-west-2.amazonaws.com/pudl.catalyst.coop/stable/core_eia861__yearly_reliability.parquet,https://catalystcoop-pudl.readthedocs.io/en/stable/data_sources/eia861.html,final,2026-08-08
COOP_VT_VEC,19791,"Vermont Electric Cooperative, Inc",Vermont Electric Cooperative,VT,2022,COOP,COOP,Member-owned cooperative,Local/member-owned,reported,ieee_standard,False,consistent_ieee_standard,40253.0,Cooperative,,35.0,,,True,914.57,178.5,877.64,2.44,1.95,2.26,374.82377,91.538462,388.33628,9,True,Derived by PUDL as SAIDI divided by SAIFI,exact_match,ready_for_descriptive_use,,not_independently_checked,,,,,,,,,,,ready_for_descriptive_use,No coverage or definition flag in this audit.,Utility-reported EIA-861 data standardized by PUDL,"EIA Form 861, Annual Electric Power Industry Report",Distribution System Reliability,https://www.eia.gov/electricity/data/eia861/,https://www.eia.gov/electricity/data/eia861/archive/zip/f8612022.zip,https://s3.us-west-2.amazonaws.com/pudl.catalyst.coop/stable/core_eia861__yearly_reliability.parquet,https://catalystcoop-pudl.readthedocs.io/en/stable/data_sources/eia861.html,final,2026-08-08
COOP_VT_VEC,19791,"Vermont Electric Cooperative, Inc",Vermont Electric Cooperative,VT,2023,COOP,COOP,Member-owned cooperative,Local/member-owned,reported,ieee_standard,False,consistent_ieee_standard,40245.0,Cooperative,,35.0,,,True,486.33,204.33,480.07,2.25,1.38,2.04,216.14667,148.06522,235.32843,9,True,Derived by PUDL as SAIDI divided by SAIFI,exact_match,ready_for_descriptive_use,,not_independently_checked,,,,,,,,,,,ready_for_descriptive_use,No coverage or definition flag in this audit.,Utility-reported EIA-861 data standardized by PUDL,"EIA Form 861, Annual Electric Power Industry Report",Distribution System Reliability,https://www.eia.gov/electricity/data/eia861/,https://www.eia.gov/electricity/data/eia861/archive/zip/f8612023.zip,https://s3.us-west-2.amazonaws.com/pudl.catalyst.coop/stable/core_eia861__yearly_reliability.parquet,https://catalystcoop-pudl.readthedocs.io/en/stable/data_sources/eia861.html,final,2026-08-08
COOP_VT_VEC,19791,"Vermont Electric Cooperative, Inc",Vermont Electric Cooperative,VT,2024,COOP,COOP,Member-owned cooperative,Local/member-owned,reported,ieee_standard,False,consistent_ieee_standard,40741.0,Cooperative,,35.0,,,True,895.8,231.8,884.6,3.34,1.4,2.06,268.20359,165.57143,429.41748,9,True,Derived by PUDL as SAIDI divided by SAIFI,exact_match,ready_for_descriptive_use,,not_independently_checked,,,,,,,,,,,ready_for_descriptive_use,No coverage or definition flag in this audit.,Utility-reported EIA-861 data standardized by PUDL,"EIA Form 861, Annual Electric Power Industry Report",Distribution System Reliability,https://www.eia.gov/electricity/data/eia861/,https://www.eia.gov/electricity/data/eia861/zip/f8612024.zip,https://s3.us-west-2.amazonaws.com/pudl.catalyst.coop/stable/core_eia861__yearly_reliability.parquet,https://catalystcoop-pudl.readthedocs.io/en/stable/data_sources/eia861.html,final,2026-08-08
DOM_CT_CLP,4176,Connecticut Light & Power Co,Connecticut Light & Power (Eversource Connecticut),CT,2013,DOM,DOM,Eversource Energy,United States,reported,ieee_standard,False,consistent_ieee_standard,1217400.0,Investor Owned,,34.5,,,True,209.0,98.0,205.0,1.0,1.0,1.0,209.0,98.0,205.0,9,True,Derived by PUDL as SAIDI divided by SAIFI,exact_match,ready_for_descriptive_use,,not_independently_checked,,,,,,,,,,,ready_for_descriptive_use,No coverage or definition flag in this audit.,Utility-reported EIA-861 data standardized by PUDL,"EIA Form 861, Annual Electric Power Industry Report",Distribution System Reliability,https://www.eia.gov/electricity/data/eia861/,https://www.eia.gov/electricity/data/eia861/archive/zip/f8612013.zip,https://s3.us-west-2.amazonaws.com/pudl.catalyst.coop/stable/core_eia861__yearly_reliability.parquet,https://catalystcoop-pudl.readthedocs.io/en/stable/data_sources/eia861.html,final,2026-08-08
DOM_CT_CLP,4176,Connecticut Light & Power Co,Connecticut Light & Power (Eversource Connecticut),CT,2014,DOM,DOM,Eversource Energy,United States,reported,ieee_standard,False,consistent_ieee_standard,1248364.0,Investor Owned,,34.5,,,True,93.67,93.67,93.57,0.76,0.76,0.76,123.25,123.25,123.11842,9,True,Derived by PUDL as SAIDI divided by SAIFI,exact_match,ready_for_descriptive_use,,not_independently_checked,,,,,,,,,,,ready_for_descriptive_use,No coverage or definition flag in this audit.,Utility-reported EIA-861 data standardized by PUDL,"EIA Form 861, Annual Electric Power Industry Report",Distribution System Reliability,https://www.eia.gov/electricity/data/eia861/,https://www.eia.gov/electricity/data/eia861/archive/zip/f8612014.zip,https://s3.us-west-2.amazonaws.com/pudl.catalyst.coop/stable/core_eia861__yearly_reliability.parquet,https://catalystcoop-pudl.readthedocs.io/en/stable/data_sources/eia861.html,final,2026-08-08
DOM_CT_CLP,4176,Connecticut Light & Power Co,Connecticut Light & Power (Eversource Connecticut),CT,2015,DOM,DOM,Eversource Energy,United States,reported,ieee_standard,False,consistent_ieee_standard,1254049.0,Investor Owned,,34.5,,,True,111.6,78.6,110.7,0.75,0.7,0.74,148.8,112.28571,149.59459,9,True,Derived by PUDL as SAIDI divided by SAIFI,exact_match,ready_for_descriptive_use,,not_independently_checked,,,,,,,,,,,ready_for_descriptive_use,No coverage or definition flag in this audit.,Utility-reported EIA-861 data standardized by PUDL,"EIA Form 861, Annual Electric Power Industry Report",Distribution System Reliability,https://www.eia.gov/electricity/data/eia861/,https://www.eia.gov/electricity/data/eia861/archive/zip/f8612015.zip,https://s3.us-west-2.amazonaws.com/pudl.catalyst.coop/stable/core_eia861__yearly_reliability.parquet,https://catalystcoop-pudl.readthedocs.io/en/stable/data_sources/eia861.html,final,2026-08-08
DOM_CT_CLP,4176,Connecticut Light & Power Co,Connecticut Light & Power (Eversource Connecticut),CT,2016,DOM,DOM,Eversource Energy,United States,reported,ieee_standard,False,consistent_ieee_standard,1260086.0,Investor Owned,,34.5,,,True,204.2,103.8,202.58,1.08,0.91,1.07,189.07407,114.06593,189.3271,9,True,Derived by PUDL as SAIDI divided by SAIFI,exact_match,ready_for_descriptive_use,,not_independently_checked,,,,,,,,,,,ready_for_descriptive_use,No coverage or definition flag in this audit.,Utility-reported EIA-861 data standardized by PUDL,"EIA Form 861, Annual Electric Power Industry Report",Distribution System Reliability,https://www.eia.gov/electricity/data/eia861/,https://www.eia.gov/electricity/data/eia861/archive/zip/f8612016.zip,https://s3.us-west-2.amazonaws.com/pudl.catalyst.coop/stable/core_eia861__yearly_reliability.parquet,https://catalystcoop-pudl.readthedocs.io/en/stable/data_sources/eia861.html,final,2026-08-08
DOM_CT_CLP,4176,Connecticut Light & Power Co,Connecticut Light & Power (Eversource Connecticut),CT,2017,DOM,DOM,Eversource Energy,United States,reported,ieee_standard,False,consistent_ieee_standard,1265772.0,Investor Owned,,34.5,,,True,355.4,78.2,355.15,1.025,0.733,1.015,346.73171,106.68486,349.90148,9,True,Derived by PUDL as SAIDI divided by SAIFI,exact_match,ready_for_descriptive_use,,independent_rounded_match,Non-major outage events,78.2,0.733,106.8,,Connecticut PURA Eversource management audit,https://portal.ct.gov/-/media/pura/1---website-media/eversource-management-audit-public.pdf?hash=284B093EE0D939A2ABD61731C0B58586&rev=beac01ab144c40c4956b3eaea4df5cff,,Figure 2-11 on PDF page 179,Matches EIA SAIDI and SAIFI; CAIDI differs only by displayed rounding.,ready_for_descriptive_use,No coverage or definition flag in this audit.,Utility-reported EIA-861 data standardized by PUDL,"EIA Form 861, Annual Electric Power Industry Report",Distribution System Reliability,https://www.eia.gov/electricity/data/eia861/,https://www.eia.gov/electricity/data/eia861/archive/zip/f8612017.zip,https://s3.us-west-2.amazonaws.com/pudl.catalyst.coop/stable/core_eia861__yearly_reliability.parquet,https://catalystcoop-pudl.readthedocs.io/en/stable/data_sources/eia861.html,final,2026-08-08
DOM_CT_CLP,4176,Connecticut Light & Power Co,Connecticut Light & Power (Eversource Connecticut),CT,2018,DOM,DOM,Eversource Energy,United States,reported,ieee_standard,False,consistent_ieee_standard,1271056.0,Investor Owned,,34.5,,,True,780.0,81.0,777.38,1.29,0.73,1.26,604.65116,110.9589,616.96825,9,True,Derived by PUDL as SAIDI divided by SAIFI,exact_match,ready_for_descriptive_use,,independent_close_match,Non-major outage events,81.0,0.728,111.2,,Connecticut PURA Eversource management audit,https://portal.ct.gov/-/media/pura/1---website-media/eversource-management-audit-public.pdf?hash=284B093EE0D939A2ABD61731C0B58586&rev=beac01ab144c40c4956b3eaea4df5cff,,Figure 2-11 on PDF page 179,SAIDI matches; SAIFI and CAIDI are close but not identical to the EIA row.,ready_for_descriptive_use,No coverage or definition flag in this audit.,Utility-reported EIA-861 data standardized by PUDL,"EIA Form 861, Annual Electric Power Industry Report",Distribution System Reliability,https://www.eia.gov/electricity/data/eia861/,https://www.eia.gov/electricity/data/eia861/archive/zip/f8612018.zip,https://s3.us-west-2.amazonaws.com/pudl.catalyst.coop/stable/core_eia861__yearly_reliability.parquet,https://catalystcoop-pudl.readthedocs.io/en/stable/data_sources/eia861.html,final,2026-08-08
DOM_CT_CLP,4176,Connecticut Light & Power Co,Connecticut Light & Power (Eversource Connecticut),CT,2019,DOM,DOM,Eversource Energy,United States,reported,ieee_standard,False,consistent_ieee_standard,1275462.0,Investor Owned,,34.5,,,True,249.2,66.8,249.17,0.989,0.648,0.985,251.97169,103.08642,252.96447,9,True,Derived by PUDL as SAIDI divided by SAIFI,exact_match,ready_for_descriptive_use,,independent_rounded_match,Non-major outage events,66.8,0.648,103.0,,Connecticut PURA Eversource management audit,https://portal.ct.gov/-/media/pura/1---website-media/eversource-management-audit-public.pdf?hash=284B093EE0D939A2ABD61731C0B58586&rev=beac01ab144c40c4956b3eaea4df5cff,,Figure 2-11 on PDF page 179,Matches EIA SAIDI and SAIFI; CAIDI agrees at the report's displayed precision.,ready_for_descriptive_use,No coverage or definition flag in this audit.,Utility-reported EIA-861 data standardized by PUDL,"EIA Form 861, Annual Electric Power Industry Report",Distribution System Reliability,https://www.eia.gov/electricity/data/eia861/,https://www.eia.gov/electricity/data/eia861/archive/zip/f8612019.zip,https://s3.us-west-2.amazonaws.com/pudl.catalyst.coop/stable/core_eia861__yearly_reliability.parquet,https://catalystcoop-pudl.readthedocs.io/en/stable/data_sources/eia861.html,final,2026-08-08
DOM_CT_CLP,4176,Connecticut Light & Power Co,Connecticut Light & Power (Eversource Connecticut),CT,2020,DOM,DOM,Eversource Energy,United States,reported,ieee_standard,False,consistent_ieee_standard,1281157.0,Investor Owned,,34.5,,,True,3117.21,69.68,3115.8,2.01,0.69,1.99,1550.8507,100.98551,1565.7286,9,True,Derived by PUDL as SAIDI divided by SAIFI,exact_match,ready_for_descriptive_use,,independent_value_difference,Non-major outage events,72.7,0.705,103.1,,Connecticut PURA Eversource management audit,https://portal.ct.gov/-/media/pura/1---website-media/eversource-management-audit-public.pdf?hash=284B093EE0D939A2ABD61731C0B58586&rev=beac01ab144c40c4956b3eaea4df5cff,,Figure 2-11 on PDF page 179,The later PURA audit differs from EIA's 69.68 SAIDI and 0.690 SAIFI; no value is substituted because the vintages may differ.,ready_for_descriptive_use,No coverage or definition flag in this audit.,Utility-reported EIA-861 data standardized by PUDL,"EIA Form 861, Annual Electric Power Industry Report",Distribution System Reliability,https://www.eia.gov/electricity/data/eia861/,https://www.eia.gov/electricity/data/eia861/archive/zip/f8612020.zip,https://s3.us-west-2.amazonaws.com/pudl.catalyst.coop/stable/core_eia861__yearly_reliability.parquet,https://catalystcoop-pudl.readthedocs.io/en/stable/data_sources/eia861.html,final,2026-08-08
DOM_CT_CLP,4176,Connecticut Light & Power Co,Connecticut Light & Power (Eversource Connecticut),CT,2021,DOM,DOM,Eversource Energy,United States,reported,ieee_standard,False,consistent_ieee_standard,1286768.0,Investor Owned,,24.5,,,True,170.035,75.996,168.788,0.981,0.686,0.968,173.32824,110.78134,174.36777,9,True,Derived by PUDL as SAIDI divided by SAIFI,exact_match,ready_for_descriptive_use,,independent_rounded_match,Non-major outage events,76.0,0.686,110.7,,Connecticut PURA Eversource management audit,https://portal.ct.gov/-/media/pura/1---website-media/eversource-management-audit-public.pdf?hash=284B093EE0D939A2ABD61731C0B58586&rev=beac01ab144c40c4956b3eaea4df5cff,,Figure 2-11 on PDF page 179,Matches EIA at the report's displayed precision.,ready_for_descriptive_use,No coverage or definition flag in this audit.,Utility-reported EIA-861 data standardized by PUDL,"EIA Form 861, Annual Electric Power Industry Report",Distribution System Reliability,https://www.eia.gov/electricity/data/eia861/,https://www.eia.gov/electricity/data/eia861/archive/zip/f8612021.zip,https://s3.us-west-2.amazonaws.com/pudl.catalyst.coop/stable/core_eia861__yearly_reliability.parquet,https://catalystcoop-pudl.readthedocs.io/en/stable/data_sources/eia861.html,final,2026-08-08
DOM_CT_CLP,4176,Connecticut Light & Power Co,Connecticut Light & Power (Eversource Connecticut),CT,2022,DOM,DOM,Eversource Energy,United States,reported,ieee_standard,False,consistent_ieee_standard,1293731.0,Investor Owned,,34.5,,,True,190.3,73.4,190.0,0.908,0.672,0.9,209.5815,109.22619,211.11111,9,True,Derived by PUDL as SAIDI divided by SAIFI,exact_match,ready_for_descriptive_use,,not_independently_checked,,,,,,,,,,,ready_for_descriptive_use,No coverage or definition flag in this audit.,Utility-reported EIA-861 data standardized by PUDL,"EIA Form 861, Annual Electric Power Industry Report",Distribution System Reliability,https://www.eia.gov/electricity/data/eia861/,https://www.eia.gov/electricity/data/eia861/archive/zip/f8612022.zip,https://s3.us-west-2.amazonaws.com/pudl.catalyst.coop/stable/core_eia861__yearly_reliability.parquet,https://catalystcoop-pudl.readthedocs.io/en/stable/data_sources/eia861.html,final,2026-08-08
DOM_CT_CLP,4176,Connecticut Light & Power Co,Connecticut Light & Power (Eversource Connecticut),CT,2023,DOM,DOM,Eversource Energy,United States,reported,ieee_standard,False,consistent_ieee_standard,1307124.0,Investor Owned,,34.5,,,True,189.8,75.6,189.3,0.884,0.667,0.867,214.70588,113.34333,218.3391,9,True,Derived by PUDL as SAIDI divided by SAIFI,exact_match,ready_for_descriptive_use,,not_independently_checked,,,,,,,,,,,ready_for_descriptive_use,No coverage or definition flag in this audit.,Utility-reported EIA-861 data standardized by PUDL,"EIA Form 861, Annual Electric Power Industry Report",Distribution System Reliability,https://www.eia.gov/electricity/data/eia861/,https://www.eia.gov/electricity/data/eia861/archive/zip/f8612023.zip,https://s3.us-west-2.amazonaws.com/pudl.catalyst.coop/stable/core_eia861__yearly_reliability.parquet,https://catalystcoop-pudl.readthedocs.io/en/stable/data_sources/eia861.html,final,2026-08-08
DOM_CT_CLP,4176,Connecticut Light & Power Co,Connecticut Light & Power (Eversource Connecticut),CT,2024,DOM,DOM,Eversource Energy,United States,reported,ieee_standard,False,consistent_ieee_standard,1326461.0,Investor Owned,,34.5,,,True,158.8,76.9,158.7,0.891,0.649,0.886,178.22671,118.48998,179.11964,9,True,Derived by PUDL as SAIDI divided by SAIFI,exact_match,ready_for_descriptive_use,,not_independently_checked,,,,,,,,,,,ready_for_descriptive_use,No coverage or definition flag in this audit.,Utility-reported EIA-861 data standardized by PUDL,"EIA Form 861, Annual Electric Power Industry Report",Distribution System Reliability,https://www.eia.gov/electricity/data/eia861/,https://www.eia.gov/electricity/data/eia861/zip/f8612024.zip,https://s3.us-west-2.amazonaws.com/pudl.catalyst.coop/stable/core_eia861__yearly_reliability.parquet,https://catalystcoop-pudl.readthedocs.io/en/stable/data_sources/eia861.html,final,2026-08-08
DOM_MA_FITCHBURG,6374,Fitchburg Gas & Elec Light Co,Fitchburg Gas & Electric Light,MA,2013,DOM,DOM,Unitil Corporation,United States,reported,ieee_standard,False,consistent_ieee_standard,29232.0,Investor Owned,,69.0,,,True,111.82,111.82,,1.068,1.068,,104.70037,104.70037,,6,True,Derived by PUDL as SAIDI divided by SAIFI,exact_match,ready_for_descriptive_use,,not_independently_checked,,,,,,,,,,,ready_for_descriptive_use,No coverage or definition flag in this audit.,Utility-reported EIA-861 data standardized by PUDL,"EIA Form 861, Annual Electric Power Industry Report",Distribution System Reliability,https://www.eia.gov/electricity/data/eia861/,https://www.eia.gov/electricity/data/eia861/archive/zip/f8612013.zip,https://s3.us-west-2.amazonaws.com/pudl.catalyst.coop/stable/core_eia861__yearly_reliability.parquet,https://catalystcoop-pudl.readthedocs.io/en/stable/data_sources/eia861.html,final,2026-08-08
DOM_MA_FITCHBURG,6374,Fitchburg Gas & Elec Light Co,Fitchburg Gas & Electric Light,MA,2014,DOM,DOM,Unitil Corporation,United States,reported,ieee_standard,False,consistent_ieee_standard,29323.0,Investor Owned,,13.8,,,True,159.34,91.92,,1.47,1.24,,108.39456,74.129032,,6,True,Derived by PUDL as SAIDI divided by SAIFI,exact_match,ready_for_descriptive_use,,not_independently_checked,,,,,,,,,,,ready_for_descriptive_use,No coverage or definition flag in this audit.,Utility-reported EIA-861 data standardized by PUDL,"EIA Form 861, Annual Electric Power Industry Report",Distribution System Reliability,https://www.eia.gov/electricity/data/eia861/,https://www.eia.gov/electricity/data/eia861/archive/zip/f8612014.zip,https://s3.us-west-2.amazonaws.com/pudl.catalyst.coop/stable/core_eia861__yearly_reliability.parquet,https://catalystcoop-pudl.readthedocs.io/en/stable/data_sources/eia861.html,final,2026-08-08
DOM_MA_FITCHBURG,6374,Fitchburg Gas & Elec Light Co,Fitchburg Gas & Electric Light,MA,2015,DOM,DOM,Unitil Corporation,United States,reported,ieee_standard,False,consistent_ieee_standard,29412.0,Investor Owned,,13.8,,,True,55.18,55.18,,1.02,1.02,,54.098039,54.098039,,6,True,Derived by PUDL as SAIDI divided by SAIFI,exact_match,ready_for_descriptive_use,,not_independently_checked,,,,,,,,,,,ready_for_descriptive_use,No coverage or definition flag in this audit.,Utility-reported EIA-861 data standardized by PUDL,"EIA Form 861, Annual Electric Power Industry Report",Distribution System Reliability,https://www.eia.gov/electricity/data/eia861/,https://www.eia.gov/electricity/data/eia861/archive/zip/f8612015.zip,https://s3.us-west-2.amazonaws.com/pudl.catalyst.coop/stable/core_eia861__yearly_reliability.parquet,https://catalystcoop-pudl.readthedocs.io/en/stable/data_sources/eia861.html,final,2026-08-08
DOM_MA_FITCHBURG,6374,Fitchburg Gas & Elec Light Co,Fitchburg Gas & Electric Light,MA,2016,DOM,DOM,Unitil Corporation,United States,reported,ieee_standard,False,consistent_ieee_standard,29535.0,Investor Owned,,13.8,,,True,88.23,88.23,,1.45,1.45,,60.848276,60.848276,,6,True,Derived by PUDL as SAIDI divided by SAIFI,exact_match,ready_for_descriptive_use,,not_independently_checked,,,,,,,,,,,ready_for_descriptive_use,No coverage or definition flag in this audit.,Utility-reported EIA-861 data standardized by PUDL,"EIA Form 861, Annual Electric Power Industry Report",Distribution System Reliability,https://www.eia.gov/electricity/data/eia861/,https://www.eia.gov/electricity/data/eia861/archive/zip/f8612016.zip,https://s3.us-west-2.amazonaws.com/pudl.catalyst.coop/stable/core_eia861__yearly_reliability.parquet,https://catalystcoop-pudl.readthedocs.io/en/stable/data_sources/eia861.html,final,2026-08-08
DOM_MA_FITCHBURG,6374,Fitchburg Gas & Elec Light Co,Fitchburg Gas & Electric Light,MA,2017,DOM,DOM,Unitil Corporation,United States,reported,ieee_standard,False,consistent_ieee_standard,29699.0,Investor Owned,,13.8,,,True,313.41,74.8,313.41,2.464,1.344,2.464,127.19562,55.654762,127.19562,9,True,Derived by PUDL as SAIDI divided by SAIFI,exact_match,ready_for_descriptive_use,,not_independently_checked,,,,,,,,,,,ready_for_descriptive_use,No coverage or definition flag in this audit.,Utility-reported EIA-861 data standardized by PUDL,"EIA Form 861, Annual Electric Power Industry Report",Distribution System Reliability,https://www.eia.gov/electricity/data/eia861/,https://www.eia.gov/electricity/data/eia861/archive/zip/f8612017.zip,https://s3.us-west-2.amazonaws.com/pudl.catalyst.coop/stable/core_eia861__yearly_reliability.parquet,https://catalystcoop-pudl.readthedocs.io/en/stable/data_sources/eia861.html,final,2026-08-08
DOM_MA_FITCHBURG,6374,Fitchburg Gas & Elec Light Co,Fitchburg Gas & Electric Light,MA,2018,DOM,DOM,Unitil Corporation,United States,reported,ieee_standard,False,consistent_ieee_standard,29876.0,Investor Owned,,13.8,,,True,137.12,107.965,137.12,1.89,1.566,1.89,72.550265,68.943167,72.550265,9,True,Derived by PUDL as SAIDI divided by SAIFI,exact_match,ready_for_descriptive_use,,not_independently_checked,,,,,,,,,,,ready_for_descriptive_use,No coverage or definition flag in this audit.,Utility-reported EIA-861 data standardized by PUDL,"EIA Form 861, Annual Electric Power Industry Report",Distribution System Reliability,https://www.eia.gov/electricity/data/eia861/,https://www.eia.gov/electricity/data/eia861/archive/zip/f8612018.zip,https://s3.us-west-2.amazonaws.com/pudl.catalyst.coop/stable/core_eia861__yearly_reliability.parquet,https://catalystcoop-pudl.readthedocs.io/en/stable/data_sources/eia861.html,final,2026-08-08
DOM_MA_FITCHBURG,6374,Fitchburg Gas & Elec Light Co,Fitchburg Gas & Electric Light,MA,2019,DOM,DOM,Unitil Corporation,United States,reported,ieee_standard,False,consistent_ieee_standard,30006.0,Investor Owned,,69.0,,,True,83.56,83.56,83.56,1.24,1.24,1.24,67.387097,67.387097,67.387097,9,True,Derived by PUDL as SAIDI divided by SAIFI,exact_match,ready_for_descriptive_use,,not_independently_checked,,,,,,,,,,,ready_for_descriptive_use,No coverage or definition flag in this audit.,Utility-reported EIA-861 data standardized by PUDL,"EIA Form 861, Annual Electric Power Industry Report",Distribution System Reliability,https://www.eia.gov/electricity/data/eia861/,https://www.eia.gov/electricity/data/eia861/archive/zip/f8612019.zip,https://s3.us-west-2.amazonaws.com/pudl.catalyst.coop/stable/core_eia861__yearly_reliability.parquet,https://catalystcoop-pudl.readthedocs.io/en/stable/data_sources/eia861.html,final,2026-08-08
DOM_MA_FITCHBURG,6374,Fitchburg Gas & Elec Light Co,Fitchburg Gas & Electric Light,MA,2020,DOM,DOM,Unitil Corporation,United States,reported,ieee_standard,False,consistent_ieee_standard,30158.0,Investor Owned,,69.0,,,True,256.75,64.904,256.75,2.837,1.274,2.837,90.500529,50.945055,90.500529,9,True,Derived by PUDL as SAIDI divided by SAIFI,exact_match,ready_for_descriptive_use,,not_independently_checked,,,,,,,,,,,ready_for_descriptive_use,No coverage or definition flag in this audit.,Utility-reported EIA-861 data standardized by PUDL,"EIA Form 861, Annual Electric Power Industry Report",Distribution System Reliability,https://www.eia.gov/electricity/data/eia861/,https://www.eia.gov/electricity/data/eia861/archive/zip/f8612020.zip,https://s3.us-west-2.amazonaws.com/pudl.catalyst.coop/stable/core_eia861__yearly_reliability.parquet,https://catalystcoop-pudl.readthedocs.io/en/stable/data_sources/eia861.html,final,2026-08-08
DOM_MA_FITCHBURG,6374,Fitchburg Gas & Elec Light Co,Fitchburg Gas & Electric Light,MA,2021,DOM,DOM,Unitil Corporation,United States,reported,ieee_standard,False,consistent_ieee_standard,30484.0,Investor Owned,,69.0,,,True,218.35,77.1,218.35,2.795,1.271,2.795,78.121646,60.660897,78.121646,9,True,Derived by PUDL as SAIDI divided by SAIFI,exact_match,ready_for_descriptive_use,,not_independently_checked,,,,,,,,,,,ready_for_descriptive_use,No coverage or definition flag in this audit.,Utility-reported EIA-861 data standardized by PUDL,"EIA Form 861, Annual Electric Power Industry Report",Distribution System Reliability,https://www.eia.gov/electricity/data/eia861/,https://www.eia.gov/electricity/data/eia861/archive/zip/f8612021.zip,https://s3.us-west-2.amazonaws.com/pudl.catalyst.coop/stable/core_eia861__yearly_reliability.parquet,https://catalystcoop-pudl.readthedocs.io/en/stable/data_sources/eia861.html,final,2026-08-08
DOM_MA_FITCHBURG,6374,Fitchburg Gas & Elec Light Co,Fitchburg Gas & Electric Light,MA,2022,DOM,DOM,Unitil Corporation,United States,reported,ieee_standard,False,consistent_ieee_standard,30495.0,Investor Owned,,69.0,,,True,71.44,71.44,71.44,1.096,1.096,1.096,65.182482,65.182482,65.182482,9,True,Derived by PUDL as SAIDI divided by SAIFI,exact_match,ready_for_descriptive_use,,not_independently_checked,,,,,,,,,,,ready_for_descriptive_use,No coverage or definition flag in this audit.,Utility-reported EIA-861 data standardized by PUDL,"EIA Form 861, Annual Electric Power Industry Report",Distribution System Reliability,https://www.eia.gov/electricity/data/eia861/,https://www.eia.gov/electricity/data/eia861/archive/zip/f8612022.zip,https://s3.us-west-2.amazonaws.com/pudl.catalyst.coop/stable/core_eia861__yearly_reliability.parquet,https://catalystcoop-pudl.readthedocs.io/en/stable/data_sources/eia861.html,final,2026-08-08
DOM_MA_FITCHBURG,6374,Fitchburg Gas & Elec Light Co,Fitchburg Gas & Electric Light,MA,2023,DOM,DOM,Unitil Corporation,United States,reported,ieee_standard,False,consistent_ieee_standard,30743.0,Investor Owned,,69.0,,,True,1014.94,90.365,1014.94,2.447,1.21,2.447,414.76911,74.681818,414.76911,9,True,Derived by PUDL as SAIDI divided by SAIFI,exact_match,ready_for_descriptive_use,,not_independently_checked,,,,,,,,,,,ready_for_descriptive_use,No coverage or definition flag in this audit.,Utility-reported EIA-861 data standardized by PUDL,"EIA Form 861, Annual Electric Power Industry Report",Distribution System Reliability,https://www.eia.gov/electricity/data/eia861/,https://www.eia.gov/electricity/data/eia861/archive/zip/f8612023.zip,https://s3.us-west-2.amazonaws.com/pudl.catalyst.coop/stable/core_eia861__yearly_reliability.parquet,https://catalystcoop-pudl.readthedocs.io/en/stable/data_sources/eia861.html,final,2026-08-08
DOM_MA_FITCHBURG,6374,Fitchburg Gas & Elec Light Co,Fitchburg Gas & Electric Light,MA,2024,DOM,DOM,Unitil Corporation,United States,reported,ieee_standard,False,consistent_ieee_standard,30873.0,Investor Owned,,69.0,,,True,64.6,64.6,64.6,1.046,1.046,1.046,61.759082,61.759082,61.759082,9,True,Derived by PUDL as SAIDI divided by SAIFI,exact_match,ready_for_descriptive_use,,not_independently_checked,,,,,,,,,,,ready_for_descriptive_use,No coverage or definition flag in this audit.,Utility-reported EIA-861 data standardized by PUDL,"EIA Form 861, Annual Electric Power Industry Report",Distribution System Reliability,https://www.eia.gov/electricity/data/eia861/,https://www.eia.gov/electricity/data/eia861/zip/f8612024.zip,https://s3.us-west-2.amazonaws.com/pudl.catalyst.coop/stable/core_eia861__yearly_reliability.parquet,https://catalystcoop-pudl.readthedocs.io/en/stable/data_sources/eia861.html,final,2026-08-08
DOM_MA_NSTAR,54913,NSTAR Electric Company,NSTAR Electric (Eversource Massachusetts),MA,2013,DOM,DOM,Eversource Energy,United States,reported,ieee_standard,False,consistent_ieee_standard,1161574.0,Investor Owned,,34.5,,,True,632.5,82.1,624.0,1.14,0.85,,554.82456,96.588235,,7,True,Derived by PUDL as SAIDI divided by SAIFI,exact_match,ready_for_descriptive_use,,not_independently_checked,,,,,,,,,,,ready_for_descriptive_use,No coverage or definition flag in this audit.,Utility-reported EIA-861 data standardized by PUDL,"EIA Form 861, Annual Electric Power Industry Report",Distribution System Reliability,https://www.eia.gov/electricity/data/eia861/,https://www.eia.gov/electricity/data/eia861/archive/zip/f8612013.zip,https://s3.us-west-2.amazonaws.com/pudl.catalyst.coop/stable/core_eia861__yearly_reliability.parquet,https://catalystcoop-pudl.readthedocs.io/en/stable/data_sources/eia861.html,final,2026-08-08
DOM_MA_NSTAR,54913,NSTAR Electric Company,NSTAR Electric (Eversource Massachusetts),MA,2014,DOM,DOM,Eversource Energy,United States,reported,ieee_standard,False,consistent_ieee_standard,1163241.0,Investor Owned,,34.5,,,True,89.41,66.95,88.94,0.77,0.66,0.74,116.11688,101.43939,120.18919,9,True,Derived by PUDL as SAIDI divided by SAIFI,exact_match,ready_for_descriptive_use,,not_independently_checked,,,,,,,,,,,ready_for_descriptive_use,No coverage or definition flag in this audit.,Utility-reported EIA-861 data standardized by PUDL,"EIA Form 861, Annual Electric Power Industry Report",Distribution System Reliability,https://www.eia.gov/electricity/data/eia861/,https://www.eia.gov/electricity/data/eia861/archive/zip/f8612014.zip,https://s3.us-west-2.amazonaws.com/pudl.catalyst.coop/stable/core_eia861__yearly_reliability.parquet,https://catalystcoop-pudl.readthedocs.io/en/stable/data_sources/eia861.html,final,2026-08-08
DOM_MA_NSTAR,54913,NSTAR Electric Company,NSTAR Electric (Eversource Massachusetts),MA,2015,DOM,DOM,Eversource Energy,United States,reported,ieee_standard,False,consistent_ieee_standard,1169412.0,Investor Owned,,34.5,,,True,95.2,75.2,93.61,0.83,0.76,0.81,114.6988,98.947368,115.5679,9,True,Derived by PUDL as SAIDI divided by SAIFI,exact_match,ready_for_descriptive_use,,not_independently_checked,,,,,,,,,,,ready_for_descriptive_use,No coverage or definition flag in this audit.,Utility-reported EIA-861 data standardized by PUDL,"EIA Form 861, Annual Electric Power Industry Report",Distribution System Reliability,https://www.eia.gov/electricity/data/eia861/,https://www.eia.gov/electricity/data/eia861/archive/zip/f8612015.zip,https://s3.us-west-2.amazonaws.com/pudl.catalyst.coop/stable/core_eia861__yearly_reliability.parquet,https://catalystcoop-pudl.readthedocs.io/en/stable/data_sources/eia861.html,final,2026-08-08
DOM_MA_NSTAR,54913,NSTAR Electric Company,NSTAR Electric (Eversource Massachusetts),MA,2016,DOM,DOM,Eversource Energy,United States,reported,ieee_standard,False,consistent_ieee_standard,1395146.0,Investor Owned,,34.5,,,True,171.4,98.1,168.77,1.08,0.91,0.9,158.7037,107.8022,187.52222,9,True,Derived by PUDL as SAIDI divided by SAIFI,exact_match,ready_for_descriptive_use,,not_independently_checked,,,,,,,,,,,ready_for_descriptive_use,No coverage or definition flag in this audit.,Utility-reported EIA-861 data standardized by PUDL,"EIA Form 861, Annual Electric Power Industry Report",Distribution System Reliability,https://www.eia.gov/electricity/data/eia861/,https://www.eia.gov/electricity/data/eia861/archive/zip/f8612016.zip,https://s3.us-west-2.amazonaws.com/pudl.catalyst.coop/stable/core_eia861__yearly_reliability.parquet,https://catalystcoop-pudl.readthedocs.io/en/stable/data_sources/eia861.html,final,2026-08-08
DOM_MA_NSTAR,54913,NSTAR Electric Company,NSTAR Electric (Eversource Massachusetts),MA,2017,DOM,DOM,Eversource Energy,United States,reported,ieee_standard,False,consistent_ieee_standard,1197922.0,Investor Owned,,34.5,,,True,206.0,74.3,204.19,1.043,0.07,1.013,197.50719,1061.4286,201.5696,9,True,Derived by PUDL as SAIDI divided by SAIFI,exact_match,source_conflict_with_targeted_exclusions,saifi_wo_major_event_days_customers|caidi_wo_major_event_days_minutes,source_conflict_exclude_selected_fields,2017 SAIFI conflict check,,,,,Massachusetts DPU 18-SQ-13 NSTAR service-quality filings,https://eeaonline.eea.state.ma.us/dpu/fileroom/#/dockets/docket/5574,,Docket 18-SQ-13 service-quality and IEEE series,Massachusetts DPU materials report 2017 SAIFI of 0.935 for the service-quality series and 0.964 for an IEEE series; neither supports EIA's 0.070. The EIA SAIFI and its derived CAIDI are withheld from the charts.,source_conflict_withheld_from_analysis,Massachusetts DPU materials report 2017 SAIFI of 0.935 for the service-quality series and 0.964 for an IEEE series; neither supports EIA's 0.070. The EIA SAIFI and its derived CAIDI are withheld from the charts.,Utility-reported EIA-861 data standardized by PUDL,"EIA Form 861, Annual Electric Power Industry Report",Distribution System Reliability,https://www.eia.gov/electricity/data/eia861/,https://www.eia.gov/electricity/data/eia861/archive/zip/f8612017.zip,https://s3.us-west-2.amazonaws.com/pudl.catalyst.coop/stable/core_eia861__yearly_reliability.parquet,https://catalystcoop-pudl.readthedocs.io/en/stable/data_sources/eia861.html,final,2026-08-08
DOM_MA_NSTAR,54913,NSTAR Electric Company,NSTAR Electric (Eversource Massachusetts),MA,2018,DOM,DOM,Eversource Energy,United States,reported,ieee_standard,False,consistent_ieee_standard,1430397.0,Investor Owned,,34.5,,,True,970.0,85.0,967.0,1.68,0.83,1.67,577.38095,102.40964,579.04192,9,True,Derived by PUDL as SAIDI divided by SAIFI,exact_match,ready_for_descriptive_use,,not_independently_checked,,,,,,,,,,,ready_for_descriptive_use,No coverage or definition flag in this audit.,Utility-reported EIA-861 data standardized by PUDL,"EIA Form 861, Annual Electric Power Industry Report",Distribution System Reliability,https://www.eia.gov/electricity/data/eia861/,https://www.eia.gov/electricity/data/eia861/archive/zip/f8612018.zip,https://s3.us-west-2.amazonaws.com/pudl.catalyst.coop/stable/core_eia861__yearly_reliability.parquet,https://catalystcoop-pudl.readthedocs.io/en/stable/data_sources/eia861.html,final,2026-08-08
DOM_MA_NSTAR,54913,NSTAR Electric Company,NSTAR Electric (Eversource Massachusetts),MA,2019,DOM,DOM,Eversource Energy,United States,reported,ieee_standard,False,consistent_ieee_standard,1434715.0,Investor Owned,,34.5,,,True,273.7,70.3,273.68,1.112,0.735,1.108,246.13309,95.646259,247.00361,9,True,Derived by PUDL as SAIDI divided by SAIFI,exact_match,ready_for_descriptive_use,,not_independently_checked,,,,,,,,,,,ready_for_descriptive_use,No coverage or definition flag in this audit.,Utility-reported EIA-861 data standardized by PUDL,"EIA Form 861, Annual Electric Power Industry Report",Distribution System Reliability,https://www.eia.gov/electricity/data/eia861/,https://www.eia.gov/electricity/data/eia861/archive/zip/f8612019.zip,https://s3.us-west-2.amazonaws.com/pudl.catalyst.coop/stable/core_eia861__yearly_reliability.parquet,https://catalystcoop-pudl.readthedocs.io/en/stable/data_sources/eia861.html,final,2026-08-08
DOM_MA_NSTAR,54913,NSTAR Electric Company,NSTAR Electric (Eversource Massachusetts),MA,2020,DOM,DOM,Eversource Energy,United States,reported,ieee_standard,False,consistent_ieee_standard,1446211.0,Investor Owned,,34.5,,,True,235.69,64.96,235.42,1.14,0.715,1.126,206.74561,90.853147,209.07638,9,True,Derived by PUDL as SAIDI divided by SAIFI,exact_match,ready_for_descriptive_use,,not_independently_checked,,,,,,,,,,,ready_for_descriptive_use,No coverage or definition flag in this audit.,Utility-reported EIA-861 data standardized by PUDL,"EIA Form 861, Annual Electric Power Industry Report",Distribution System Reliability,https://www.eia.gov/electricity/data/eia861/,https://www.eia.gov/electricity/data/eia861/archive/zip/f8612020.zip,https://s3.us-west-2.amazonaws.com/pudl.catalyst.coop/stable/core_eia861__yearly_reliability.parquet,https://catalystcoop-pudl.readthedocs.io/en/stable/data_sources/eia861.html,final,2026-08-08
DOM_MA_NSTAR,54913,NSTAR Electric Company,NSTAR Electric (Eversource Massachusetts),MA,2021,DOM,DOM,Eversource Energy,United States,reported,ieee_standard,False,consistent_ieee_standard,1450541.0,Investor Owned,,34.5,,,True,640.818,75.837,639.834,1.098,0.732,1.064,583.62295,103.60246,601.34774,9,True,Derived by PUDL as SAIDI divided by SAIFI,exact_match,ready_for_descriptive_use,,not_independently_checked,,,,,,,,,,,ready_for_descriptive_use,No coverage or definition flag in this audit.,Utility-reported EIA-861 data standardized by PUDL,"EIA Form 861, Annual Electric Power Industry Report",Distribution System Reliability,https://www.eia.gov/electricity/data/eia861/,https://www.eia.gov/electricity/data/eia861/archive/zip/f8612021.zip,https://s3.us-west-2.amazonaws.com/pudl.catalyst.coop/stable/core_eia861__yearly_reliability.parquet,https://catalystcoop-pudl.readthedocs.io/en/stable/data_sources/eia861.html,final,2026-08-08
DOM_MA_NSTAR,54913,NSTAR Electric Company,NSTAR Electric (Eversource Massachusetts),MA,2022,DOM,DOM,Eversource Energy,United States,reported,ieee_standard,False,consistent_ieee_standard,1471114.0,Investor Owned,,34.5,,,True,196.7,68.5,195.9,1.033,0.751,1.009,190.41626,91.211718,194.15263,9,True,Derived by PUDL as SAIDI divided by SAIFI,exact_match,ready_for_descriptive_use,,not_independently_checked,,,,,,,,,,,ready_for_descriptive_use,No coverage or definition flag in this audit.,Utility-reported EIA-861 data standardized by PUDL,"EIA Form 861, Annual Electric Power Industry Report",Distribution System Reliability,https://www.eia.gov/electricity/data/eia861/,https://www.eia.gov/electricity/data/eia861/archive/zip/f8612022.zip,https://s3.us-west-2.amazonaws.com/pudl.catalyst.coop/stable/core_eia861__yearly_reliability.parquet,https://catalystcoop-pudl.readthedocs.io/en/stable/data_sources/eia861.html,final,2026-08-08
DOM_MA_NSTAR,54913,NSTAR Electric Company,NSTAR Electric (Eversource Massachusetts),MA,2023,DOM,DOM,Eversource Energy,United States,reported,ieee_standard,False,consistent_ieee_standard,1307124.0,Investor Owned,,34.5,,,True,189.8,75.6,189.3,0.884,0.667,0.867,214.70588,113.34333,218.3391,9,True,Derived by PUDL as SAIDI divided by SAIFI,exact_match,source_conflict_with_targeted_exclusions,saidi_w_major_event_days_minutes|saidi_wo_major_event_days_minutes|saidi_w_major_event_days_minus_loss_of_service_minutes|saifi_w_major_event_days_customers|saifi_wo_major_event_days_customers|saifi_w_major_event_days_minus_loss_of_service_customers|caidi_w_major_event_days_minutes|caidi_wo_major_event_days_minutes|caidi_w_major_event_days_minus_loss_of_service_minutes|reliability_customers,eia_row_conflicts_with_regulator_filing,Massachusetts DPU IEEE-1366-2003 reliability series,48.021,0.662,72.534,1468015.0,Massachusetts DPU 24-SQ-13 NSTAR Electric 2023 Annual Service Quality Report,https://eeaonline.eea.state.ma.us/dpu/fileroom/#/dockets/docket/11270,,Form B on PDF page 3 and Appendix 8 on PDF page 41,"The EIA/PUDL row exactly duplicates Connecticut Light & Power's 2023 customer count and displayed reliability metrics. NSTAR's regulator filing instead reports 1,468,015 customers and different reliability values, so the EIA row is preserved as raw data but withheld from analysis.",source_conflict_withheld_from_analysis,"The EIA/PUDL row exactly duplicates Connecticut Light & Power's 2023 customer count and displayed reliability metrics. NSTAR's regulator filing instead reports 1,468,015 customers and different reliability values, so the EIA row is preserved as raw data but withheld from analysis.",Utility-reported EIA-861 data standardized by PUDL,"EIA Form 861, Annual Electric Power Industry Report",Distribution System Reliability,https://www.eia.gov/electricity/data/eia861/,https://www.eia.gov/electricity/data/eia861/archive/zip/f8612023.zip,https://s3.us-west-2.amazonaws.com/pudl.catalyst.coop/stable/core_eia861__yearly_reliability.parquet,https://catalystcoop-pudl.readthedocs.io/en/stable/data_sources/eia861.html,final,2026-08-08
DOM_MA_NSTAR,54913,NSTAR Electric Company,NSTAR Electric (Eversource Massachusetts),MA,2024,DOM,DOM,Eversource Energy,United States,reported,ieee_standard,False,consistent_ieee_standard,1462127.0,Investor Owned,,34.5,,,True,80.6,66.1,80.4,0.692,0.639,0.672,116.47399,103.44288,119.64286,9,True,Derived by PUDL as SAIDI divided by SAIFI,exact_match,ready_for_descriptive_use,,not_independently_checked,,,,,,,,,,,ready_for_descriptive_use,No coverage or definition flag in this audit.,Utility-reported EIA-861 data standardized by PUDL,"EIA Form 861, Annual Electric Power Industry Report",Distribution System Reliability,https://www.eia.gov/electricity/data/eia861/,https://www.eia.gov/electricity/data/eia861/zip/f8612024.zip,https://s3.us-west-2.amazonaws.com/pudl.catalyst.coop/stable/core_eia861__yearly_reliability.parquet,https://catalystcoop-pudl.readthedocs.io/en/stable/data_sources/eia861.html,final,2026-08-08
DOM_NH_PSNH,15472,Public Service Co of NH,Public Service Company of New Hampshire,NH,2013,DOM,DOM,Eversource Energy,United States,reported,ieee_standard,False,consistent_ieee_standard,501415.0,Investor Owned,,34.5,,,False,212.0,137.0,209.0,2.0,1.0,1.0,106.0,137.0,209.0,9,True,Derived by PUDL as SAIDI divided by SAIFI,exact_match,ready_for_descriptive_use,,not_independently_checked,,,,,,,,,,,ready_for_descriptive_use,No coverage or definition flag in this audit.,Utility-reported EIA-861 data standardized by PUDL,"EIA Form 861, Annual Electric Power Industry Report",Distribution System Reliability,https://www.eia.gov/electricity/data/eia861/,https://www.eia.gov/electricity/data/eia861/archive/zip/f8612013.zip,https://s3.us-west-2.amazonaws.com/pudl.catalyst.coop/stable/core_eia861__yearly_reliability.parquet,https://catalystcoop-pudl.readthedocs.io/en/stable/data_sources/eia861.html,final,2026-08-08
DOM_NH_PSNH,15472,Public Service Co of NH,Public Service Company of New Hampshire,NH,2014,DOM,DOM,Eversource Energy,United States,reported,ieee_standard,False,consistent_ieee_standard,504039.0,Investor Owned,,34.5,,,False,873.23,122.84,871.39,1.86,1.25,1.8,469.47849,98.272,484.10556,9,True,Derived by PUDL as SAIDI divided by SAIFI,exact_match,ready_for_descriptive_use,,not_independently_checked,,,,,,,,,,,ready_for_descriptive_use,No coverage or definition flag in this audit.,Utility-reported EIA-861 data standardized by PUDL,"EIA Form 861, Annual Electric Power Industry Report",Distribution System Reliability,https://www.eia.gov/electricity/data/eia861/,https://www.eia.gov/electricity/data/eia861/archive/zip/f8612014.zip,https://s3.us-west-2.amazonaws.com/pudl.catalyst.coop/stable/core_eia861__yearly_reliability.parquet,https://catalystcoop-pudl.readthedocs.io/en/stable/data_sources/eia861.html,final,2026-08-08
DOM_NH_PSNH,15472,Public Service Co of NH,Public Service Company of New Hampshire,NH,2015,DOM,DOM,Eversource Energy,United States,reported,ieee_standard,False,consistent_ieee_standard,510645.0,Investor Owned,,34.5,,,False,116.9,106.1,116.82,1.09,1.055,1.08,107.24771,100.56872,108.16667,9,True,Derived by PUDL as SAIDI divided by SAIFI,exact_match,ready_for_descriptive_use,,not_independently_checked,,,,,,,,,,,ready_for_descriptive_use,No coverage or definition flag in this audit.,Utility-reported EIA-861 data standardized by PUDL,"EIA Form 861, Annual Electric Power Industry Report",Distribution System Reliability,https://www.eia.gov/electricity/data/eia861/,https://www.eia.gov/electricity/data/eia861/archive/zip/f8612015.zip,https://s3.us-west-2.amazonaws.com/pudl.catalyst.coop/stable/core_eia861__yearly_reliability.parquet,https://catalystcoop-pudl.readthedocs.io/en/stable/data_sources/eia861.html,final,2026-08-08
DOM_NH_PSNH,15472,Public Service Co of NH,Public Service Company of New Hampshire,NH,2016,DOM,DOM,Eversource Energy,United States,reported,ieee_standard,False,consistent_ieee_standard,521908.0,Investor Owned,,34.5,,,True,199.73,139.97,198.75,1.57,1.39,1.54,127.21656,100.69784,129.05844,9,True,Derived by PUDL as SAIDI divided by SAIFI,exact_match,ready_for_descriptive_use,,not_independently_checked,,,,,,,,,,,ready_for_descriptive_use,No coverage or definition flag in this audit.,Utility-reported EIA-861 data standardized by PUDL,"EIA Form 861, Annual Electric Power Industry Report",Distribution System Reliability,https://www.eia.gov/electricity/data/eia861/,https://www.eia.gov/electricity/data/eia861/archive/zip/f8612016.zip,https://s3.us-west-2.amazonaws.com/pudl.catalyst.coop/stable/core_eia861__yearly_reliability.parquet,https://catalystcoop-pudl.readthedocs.io/en/stable/data_sources/eia861.html,final,2026-08-08
DOM_NH_PSNH,15472,Public Service Co of NH,Public Service Company of New Hampshire,NH,2017,DOM,DOM,Eversource Energy,United States,reported,ieee_standard,False,consistent_ieee_standard,525219.0,Investor Owned,,34.5,,,True,965.7,118.6,965.58,1.924,1.107,1.904,501.92308,107.1364,507.13235,9,True,Derived by PUDL as SAIDI divided by SAIFI,exact_match,ready_for_descriptive_use,,not_independently_checked,,,,,,,,,,,ready_for_descriptive_use,No coverage or definition flag in this audit.,Utility-reported EIA-861 data standardized by PUDL,"EIA Form 861, Annual Electric Power Industry Report",Distribution System Reliability,https://www.eia.gov/electricity/data/eia861/,https://www.eia.gov/electricity/data/eia861/archive/zip/f8612017.zip,https://s3.us-west-2.amazonaws.com/pudl.catalyst.coop/stable/core_eia861__yearly_reliability.parquet,https://catalystcoop-pudl.readthedocs.io/en/stable/data_sources/eia861.html,final,2026-08-08
DOM_NH_PSNH,15472,Public Service Co of NH,Public Service Company of New Hampshire,NH,2018,DOM,DOM,Eversource Energy,United States,reported,ieee_standard,False,consistent_ieee_standard,528668.0,Investor Owned,,34.5,,,True,386.8,119.9,386.68,1.884,1.069,1.877,205.30786,112.1609,206.00959,9,True,Derived by PUDL as SAIDI divided by SAIFI,exact_match,ready_for_descriptive_use,,not_independently_checked,,,,,,,,,,,ready_for_descriptive_use,No coverage or definition flag in this audit.,Utility-reported EIA-861 data standardized by PUDL,"EIA Form 861, Annual Electric Power Industry Report",Distribution System Reliability,https://www.eia.gov/electricity/data/eia861/,https://www.eia.gov/electricity/data/eia861/archive/zip/f8612018.zip,https://s3.us-west-2.amazonaws.com/pudl.catalyst.coop/stable/core_eia861__yearly_reliability.parquet,https://catalystcoop-pudl.readthedocs.io/en/stable/data_sources/eia861.html,final,2026-08-08
DOM_NH_PSNH,15472,Public Service Co of NH,Public Service Company of New Hampshire,NH,2019,DOM,DOM,Eversource Energy,United States,reported,ieee_standard,False,consistent_ieee_standard,531399.0,Investor Owned,,34.5,,,True,229.61,82.63,229.61,1.197,0.74,1.197,191.82122,111.66216,191.82122,9,True,Derived by PUDL as SAIDI divided by SAIFI,exact_match,ready_for_descriptive_use,,not_independently_checked,,,,,,,,,,,ready_for_descriptive_use,No coverage or definition flag in this audit.,Utility-reported EIA-861 data standardized by PUDL,"EIA Form 861, Annual Electric Power Industry Report",Distribution System Reliability,https://www.eia.gov/electricity/data/eia861/,https://www.eia.gov/electricity/data/eia861/archive/zip/f8612019.zip,https://s3.us-west-2.amazonaws.com/pudl.catalyst.coop/stable/core_eia861__yearly_reliability.parquet,https://catalystcoop-pudl.readthedocs.io/en/stable/data_sources/eia861.html,final,2026-08-08
DOM_NH_PSNH,15472,Public Service Co of NH,Public Service Company of New Hampshire,NH,2020,DOM,DOM,Eversource Energy,United States,reported,ieee_standard,False,consistent_ieee_standard,535095.0,Investor Owned,,34.5,,,True,464.32,95.77,464.32,1.492,0.806,1.492,311.20643,118.82134,311.20643,9,True,Derived by PUDL as SAIDI divided by SAIFI,exact_match,ready_for_descriptive_use,,not_independently_checked,,,,,,,,,,,ready_for_descriptive_use,No coverage or definition flag in this audit.,Utility-reported EIA-861 data standardized by PUDL,"EIA Form 861, Annual Electric Power Industry Report",Distribution System Reliability,https://www.eia.gov/electricity/data/eia861/,https://www.eia.gov/electricity/data/eia861/archive/zip/f8612020.zip,https://s3.us-west-2.amazonaws.com/pudl.catalyst.coop/stable/core_eia861__yearly_reliability.parquet,https://catalystcoop-pudl.readthedocs.io/en/stable/data_sources/eia861.html,final,2026-08-08
DOM_NH_PSNH,15472,Public Service Co of NH,Public Service Company of New Hampshire,NH,2021,DOM,DOM,Eversource Energy,United States,reported,ieee_standard,False,consistent_ieee_standard,539189.0,Investor Owned,,,,,True,182.68,96.781,169.454,1.066,0.832,0.903,171.36961,116.32332,187.6567,9,True,Derived by PUDL as SAIDI divided by SAIFI,exact_match,ready_for_descriptive_use,,not_independently_checked,,,,,,,,,,,ready_for_descriptive_use,No coverage or definition flag in this audit.,Utility-reported EIA-861 data standardized by PUDL,"EIA Form 861, Annual Electric Power Industry Report",Distribution System Reliability,https://www.eia.gov/electricity/data/eia861/,https://www.eia.gov/electricity/data/eia861/archive/zip/f8612021.zip,https://s3.us-west-2.amazonaws.com/pudl.catalyst.coop/stable/core_eia861__yearly_reliability.parquet,https://catalystcoop-pudl.readthedocs.io/en/stable/data_sources/eia861.html,final,2026-08-08
DOM_NH_PSNH,15472,Public Service Co of NH,Public Service Company of New Hampshire,NH,2022,DOM,DOM,Eversource Energy,United States,reported,ieee_standard,False,consistent_ieee_standard,543167.0,Investor Owned,,34.5,,,True,552.2,78.8,552.2,1.443,0.679,1.443,382.67498,116.05302,382.67498,9,True,Derived by PUDL as SAIDI divided by SAIFI,exact_match,ready_for_descriptive_use,,not_independently_checked,,,,,,,,,,,ready_for_descriptive_use,No coverage or definition flag in this audit.,Utility-reported EIA-861 data standardized by PUDL,"EIA Form 861, Annual Electric Power Industry Report",Distribution System Reliability,https://www.eia.gov/electricity/data/eia861/,https://www.eia.gov/electricity/data/eia861/archive/zip/f8612022.zip,https://s3.us-west-2.amazonaws.com/pudl.catalyst.coop/stable/core_eia861__yearly_reliability.parquet,https://catalystcoop-pudl.readthedocs.io/en/stable/data_sources/eia861.html,final,2026-08-08
DOM_NH_PSNH,15472,Public Service Co of NH,Public Service Company of New Hampshire,NH,2023,DOM,DOM,Eversource Energy,United States,reported,ieee_standard,False,consistent_ieee_standard,546919.0,Investor Owned,,34.5,,,True,668.5,83.7,668.5,1.504,0.739,1.504,444.48138,113.26116,444.48138,9,True,Derived by PUDL as SAIDI divided by SAIFI,exact_match,ready_for_descriptive_use,,not_independently_checked,,,,,,,,,,,ready_for_descriptive_use,No coverage or definition flag in this audit.,Utility-reported EIA-861 data standardized by PUDL,"EIA Form 861, Annual Electric Power Industry Report",Distribution System Reliability,https://www.eia.gov/electricity/data/eia861/,https://www.eia.gov/electricity/data/eia861/archive/zip/f8612023.zip,https://s3.us-west-2.amazonaws.com/pudl.catalyst.coop/stable/core_eia861__yearly_reliability.parquet,https://catalystcoop-pudl.readthedocs.io/en/stable/data_sources/eia861.html,final,2026-08-08
DOM_NH_PSNH,15472,Public Service Co of NH,Public Service Company of New Hampshire,NH,2024,DOM,DOM,Eversource Energy,United States,reported,ieee_standard,False,consistent_ieee_standard,551456.0,Investor Owned,,34.5,,,True,786.2,81.5,786.2,1.604,0.739,1.604,490.14963,110.28417,490.14963,9,True,Derived by PUDL as SAIDI divided by SAIFI,exact_match,ready_for_descriptive_use,,not_independently_checked,,,,,,,,,,,ready_for_descriptive_use,No coverage or definition flag in this audit.,Utility-reported EIA-861 data standardized by PUDL,"EIA Form 861, Annual Electric Power Industry Report",Distribution System Reliability,https://www.eia.gov/electricity/data/eia861/,https://www.eia.gov/electricity/data/eia861/zip/f8612024.zip,https://s3.us-west-2.amazonaws.com/pudl.catalyst.coop/stable/core_eia861__yearly_reliability.parquet,https://catalystcoop-pudl.readthedocs.io/en/stable/data_sources/eia861.html,final,2026-08-08
DOM_NH_UNITIL,24590,Unitil Energy Systems,Unitil Energy Systems,NH,2013,DOM,DOM,Unitil Corporation,United States,reported,other_standard,True,reporting_standard_changes_during_panel,75492.0,Investor Owned,,34.5,True,F,True,235.0,119.0,,1.981,1.406,,118.62696,84.637269,,6,True,Derived by PUDL as SAIDI divided by SAIFI,exact_match,descriptive_only_reporting_standard_change,,not_independently_checked,,,,,,,,,,,descriptive_only_method_change,This utility changes between IEEE and other reporting standards during 2013-2024.,Utility-reported EIA-861 data standardized by PUDL,"EIA Form 861, Annual Electric Power Industry Report",Distribution System Reliability,https://www.eia.gov/electricity/data/eia861/,https://www.eia.gov/electricity/data/eia861/archive/zip/f8612013.zip,https://s3.us-west-2.amazonaws.com/pudl.catalyst.coop/stable/core_eia861__yearly_reliability.parquet,https://catalystcoop-pudl.readthedocs.io/en/stable/data_sources/eia861.html,final,2026-08-08
DOM_NH_UNITIL,24590,Unitil Energy Systems,Unitil Energy Systems,NH,2014,DOM,DOM,Unitil Corporation,United States,reported,ieee_standard,True,reporting_standard_changes_during_panel,75803.0,Investor Owned,,34.5,,,True,747.58,184.35,,2.592,1.733,,288.41821,106.37623,,6,True,Derived by PUDL as SAIDI divided by SAIFI,exact_match,descriptive_only_reporting_standard_change,,not_independently_checked,,,,,,,,,,,descriptive_only_method_change,This utility changes between IEEE and other reporting standards during 2013-2024.,Utility-reported EIA-861 data standardized by PUDL,"EIA Form 861, Annual Electric Power Industry Report",Distribution System Reliability,https://www.eia.gov/electricity/data/eia861/,https://www.eia.gov/electricity/data/eia861/archive/zip/f8612014.zip,https://s3.us-west-2.amazonaws.com/pudl.catalyst.coop/stable/core_eia861__yearly_reliability.parquet,https://catalystcoop-pudl.readthedocs.io/en/stable/data_sources/eia861.html,final,2026-08-08
DOM_NH_UNITIL,24590,Unitil Energy Systems,Unitil Energy Systems,NH,2015,DOM,DOM,Unitil Corporation,United States,reported,ieee_standard,True,reporting_standard_changes_during_panel,76076.0,Investor Owned,,34.5,,,True,112.73,112.73,,1.579,1.579,,71.393287,71.393287,,6,True,Derived by PUDL as SAIDI divided by SAIFI,exact_match,descriptive_only_reporting_standard_change,,not_independently_checked,,,,,,,,,,,descriptive_only_method_change,This utility changes between IEEE and other reporting standards during 2013-2024.,Utility-reported EIA-861 data standardized by PUDL,"EIA Form 861, Annual Electric Power Industry Report",Distribution System Reliability,https://www.eia.gov/electricity/data/eia861/,https://www.eia.gov/electricity/data/eia861/archive/zip/f8612015.zip,https://s3.us-west-2.amazonaws.com/pudl.catalyst.coop/stable/core_eia861__yearly_reliability.parquet,https://catalystcoop-pudl.readthedocs.io/en/stable/data_sources/eia861.html,final,2026-08-08
DOM_NH_UNITIL,24590,Unitil Energy Systems,Unitil Energy Systems,NH,2016,DOM,DOM,Unitil Corporation,United States,reported,ieee_standard,True,reporting_standard_changes_during_panel,76614.0,Investor Owned,,34.5,,,True,160.64,101.5,160.64,1.171,0.978,1.171,137.1819,103.78323,137.1819,9,True,Derived by PUDL as SAIDI divided by SAIFI,exact_match,descriptive_only_reporting_standard_change,,not_independently_checked,,,,,,,,,,,descriptive_only_method_change,This utility changes between IEEE and other reporting standards during 2013-2024.,Utility-reported EIA-861 data standardized by PUDL,"EIA Form 861, Annual Electric Power Industry Report",Distribution System Reliability,https://www.eia.gov/electricity/data/eia861/,https://www.eia.gov/electricity/data/eia861/archive/zip/f8612016.zip,https://s3.us-west-2.amazonaws.com/pudl.catalyst.coop/stable/core_eia861__yearly_reliability.parquet,https://catalystcoop-pudl.readthedocs.io/en/stable/data_sources/eia861.html,final,2026-08-08
DOM_NH_UNITIL,24590,Unitil Energy Systems,Unitil Energy Systems,NH,2017,DOM,DOM,Unitil Corporation,United States,reported,ieee_standard,True,reporting_standard_changes_during_panel,77306.0,Investor Owned,,34.5,,,True,862.17,112.68,862.17,2.741,1.331,2.741,314.54579,84.658152,314.54579,9,True,Derived by PUDL as SAIDI divided by SAIFI,exact_match,descriptive_only_reporting_standard_change,,not_independently_checked,,,,,,,,,,,descriptive_only_method_change,This utility changes between IEEE and other reporting standards during 2013-2024.,Utility-reported EIA-861 data standardized by PUDL,"EIA Form 861, Annual Electric Power Industry Report",Distribution System Reliability,https://www.eia.gov/electricity/data/eia861/,https://www.eia.gov/electricity/data/eia861/archive/zip/f8612017.zip,https://s3.us-west-2.amazonaws.com/pudl.catalyst.coop/stable/core_eia861__yearly_reliability.parquet,https://catalystcoop-pudl.readthedocs.io/en/stable/data_sources/eia861.html,final,2026-08-08
DOM_NH_UNITIL,24590,Unitil Energy Systems,Unitil Energy Systems,NH,2018,DOM,DOM,Unitil Corporation,United States,reported,ieee_standard,True,reporting_standard_changes_during_panel,77595.0,Investor Owned,,34.5,,,True,492.65,115.8,492.65,1.937,1.202,1.937,254.3366,96.339434,254.3366,9,True,Derived by PUDL as SAIDI divided by SAIFI,exact_match,descriptive_only_reporting_standard_change,,not_independently_checked,,,,,,,,,,,descriptive_only_method_change,This utility changes between IEEE and other reporting standards during 2013-2024.,Utility-reported EIA-861 data standardized by PUDL,"EIA Form 861, Annual Electric Power Industry Report",Distribution System Reliability,https://www.eia.gov/electricity/data/eia861/,https://www.eia.gov/electricity/data/eia861/archive/zip/f8612018.zip,https://s3.us-west-2.amazonaws.com/pudl.catalyst.coop/stable/core_eia861__yearly_reliability.parquet,https://catalystcoop-pudl.readthedocs.io/en/stable/data_sources/eia861.html,final,2026-08-08
DOM_NH_UNITIL,24590,Unitil Energy Systems,Unitil Energy Systems,NH,2019,DOM,DOM,Unitil Corporation,United States,reported,ieee_standard,True,reporting_standard_changes_during_panel,77959.0,Investor Owned,,34.5,,,True,210.73,82.53,210.73,1.108,0.845,1.108,190.18953,97.668639,190.18953,9,True,Derived by PUDL as SAIDI divided by SAIFI,exact_match,descriptive_only_reporting_standard_change,,not_independently_checked,,,,,,,,,,,descriptive_only_method_change,This utility changes between IEEE and other reporting standards during 2013-2024.,Utility-reported EIA-861 data standardized by PUDL,"EIA Form 861, Annual Electric Power Industry Report",Distribution System Reliability,https://www.eia.gov/electricity/data/eia861/,https://www.eia.gov/electricity/data/eia861/archive/zip/f8612019.zip,https://s3.us-west-2.amazonaws.com/pudl.catalyst.coop/stable/core_eia861__yearly_reliability.parquet,https://catalystcoop-pudl.readthedocs.io/en/stable/data_sources/eia861.html,final,2026-08-08
DOM_NH_UNITIL,24590,Unitil Energy Systems,Unitil Energy Systems,NH,2020,DOM,DOM,Unitil Corporation,United States,reported,ieee_standard,True,reporting_standard_changes_during_panel,78697.0,Investor Owned,,34.5,,,True,176.55,120.04,176.55,1.859,1.596,1.859,94.970414,75.213033,94.970414,9,True,Derived by PUDL as SAIDI divided by SAIFI,exact_match,descriptive_only_reporting_standard_change,,not_independently_checked,,,,,,,,,,,descriptive_only_method_change,This utility changes between IEEE and other reporting standards during 2013-2024.,Utility-reported EIA-861 data standardized by PUDL,"EIA Form 861, Annual Electric Power Industry Report",Distribution System Reliability,https://www.eia.gov/electricity/data/eia861/,https://www.eia.gov/electricity/data/eia861/archive/zip/f8612020.zip,https://s3.us-west-2.amazonaws.com/pudl.catalyst.coop/stable/core_eia861__yearly_reliability.parquet,https://catalystcoop-pudl.readthedocs.io/en/stable/data_sources/eia861.html,final,2026-08-08
DOM_NH_UNITIL,24590,Unitil Energy Systems,Unitil Energy Systems,NH,2021,DOM,DOM,Unitil Corporation,United States,reported,ieee_standard,True,reporting_standard_changes_during_panel,78935.0,Investor Owned,,34.5,,,True,140.93,102.75,140.93,1.326,1.041,1.326,106.28205,98.70317,106.28205,9,True,Derived by PUDL as SAIDI divided by SAIFI,exact_match,descriptive_only_reporting_standard_change,,not_independently_checked,,,,,,,,,,,descriptive_only_method_change,This utility changes between IEEE and other reporting standards during 2013-2024.,Utility-reported EIA-861 data standardized by PUDL,"EIA Form 861, Annual Electric Power Industry Report",Distribution System Reliability,https://www.eia.gov/electricity/data/eia861/,https://www.eia.gov/electricity/data/eia861/archive/zip/f8612021.zip,https://s3.us-west-2.amazonaws.com/pudl.catalyst.coop/stable/core_eia861__yearly_reliability.parquet,https://catalystcoop-pudl.readthedocs.io/en/stable/data_sources/eia861.html,final,2026-08-08
DOM_NH_UNITIL,24590,Unitil Energy Systems,Unitil Energy Systems,NH,2022,DOM,DOM,Unitil Corporation,United States,reported,ieee_standard,True,reporting_standard_changes_during_panel,79123.0,Investor Owned,,34.5,,,True,275.56,70.79,275.56,1.4,0.879,1.4,196.82857,80.534699,196.82857,9,True,Derived by PUDL as SAIDI divided by SAIFI,exact_match,descriptive_only_reporting_standard_change,,not_independently_checked,,,,,,,,,,,descriptive_only_method_change,This utility changes between IEEE and other reporting standards during 2013-2024.,Utility-reported EIA-861 data standardized by PUDL,"EIA Form 861, Annual Electric Power Industry Report",Distribution System Reliability,https://www.eia.gov/electricity/data/eia861/,https://www.eia.gov/electricity/data/eia861/archive/zip/f8612022.zip,https://s3.us-west-2.amazonaws.com/pudl.catalyst.coop/stable/core_eia861__yearly_reliability.parquet,https://catalystcoop-pudl.readthedocs.io/en/stable/data_sources/eia861.html,final,2026-08-08
DOM_NH_UNITIL,24590,Unitil Energy Systems,Unitil Energy Systems,NH,2023,DOM,DOM,Unitil Corporation,United States,reported,ieee_standard,True,reporting_standard_changes_during_panel,79306.0,Investor Owned,,34.5,,,True,256.57,90.94,256.57,1.547,0.887,1.547,165.85003,102.52537,165.85003,9,True,Derived by PUDL as SAIDI divided by SAIFI,exact_match,descriptive_only_reporting_standard_change,,not_independently_checked,,,,,,,,,,,descriptive_only_method_change,This utility changes between IEEE and other reporting standards during 2013-2024.,Utility-reported EIA-861 data standardized by PUDL,"EIA Form 861, Annual Electric Power Industry Report",Distribution System Reliability,https://www.eia.gov/electricity/data/eia861/,https://www.eia.gov/electricity/data/eia861/archive/zip/f8612023.zip,https://s3.us-west-2.amazonaws.com/pudl.catalyst.coop/stable/core_eia861__yearly_reliability.parquet,https://catalystcoop-pudl.readthedocs.io/en/stable/data_sources/eia861.html,final,2026-08-08
DOM_NH_UNITIL,24590,Unitil Energy Systems,Unitil Energy Systems,NH,2024,DOM,DOM,Unitil Corporation,United States,reported,ieee_standard,True,reporting_standard_changes_during_panel,79654.0,Investor Owned,,34.5,,,True,593.36,97.66,593.36,1.732,1.0,1.732,342.58661,97.66,342.58661,9,True,Derived by PUDL as SAIDI divided by SAIFI,exact_match,descriptive_only_reporting_standard_change,,not_independently_checked,,,,,,,,,,,descriptive_only_method_change,This utility changes between IEEE and other reporting standards during 2013-2024.,Utility-reported EIA-861 data standardized by PUDL,"EIA Form 861, Annual Electric Power Industry Report",Distribution System Reliability,https://www.eia.gov/electricity/data/eia861/,https://www.eia.gov/electricity/data/eia861/zip/f8612024.zip,https://s3.us-west-2.amazonaws.com/pudl.catalyst.coop/stable/core_eia861__yearly_reliability.parquet,https://catalystcoop-pudl.readthedocs.io/en/stable/data_sources/eia861.html,final,2026-08-08
DOM_NY_CECONY,4226,Consolidated Edison Co-NY Inc,Con Edison (CECONY),NY,2013,DOM,DOM,Consolidated Edison Inc.,United States,reported,other_standard,False,consistent_other_standard,3362187.0,Investor Owned,,33.0,False,F,False,20.0,19.0,,0.125,0.119,,160.0,159.66387,,6,True,Derived by PUDL as SAIDI divided by SAIFI,exact_match,descriptive_only_non_ieee_method,,not_independently_checked,,,,,,,,,,,descriptive_only_non_ieee_method,"Utility reports using a non-IEEE method allowed by EIA; retain for within-utility description, but do not pool directly with IEEE rows.",Utility-reported EIA-861 data standardized by PUDL,"EIA Form 861, Annual Electric Power Industry Report",Distribution System Reliability,https://www.eia.gov/electricity/data/eia861/,https://www.eia.gov/electricity/data/eia861/archive/zip/f8612013.zip,https://s3.us-west-2.amazonaws.com/pudl.catalyst.coop/stable/core_eia861__yearly_reliability.parquet,https://catalystcoop-pudl.readthedocs.io/en/stable/data_sources/eia861.html,final,2026-08-08
DOM_NY_CECONY,4226,Consolidated Edison Co-NY Inc,Con Edison (CECONY),NY,2014,DOM,DOM,Consolidated Edison Inc.,United States,reported,other_standard,False,consistent_other_standard,3362187.0,Investor Owned,,33.0,False,F,True,21.0,19.0,,0.111,0.107,,189.18919,177.57009,,6,True,Derived by PUDL as SAIDI divided by SAIFI,exact_match,descriptive_only_non_ieee_method,,not_independently_checked,,,,,,,,,,,descriptive_only_non_ieee_method,"Utility reports using a non-IEEE method allowed by EIA; retain for within-utility description, but do not pool directly with IEEE rows.",Utility-reported EIA-861 data standardized by PUDL,"EIA Form 861, Annual Electric Power Industry Report",Distribution System Reliability,https://www.eia.gov/electricity/data/eia861/,https://www.eia.gov/electricity/data/eia861/archive/zip/f8612014.zip,https://s3.us-west-2.amazonaws.com/pudl.catalyst.coop/stable/core_eia861__yearly_reliability.parquet,https://catalystcoop-pudl.readthedocs.io/en/stable/data_sources/eia861.html,final,2026-08-08
DOM_NY_CECONY,4226,Consolidated Edison Co-NY Inc,Con Edison (CECONY),NY,2015,DOM,DOM,Consolidated Edison Inc.,United States,reported,other_standard,False,consistent_other_standard,3385176.0,Investor Owned,,33.0,False,F,True,21.1,20.7,,0.112,0.111,,188.39286,186.48649,,6,True,Derived by PUDL as SAIDI divided by SAIFI,exact_match,descriptive_only_non_ieee_method,,not_independently_checked,,,,,,,,,,,descriptive_only_non_ieee_method,"Utility reports using a non-IEEE method allowed by EIA; retain for within-utility description, but do not pool directly with IEEE rows.",Utility-reported EIA-861 data standardized by PUDL,"EIA Form 861, Annual Electric Power Industry Report",Distribution System Reliability,https://www.eia.gov/electricity/data/eia861/,https://www.eia.gov/electricity/data/eia861/archive/zip/f8612015.zip,https://s3.us-west-2.amazonaws.com/pudl.catalyst.coop/stable/core_eia861__yearly_reliability.parquet,https://catalystcoop-pudl.readthedocs.io/en/stable/data_sources/eia861.html,final,2026-08-08
DOM_NY_CECONY,4226,Consolidated Edison Co-NY Inc,Con Edison (CECONY),NY,2016,DOM,DOM,Consolidated Edison Inc.,United States,reported,other_standard,False,consistent_other_standard,3410172.0,Investor Owned,,33.0,False,F,True,21.627,18.824,,0.135,0.126,,160.2,149.39683,,6,True,Derived by PUDL as SAIDI divided by SAIFI,exact_match,descriptive_only_non_ieee_method,,not_independently_checked,,,,,,,,,,,descriptive_only_non_ieee_method,"Utility reports using a non-IEEE method allowed by EIA; retain for within-utility description, but do not pool directly with IEEE rows.",Utility-reported EIA-861 data standardized by PUDL,"EIA Form 861, Annual Electric Power Industry Report",Distribution System Reliability,https://www.eia.gov/electricity/data/eia861/,https://www.eia.gov/electricity/data/eia861/archive/zip/f8612016.zip,https://s3.us-west-2.amazonaws.com/pudl.catalyst.coop/stable/core_eia861__yearly_reliability.parquet,https://catalystcoop-pudl.readthedocs.io/en/stable/data_sources/eia861.html,final,2026-08-08
DOM_NY_CECONY,4226,Consolidated Edison Co-NY Inc,Con Edison (CECONY),NY,2017,DOM,DOM,Consolidated Edison Inc.,United States,reported,other_standard,False,consistent_other_standard,3434897.0,Investor Owned,,33.0,False,F,False,20.58,18.35,,0.118,0.11,,174.40678,166.81818,,6,True,Derived by PUDL as SAIDI divided by SAIFI,exact_match,descriptive_only_non_ieee_method,,not_independently_checked,,,,,,,,,,,descriptive_only_non_ieee_method,"Utility reports using a non-IEEE method allowed by EIA; retain for within-utility description, but do not pool directly with IEEE rows.",Utility-reported EIA-861 data standardized by PUDL,"EIA Form 861, Annual Electric Power Industry Report",Distribution System Reliability,https://www.eia.gov/electricity/data/eia861/,https://www.eia.gov/electricity/data/eia861/archive/zip/f8612017.zip,https://s3.us-west-2.amazonaws.com/pudl.catalyst.coop/stable/core_eia861__yearly_reliability.parquet,https://catalystcoop-pudl.readthedocs.io/en/stable/data_sources/eia861.html,final,2026-08-08
DOM_NY_CECONY,4226,Consolidated Edison Co-NY Inc,Con Edison (CECONY),NY,2018,DOM,DOM,Consolidated Edison Inc.,United States,reported,other_standard,False,consistent_other_standard,3464959.0,Investor Owned,,33.0,False,F,False,200.967,19.827,,0.197,0.12,,1020.1371,165.225,,6,True,Derived by PUDL as SAIDI divided by SAIFI,exact_match,descriptive_only_non_ieee_method,,not_independently_checked,,,,,,,,,,,descriptive_only_non_ieee_method,"Utility reports using a non-IEEE method allowed by EIA; retain for within-utility description, but do not pool directly with IEEE rows.",Utility-reported EIA-861 data standardized by PUDL,"EIA Form 861, Annual Electric Power Industry Report",Distribution System Reliability,https://www.eia.gov/electricity/data/eia861/,https://www.eia.gov/electricity/data/eia861/archive/zip/f8612018.zip,https://s3.us-west-2.amazonaws.com/pudl.catalyst.coop/stable/core_eia861__yearly_reliability.parquet,https://catalystcoop-pudl.readthedocs.io/en/stable/data_sources/eia861.html,final,2026-08-08
DOM_NY_CECONY,4226,Consolidated Edison Co-NY Inc,Con Edison (CECONY),NY,2019,DOM,DOM,Consolidated Edison Inc.,United States,reported,other_standard,False,consistent_other_standard,3504987.0,Investor Owned,,33.0,False,F,False,41.42,28.91,,0.2,0.152,,207.1,190.19737,,6,True,Derived by PUDL as SAIDI divided by SAIFI,exact_match,descriptive_only_non_ieee_method,,not_independently_checked,,,,,,,,,,,descriptive_only_non_ieee_method,"Utility reports using a non-IEEE method allowed by EIA; retain for within-utility description, but do not pool directly with IEEE rows.",Utility-reported EIA-861 data standardized by PUDL,"EIA Form 861, Annual Electric Power Industry Report",Distribution System Reliability,https://www.eia.gov/electricity/data/eia861/,https://www.eia.gov/electricity/data/eia861/archive/zip/f8612019.zip,https://s3.us-west-2.amazonaws.com/pudl.catalyst.coop/stable/core_eia861__yearly_reliability.parquet,https://catalystcoop-pudl.readthedocs.io/en/stable/data_sources/eia861.html,final,2026-08-08
DOM_NY_CECONY,4226,Consolidated Edison Co-NY Inc,Con Edison (CECONY),NY,2020,DOM,DOM,Consolidated Edison Inc.,United States,reported,other_standard,False,consistent_other_standard,3535450.0,Investor Owned,,33.0,False,F,False,358.99,21.51,,0.318,0.185,,1128.8994,116.27027,,6,True,Derived by PUDL as SAIDI divided by SAIFI,exact_match,descriptive_only_non_ieee_method,,not_independently_checked,,,,,,,,,,,descriptive_only_non_ieee_method,"Utility reports using a non-IEEE method allowed by EIA; retain for within-utility description, but do not pool directly with IEEE rows.",Utility-reported EIA-861 data standardized by PUDL,"EIA Form 861, Annual Electric Power Industry Report",Distribution System Reliability,https://www.eia.gov/electricity/data/eia861/,https://www.eia.gov/electricity/data/eia861/archive/zip/f8612020.zip,https://s3.us-west-2.amazonaws.com/pudl.catalyst.coop/stable/core_eia861__yearly_reliability.parquet,https://catalystcoop-pudl.readthedocs.io/en/stable/data_sources/eia861.html,final,2026-08-08
DOM_NY_CECONY,4226,Consolidated Edison Co-NY Inc,Con Edison (CECONY),NY,2021,DOM,DOM,Consolidated Edison Inc.,United States,reported,other_standard,False,consistent_other_standard,3498725.0,Investor Owned,,33.0,False,,False,36.281,19.6,,0.164,0.139,,221.22561,141.00719,,6,True,Derived by PUDL as SAIDI divided by SAIFI,exact_match,descriptive_only_non_ieee_method,,not_independently_checked,,,,,,,,,,,descriptive_only_non_ieee_method,"Utility reports using a non-IEEE method allowed by EIA; retain for within-utility description, but do not pool directly with IEEE rows.",Utility-reported EIA-861 data standardized by PUDL,"EIA Form 861, Annual Electric Power Industry Report",Distribution System Reliability,https://www.eia.gov/electricity/data/eia861/,https://www.eia.gov/electricity/data/eia861/archive/zip/f8612021.zip,https://s3.us-west-2.amazonaws.com/pudl.catalyst.coop/stable/core_eia861__yearly_reliability.parquet,https://catalystcoop-pudl.readthedocs.io/en/stable/data_sources/eia861.html,final,2026-08-08
DOM_NY_CECONY,4226,Consolidated Edison Co-NY Inc,Con Edison (CECONY),NY,2022,DOM,DOM,Consolidated Edison Inc.,United States,reported,other_standard,False,consistent_other_standard,3563455.0,Investor Owned,,33.0,False,F,False,22.81,18.18,,0.144,0.133,,158.40278,136.69173,,6,True,Derived by PUDL as SAIDI divided by SAIFI,exact_match,descriptive_only_non_ieee_method,,not_independently_checked,,,,,,,,,,,descriptive_only_non_ieee_method,"Utility reports using a non-IEEE method allowed by EIA; retain for within-utility description, but do not pool directly with IEEE rows.",Utility-reported EIA-861 data standardized by PUDL,"EIA Form 861, Annual Electric Power Industry Report",Distribution System Reliability,https://www.eia.gov/electricity/data/eia861/,https://www.eia.gov/electricity/data/eia861/archive/zip/f8612022.zip,https://s3.us-west-2.amazonaws.com/pudl.catalyst.coop/stable/core_eia861__yearly_reliability.parquet,https://catalystcoop-pudl.readthedocs.io/en/stable/data_sources/eia861.html,final,2026-08-08
DOM_NY_CECONY,4226,Consolidated Edison Co-NY Inc,Con Edison (CECONY),NY,2023,DOM,DOM,Consolidated Edison Inc.,United States,reported,other_standard,False,consistent_other_standard,3626606.0,Investor Owned,,33.0,False,F,False,18.756,14.768,,0.119,0.11,,157.61345,134.25455,,6,True,Derived by PUDL as SAIDI divided by SAIFI,exact_match,descriptive_only_non_ieee_method,,not_independently_checked,,,,,,,,,,,descriptive_only_non_ieee_method,"Utility reports using a non-IEEE method allowed by EIA; retain for within-utility description, but do not pool directly with IEEE rows.",Utility-reported EIA-861 data standardized by PUDL,"EIA Form 861, Annual Electric Power Industry Report",Distribution System Reliability,https://www.eia.gov/electricity/data/eia861/,https://www.eia.gov/electricity/data/eia861/archive/zip/f8612023.zip,https://s3.us-west-2.amazonaws.com/pudl.catalyst.coop/stable/core_eia861__yearly_reliability.parquet,https://catalystcoop-pudl.readthedocs.io/en/stable/data_sources/eia861.html,final,2026-08-08
DOM_NY_CECONY,4226,Consolidated Edison Co-NY Inc,Con Edison (CECONY),NY,2024,DOM,DOM,Consolidated Edison Inc.,United States,reported,other_standard,False,consistent_other_standard,3686348.0,Investor Owned,,33.0,False,F,False,27.785,14.951,,0.13,0.106,,213.73077,141.04717,,6,True,Derived by PUDL as SAIDI divided by SAIFI,exact_match,descriptive_only_non_ieee_method,,not_independently_checked,,,,,,,,,,,descriptive_only_non_ieee_method,"Utility reports using a non-IEEE method allowed by EIA; retain for within-utility description, but do not pool directly with IEEE rows.",Utility-reported EIA-861 data standardized by PUDL,"EIA Form 861, Annual Electric Power Industry Report",Distribution System Reliability,https://www.eia.gov/electricity/data/eia861/,https://www.eia.gov/electricity/data/eia861/zip/f8612024.zip,https://s3.us-west-2.amazonaws.com/pudl.catalyst.coop/stable/core_eia861__yearly_reliability.parquet,https://catalystcoop-pudl.readthedocs.io/en/stable/data_sources/eia861.html,final,2026-08-08
DOM_NY_FIRSTENERGY,66101,FirstEnergy Pennsylvania Electric Co,FirstEnergy Pennsylvania Electric,NY,2013,DOM,DOM,FirstEnergy Corp.,United States,not_reported,,False,missing,,,,,,,,,,,,,,,,,0,False,Unavailable because a component is missing,matching_absence,missing_in_source,,not_independently_checked,,,,,,,,,,,missing_in_source,No populated reliability row appears in the PUDL EIA-861 table.,Not reported in the PUDL EIA-861 reliability table,"EIA Form 861, Annual Electric Power Industry Report",Distribution System Reliability,https://www.eia.gov/electricity/data/eia861/,https://www.eia.gov/electricity/data/eia861/archive/zip/f8612013.zip,https://s3.us-west-2.amazonaws.com/pudl.catalyst.coop/stable/core_eia861__yearly_reliability.parquet,https://catalystcoop-pudl.readthedocs.io/en/stable/data_sources/eia861.html,,2026-08-08
DOM_NY_FIRSTENERGY,66101,FirstEnergy Pennsylvania Electric Co,FirstEnergy Pennsylvania Electric,NY,2014,DOM,DOM,FirstEnergy Corp.,United States,not_reported,,False,missing,,,,,,,,,,,,,,,,,0,False,Unavailable because a component is missing,matching_absence,missing_in_source,,not_independently_checked,,,,,,,,,,,missing_in_source,No populated reliability row appears in the PUDL EIA-861 table.,Not reported in the PUDL EIA-861 reliability table,"EIA Form 861, Annual Electric Power Industry Report",Distribution System Reliability,https://www.eia.gov/electricity/data/eia861/,https://www.eia.gov/electricity/data/eia861/archive/zip/f8612014.zip,https://s3.us-west-2.amazonaws.com/pudl.catalyst.coop/stable/core_eia861__yearly_reliability.parquet,https://catalystcoop-pudl.readthedocs.io/en/stable/data_sources/eia861.html,,2026-08-08
DOM_NY_FIRSTENERGY,66101,FirstEnergy Pennsylvania Electric Co,FirstEnergy Pennsylvania Electric,NY,2015,DOM,DOM,FirstEnergy Corp.,United States,not_reported,,False,missing,,,,,,,,,,,,,,,,,0,False,Unavailable because a component is missing,matching_absence,missing_in_source,,not_independently_checked,,,,,,,,,,,missing_in_source,No populated reliability row appears in the PUDL EIA-861 table.,Not reported in the PUDL EIA-861 reliability table,"EIA Form 861, Annual Electric Power Industry Report",Distribution System Reliability,https://www.eia.gov/electricity/data/eia861/,https://www.eia.gov/electricity/data/eia861/archive/zip/f8612015.zip,https://s3.us-west-2.amazonaws.com/pudl.catalyst.coop/stable/core_eia861__yearly_reliability.parquet,https://catalystcoop-pudl.readthedocs.io/en/stable/data_sources/eia861.html,,2026-08-08
DOM_NY_FIRSTENERGY,66101,FirstEnergy Pennsylvania Electric Co,FirstEnergy Pennsylvania Electric,NY,2016,DOM,DOM,FirstEnergy Corp.,United States,not_reported,,False,missing,,,,,,,,,,,,,,,,,0,False,Unavailable because a component is missing,matching_absence,missing_in_source,,not_independently_checked,,,,,,,,,,,missing_in_source,No populated reliability row appears in the PUDL EIA-861 table.,Not reported in the PUDL EIA-861 reliability table,"EIA Form 861, Annual Electric Power Industry Report",Distribution System Reliability,https://www.eia.gov/electricity/data/eia861/,https://www.eia.gov/electricity/data/eia861/archive/zip/f8612016.zip,https://s3.us-west-2.amazonaws.com/pudl.catalyst.coop/stable/core_eia861__yearly_reliability.parquet,https://catalystcoop-pudl.readthedocs.io/en/stable/data_sources/eia861.html,,2026-08-08
DOM_NY_FIRSTENERGY,66101,FirstEnergy Pennsylvania Electric Co,FirstEnergy Pennsylvania Electric,NY,2017,DOM,DOM,FirstEnergy Corp.,United States,not_reported,,False,missing,,,,,,,,,,,,,,,,,0,False,Unavailable because a component is missing,matching_absence,missing_in_source,,not_independently_checked,,,,,,,,,,,missing_in_source,No populated reliability row appears in the PUDL EIA-861 table.,Not reported in the PUDL EIA-861 reliability table,"EIA Form 861, Annual Electric Power Industry Report",Distribution System Reliability,https://www.eia.gov/electricity/data/eia861/,https://www.eia.gov/electricity/data/eia861/archive/zip/f8612017.zip,https://s3.us-west-2.amazonaws.com/pudl.catalyst.coop/stable/core_eia861__yearly_reliability.parquet,https://catalystcoop-pudl.readthedocs.io/en/stable/data_sources/eia861.html,,2026-08-08
DOM_NY_FIRSTENERGY,66101,FirstEnergy Pennsylvania Electric Co,FirstEnergy Pennsylvania Electric,NY,2018,DOM,DOM,FirstEnergy Corp.,United States,not_reported,,False,missing,,,,,,,,,,,,,,,,,0,False,Unavailable because a component is missing,matching_absence,missing_in_source,,not_independently_checked,,,,,,,,,,,missing_in_source,No populated reliability row appears in the PUDL EIA-861 table.,Not reported in the PUDL EIA-861 reliability table,"EIA Form 861, Annual Electric Power Industry Report",Distribution System Reliability,https://www.eia.gov/electricity/data/eia861/,https://www.eia.gov/electricity/data/eia861/archive/zip/f8612018.zip,https://s3.us-west-2.amazonaws.com/pudl.catalyst.coop/stable/core_eia861__yearly_reliability.parquet,https://catalystcoop-pudl.readthedocs.io/en/stable/data_sources/eia861.html,,2026-08-08
DOM_NY_FIRSTENERGY,66101,FirstEnergy Pennsylvania Electric Co,FirstEnergy Pennsylvania Electric,NY,2019,DOM,DOM,FirstEnergy Corp.,United States,not_reported,,False,missing,,,,,,,,,,,,,,,,,0,False,Unavailable because a component is missing,matching_absence,missing_in_source,,not_independently_checked,,,,,,,,,,,missing_in_source,No populated reliability row appears in the PUDL EIA-861 table.,Not reported in the PUDL EIA-861 reliability table,"EIA Form 861, Annual Electric Power Industry Report",Distribution System Reliability,https://www.eia.gov/electricity/data/eia861/,https://www.eia.gov/electricity/data/eia861/archive/zip/f8612019.zip,https://s3.us-west-2.amazonaws.com/pudl.catalyst.coop/stable/core_eia861__yearly_reliability.parquet,https://catalystcoop-pudl.readthedocs.io/en/stable/data_sources/eia861.html,,2026-08-08
DOM_NY_FIRSTENERGY,66101,FirstEnergy Pennsylvania Electric Co,FirstEnergy Pennsylvania Electric,NY,2020,DOM,DOM,FirstEnergy Corp.,United States,not_reported,,False,missing,,,,,,,,,,,,,,,,,0,False,Unavailable because a component is missing,matching_absence,missing_in_source,,not_independently_checked,,,,,,,,,,,missing_in_source,No populated reliability row appears in the PUDL EIA-861 table.,Not reported in the PUDL EIA-861 reliability table,"EIA Form 861, Annual Electric Power Industry Report",Distribution System Reliability,https://www.eia.gov/electricity/data/eia861/,https://www.eia.gov/electricity/data/eia861/archive/zip/f8612020.zip,https://s3.us-west-2.amazonaws.com/pudl.catalyst.coop/stable/core_eia861__yearly_reliability.parquet,https://catalystcoop-pudl.readthedocs.io/en/stable/data_sources/eia861.html,,2026-08-08
DOM_NY_FIRSTENERGY,66101,FirstEnergy Pennsylvania Electric Co,FirstEnergy Pennsylvania Electric,NY,2021,DOM,DOM,FirstEnergy Corp.,United States,not_reported,,False,missing,,,,,,,,,,,,,,,,,0,False,Unavailable because a component is missing,matching_absence,missing_in_source,,not_independently_checked,,,,,,,,,,,missing_in_source,No populated reliability row appears in the PUDL EIA-861 table.,Not reported in the PUDL EIA-861 reliability table,"EIA Form 861, Annual Electric Power Industry Report",Distribution System Reliability,https://www.eia.gov/electricity/data/eia861/,https://www.eia.gov/electricity/data/eia861/archive/zip/f8612021.zip,https://s3.us-west-2.amazonaws.com/pudl.catalyst.coop/stable/core_eia861__yearly_reliability.parquet,https://catalystcoop-pudl.readthedocs.io/en/stable/data_sources/eia861.html,,2026-08-08
DOM_NY_FIRSTENERGY,66101,FirstEnergy Pennsylvania Electric Co,FirstEnergy Pennsylvania Electric,NY,2022,DOM,DOM,FirstEnergy Corp.,United States,not_reported,,False,missing,,,,,,,,,,,,,,,,,0,False,Unavailable because a component is missing,matching_absence,missing_in_source,,not_independently_checked,,,,,,,,,,,missing_in_source,No populated reliability row appears in the PUDL EIA-861 table.,Not reported in the PUDL EIA-861 reliability table,"EIA Form 861, Annual Electric Power Industry Report",Distribution System Reliability,https://www.eia.gov/electricity/data/eia861/,https://www.eia.gov/electricity/data/eia861/archive/zip/f8612022.zip,https://s3.us-west-2.amazonaws.com/pudl.catalyst.coop/stable/core_eia861__yearly_reliability.parquet,https://catalystcoop-pudl.readthedocs.io/en/stable/data_sources/eia861.html,,2026-08-08
DOM_NY_FIRSTENERGY,66101,FirstEnergy Pennsylvania Electric Co,FirstEnergy Pennsylvania Electric,NY,2023,DOM,DOM,FirstEnergy Corp.,United States,not_reported,,False,missing,,,,,,,,,,,,,,,,,0,False,Unavailable because a component is missing,matching_absence,missing_in_source,,not_independently_checked,,,,,,,,,,,missing_in_source,No populated reliability row appears in the PUDL EIA-861 table.,Not reported in the PUDL EIA-861 reliability table,"EIA Form 861, Annual Electric Power Industry Report",Distribution System Reliability,https://www.eia.gov/electricity/data/eia861/,https://www.eia.gov/electricity/data/eia861/archive/zip/f8612023.zip,https://s3.us-west-2.amazonaws.com/pudl.catalyst.coop/stable/core_eia861__yearly_reliability.parquet,https://catalystcoop-pudl.readthedocs.io/en/stable/data_sources/eia861.html,,2026-08-08
DOM_NY_FIRSTENERGY,66101,FirstEnergy Pennsylvania Electric Co,FirstEnergy Pennsylvania Electric,NY,2024,DOM,DOM,FirstEnergy Corp.,United States,reported,ieee_standard,False,consistent_ieee_standard,2076402.0,Investor Owned,,34.5,,,True,402.64,220.51,373.01,1.851,1.485,1.581,217.52566,148.49158,235.93295,9,True,Derived by PUDL as SAIDI divided by SAIFI,exact_match,ready_for_descriptive_use,,not_independently_checked,,,,,,,,,,,ready_for_descriptive_use,No coverage or definition flag in this audit.,Utility-reported EIA-861 data standardized by PUDL,"EIA Form 861, Annual Electric Power Industry Report",Distribution System Reliability,https://www.eia.gov/electricity/data/eia861/,https://www.eia.gov/electricity/data/eia861/zip/f8612024.zip,https://s3.us-west-2.amazonaws.com/pudl.catalyst.coop/stable/core_eia861__yearly_reliability.parquet,https://catalystcoop-pudl.readthedocs.io/en/stable/data_sources/eia861.html,final,2026-08-08
DOM_NY_FISHERS,6369,Fishers Island Utility Co Inc,Fishers Island Electric,NY,2013,DOM,DOM,Fishers Island Utility Co. / Fishers Island Development Corp.,United States,not_reported,,False,missing,,,,,,,,,,,,,,,,,0,False,Unavailable because a component is missing,matching_absence,missing_in_source,,not_independently_checked,,,,,,,,,,,missing_in_source,No populated reliability row appears in the PUDL EIA-861 table.,Not reported in the PUDL EIA-861 reliability table,"EIA Form 861, Annual Electric Power Industry Report",Distribution System Reliability,https://www.eia.gov/electricity/data/eia861/,https://www.eia.gov/electricity/data/eia861/archive/zip/f8612013.zip,https://s3.us-west-2.amazonaws.com/pudl.catalyst.coop/stable/core_eia861__yearly_reliability.parquet,https://catalystcoop-pudl.readthedocs.io/en/stable/data_sources/eia861.html,,2026-08-08
DOM_NY_FISHERS,6369,Fishers Island Utility Co Inc,Fishers Island Electric,NY,2014,DOM,DOM,Fishers Island Utility Co. / Fishers Island Development Corp.,United States,not_reported,,False,missing,,,,,,,,,,,,,,,,,0,False,Unavailable because a component is missing,matching_absence,missing_in_source,,not_independently_checked,,,,,,,,,,,missing_in_source,No populated reliability row appears in the PUDL EIA-861 table.,Not reported in the PUDL EIA-861 reliability table,"EIA Form 861, Annual Electric Power Industry Report",Distribution System Reliability,https://www.eia.gov/electricity/data/eia861/,https://www.eia.gov/electricity/data/eia861/archive/zip/f8612014.zip,https://s3.us-west-2.amazonaws.com/pudl.catalyst.coop/stable/core_eia861__yearly_reliability.parquet,https://catalystcoop-pudl.readthedocs.io/en/stable/data_sources/eia861.html,,2026-08-08
DOM_NY_FISHERS,6369,Fishers Island Utility Co Inc,Fishers Island Electric,NY,2015,DOM,DOM,Fishers Island Utility Co. / Fishers Island Development Corp.,United States,not_reported,,False,missing,,,,,,,,,,,,,,,,,0,False,Unavailable because a component is missing,matching_absence,missing_in_source,,not_independently_checked,,,,,,,,,,,missing_in_source,No populated reliability row appears in the PUDL EIA-861 table.,Not reported in the PUDL EIA-861 reliability table,"EIA Form 861, Annual Electric Power Industry Report",Distribution System Reliability,https://www.eia.gov/electricity/data/eia861/,https://www.eia.gov/electricity/data/eia861/archive/zip/f8612015.zip,https://s3.us-west-2.amazonaws.com/pudl.catalyst.coop/stable/core_eia861__yearly_reliability.parquet,https://catalystcoop-pudl.readthedocs.io/en/stable/data_sources/eia861.html,,2026-08-08
DOM_NY_FISHERS,6369,Fishers Island Utility Co Inc,Fishers Island Electric,NY,2016,DOM,DOM,Fishers Island Utility Co. / Fishers Island Development Corp.,United States,not_reported,,False,missing,,,,,,,,,,,,,,,,,0,False,Unavailable because a component is missing,matching_absence,missing_in_source,,not_independently_checked,,,,,,,,,,,missing_in_source,No populated reliability row appears in the PUDL EIA-861 table.,Not reported in the PUDL EIA-861 reliability table,"EIA Form 861, Annual Electric Power Industry Report",Distribution System Reliability,https://www.eia.gov/electricity/data/eia861/,https://www.eia.gov/electricity/data/eia861/archive/zip/f8612016.zip,https://s3.us-west-2.amazonaws.com/pudl.catalyst.coop/stable/core_eia861__yearly_reliability.parquet,https://catalystcoop-pudl.readthedocs.io/en/stable/data_sources/eia861.html,,2026-08-08
DOM_NY_FISHERS,6369,Fishers Island Utility Co Inc,Fishers Island Electric,NY,2017,DOM,DOM,Fishers Island Utility Co. / Fishers Island Development Corp.,United States,not_reported,,False,missing,,,,,,,,,,,,,,,,,0,False,Unavailable because a component is missing,matching_absence,missing_in_source,,not_independently_checked,,,,,,,,,,,missing_in_source,No populated reliability row appears in the PUDL EIA-861 table.,Not reported in the PUDL EIA-861 reliability table,"EIA Form 861, Annual Electric Power Industry Report",Distribution System Reliability,https://www.eia.gov/electricity/data/eia861/,https://www.eia.gov/electricity/data/eia861/archive/zip/f8612017.zip,https://s3.us-west-2.amazonaws.com/pudl.catalyst.coop/stable/core_eia861__yearly_reliability.parquet,https://catalystcoop-pudl.readthedocs.io/en/stable/data_sources/eia861.html,,2026-08-08
DOM_NY_FISHERS,6369,Fishers Island Utility Co Inc,Fishers Island Electric,NY,2018,DOM,DOM,Fishers Island Utility Co. / Fishers Island Development Corp.,United States,not_reported,,False,missing,,,,,,,,,,,,,,,,,0,False,Unavailable because a component is missing,matching_absence,missing_in_source,,not_independently_checked,,,,,,,,,,,missing_in_source,No populated reliability row appears in the PUDL EIA-861 table.,Not reported in the PUDL EIA-861 reliability table,"EIA Form 861, Annual Electric Power Industry Report",Distribution System Reliability,https://www.eia.gov/electricity/data/eia861/,https://www.eia.gov/electricity/data/eia861/archive/zip/f8612018.zip,https://s3.us-west-2.amazonaws.com/pudl.catalyst.coop/stable/core_eia861__yearly_reliability.parquet,https://catalystcoop-pudl.readthedocs.io/en/stable/data_sources/eia861.html,,2026-08-08
DOM_NY_FISHERS,6369,Fishers Island Utility Co Inc,Fishers Island Electric,NY,2019,DOM,DOM,Fishers Island Utility Co. / Fishers Island Development Corp.,United States,not_reported,,False,missing,,,,,,,,,,,,,,,,,0,False,Unavailable because a component is missing,matching_absence,missing_in_source,,not_independently_checked,,,,,,,,,,,missing_in_source,No populated reliability row appears in the PUDL EIA-861 table.,Not reported in the PUDL EIA-861 reliability table,"EIA Form 861, Annual Electric Power Industry Report",Distribution System Reliability,https://www.eia.gov/electricity/data/eia861/,https://www.eia.gov/electricity/data/eia861/archive/zip/f8612019.zip,https://s3.us-west-2.amazonaws.com/pudl.catalyst.coop/stable/core_eia861__yearly_reliability.parquet,https://catalystcoop-pudl.readthedocs.io/en/stable/data_sources/eia861.html,,2026-08-08
DOM_NY_FISHERS,6369,Fishers Island Utility Co Inc,Fishers Island Electric,NY,2020,DOM,DOM,Fishers Island Utility Co. / Fishers Island Development Corp.,United States,not_reported,,False,missing,,,,,,,,,,,,,,,,,0,False,Unavailable because a component is missing,matching_absence,missing_in_source,,not_independently_checked,,,,,,,,,,,missing_in_source,No populated reliability row appears in the PUDL EIA-861 table.,Not reported in the PUDL EIA-861 reliability table,"EIA Form 861, Annual Electric Power Industry Report",Distribution System Reliability,https://www.eia.gov/electricity/data/eia861/,https://www.eia.gov/electricity/data/eia861/archive/zip/f8612020.zip,https://s3.us-west-2.amazonaws.com/pudl.catalyst.coop/stable/core_eia861__yearly_reliability.parquet,https://catalystcoop-pudl.readthedocs.io/en/stable/data_sources/eia861.html,,2026-08-08
DOM_NY_FISHERS,6369,Fishers Island Utility Co Inc,Fishers Island Electric,NY,2021,DOM,DOM,Fishers Island Utility Co. / Fishers Island Development Corp.,United States,not_reported,,False,missing,,,,,,,,,,,,,,,,,0,False,Unavailable because a component is missing,matching_absence,missing_in_source,,not_independently_checked,,,,,,,,,,,missing_in_source,No populated reliability row appears in the PUDL EIA-861 table.,Not reported in the PUDL EIA-861 reliability table,"EIA Form 861, Annual Electric Power Industry Report",Distribution System Reliability,https://www.eia.gov/electricity/data/eia861/,https://www.eia.gov/electricity/data/eia861/archive/zip/f8612021.zip,https://s3.us-west-2.amazonaws.com/pudl.catalyst.coop/stable/core_eia861__yearly_reliability.parquet,https://catalystcoop-pudl.readthedocs.io/en/stable/data_sources/eia861.html,,2026-08-08
DOM_NY_FISHERS,6369,Fishers Island Utility Co Inc,Fishers Island Electric,NY,2022,DOM,DOM,Fishers Island Utility Co. / Fishers Island Development Corp.,United States,not_reported,,False,missing,,,,,,,,,,,,,,,,,0,False,Unavailable because a component is missing,matching_absence,missing_in_source,,not_independently_checked,,,,,,,,,,,missing_in_source,No populated reliability row appears in the PUDL EIA-861 table.,Not reported in the PUDL EIA-861 reliability table,"EIA Form 861, Annual Electric Power Industry Report",Distribution System Reliability,https://www.eia.gov/electricity/data/eia861/,https://www.eia.gov/electricity/data/eia861/archive/zip/f8612022.zip,https://s3.us-west-2.amazonaws.com/pudl.catalyst.coop/stable/core_eia861__yearly_reliability.parquet,https://catalystcoop-pudl.readthedocs.io/en/stable/data_sources/eia861.html,,2026-08-08
DOM_NY_FISHERS,6369,Fishers Island Utility Co Inc,Fishers Island Electric,NY,2023,DOM,DOM,Fishers Island Utility Co. / Fishers Island Development Corp.,United States,not_reported,,False,missing,,,,,,,,,,,,,,,,,0,False,Unavailable because a component is missing,matching_absence,missing_in_source,,not_independently_checked,,,,,,,,,,,missing_in_source,No populated reliability row appears in the PUDL EIA-861 table.,Not reported in the PUDL EIA-861 reliability table,"EIA Form 861, Annual Electric Power Industry Report",Distribution System Reliability,https://www.eia.gov/electricity/data/eia861/,https://www.eia.gov/electricity/data/eia861/archive/zip/f8612023.zip,https://s3.us-west-2.amazonaws.com/pudl.catalyst.coop/stable/core_eia861__yearly_reliability.parquet,https://catalystcoop-pudl.readthedocs.io/en/stable/data_sources/eia861.html,,2026-08-08
DOM_NY_FISHERS,6369,Fishers Island Utility Co Inc,Fishers Island Electric,NY,2024,DOM,DOM,Fishers Island Utility Co. / Fishers Island Development Corp.,United States,not_reported,,False,missing,,,,,,,,,,,,,,,,,0,False,Unavailable because a component is missing,matching_absence,missing_in_source,,not_independently_checked,,,,,,,,,,,missing_in_source,No populated reliability row appears in the PUDL EIA-861 table.,Not reported in the PUDL EIA-861 reliability table,"EIA Form 861, Annual Electric Power Industry Report",Distribution System Reliability,https://www.eia.gov/electricity/data/eia861/,https://www.eia.gov/electricity/data/eia861/zip/f8612024.zip,https://s3.us-west-2.amazonaws.com/pudl.catalyst.coop/stable/core_eia861__yearly_reliability.parquet,https://catalystcoop-pudl.readthedocs.io/en/stable/data_sources/eia861.html,,2026-08-08
DOM_NY_ORU,14154,Orange & Rockland Utils Inc,Orange & Rockland Utilities,NY,2013,DOM,DOM,Consolidated Edison Inc.,United States,reported,other_standard,False,consistent_other_standard,220471.0,Investor Owned,,34.5,False,F,False,125.0,86.0,,1.01,0.888,,123.76238,96.846847,,6,True,Derived by PUDL as SAIDI divided by SAIFI,exact_match,descriptive_only_non_ieee_method,,not_independently_checked,,,,,,,,,,,descriptive_only_non_ieee_method,"Utility reports using a non-IEEE method allowed by EIA; retain for within-utility description, but do not pool directly with IEEE rows.",Utility-reported EIA-861 data standardized by PUDL,"EIA Form 861, Annual Electric Power Industry Report",Distribution System Reliability,https://www.eia.gov/electricity/data/eia861/,https://www.eia.gov/electricity/data/eia861/archive/zip/f8612013.zip,https://s3.us-west-2.amazonaws.com/pudl.catalyst.coop/stable/core_eia861__yearly_reliability.parquet,https://catalystcoop-pudl.readthedocs.io/en/stable/data_sources/eia861.html,final,2026-08-08
DOM_NY_ORU,14154,Orange & Rockland Utils Inc,Orange & Rockland Utilities,NY,2014,DOM,DOM,Consolidated Edison Inc.,United States,reported,other_standard,False,consistent_other_standard,221300.0,Investor Owned,,34.5,False,F,False,171.757,103.01,,1.191,1.075,,144.21243,95.823256,,6,True,Derived by PUDL as SAIDI divided by SAIFI,exact_match,descriptive_only_non_ieee_method,,not_independently_checked,,,,,,,,,,,descriptive_only_non_ieee_method,"Utility reports using a non-IEEE method allowed by EIA; retain for within-utility description, but do not pool directly with IEEE rows.",Utility-reported EIA-861 data standardized by PUDL,"EIA Form 861, Annual Electric Power Industry Report",Distribution System Reliability,https://www.eia.gov/electricity/data/eia861/,https://www.eia.gov/electricity/data/eia861/archive/zip/f8612014.zip,https://s3.us-west-2.amazonaws.com/pudl.catalyst.coop/stable/core_eia861__yearly_reliability.parquet,https://catalystcoop-pudl.readthedocs.io/en/stable/data_sources/eia861.html,final,2026-08-08
DOM_NY_ORU,14154,Orange & Rockland Utils Inc,Orange & Rockland Utilities,NY,2015,DOM,DOM,Consolidated Edison Inc.,United States,reported,other_standard,False,consistent_other_standard,221203.0,Investor Owned,,34.5,False,F,False,148.05,148.05,,1.013,1.013,,146.15005,146.15005,,6,True,Derived by PUDL as SAIDI divided by SAIFI,exact_match,descriptive_only_non_ieee_method,,not_independently_checked,,,,,,,,,,,descriptive_only_non_ieee_method,"Utility reports using a non-IEEE method allowed by EIA; retain for within-utility description, but do not pool directly with IEEE rows.",Utility-reported EIA-861 data standardized by PUDL,"EIA Form 861, Annual Electric Power Industry Report",Distribution System Reliability,https://www.eia.gov/electricity/data/eia861/,https://www.eia.gov/electricity/data/eia861/archive/zip/f8612015.zip,https://s3.us-west-2.amazonaws.com/pudl.catalyst.coop/stable/core_eia861__yearly_reliability.parquet,https://catalystcoop-pudl.readthedocs.io/en/stable/data_sources/eia861.html,final,2026-08-08
DOM_NY_ORU,14154,Orange & Rockland Utils Inc,Orange & Rockland Utilities,NY,2016,DOM,DOM,Consolidated Edison Inc.,United States,reported,other_standard,False,consistent_other_standard,222510.0,Investor Owned,,34.5,False,F,False,141.29,107.58,,1.201,1.056,,117.64363,101.875,,6,True,Derived by PUDL as SAIDI divided by SAIFI,exact_match,descriptive_only_non_ieee_method,,not_independently_checked,,,,,,,,,,,descriptive_only_non_ieee_method,"Utility reports using a non-IEEE method allowed by EIA; retain for within-utility description, but do not pool directly with IEEE rows.",Utility-reported EIA-861 data standardized by PUDL,"EIA Form 861, Annual Electric Power Industry Report",Distribution System Reliability,https://www.eia.gov/electricity/data/eia861/,https://www.eia.gov/electricity/data/eia861/archive/zip/f8612016.zip,https://s3.us-west-2.amazonaws.com/pudl.catalyst.coop/stable/core_eia861__yearly_reliability.parquet,https://catalystcoop-pudl.readthedocs.io/en/stable/data_sources/eia861.html,final,2026-08-08
DOM_NY_ORU,14154,Orange & Rockland Utils Inc,Orange & Rockland Utilities,NY,2017,DOM,DOM,Consolidated Edison Inc.,United States,reported,other_standard,False,consistent_other_standard,224402.0,Investor Owned,,34.5,False,F,False,132.812,92.282,,1.056,0.917,,125.76894,100.63468,,6,True,Derived by PUDL as SAIDI divided by SAIFI,exact_match,descriptive_only_non_ieee_method,,not_independently_checked,,,,,,,,,,,descriptive_only_non_ieee_method,"Utility reports using a non-IEEE method allowed by EIA; retain for within-utility description, but do not pool directly with IEEE rows.",Utility-reported EIA-861 data standardized by PUDL,"EIA Form 861, Annual Electric Power Industry Report",Distribution System Reliability,https://www.eia.gov/electricity/data/eia861/,https://www.eia.gov/electricity/data/eia861/archive/zip/f8612017.zip,https://s3.us-west-2.amazonaws.com/pudl.catalyst.coop/stable/core_eia861__yearly_reliability.parquet,https://catalystcoop-pudl.readthedocs.io/en/stable/data_sources/eia861.html,final,2026-08-08
DOM_NY_ORU,14154,Orange & Rockland Utils Inc,Orange & Rockland Utilities,NY,2018,DOM,DOM,Consolidated Edison Inc.,United States,reported,other_standard,False,consistent_other_standard,227222.0,Investor Owned,,34.5,False,F,False,690.54,120.33,,1.73,1.125,,399.15607,106.96,,6,True,Derived by PUDL as SAIDI divided by SAIFI,exact_match,descriptive_only_non_ieee_method,,not_independently_checked,,,,,,,,,,,descriptive_only_non_ieee_method,"Utility reports using a non-IEEE method allowed by EIA; retain for within-utility description, but do not pool directly with IEEE rows.",Utility-reported EIA-861 data standardized by PUDL,"EIA Form 861, Annual Electric Power Industry Report",Distribution System Reliability,https://www.eia.gov/electricity/data/eia861/,https://www.eia.gov/electricity/data/eia861/archive/zip/f8612018.zip,https://s3.us-west-2.amazonaws.com/pudl.catalyst.coop/stable/core_eia861__yearly_reliability.parquet,https://catalystcoop-pudl.readthedocs.io/en/stable/data_sources/eia861.html,final,2026-08-08
DOM_NY_ORU,14154,Orange & Rockland Utils Inc,Orange & Rockland Utilities,NY,2019,DOM,DOM,Consolidated Edison Inc.,United States,reported,other_standard,False,consistent_other_standard,229181.0,Investor Owned,,34.5,False,F,False,205.2,113.98,,1.37,1.094,,149.78102,104.18647,,6,True,Derived by PUDL as SAIDI divided by SAIFI,exact_match,descriptive_only_non_ieee_method,,not_independently_checked,,,,,,,,,,,descriptive_only_non_ieee_method,"Utility reports using a non-IEEE method allowed by EIA; retain for within-utility description, but do not pool directly with IEEE rows.",Utility-reported EIA-861 data standardized by PUDL,"EIA Form 861, Annual Electric Power Industry Report",Distribution System Reliability,https://www.eia.gov/electricity/data/eia861/,https://www.eia.gov/electricity/data/eia861/archive/zip/f8612019.zip,https://s3.us-west-2.amazonaws.com/pudl.catalyst.coop/stable/core_eia861__yearly_reliability.parquet,https://catalystcoop-pudl.readthedocs.io/en/stable/data_sources/eia861.html,final,2026-08-08
DOM_NY_ORU,14154,Orange & Rockland Utils Inc,Orange & Rockland Utilities,NY,2020,DOM,DOM,Consolidated Edison Inc.,United States,reported,other_standard,False,consistent_other_standard,231512.0,Investor Owned,,34.5,False,F,False,1188.74,96.196,,1.892,0.961,,628.2981,100.0999,,6,True,Derived by PUDL as SAIDI divided by SAIFI,exact_match,descriptive_only_non_ieee_method,,not_independently_checked,,,,,,,,,,,descriptive_only_non_ieee_method,"Utility reports using a non-IEEE method allowed by EIA; retain for within-utility description, but do not pool directly with IEEE rows.",Utility-reported EIA-861 data standardized by PUDL,"EIA Form 861, Annual Electric Power Industry Report",Distribution System Reliability,https://www.eia.gov/electricity/data/eia861/,https://www.eia.gov/electricity/data/eia861/archive/zip/f8612020.zip,https://s3.us-west-2.amazonaws.com/pudl.catalyst.coop/stable/core_eia861__yearly_reliability.parquet,https://catalystcoop-pudl.readthedocs.io/en/stable/data_sources/eia861.html,final,2026-08-08
DOM_NY_ORU,14154,Orange & Rockland Utils Inc,Orange & Rockland Utilities,NY,2021,DOM,DOM,Consolidated Edison Inc.,United States,reported,other_standard,False,consistent_other_standard,233903.0,Investor Owned,,34.5,False,F,False,135.91,107.45,,1.283,1.144,,105.93141,93.924825,,6,True,Derived by PUDL as SAIDI divided by SAIFI,exact_match,descriptive_only_non_ieee_method,,not_independently_checked,,,,,,,,,,,descriptive_only_non_ieee_method,"Utility reports using a non-IEEE method allowed by EIA; retain for within-utility description, but do not pool directly with IEEE rows.",Utility-reported EIA-861 data standardized by PUDL,"EIA Form 861, Annual Electric Power Industry Report",Distribution System Reliability,https://www.eia.gov/electricity/data/eia861/,https://www.eia.gov/electricity/data/eia861/archive/zip/f8612021.zip,https://s3.us-west-2.amazonaws.com/pudl.catalyst.coop/stable/core_eia861__yearly_reliability.parquet,https://catalystcoop-pudl.readthedocs.io/en/stable/data_sources/eia861.html,final,2026-08-08
DOM_NY_ORU,14154,Orange & Rockland Utils Inc,Orange & Rockland Utilities,NY,2022,DOM,DOM,Consolidated Edison Inc.,United States,reported,other_standard,False,consistent_other_standard,235320.0,Investor Owned,,34.5,False,F,False,111.8,98.127,,1.0,0.931,,111.8,105.39957,,6,True,Derived by PUDL as SAIDI divided by SAIFI,exact_match,descriptive_only_non_ieee_method,,not_independently_checked,,,,,,,,,,,descriptive_only_non_ieee_method,"Utility reports using a non-IEEE method allowed by EIA; retain for within-utility description, but do not pool directly with IEEE rows.",Utility-reported EIA-861 data standardized by PUDL,"EIA Form 861, Annual Electric Power Industry Report",Distribution System Reliability,https://www.eia.gov/electricity/data/eia861/,https://www.eia.gov/electricity/data/eia861/archive/zip/f8612022.zip,https://s3.us-west-2.amazonaws.com/pudl.catalyst.coop/stable/core_eia861__yearly_reliability.parquet,https://catalystcoop-pudl.readthedocs.io/en/stable/data_sources/eia861.html,final,2026-08-08
DOM_NY_ORU,14154,Orange & Rockland Utils Inc,Orange & Rockland Utilities,NY,2023,DOM,DOM,Consolidated Edison Inc.,United States,reported,other_standard,False,consistent_other_standard,237592.0,Investor Owned,,34.5,False,F,False,224.69,110.21,,1.491,1.07,,150.69752,103.0,,6,True,Derived by PUDL as SAIDI divided by SAIFI,exact_match,descriptive_only_non_ieee_method,,not_independently_checked,,,,,,,,,,,descriptive_only_non_ieee_method,"Utility reports using a non-IEEE method allowed by EIA; retain for within-utility description, but do not pool directly with IEEE rows.",Utility-reported EIA-861 data standardized by PUDL,"EIA Form 861, Annual Electric Power Industry Report",Distribution System Reliability,https://www.eia.gov/electricity/data/eia861/,https://www.eia.gov/electricity/data/eia861/archive/zip/f8612023.zip,https://s3.us-west-2.amazonaws.com/pudl.catalyst.coop/stable/core_eia861__yearly_reliability.parquet,https://catalystcoop-pudl.readthedocs.io/en/stable/data_sources/eia861.html,final,2026-08-08
DOM_NY_ORU,14154,Orange & Rockland Utils Inc,Orange & Rockland Utilities,NY,2024,DOM,DOM,Consolidated Edison Inc.,United States,reported,other_standard,False,consistent_other_standard,240260.0,Investor Owned,,34.5,False,F,False,231.4,106.6,,1.573,1.046,,147.10744,101.91205,,6,True,Derived by PUDL as SAIDI divided by SAIFI,exact_match,descriptive_only_non_ieee_method,,not_independently_checked,,,,,,,,,,,descriptive_only_non_ieee_method,"Utility reports using a non-IEEE method allowed by EIA; retain for within-utility description, but do not pool directly with IEEE rows.",Utility-reported EIA-861 data standardized by PUDL,"EIA Form 861, Annual Electric Power Industry Report",Distribution System Reliability,https://www.eia.gov/electricity/data/eia861/,https://www.eia.gov/electricity/data/eia861/zip/f8612024.zip,https://s3.us-west-2.amazonaws.com/pudl.catalyst.coop/stable/core_eia861__yearly_reliability.parquet,https://catalystcoop-pudl.readthedocs.io/en/stable/data_sources/eia861.html,final,2026-08-08
DOM_RI_RIE,13214,The Narragansett Electric Co,Rhode Island Energy (legal entity: Narragansett Electric),RI,2013,MTC,DOM,National Grid plc,United Kingdom,reported,ieee_standard,False,consistent_ieee_standard,485428.0,Investor Owned,,69.0,,,True,783.19,57.28,782.9,1.26,0.72,1.17,621.57937,79.555556,669.1453,9,True,Derived by PUDL as SAIDI divided by SAIFI,exact_match,ready_for_descriptive_use,,not_independently_checked,,,,,,,,,,,ready_for_descriptive_use,No coverage or definition flag in this audit.,Utility-reported EIA-861 data standardized by PUDL,"EIA Form 861, Annual Electric Power Industry Report",Distribution System Reliability,https://www.eia.gov/electricity/data/eia861/,https://www.eia.gov/electricity/data/eia861/archive/zip/f8612013.zip,https://s3.us-west-2.amazonaws.com/pudl.catalyst.coop/stable/core_eia861__yearly_reliability.parquet,https://catalystcoop-pudl.readthedocs.io/en/stable/data_sources/eia861.html,final,2026-08-08
DOM_RI_RIE,13214,The Narragansett Electric Co,Rhode Island Energy (legal entity: Narragansett Electric),RI,2014,MTC,DOM,National Grid plc,United Kingdom,reported,ieee_standard,False,consistent_ieee_standard,484151.0,Investor Owned,,69.0,,,True,54.21,54.21,54.21,0.762,0.762,0.76,71.141732,71.141732,71.328947,9,True,Derived by PUDL as SAIDI divided by SAIFI,exact_match,ready_for_descriptive_use,,not_independently_checked,,,,,,,,,,,ready_for_descriptive_use,No coverage or definition flag in this audit.,Utility-reported EIA-861 data standardized by PUDL,"EIA Form 861, Annual Electric Power Industry Report",Distribution System Reliability,https://www.eia.gov/electricity/data/eia861/,https://www.eia.gov/electricity/data/eia861/archive/zip/f8612014.zip,https://s3.us-west-2.amazonaws.com/pudl.catalyst.coop/stable/core_eia861__yearly_reliability.parquet,https://catalystcoop-pudl.readthedocs.io/en/stable/data_sources/eia861.html,final,2026-08-08
DOM_RI_RIE,13214,The Narragansett Electric Co,Rhode Island Energy (legal entity: Narragansett Electric),RI,2015,MTC,DOM,National Grid plc,United Kingdom,reported,ieee_standard,False,consistent_ieee_standard,482984.0,Investor Owned,,69.0,,,True,341.82,64.29,341.82,1.231,0.937,1.231,277.67669,68.612593,277.67669,9,True,Derived by PUDL as SAIDI divided by SAIFI,exact_match,ready_for_descriptive_use,,not_independently_checked,,,,,,,,,,,ready_for_descriptive_use,No coverage or definition flag in this audit.,Utility-reported EIA-861 data standardized by PUDL,"EIA Form 861, Annual Electric Power Industry Report",Distribution System Reliability,https://www.eia.gov/electricity/data/eia861/,https://www.eia.gov/electricity/data/eia861/archive/zip/f8612015.zip,https://s3.us-west-2.amazonaws.com/pudl.catalyst.coop/stable/core_eia861__yearly_reliability.parquet,https://catalystcoop-pudl.readthedocs.io/en/stable/data_sources/eia861.html,final,2026-08-08
DOM_RI_RIE,13214,The Narragansett Electric Co,Rhode Island Energy (legal entity: Narragansett Electric),RI,2016,MTC,DOM,National Grid plc,United Kingdom,reported,ieee_standard,False,consistent_ieee_standard,488080.0,Investor Owned,,69.0,,,True,168.9,69.13,163.2,1.206,0.973,1.046,140.04975,71.048304,156.02294,9,True,Derived by PUDL as SAIDI divided by SAIFI,exact_match,ready_for_descriptive_use,,not_independently_checked,,,,,,,,,,,ready_for_descriptive_use,No coverage or definition flag in this audit.,Utility-reported EIA-861 data standardized by PUDL,"EIA Form 861, Annual Electric Power Industry Report",Distribution System Reliability,https://www.eia.gov/electricity/data/eia861/,https://www.eia.gov/electricity/data/eia861/archive/zip/f8612016.zip,https://s3.us-west-2.amazonaws.com/pudl.catalyst.coop/stable/core_eia861__yearly_reliability.parquet,https://catalystcoop-pudl.readthedocs.io/en/stable/data_sources/eia861.html,final,2026-08-08
DOM_RI_RIE,13214,The Narragansett Electric Co,Rhode Island Energy (legal entity: Narragansett Electric),RI,2017,MTC,DOM,National Grid plc,United Kingdom,reported,ieee_standard,False,consistent_ieee_standard,488080.0,Investor Owned,,69.0,,,True,728.34,59.1,716.77,1.185,0.775,1.103,614.63291,76.258065,649.83681,9,True,Derived by PUDL as SAIDI divided by SAIFI,exact_match,ready_for_descriptive_use,,not_independently_checked,,,,,,,,,,,ready_for_descriptive_use,No coverage or definition flag in this audit.,Utility-reported EIA-861 data standardized by PUDL,"EIA Form 861, Annual Electric Power Industry Report",Distribution System Reliability,https://www.eia.gov/electricity/data/eia861/,https://www.eia.gov/electricity/data/eia861/archive/zip/f8612017.zip,https://s3.us-west-2.amazonaws.com/pudl.catalyst.coop/stable/core_eia861__yearly_reliability.parquet,https://catalystcoop-pudl.readthedocs.io/en/stable/data_sources/eia861.html,final,2026-08-08
DOM_RI_RIE,13214,The Narragansett Electric Co,Rhode Island Energy (legal entity: Narragansett Electric),RI,2018,MTC,DOM,National Grid plc,United Kingdom,reported,ieee_standard,False,consistent_ieee_standard,492421.0,Investor Owned,,69.0,,,True,594.78,65.11,537.4,1.57,1.001,1.394,378.84076,65.044955,385.50933,9,True,Derived by PUDL as SAIDI divided by SAIFI,exact_match,ready_for_descriptive_use,,not_independently_checked,,,,,,,,,,,ready_for_descriptive_use,No coverage or definition flag in this audit.,Utility-reported EIA-861 data standardized by PUDL,"EIA Form 861, Annual Electric Power Industry Report",Distribution System Reliability,https://www.eia.gov/electricity/data/eia861/,https://www.eia.gov/electricity/data/eia861/archive/zip/f8612018.zip,https://s3.us-west-2.amazonaws.com/pudl.catalyst.coop/stable/core_eia861__yearly_reliability.parquet,https://catalystcoop-pudl.readthedocs.io/en/stable/data_sources/eia861.html,final,2026-08-08
DOM_RI_RIE,13214,The Narragansett Electric Co,Rhode Island Energy (legal entity: Narragansett Electric),RI,2019,MTC,DOM,National Grid plc,United Kingdom,reported,ieee_standard,False,consistent_ieee_standard,496959.0,Investor Owned,,69.0,,,True,236.49,68.2,223.83,1.397,1.024,1.247,169.28418,66.601563,179.49479,9,True,Derived by PUDL as SAIDI divided by SAIFI,exact_match,ready_for_descriptive_use,,not_independently_checked,,,,,,,,,,,ready_for_descriptive_use,No coverage or definition flag in this audit.,Utility-reported EIA-861 data standardized by PUDL,"EIA Form 861, Annual Electric Power Industry Report",Distribution System Reliability,https://www.eia.gov/electricity/data/eia861/,https://www.eia.gov/electricity/data/eia861/archive/zip/f8612019.zip,https://s3.us-west-2.amazonaws.com/pudl.catalyst.coop/stable/core_eia861__yearly_reliability.parquet,https://catalystcoop-pudl.readthedocs.io/en/stable/data_sources/eia861.html,final,2026-08-08
DOM_RI_RIE,13214,The Narragansett Electric Co,Rhode Island Energy (legal entity: Narragansett Electric),RI,2020,MTC,DOM,National Grid plc,United Kingdom,reported,ieee_standard,False,consistent_ieee_standard,498159.0,Investor Owned,,69.0,,,True,548.39,69.108,452.94,1.966,0.945,1.442,278.93693,73.130159,314.10541,9,True,Derived by PUDL as SAIDI divided by SAIFI,exact_match,ready_for_descriptive_use,,not_independently_checked,,,,,,,,,,,ready_for_descriptive_use,No coverage or definition flag in this audit.,Utility-reported EIA-861 data standardized by PUDL,"EIA Form 861, Annual Electric Power Industry Report",Distribution System Reliability,https://www.eia.gov/electricity/data/eia861/,https://www.eia.gov/electricity/data/eia861/archive/zip/f8612020.zip,https://s3.us-west-2.amazonaws.com/pudl.catalyst.coop/stable/core_eia861__yearly_reliability.parquet,https://catalystcoop-pudl.readthedocs.io/en/stable/data_sources/eia861.html,final,2026-08-08
DOM_RI_RIE,13214,The Narragansett Electric Co,Rhode Island Energy (legal entity: Narragansett Electric),RI,2021,MTC,DOM,National Grid plc,United Kingdom,reported,ieee_standard,False,consistent_ieee_standard,499886.0,Investor Owned,,69.0,,,True,448.55,68.8,435.95,1.429,0.948,1.394,313.89083,72.57384,312.73314,9,True,Derived by PUDL as SAIDI divided by SAIFI,exact_match,ready_for_descriptive_use,,not_independently_checked,,,,,,,,,,,ready_for_descriptive_use,No coverage or definition flag in this audit.,Utility-reported EIA-861 data standardized by PUDL,"EIA Form 861, Annual Electric Power Industry Report",Distribution System Reliability,https://www.eia.gov/electricity/data/eia861/,https://www.eia.gov/electricity/data/eia861/archive/zip/f8612021.zip,https://s3.us-west-2.amazonaws.com/pudl.catalyst.coop/stable/core_eia861__yearly_reliability.parquet,https://catalystcoop-pudl.readthedocs.io/en/stable/data_sources/eia861.html,final,2026-08-08
DOM_RI_RIE,13214,The Narragansett Electric Co,Rhode Island Energy (legal entity: Narragansett Electric),RI,2022,DOM,DOM,PPL Corporation,United States,reported,ieee_standard,False,consistent_ieee_standard,500974.0,Investor Owned,,69.0,,,True,81.94,63.2,81.06,0.959,0.808,0.932,85.44317,78.217822,86.974249,9,True,Derived by PUDL as SAIDI divided by SAIFI,exact_match,ready_for_descriptive_use,,not_independently_checked,,,,,,,,,,,ready_for_descriptive_use,No coverage or definition flag in this audit.,Utility-reported EIA-861 data standardized by PUDL,"EIA Form 861, Annual Electric Power Industry Report",Distribution System Reliability,https://www.eia.gov/electricity/data/eia861/,https://www.eia.gov/electricity/data/eia861/archive/zip/f8612022.zip,https://s3.us-west-2.amazonaws.com/pudl.catalyst.coop/stable/core_eia861__yearly_reliability.parquet,https://catalystcoop-pudl.readthedocs.io/en/stable/data_sources/eia861.html,final,2026-08-08
DOM_RI_RIE,13214,The Narragansett Electric Co,Rhode Island Energy (legal entity: Narragansett Electric),RI,2023,DOM,DOM,PPL Corporation,United States,reported,ieee_standard,False,consistent_ieee_standard,503487.0,Investor Owned,,69.0,,,True,104.59,52.23,100.78,0.782,0.667,0.736,133.7468,78.305847,136.92935,9,True,Derived by PUDL as SAIDI divided by SAIFI,exact_match,ready_for_descriptive_use,,not_independently_checked,,,,,,,,,,,ready_for_descriptive_use,No coverage or definition flag in this audit.,Utility-reported EIA-861 data standardized by PUDL,"EIA Form 861, Annual Electric Power Industry Report",Distribution System Reliability,https://www.eia.gov/electricity/data/eia861/,https://www.eia.gov/electricity/data/eia861/archive/zip/f8612023.zip,https://s3.us-west-2.amazonaws.com/pudl.catalyst.coop/stable/core_eia861__yearly_reliability.parquet,https://catalystcoop-pudl.readthedocs.io/en/stable/data_sources/eia861.html,final,2026-08-08
DOM_RI_RIE,13214,The Narragansett Electric Co,Rhode Island Energy (legal entity: Narragansett Electric),RI,2024,DOM,DOM,PPL Corporation,United States,reported,ieee_standard,False,consistent_ieee_standard,509231.0,Investor Owned,,69.0,,,True,104.25,60.79,99.02,0.896,0.761,0.862,116.35045,79.881735,114.87239,9,True,Derived by PUDL as SAIDI divided by SAIFI,exact_match,ready_for_descriptive_use,,not_independently_checked,,,,,,,,,,,ready_for_descriptive_use,No coverage or definition flag in this audit.,Utility-reported EIA-861 data standardized by PUDL,"EIA Form 861, Annual Electric Power Industry Report",Distribution System Reliability,https://www.eia.gov/electricity/data/eia861/,https://www.eia.gov/electricity/data/eia861/zip/f8612024.zip,https://s3.us-west-2.amazonaws.com/pudl.catalyst.coop/stable/core_eia861__yearly_reliability.parquet,https://catalystcoop-pudl.readthedocs.io/en/stable/data_sources/eia861.html,final,2026-08-08
MTC_CT_UI,19497,United Illuminating Co,United Illuminating,CT,2013,DOM,MTC,UIL Holdings Corporation,United States,reported,ieee_standard,True,reporting_standard_changes_during_panel,317544.0,Investor Owned,,69.0,,,False,81.6,57.8,57.0,0.7,0.63,0.62,116.57143,91.746032,91.935484,9,True,Derived by PUDL as SAIDI divided by SAIFI,exact_match,descriptive_only_reporting_standard_change,,not_independently_checked,,,,,,,,,,,descriptive_only_method_change,This utility changes between IEEE and other reporting standards during 2013-2024.,Utility-reported EIA-861 data standardized by PUDL,"EIA Form 861, Annual Electric Power Industry Report",Distribution System Reliability,https://www.eia.gov/electricity/data/eia861/,https://www.eia.gov/electricity/data/eia861/archive/zip/f8612013.zip,https://s3.us-west-2.amazonaws.com/pudl.catalyst.coop/stable/core_eia861__yearly_reliability.parquet,https://catalystcoop-pudl.readthedocs.io/en/stable/data_sources/eia861.html,final,2026-08-08
MTC_CT_UI,19497,United Illuminating Co,United Illuminating,CT,2014,DOM,MTC,UIL Holdings Corporation,United States,reported,other_standard,True,reporting_standard_changes_during_panel,318490.0,Investor Owned,,69.0,False,F,False,62.0,62.0,,0.65,0.65,,95.384615,95.384615,,6,True,Derived by PUDL as SAIDI divided by SAIFI,exact_match,descriptive_only_reporting_standard_change,,not_independently_checked,,,,,,,,,,,descriptive_only_method_change,This utility changes between IEEE and other reporting standards during 2013-2024.,Utility-reported EIA-861 data standardized by PUDL,"EIA Form 861, Annual Electric Power Industry Report",Distribution System Reliability,https://www.eia.gov/electricity/data/eia861/,https://www.eia.gov/electricity/data/eia861/archive/zip/f8612014.zip,https://s3.us-west-2.amazonaws.com/pudl.catalyst.coop/stable/core_eia861__yearly_reliability.parquet,https://catalystcoop-pudl.readthedocs.io/en/stable/data_sources/eia861.html,final,2026-08-08
MTC_CT_UI,19497,United Illuminating Co,United Illuminating,CT,2015,DOM,MTC,UIL Holdings Corporation,United States,reported,other_standard,True,reporting_standard_changes_during_panel,318285.0,Investor Owned,,69.0,False,F,False,48.0,43.0,,0.5,0.48,,96.0,89.583333,,6,True,Derived by PUDL as SAIDI divided by SAIFI,exact_match,descriptive_only_reporting_standard_change,,not_independently_checked,,,,,,,,,,,descriptive_only_method_change,This utility changes between IEEE and other reporting standards during 2013-2024.,Utility-reported EIA-861 data standardized by PUDL,"EIA Form 861, Annual Electric Power Industry Report",Distribution System Reliability,https://www.eia.gov/electricity/data/eia861/,https://www.eia.gov/electricity/data/eia861/archive/zip/f8612015.zip,https://s3.us-west-2.amazonaws.com/pudl.catalyst.coop/stable/core_eia861__yearly_reliability.parquet,https://catalystcoop-pudl.readthedocs.io/en/stable/data_sources/eia861.html,final,2026-08-08
MTC_CT_UI,19497,United Illuminating Co,United Illuminating,CT,2016,MTC,MTC,Avangrid / Iberdrola S.A.,Spain,reported,other_standard,True,reporting_standard_changes_during_panel,330968.0,Investor Owned,,69.0,False,F,False,77.0,51.0,,0.74,0.61,,104.05405,83.606557,,6,True,Derived by PUDL as SAIDI divided by SAIFI,exact_match,descriptive_only_reporting_standard_change,,not_independently_checked,,,,,,,,,,,descriptive_only_method_change,This utility changes between IEEE and other reporting standards during 2013-2024.,Utility-reported EIA-861 data standardized by PUDL,"EIA Form 861, Annual Electric Power Industry Report",Distribution System Reliability,https://www.eia.gov/electricity/data/eia861/,https://www.eia.gov/electricity/data/eia861/archive/zip/f8612016.zip,https://s3.us-west-2.amazonaws.com/pudl.catalyst.coop/stable/core_eia861__yearly_reliability.parquet,https://catalystcoop-pudl.readthedocs.io/en/stable/data_sources/eia861.html,final,2026-08-08
MTC_CT_UI,19497,United Illuminating Co,United Illuminating,CT,2017,MTC,MTC,Avangrid / Iberdrola S.A.,Spain,reported,other_standard,True,reporting_standard_changes_during_panel,332396.0,Investor Owned,,69.0,False,F,False,78.83,33.0,,0.6,0.41,,131.38333,80.487805,,6,True,Derived by PUDL as SAIDI divided by SAIFI,exact_match,descriptive_only_reporting_standard_change,,not_independently_checked,,,,,,,,,,,descriptive_only_method_change,This utility changes between IEEE and other reporting standards during 2013-2024.,Utility-reported EIA-861 data standardized by PUDL,"EIA Form 861, Annual Electric Power Industry Report",Distribution System Reliability,https://www.eia.gov/electricity/data/eia861/,https://www.eia.gov/electricity/data/eia861/archive/zip/f8612017.zip,https://s3.us-west-2.amazonaws.com/pudl.catalyst.coop/stable/core_eia861__yearly_reliability.parquet,https://catalystcoop-pudl.readthedocs.io/en/stable/data_sources/eia861.html,final,2026-08-08
MTC_CT_UI,19497,United Illuminating Co,United Illuminating,CT,2018,MTC,MTC,Avangrid / Iberdrola S.A.,Spain,reported,other_standard,True,reporting_standard_changes_during_panel,333861.0,Investor Owned,,69.0,False,F,False,267.0,59.0,,1.17,0.63,,228.20513,93.650794,,6,True,Derived by PUDL as SAIDI divided by SAIFI,exact_match,descriptive_only_reporting_standard_change,,not_independently_checked,,,,,,,,,,,descriptive_only_method_change,This utility changes between IEEE and other reporting standards during 2013-2024.,Utility-reported EIA-861 data standardized by PUDL,"EIA Form 861, Annual Electric Power Industry Report",Distribution System Reliability,https://www.eia.gov/electricity/data/eia861/,https://www.eia.gov/electricity/data/eia861/archive/zip/f8612018.zip,https://s3.us-west-2.amazonaws.com/pudl.catalyst.coop/stable/core_eia861__yearly_reliability.parquet,https://catalystcoop-pudl.readthedocs.io/en/stable/data_sources/eia861.html,final,2026-08-08
MTC_CT_UI,19497,United Illuminating Co,United Illuminating,CT,2019,MTC,MTC,Avangrid / Iberdrola S.A.,Spain,reported,other_standard,True,reporting_standard_changes_during_panel,335245.0,Investor Owned,,69.0,False,F,False,208.6,38.0,,0.905,0.5,,230.49724,76.0,,6,True,Derived by PUDL as SAIDI divided by SAIFI,exact_match,descriptive_only_reporting_standard_change,,not_independently_checked,,,,,,,,,,,descriptive_only_method_change,This utility changes between IEEE and other reporting standards during 2013-2024.,Utility-reported EIA-861 data standardized by PUDL,"EIA Form 861, Annual Electric Power Industry Report",Distribution System Reliability,https://www.eia.gov/electricity/data/eia861/,https://www.eia.gov/electricity/data/eia861/archive/zip/f8612019.zip,https://s3.us-west-2.amazonaws.com/pudl.catalyst.coop/stable/core_eia861__yearly_reliability.parquet,https://catalystcoop-pudl.readthedocs.io/en/stable/data_sources/eia861.html,final,2026-08-08
MTC_CT_UI,19497,United Illuminating Co,United Illuminating,CT,2020,MTC,MTC,Avangrid / Iberdrola S.A.,Spain,reported,other_standard,True,reporting_standard_changes_during_panel,337632.0,Investor Owned,,69.0,False,F,False,1293.0,46.0,,1.32,0.57,,979.54545,80.701754,,6,True,Derived by PUDL as SAIDI divided by SAIFI,exact_match,descriptive_only_reporting_standard_change,,not_independently_checked,,,,,,,,,,,descriptive_only_method_change,This utility changes between IEEE and other reporting standards during 2013-2024.,Utility-reported EIA-861 data standardized by PUDL,"EIA Form 861, Annual Electric Power Industry Report",Distribution System Reliability,https://www.eia.gov/electricity/data/eia861/,https://www.eia.gov/electricity/data/eia861/archive/zip/f8612020.zip,https://s3.us-west-2.amazonaws.com/pudl.catalyst.coop/stable/core_eia861__yearly_reliability.parquet,https://catalystcoop-pudl.readthedocs.io/en/stable/data_sources/eia861.html,final,2026-08-08
MTC_CT_UI,19497,United Illuminating Co,United Illuminating,CT,2021,MTC,MTC,Avangrid / Iberdrola S.A.,Spain,reported,other_standard,True,reporting_standard_changes_during_panel,340562.0,Investor Owned,,69.0,False,F,False,54.0,40.0,,0.57,0.46,,94.736842,86.956522,,6,True,Derived by PUDL as SAIDI divided by SAIFI,exact_match,descriptive_only_reporting_standard_change,,not_independently_checked,,,,,,,,,,,descriptive_only_method_change,This utility changes between IEEE and other reporting standards during 2013-2024.,Utility-reported EIA-861 data standardized by PUDL,"EIA Form 861, Annual Electric Power Industry Report",Distribution System Reliability,https://www.eia.gov/electricity/data/eia861/,https://www.eia.gov/electricity/data/eia861/archive/zip/f8612021.zip,https://s3.us-west-2.amazonaws.com/pudl.catalyst.coop/stable/core_eia861__yearly_reliability.parquet,https://catalystcoop-pudl.readthedocs.io/en/stable/data_sources/eia861.html,final,2026-08-08
MTC_CT_UI,19497,United Illuminating Co,United Illuminating,CT,2022,MTC,MTC,Avangrid / Iberdrola S.A.,Spain,reported,other_standard,True,reporting_standard_changes_during_panel,342845.0,Investor Owned,,69.0,False,F,False,50.0,39.0,,0.53,0.44,,94.339623,88.636364,,6,True,Derived by PUDL as SAIDI divided by SAIFI,exact_match,descriptive_only_reporting_standard_change,,not_independently_checked,,,,,,,,,,,descriptive_only_method_change,This utility changes between IEEE and other reporting standards during 2013-2024.,Utility-reported EIA-861 data standardized by PUDL,"EIA Form 861, Annual Electric Power Industry Report",Distribution System Reliability,https://www.eia.gov/electricity/data/eia861/,https://www.eia.gov/electricity/data/eia861/archive/zip/f8612022.zip,https://s3.us-west-2.amazonaws.com/pudl.catalyst.coop/stable/core_eia861__yearly_reliability.parquet,https://catalystcoop-pudl.readthedocs.io/en/stable/data_sources/eia861.html,final,2026-08-08
MTC_CT_UI,19497,United Illuminating Co,United Illuminating,CT,2023,MTC,MTC,Avangrid / Iberdrola S.A.,Spain,reported,other_standard,True,reporting_standard_changes_during_panel,343248.0,Investor Owned,,69.0,False,F,False,56.0,43.0,,0.75,0.58,,74.666667,74.137931,,6,True,Derived by PUDL as SAIDI divided by SAIFI,exact_match,descriptive_only_reporting_standard_change,,not_independently_checked,,,,,,,,,,,descriptive_only_method_change,This utility changes between IEEE and other reporting standards during 2013-2024.,Utility-reported EIA-861 data standardized by PUDL,"EIA Form 861, Annual Electric Power Industry Report",Distribution System Reliability,https://www.eia.gov/electricity/data/eia861/,https://www.eia.gov/electricity/data/eia861/archive/zip/f8612023.zip,https://s3.us-west-2.amazonaws.com/pudl.catalyst.coop/stable/core_eia861__yearly_reliability.parquet,https://catalystcoop-pudl.readthedocs.io/en/stable/data_sources/eia861.html,final,2026-08-08
MTC_CT_UI,19497,United Illuminating Co,United Illuminating,CT,2024,MTC,MTC,Avangrid / Iberdrola S.A.,Spain,reported,ieee_standard,True,reporting_standard_changes_during_panel,345159.0,Investor Owned,,69.0,,,False,121.8,49.2,120.0,0.79,0.62,0.72,154.17722,79.354839,166.66667,9,True,Derived by PUDL as SAIDI divided by SAIFI,exact_match,descriptive_only_reporting_standard_change,,not_independently_checked,,,,,,,,,,,descriptive_only_method_change,This utility changes between IEEE and other reporting standards during 2013-2024.,Utility-reported EIA-861 data standardized by PUDL,"EIA Form 861, Annual Electric Power Industry Report",Distribution System Reliability,https://www.eia.gov/electricity/data/eia861/,https://www.eia.gov/electricity/data/eia861/zip/f8612024.zip,https://s3.us-west-2.amazonaws.com/pudl.catalyst.coop/stable/core_eia861__yearly_reliability.parquet,https://catalystcoop-pudl.readthedocs.io/en/stable/data_sources/eia861.html,final,2026-08-08
MTC_MA_MECO,11804,Massachusetts Electric Co,Massachusetts Electric (National Grid),MA,2013,MTC,MTC,National Grid plc,United Kingdom,reported,ieee_standard,True,reporting_standard_changes_during_panel,1273512.0,Investor Owned,,69.0,,,True,342.33,91.63,306.94,1.204,0.982,1.18,284.32724,93.309572,260.11864,9,True,Derived by PUDL as SAIDI divided by SAIFI,exact_match,descriptive_only_reporting_standard_change,,not_independently_checked,,,,,,,,,,,descriptive_only_method_change,This utility changes between IEEE and other reporting standards during 2013-2024.,Utility-reported EIA-861 data standardized by PUDL,"EIA Form 861, Annual Electric Power Industry Report",Distribution System Reliability,https://www.eia.gov/electricity/data/eia861/,https://www.eia.gov/electricity/data/eia861/archive/zip/f8612013.zip,https://s3.us-west-2.amazonaws.com/pudl.catalyst.coop/stable/core_eia861__yearly_reliability.parquet,https://catalystcoop-pudl.readthedocs.io/en/stable/data_sources/eia861.html,final,2026-08-08
MTC_MA_MECO,11804,Massachusetts Electric Co,Massachusetts Electric (National Grid),MA,2014,MTC,MTC,National Grid plc,United Kingdom,reported,ieee_standard,True,reporting_standard_changes_during_panel,1273077.0,Investor Owned,,69.0,,,True,143.63,96.83,143.58,1.12,0.964,1.12,128.24107,100.44606,128.19643,9,True,Derived by PUDL as SAIDI divided by SAIFI,exact_match,descriptive_only_reporting_standard_change,,not_independently_checked,,,,,,,,,,,descriptive_only_method_change,This utility changes between IEEE and other reporting standards during 2013-2024.,Utility-reported EIA-861 data standardized by PUDL,"EIA Form 861, Annual Electric Power Industry Report",Distribution System Reliability,https://www.eia.gov/electricity/data/eia861/,https://www.eia.gov/electricity/data/eia861/archive/zip/f8612014.zip,https://s3.us-west-2.amazonaws.com/pudl.catalyst.coop/stable/core_eia861__yearly_reliability.parquet,https://catalystcoop-pudl.readthedocs.io/en/stable/data_sources/eia861.html,final,2026-08-08
MTC_MA_MECO,11804,Massachusetts Electric Co,Massachusetts Electric (National Grid),MA,2015,MTC,MTC,National Grid plc,United Kingdom,reported,other_standard,True,reporting_standard_changes_during_panel,1274295.0,Investor Owned,,69.0,False,L,True,86.87,82.37,,0.781,0.749,,111.22919,109.9733,,6,True,Derived by PUDL as SAIDI divided by SAIFI,exact_match,descriptive_only_reporting_standard_change,,not_independently_checked,,,,,,,,,,,descriptive_only_method_change,This utility changes between IEEE and other reporting standards during 2013-2024.,Utility-reported EIA-861 data standardized by PUDL,"EIA Form 861, Annual Electric Power Industry Report",Distribution System Reliability,https://www.eia.gov/electricity/data/eia861/,https://www.eia.gov/electricity/data/eia861/archive/zip/f8612015.zip,https://s3.us-west-2.amazonaws.com/pudl.catalyst.coop/stable/core_eia861__yearly_reliability.parquet,https://catalystcoop-pudl.readthedocs.io/en/stable/data_sources/eia861.html,final,2026-08-08
MTC_MA_MECO,11804,Massachusetts Electric Co,Massachusetts Electric (National Grid),MA,2016,MTC,MTC,National Grid plc,United Kingdom,reported,other_standard,True,reporting_standard_changes_during_panel,1287453.0,Investor Owned,,69.0,False,L,True,145.69,145.69,,0.955,0.955,,152.55497,152.55497,,6,True,Derived by PUDL as SAIDI divided by SAIFI,exact_match,descriptive_only_reporting_standard_change,,not_independently_checked,,,,,,,,,,,descriptive_only_method_change,This utility changes between IEEE and other reporting standards during 2013-2024.,Utility-reported EIA-861 data standardized by PUDL,"EIA Form 861, Annual Electric Power Industry Report",Distribution System Reliability,https://www.eia.gov/electricity/data/eia861/,https://www.eia.gov/electricity/data/eia861/archive/zip/f8612016.zip,https://s3.us-west-2.amazonaws.com/pudl.catalyst.coop/stable/core_eia861__yearly_reliability.parquet,https://catalystcoop-pudl.readthedocs.io/en/stable/data_sources/eia861.html,final,2026-08-08
MTC_MA_MECO,11804,Massachusetts Electric Co,Massachusetts Electric (National Grid),MA,2017,MTC,MTC,National Grid plc,United Kingdom,reported,other_standard,True,reporting_standard_changes_during_panel,1294401.0,Investor Owned,,69.0,False,L,True,413.14,118.6,,1.177,0.959,,351.01105,123.67049,,6,True,Derived by PUDL as SAIDI divided by SAIFI,exact_match,descriptive_only_reporting_standard_change,,not_independently_checked,,,,,,,,,,,descriptive_only_method_change,This utility changes between IEEE and other reporting standards during 2013-2024.,Utility-reported EIA-861 data standardized by PUDL,"EIA Form 861, Annual Electric Power Industry Report",Distribution System Reliability,https://www.eia.gov/electricity/data/eia861/,https://www.eia.gov/electricity/data/eia861/archive/zip/f8612017.zip,https://s3.us-west-2.amazonaws.com/pudl.catalyst.coop/stable/core_eia861__yearly_reliability.parquet,https://catalystcoop-pudl.readthedocs.io/en/stable/data_sources/eia861.html,final,2026-08-08
MTC_MA_MECO,11804,Massachusetts Electric Co,Massachusetts Electric (National Grid),MA,2018,MTC,MTC,National Grid plc,United Kingdom,reported,other_standard,True,reporting_standard_changes_during_panel,1301417.0,Investor Owned,,69.0,False,L,True,790.73,122.338,,1.459,1.012,,541.9671,120.88735,,6,True,Derived by PUDL as SAIDI divided by SAIFI,exact_match,descriptive_only_reporting_standard_change,,not_independently_checked,,,,,,,,,,,descriptive_only_method_change,This utility changes between IEEE and other reporting standards during 2013-2024.,Utility-reported EIA-861 data standardized by PUDL,"EIA Form 861, Annual Electric Power Industry Report",Distribution System Reliability,https://www.eia.gov/electricity/data/eia861/,https://www.eia.gov/electricity/data/eia861/archive/zip/f8612018.zip,https://s3.us-west-2.amazonaws.com/pudl.catalyst.coop/stable/core_eia861__yearly_reliability.parquet,https://catalystcoop-pudl.readthedocs.io/en/stable/data_sources/eia861.html,final,2026-08-08
MTC_MA_MECO,11804,Massachusetts Electric Co,Massachusetts Electric (National Grid),MA,2019,MTC,MTC,National Grid plc,United Kingdom,reported,other_standard,True,reporting_standard_changes_during_panel,1313908.0,Investor Owned,,69.0,False,L,True,267.81,134.19,,1.356,0.948,,197.5,141.55063,,6,True,Derived by PUDL as SAIDI divided by SAIFI,exact_match,descriptive_only_reporting_standard_change,,not_independently_checked,,,,,,,,,,,descriptive_only_method_change,This utility changes between IEEE and other reporting standards during 2013-2024.,Utility-reported EIA-861 data standardized by PUDL,"EIA Form 861, Annual Electric Power Industry Report",Distribution System Reliability,https://www.eia.gov/electricity/data/eia861/,https://www.eia.gov/electricity/data/eia861/archive/zip/f8612019.zip,https://s3.us-west-2.amazonaws.com/pudl.catalyst.coop/stable/core_eia861__yearly_reliability.parquet,https://catalystcoop-pudl.readthedocs.io/en/stable/data_sources/eia861.html,final,2026-08-08
MTC_MA_MECO,11804,Massachusetts Electric Co,Massachusetts Electric (National Grid),MA,2020,MTC,MTC,National Grid plc,United Kingdom,reported,other_standard,True,reporting_standard_changes_during_panel,1317045.0,Investor Owned,,69.0,False,L,True,452.2,301.293,,1.449,1.286,,312.07729,234.28694,,6,True,Derived by PUDL as SAIDI divided by SAIFI,exact_match,descriptive_only_reporting_standard_change,,not_independently_checked,,,,,,,,,,,descriptive_only_method_change,This utility changes between IEEE and other reporting standards during 2013-2024.,Utility-reported EIA-861 data standardized by PUDL,"EIA Form 861, Annual Electric Power Industry Report",Distribution System Reliability,https://www.eia.gov/electricity/data/eia861/,https://www.eia.gov/electricity/data/eia861/archive/zip/f8612020.zip,https://s3.us-west-2.amazonaws.com/pudl.catalyst.coop/stable/core_eia861__yearly_reliability.parquet,https://catalystcoop-pudl.readthedocs.io/en/stable/data_sources/eia861.html,final,2026-08-08
MTC_MA_MECO,11804,Massachusetts Electric Co,Massachusetts Electric (National Grid),MA,2021,MTC,MTC,National Grid plc,United Kingdom,reported,ieee_standard,True,reporting_standard_changes_during_panel,1320238.0,Investor Owned,,69.0,,,True,471.5,97.56,,1.26,0.936,,374.20635,104.23077,,6,True,Derived by PUDL as SAIDI divided by SAIFI,exact_match,descriptive_only_reporting_standard_change,,not_independently_checked,,,,,,,,,,,descriptive_only_method_change,This utility changes between IEEE and other reporting standards during 2013-2024.,Utility-reported EIA-861 data standardized by PUDL,"EIA Form 861, Annual Electric Power Industry Report",Distribution System Reliability,https://www.eia.gov/electricity/data/eia861/,https://www.eia.gov/electricity/data/eia861/archive/zip/f8612021.zip,https://s3.us-west-2.amazonaws.com/pudl.catalyst.coop/stable/core_eia861__yearly_reliability.parquet,https://catalystcoop-pudl.readthedocs.io/en/stable/data_sources/eia861.html,final,2026-08-08
MTC_MA_MECO,11804,Massachusetts Electric Co,Massachusetts Electric (National Grid),MA,2022,MTC,MTC,National Grid plc,United Kingdom,reported,ieee_standard,True,reporting_standard_changes_during_panel,1326212.0,Investor Owned,,34.5,,,True,142.97,106.43,,1.16,1.047,,123.25,101.65234,,6,True,Derived by PUDL as SAIDI divided by SAIFI,exact_match,descriptive_only_reporting_standard_change,,not_independently_checked,,,,,,,,,,,descriptive_only_method_change,This utility changes between IEEE and other reporting standards during 2013-2024.,Utility-reported EIA-861 data standardized by PUDL,"EIA Form 861, Annual Electric Power Industry Report",Distribution System Reliability,https://www.eia.gov/electricity/data/eia861/,https://www.eia.gov/electricity/data/eia861/archive/zip/f8612022.zip,https://s3.us-west-2.amazonaws.com/pudl.catalyst.coop/stable/core_eia861__yearly_reliability.parquet,https://catalystcoop-pudl.readthedocs.io/en/stable/data_sources/eia861.html,final,2026-08-08
MTC_MA_MECO,11804,Massachusetts Electric Co,Massachusetts Electric (National Grid),MA,2023,MTC,MTC,National Grid plc,United Kingdom,reported,ieee_standard,True,reporting_standard_changes_during_panel,1331051.0,Investor Owned,,34.5,,,True,349.35,94.92,341.24,1.162,0.84,1.136,300.64544,113.0,300.38732,9,True,Derived by PUDL as SAIDI divided by SAIFI,exact_match,descriptive_only_reporting_standard_change,,not_independently_checked,,,,,,,,,,,descriptive_only_method_change,This utility changes between IEEE and other reporting standards during 2013-2024.,Utility-reported EIA-861 data standardized by PUDL,"EIA Form 861, Annual Electric Power Industry Report",Distribution System Reliability,https://www.eia.gov/electricity/data/eia861/,https://www.eia.gov/electricity/data/eia861/archive/zip/f8612023.zip,https://s3.us-west-2.amazonaws.com/pudl.catalyst.coop/stable/core_eia861__yearly_reliability.parquet,https://catalystcoop-pudl.readthedocs.io/en/stable/data_sources/eia861.html,final,2026-08-08
MTC_MA_MECO,11804,Massachusetts Electric Co,Massachusetts Electric (National Grid),MA,2024,MTC,MTC,National Grid plc,United Kingdom,reported,ieee_standard,True,reporting_standard_changes_during_panel,1345044.0,Investor Owned,,34.5,,,True,133.74,90.72,133.74,1.001,0.842,1.001,133.60639,107.74347,133.60639,9,True,Derived by PUDL as SAIDI divided by SAIFI,exact_match,descriptive_only_reporting_standard_change,,not_independently_checked,,,,,,,,,,,descriptive_only_method_change,This utility changes between IEEE and other reporting standards during 2013-2024.,Utility-reported EIA-861 data standardized by PUDL,"EIA Form 861, Annual Electric Power Industry Report",Distribution System Reliability,https://www.eia.gov/electricity/data/eia861/,https://www.eia.gov/electricity/data/eia861/zip/f8612024.zip,https://s3.us-west-2.amazonaws.com/pudl.catalyst.coop/stable/core_eia861__yearly_reliability.parquet,https://catalystcoop-pudl.readthedocs.io/en/stable/data_sources/eia861.html,final,2026-08-08
MTC_ME_CMP,3266,Central Maine Power Co,Central Maine Power,ME,2013,MTC,MTC,Avangrid / Iberdrola S.A.,Spain,reported,ieee_standard,False,consistent_ieee_standard,611967.0,Investor Owned,,34.5,,,False,715.8,218.4,715.8,2.47,1.74,2.47,289.79757,125.51724,289.79757,9,True,Derived by PUDL as SAIDI divided by SAIFI,exact_match,ready_for_descriptive_use,,not_independently_checked,,,,,,,,,,,ready_for_descriptive_use,No coverage or definition flag in this audit.,Utility-reported EIA-861 data standardized by PUDL,"EIA Form 861, Annual Electric Power Industry Report",Distribution System Reliability,https://www.eia.gov/electricity/data/eia861/,https://www.eia.gov/electricity/data/eia861/archive/zip/f8612013.zip,https://s3.us-west-2.amazonaws.com/pudl.catalyst.coop/stable/core_eia861__yearly_reliability.parquet,https://catalystcoop-pudl.readthedocs.io/en/stable/data_sources/eia861.html,final,2026-08-08
MTC_ME_CMP,3266,Central Maine Power Co,Central Maine Power,ME,2014,MTC,MTC,Avangrid / Iberdrola S.A.,Spain,reported,ieee_standard,False,consistent_ieee_standard,614277.0,Investor Owned,,34.5,,,False,745.8,197.4,745.8,5.31,1.8,5.31,140.45198,109.66667,140.45198,9,True,Derived by PUDL as SAIDI divided by SAIFI,exact_match,ready_for_descriptive_use,,not_independently_checked,,,,,,,,,,,ready_for_descriptive_use,No coverage or definition flag in this audit.,Utility-reported EIA-861 data standardized by PUDL,"EIA Form 861, Annual Electric Power Industry Report",Distribution System Reliability,https://www.eia.gov/electricity/data/eia861/,https://www.eia.gov/electricity/data/eia861/archive/zip/f8612014.zip,https://s3.us-west-2.amazonaws.com/pudl.catalyst.coop/stable/core_eia861__yearly_reliability.parquet,https://catalystcoop-pudl.readthedocs.io/en/stable/data_sources/eia861.html,final,2026-08-08
MTC_ME_CMP,3266,Central Maine Power Co,Central Maine Power,ME,2015,MTC,MTC,Avangrid / Iberdrola S.A.,Spain,reported,ieee_standard,False,consistent_ieee_standard,616979.0,Investor Owned,,34.5,,,False,171.6,171.6,171.6,1.57,1.57,1.57,109.29936,109.29936,109.29936,9,True,Derived by PUDL as SAIDI divided by SAIFI,exact_match,ready_for_descriptive_use,,not_independently_checked,,,,,,,,,,,ready_for_descriptive_use,No coverage or definition flag in this audit.,Utility-reported EIA-861 data standardized by PUDL,"EIA Form 861, Annual Electric Power Industry Report",Distribution System Reliability,https://www.eia.gov/electricity/data/eia861/,https://www.eia.gov/electricity/data/eia861/archive/zip/f8612015.zip,https://s3.us-west-2.amazonaws.com/pudl.catalyst.coop/stable/core_eia861__yearly_reliability.parquet,https://catalystcoop-pudl.readthedocs.io/en/stable/data_sources/eia861.html,final,2026-08-08
MTC_ME_CMP,3266,Central Maine Power Co,Central Maine Power,ME,2016,MTC,MTC,Avangrid / Iberdrola S.A.,Spain,reported,ieee_standard,False,consistent_ieee_standard,621927.0,Investor Owned,,34.5,,,False,404.4,198.6,404.4,2.2,1.76,2.2,183.81818,112.84091,183.81818,9,True,Derived by PUDL as SAIDI divided by SAIFI,exact_match,ready_for_descriptive_use,,not_independently_checked,,,,,,,,,,,ready_for_descriptive_use,No coverage or definition flag in this audit.,Utility-reported EIA-861 data standardized by PUDL,"EIA Form 861, Annual Electric Power Industry Report",Distribution System Reliability,https://www.eia.gov/electricity/data/eia861/,https://www.eia.gov/electricity/data/eia861/archive/zip/f8612016.zip,https://s3.us-west-2.amazonaws.com/pudl.catalyst.coop/stable/core_eia861__yearly_reliability.parquet,https://catalystcoop-pudl.readthedocs.io/en/stable/data_sources/eia861.html,final,2026-08-08
MTC_ME_CMP,3266,Central Maine Power Co,Central Maine Power,ME,2017,MTC,MTC,Avangrid / Iberdrola S.A.,Spain,reported,ieee_standard,False,consistent_ieee_standard,631274.0,Investor Owned,,34.5,,,False,2693.3,202.2,2693.3,2.73,1.81,2.73,986.55678,111.71271,986.55678,9,True,Derived by PUDL as SAIDI divided by SAIFI,exact_match,ready_for_descriptive_use,,not_independently_checked,,,,,,,,,,,ready_for_descriptive_use,No coverage or definition flag in this audit.,Utility-reported EIA-861 data standardized by PUDL,"EIA Form 861, Annual Electric Power Industry Report",Distribution System Reliability,https://www.eia.gov/electricity/data/eia861/,https://www.eia.gov/electricity/data/eia861/archive/zip/f8612017.zip,https://s3.us-west-2.amazonaws.com/pudl.catalyst.coop/stable/core_eia861__yearly_reliability.parquet,https://catalystcoop-pudl.readthedocs.io/en/stable/data_sources/eia861.html,final,2026-08-08
MTC_ME_CMP,3266,Central Maine Power Co,Central Maine Power,ME,2018,MTC,MTC,Avangrid / Iberdrola S.A.,Spain,reported,ieee_standard,False,consistent_ieee_standard,635107.0,Investor Owned,,34.5,,,False,633.3,235.8,633.3,2.64,1.85,2.64,239.88636,127.45946,239.88636,9,True,Derived by PUDL as SAIDI divided by SAIFI,exact_match,ready_for_descriptive_use,,not_independently_checked,,,,,,,,,,,ready_for_descriptive_use,No coverage or definition flag in this audit.,Utility-reported EIA-861 data standardized by PUDL,"EIA Form 861, Annual Electric Power Industry Report",Distribution System Reliability,https://www.eia.gov/electricity/data/eia861/,https://www.eia.gov/electricity/data/eia861/archive/zip/f8612018.zip,https://s3.us-west-2.amazonaws.com/pudl.catalyst.coop/stable/core_eia861__yearly_reliability.parquet,https://catalystcoop-pudl.readthedocs.io/en/stable/data_sources/eia861.html,final,2026-08-08
MTC_ME_CMP,3266,Central Maine Power Co,Central Maine Power,ME,2019,MTC,MTC,Avangrid / Iberdrola S.A.,Spain,reported,ieee_standard,False,consistent_ieee_standard,642816.0,Investor Owned,,34.5,,,False,856.0,189.8,853.2,2.37,1.53,2.3,361.18143,124.05229,370.95652,9,True,Derived by PUDL as SAIDI divided by SAIFI,exact_match,ready_for_descriptive_use,,not_independently_checked,,,,,,,,,,,ready_for_descriptive_use,No coverage or definition flag in this audit.,Utility-reported EIA-861 data standardized by PUDL,"EIA Form 861, Annual Electric Power Industry Report",Distribution System Reliability,https://www.eia.gov/electricity/data/eia861/,https://www.eia.gov/electricity/data/eia861/archive/zip/f8612019.zip,https://s3.us-west-2.amazonaws.com/pudl.catalyst.coop/stable/core_eia861__yearly_reliability.parquet,https://catalystcoop-pudl.readthedocs.io/en/stable/data_sources/eia861.html,final,2026-08-08
MTC_ME_CMP,3266,Central Maine Power Co,Central Maine Power,ME,2020,MTC,MTC,Avangrid / Iberdrola S.A.,Spain,reported,ieee_standard,False,consistent_ieee_standard,651000.0,Investor Owned,,34.5,,,False,1774.8,220.8,1774.8,3.74,2.04,3.74,474.54545,108.23529,474.54545,9,True,Derived by PUDL as SAIDI divided by SAIFI,exact_match,ready_for_descriptive_use,,not_independently_checked,,,,,,,,,,,ready_for_descriptive_use,No coverage or definition flag in this audit.,Utility-reported EIA-861 data standardized by PUDL,"EIA Form 861, Annual Electric Power Industry Report",Distribution System Reliability,https://www.eia.gov/electricity/data/eia861/,https://www.eia.gov/electricity/data/eia861/archive/zip/f8612020.zip,https://s3.us-west-2.amazonaws.com/pudl.catalyst.coop/stable/core_eia861__yearly_reliability.parquet,https://catalystcoop-pudl.readthedocs.io/en/stable/data_sources/eia861.html,final,2026-08-08
MTC_ME_CMP,3266,Central Maine Power Co,Central Maine Power,ME,2021,MTC,MTC,Avangrid / Iberdrola S.A.,Spain,reported,ieee_standard,False,consistent_ieee_standard,655791.0,Investor Owned,,34.5,,,False,327.0,219.6,325.8,2.48,2.04,2.36,131.85484,107.64706,138.05085,9,True,Derived by PUDL as SAIDI divided by SAIFI,exact_match,ready_for_descriptive_use,,not_independently_checked,,,,,,,,,,,ready_for_descriptive_use,No coverage or definition flag in this audit.,Utility-reported EIA-861 data standardized by PUDL,"EIA Form 861, Annual Electric Power Industry Report",Distribution System Reliability,https://www.eia.gov/electricity/data/eia861/,https://www.eia.gov/electricity/data/eia861/archive/zip/f8612021.zip,https://s3.us-west-2.amazonaws.com/pudl.catalyst.coop/stable/core_eia861__yearly_reliability.parquet,https://catalystcoop-pudl.readthedocs.io/en/stable/data_sources/eia861.html,final,2026-08-08
MTC_ME_CMP,3266,Central Maine Power Co,Central Maine Power,ME,2022,MTC,MTC,Avangrid / Iberdrola S.A.,Spain,reported,ieee_standard,False,consistent_ieee_standard,664869.0,Investor Owned,,34.5,,,False,856.4,172.49,856.2,2.77,1.71,2.76,309.16968,100.87135,310.21739,9,True,Derived by PUDL as SAIDI divided by SAIFI,exact_match,ready_for_descriptive_use,,not_independently_checked,,,,,,,,,,,ready_for_descriptive_use,No coverage or definition flag in this audit.,Utility-reported EIA-861 data standardized by PUDL,"EIA Form 861, Annual Electric Power Industry Report",Distribution System Reliability,https://www.eia.gov/electricity/data/eia861/,https://www.eia.gov/electricity/data/eia861/archive/zip/f8612022.zip,https://s3.us-west-2.amazonaws.com/pudl.catalyst.coop/stable/core_eia861__yearly_reliability.parquet,https://catalystcoop-pudl.readthedocs.io/en/stable/data_sources/eia861.html,final,2026-08-08
MTC_ME_CMP,3266,Central Maine Power Co,Central Maine Power,ME,2023,MTC,MTC,Avangrid / Iberdrola S.A.,Spain,reported,ieee_standard,False,consistent_ieee_standard,671618.0,Investor Owned,,34.5,,,False,1656.5,190.3,1656.3,3.01,1.82,3.0,550.33223,104.56044,552.1,9,True,Derived by PUDL as SAIDI divided by SAIFI,exact_match,ready_for_descriptive_use,,not_independently_checked,,,,,,,,,,,ready_for_descriptive_use,No coverage or definition flag in this audit.,Utility-reported EIA-861 data standardized by PUDL,"EIA Form 861, Annual Electric Power Industry Report",Distribution System Reliability,https://www.eia.gov/electricity/data/eia861/,https://www.eia.gov/electricity/data/eia861/archive/zip/f8612023.zip,https://s3.us-west-2.amazonaws.com/pudl.catalyst.coop/stable/core_eia861__yearly_reliability.parquet,https://catalystcoop-pudl.readthedocs.io/en/stable/data_sources/eia861.html,final,2026-08-08
MTC_ME_CMP,3266,Central Maine Power Co,Central Maine Power,ME,2024,MTC,MTC,Avangrid / Iberdrola S.A.,Spain,reported,ieee_standard,False,consistent_ieee_standard,679726.0,Investor Owned,,34.5,,,False,1893.5,215.4,1892.8,3.37,1.83,3.36,561.86944,117.70492,563.33333,9,True,Derived by PUDL as SAIDI divided by SAIFI,exact_match,ready_for_descriptive_use,,not_independently_checked,,,,,,,,,,,ready_for_descriptive_use,No coverage or definition flag in this audit.,Utility-reported EIA-861 data standardized by PUDL,"EIA Form 861, Annual Electric Power Industry Report",Distribution System Reliability,https://www.eia.gov/electricity/data/eia861/,https://www.eia.gov/electricity/data/eia861/zip/f8612024.zip,https://s3.us-west-2.amazonaws.com/pudl.catalyst.coop/stable/core_eia861__yearly_reliability.parquet,https://catalystcoop-pudl.readthedocs.io/en/stable/data_sources/eia861.html,final,2026-08-08
MTC_ME_VERSANT,1179,Versant Power,Versant Power,ME,2013,MTC,MTC,Emera Inc.,Canada,reported,ieee_standard,False,consistent_ieee_standard,120089.0,Investor Owned,,35.0,,,True,2483.0,401.0,2160.0,4.93,2.78,3.54,503.65112,144.2446,610.16949,9,True,Derived by PUDL as SAIDI divided by SAIFI,exact_match,ready_for_descriptive_use,,not_independently_checked,,,,,,,,,,,ready_for_descriptive_use,No coverage or definition flag in this audit.,Utility-reported EIA-861 data standardized by PUDL,"EIA Form 861, Annual Electric Power Industry Report",Distribution System Reliability,https://www.eia.gov/electricity/data/eia861/,https://www.eia.gov/electricity/data/eia861/archive/zip/f8612013.zip,https://s3.us-west-2.amazonaws.com/pudl.catalyst.coop/stable/core_eia861__yearly_reliability.parquet,https://catalystcoop-pudl.readthedocs.io/en/stable/data_sources/eia861.html,final,2026-08-08
MTC_ME_VERSANT,1179,Versant Power,Versant Power,ME,2014,MTC,MTC,Emera Inc.,Canada,reported,ieee_standard,False,consistent_ieee_standard,156265.0,Investor Owned,,35.0,,,True,2155.0,354.0,2155.0,3.919,2.673,3.919,549.88517,132.43547,549.88517,9,True,Derived by PUDL as SAIDI divided by SAIFI,exact_match,ready_for_descriptive_use,,not_independently_checked,,,,,,,,,,,ready_for_descriptive_use,No coverage or definition flag in this audit.,Utility-reported EIA-861 data standardized by PUDL,"EIA Form 861, Annual Electric Power Industry Report",Distribution System Reliability,https://www.eia.gov/electricity/data/eia861/,https://www.eia.gov/electricity/data/eia861/archive/zip/f8612014.zip,https://s3.us-west-2.amazonaws.com/pudl.catalyst.coop/stable/core_eia861__yearly_reliability.parquet,https://catalystcoop-pudl.readthedocs.io/en/stable/data_sources/eia861.html,final,2026-08-08
MTC_ME_VERSANT,1179,Versant Power,Versant Power,ME,2015,MTC,MTC,Emera Inc.,Canada,reported,ieee_standard,False,consistent_ieee_standard,157752.0,Investor Owned,,35.0,,,True,351.0,280.0,153.0,2.58,2.342,1.751,136.04651,119.55594,87.378641,9,True,Derived by PUDL as SAIDI divided by SAIFI,exact_match,ready_for_descriptive_use,,not_independently_checked,,,,,,,,,,,ready_for_descriptive_use,No coverage or definition flag in this audit.,Utility-reported EIA-861 data standardized by PUDL,"EIA Form 861, Annual Electric Power Industry Report",Distribution System Reliability,https://www.eia.gov/electricity/data/eia861/,https://www.eia.gov/electricity/data/eia861/archive/zip/f8612015.zip,https://s3.us-west-2.amazonaws.com/pudl.catalyst.coop/stable/core_eia861__yearly_reliability.parquet,https://catalystcoop-pudl.readthedocs.io/en/stable/data_sources/eia861.html,final,2026-08-08
MTC_ME_VERSANT,1179,Versant Power,Versant Power,ME,2016,MTC,MTC,Emera Inc.,Canada,reported,ieee_standard,False,consistent_ieee_standard,162613.0,Investor Owned,,35.0,,,True,1024.0,493.0,907.0,4.279,3.459,2.741,239.30825,142.52674,330.90113,9,True,Derived by PUDL as SAIDI divided by SAIFI,exact_match,ready_for_descriptive_use,,not_independently_checked,,,,,,,,,,,ready_for_descriptive_use,No coverage or definition flag in this audit.,Utility-reported EIA-861 data standardized by PUDL,"EIA Form 861, Annual Electric Power Industry Report",Distribution System Reliability,https://www.eia.gov/electricity/data/eia861/,https://www.eia.gov/electricity/data/eia861/archive/zip/f8612016.zip,https://s3.us-west-2.amazonaws.com/pudl.catalyst.coop/stable/core_eia861__yearly_reliability.parquet,https://catalystcoop-pudl.readthedocs.io/en/stable/data_sources/eia861.html,final,2026-08-08
MTC_ME_VERSANT,1179,Versant Power,Versant Power,ME,2017,MTC,MTC,Emera Inc.,Canada,reported,ieee_standard,False,consistent_ieee_standard,167017.0,Investor Owned,,35.0,,,True,1897.0,368.0,1648.0,3.05,2.232,2.193,621.96721,164.87455,751.48199,9,True,Derived by PUDL as SAIDI divided by SAIFI,exact_match,ready_for_descriptive_use,,not_independently_checked,,,,,,,,,,,ready_for_descriptive_use,No coverage or definition flag in this audit.,Utility-reported EIA-861 data standardized by PUDL,"EIA Form 861, Annual Electric Power Industry Report",Distribution System Reliability,https://www.eia.gov/electricity/data/eia861/,https://www.eia.gov/electricity/data/eia861/archive/zip/f8612017.zip,https://s3.us-west-2.amazonaws.com/pudl.catalyst.coop/stable/core_eia861__yearly_reliability.parquet,https://catalystcoop-pudl.readthedocs.io/en/stable/data_sources/eia861.html,final,2026-08-08
MTC_ME_VERSANT,1179,Versant Power,Versant Power,ME,2018,MTC,MTC,Emera Inc.,Canada,reported,ieee_standard,False,consistent_ieee_standard,170465.0,Investor Owned,,35.0,,,True,780.0,397.0,669.0,3.131,2.519,2.277,249.12169,157.60222,293.80764,9,True,Derived by PUDL as SAIDI divided by SAIFI,exact_match,ready_for_descriptive_use,,not_independently_checked,,,,,,,,,,,ready_for_descriptive_use,No coverage or definition flag in this audit.,Utility-reported EIA-861 data standardized by PUDL,"EIA Form 861, Annual Electric Power Industry Report",Distribution System Reliability,https://www.eia.gov/electricity/data/eia861/,https://www.eia.gov/electricity/data/eia861/archive/zip/f8612018.zip,https://s3.us-west-2.amazonaws.com/pudl.catalyst.coop/stable/core_eia861__yearly_reliability.parquet,https://catalystcoop-pudl.readthedocs.io/en/stable/data_sources/eia861.html,final,2026-08-08
MTC_ME_VERSANT,1179,Versant Power,Versant Power,ME,2019,MTC,MTC,Emera Inc.,Canada,reported,ieee_standard,False,consistent_ieee_standard,173791.0,Investor Owned,,35.0,,,True,1138.0,302.0,1031.0,2.795,1.956,2.076,407.15564,154.39673,496.62813,9,True,Derived by PUDL as SAIDI divided by SAIFI,exact_match,ready_for_descriptive_use,,not_independently_checked,,,,,,,,,,,ready_for_descriptive_use,No coverage or definition flag in this audit.,Utility-reported EIA-861 data standardized by PUDL,"EIA Form 861, Annual Electric Power Industry Report",Distribution System Reliability,https://www.eia.gov/electricity/data/eia861/,https://www.eia.gov/electricity/data/eia861/archive/zip/f8612019.zip,https://s3.us-west-2.amazonaws.com/pudl.catalyst.coop/stable/core_eia861__yearly_reliability.parquet,https://catalystcoop-pudl.readthedocs.io/en/stable/data_sources/eia861.html,final,2026-08-08
MTC_ME_VERSANT,1179,Versant Power,Versant Power,ME,2020,MTC,MTC,ENMAX Corp.,Canada,reported,ieee_standard,False,consistent_ieee_standard,176818.0,Investor Owned,,35.0,,,True,1602.0,319.0,1584.0,4.105,2.404,3.972,390.25579,132.69551,398.79154,9,True,Derived by PUDL as SAIDI divided by SAIFI,exact_match,ready_for_descriptive_use,,not_independently_checked,,,,,,,,,,,ready_for_descriptive_use,No coverage or definition flag in this audit.,Utility-reported EIA-861 data standardized by PUDL,"EIA Form 861, Annual Electric Power Industry Report",Distribution System Reliability,https://www.eia.gov/electricity/data/eia861/,https://www.eia.gov/electricity/data/eia861/archive/zip/f8612020.zip,https://s3.us-west-2.amazonaws.com/pudl.catalyst.coop/stable/core_eia861__yearly_reliability.parquet,https://catalystcoop-pudl.readthedocs.io/en/stable/data_sources/eia861.html,final,2026-08-08
MTC_ME_VERSANT,1179,Versant Power,Versant Power,ME,2021,MTC,MTC,ENMAX Corp.,Canada,reported,ieee_standard,False,consistent_ieee_standard,179223.0,Investor Owned,,35.0,,,True,306.0,218.0,265.0,2.349,1.973,1.768,130.2682,110.49164,149.88688,9,True,Derived by PUDL as SAIDI divided by SAIFI,exact_match,ready_for_descriptive_use,,not_independently_checked,,,,,,,,,,,ready_for_descriptive_use,No coverage or definition flag in this audit.,Utility-reported EIA-861 data standardized by PUDL,"EIA Form 861, Annual Electric Power Industry Report",Distribution System Reliability,https://www.eia.gov/electricity/data/eia861/,https://www.eia.gov/electricity/data/eia861/archive/zip/f8612021.zip,https://s3.us-west-2.amazonaws.com/pudl.catalyst.coop/stable/core_eia861__yearly_reliability.parquet,https://catalystcoop-pudl.readthedocs.io/en/stable/data_sources/eia861.html,final,2026-08-08
MTC_ME_VERSANT,1179,Versant Power,Versant Power,ME,2022,MTC,MTC,ENMAX Corp.,Canada,reported,ieee_standard,False,consistent_ieee_standard,181068.0,Investor Owned,,35.0,,,True,1285.0,326.0,1170.0,3.309,2.461,2.476,388.33484,132.46648,472.53635,9,True,Derived by PUDL as SAIDI divided by SAIFI,exact_match,ready_for_descriptive_use,,not_independently_checked,,,,,,,,,,,ready_for_descriptive_use,No coverage or definition flag in this audit.,Utility-reported EIA-861 data standardized by PUDL,"EIA Form 861, Annual Electric Power Industry Report",Distribution System Reliability,https://www.eia.gov/electricity/data/eia861/,https://www.eia.gov/electricity/data/eia861/archive/zip/f8612022.zip,https://s3.us-west-2.amazonaws.com/pudl.catalyst.coop/stable/core_eia861__yearly_reliability.parquet,https://catalystcoop-pudl.readthedocs.io/en/stable/data_sources/eia861.html,final,2026-08-08
MTC_ME_VERSANT,1179,Versant Power,Versant Power,ME,2023,MTC,MTC,ENMAX Corp.,Canada,reported,ieee_standard,False,consistent_ieee_standard,164775.0,Investor Owned,,35.0,,,True,2475.0,303.0,2225.0,3.913,2.194,2.7,632.50703,138.10392,824.07407,9,True,Derived by PUDL as SAIDI divided by SAIFI,exact_match,ready_for_descriptive_use,,not_independently_checked,,,,,,,,,,,ready_for_descriptive_use,No coverage or definition flag in this audit.,Utility-reported EIA-861 data standardized by PUDL,"EIA Form 861, Annual Electric Power Industry Report",Distribution System Reliability,https://www.eia.gov/electricity/data/eia861/,https://www.eia.gov/electricity/data/eia861/archive/zip/f8612023.zip,https://s3.us-west-2.amazonaws.com/pudl.catalyst.coop/stable/core_eia861__yearly_reliability.parquet,https://catalystcoop-pudl.readthedocs.io/en/stable/data_sources/eia861.html,final,2026-08-08
MTC_ME_VERSANT,1179,Versant Power,Versant Power,ME,2024,MTC,MTC,ENMAX Corp.,Canada,reported,ieee_standard,False,consistent_ieee_standard,165401.0,Investor Owned,,35.0,,,True,1206.0,478.0,978.0,4.379,3.101,2.877,275.40534,154.14382,339.93743,9,True,Derived by PUDL as SAIDI divided by SAIFI,exact_match,ready_for_descriptive_use,,not_independently_checked,,,,,,,,,,,ready_for_descriptive_use,No coverage or definition flag in this audit.,Utility-reported EIA-861 data standardized by PUDL,"EIA Form 861, Annual Electric Power Industry Report",Distribution System Reliability,https://www.eia.gov/electricity/data/eia861/,https://www.eia.gov/electricity/data/eia861/zip/f8612024.zip,https://s3.us-west-2.amazonaws.com/pudl.catalyst.coop/stable/core_eia861__yearly_reliability.parquet,https://catalystcoop-pudl.readthedocs.io/en/stable/data_sources/eia861.html,final,2026-08-08
MTC_NH_LIBERTY,26510,Liberty Utilities (Granite State Electri,Liberty Utilities (Granite State Electric),NH,2013,MTC,MTC,Algonquin Power & Utilities Corp.,Canada,reported,ieee_standard,False,consistent_ieee_standard,41853.0,Investor Owned,,23.0,,,True,177.469,177.469,177.0,1.742,1.742,1.742,101.87658,101.87658,101.60735,9,True,Derived by PUDL as SAIDI divided by SAIFI,exact_match,ready_for_descriptive_use,,not_independently_checked,,,,,,,,,,,ready_for_descriptive_use,No coverage or definition flag in this audit.,Utility-reported EIA-861 data standardized by PUDL,"EIA Form 861, Annual Electric Power Industry Report",Distribution System Reliability,https://www.eia.gov/electricity/data/eia861/,https://www.eia.gov/electricity/data/eia861/archive/zip/f8612013.zip,https://s3.us-west-2.amazonaws.com/pudl.catalyst.coop/stable/core_eia861__yearly_reliability.parquet,https://catalystcoop-pudl.readthedocs.io/en/stable/data_sources/eia861.html,final,2026-08-08
MTC_NH_LIBERTY,26510,Liberty Utilities (Granite State Electri,Liberty Utilities (Granite State Electric),NH,2014,MTC,MTC,Algonquin Power & Utilities Corp.,Canada,reported,ieee_standard,False,consistent_ieee_standard,41483.0,Investor Owned,,13.8,,,True,235.82,217.04,220.55,2.15,2.06,2.01,109.68372,105.35922,109.72637,9,True,Derived by PUDL as SAIDI divided by SAIFI,exact_match,ready_for_descriptive_use,,not_independently_checked,,,,,,,,,,,ready_for_descriptive_use,No coverage or definition flag in this audit.,Utility-reported EIA-861 data standardized by PUDL,"EIA Form 861, Annual Electric Power Industry Report",Distribution System Reliability,https://www.eia.gov/electricity/data/eia861/,https://www.eia.gov/electricity/data/eia861/archive/zip/f8612014.zip,https://s3.us-west-2.amazonaws.com/pudl.catalyst.coop/stable/core_eia861__yearly_reliability.parquet,https://catalystcoop-pudl.readthedocs.io/en/stable/data_sources/eia861.html,final,2026-08-08
MTC_NH_LIBERTY,26510,Liberty Utilities (Granite State Electri,Liberty Utilities (Granite State Electric),NH,2015,MTC,MTC,Algonquin Power & Utilities Corp.,Canada,reported,ieee_standard,False,consistent_ieee_standard,42911.0,Investor Owned,,23.0,,,True,130.57,75.366,119.263,0.803,0.716,0.739,162.60274,105.25978,161.3843,9,True,Derived by PUDL as SAIDI divided by SAIFI,exact_match,ready_for_descriptive_use,,not_independently_checked,,,,,,,,,,,ready_for_descriptive_use,No coverage or definition flag in this audit.,Utility-reported EIA-861 data standardized by PUDL,"EIA Form 861, Annual Electric Power Industry Report",Distribution System Reliability,https://www.eia.gov/electricity/data/eia861/,https://www.eia.gov/electricity/data/eia861/archive/zip/f8612015.zip,https://s3.us-west-2.amazonaws.com/pudl.catalyst.coop/stable/core_eia861__yearly_reliability.parquet,https://catalystcoop-pudl.readthedocs.io/en/stable/data_sources/eia861.html,final,2026-08-08
MTC_NH_LIBERTY,26510,Liberty Utilities (Granite State Electri,Liberty Utilities (Granite State Electric),NH,2016,MTC,MTC,Algonquin Power & Utilities Corp.,Canada,reported,ieee_standard,False,consistent_ieee_standard,43400.0,Investor Owned,,23.0,,,True,162.06,138.87,149.31,1.74,1.67,1.45,93.137931,83.155689,102.97241,9,True,Derived by PUDL as SAIDI divided by SAIFI,exact_match,ready_for_descriptive_use,,not_independently_checked,,,,,,,,,,,ready_for_descriptive_use,No coverage or definition flag in this audit.,Utility-reported EIA-861 data standardized by PUDL,"EIA Form 861, Annual Electric Power Industry Report",Distribution System Reliability,https://www.eia.gov/electricity/data/eia861/,https://www.eia.gov/electricity/data/eia861/archive/zip/f8612016.zip,https://s3.us-west-2.amazonaws.com/pudl.catalyst.coop/stable/core_eia861__yearly_reliability.parquet,https://catalystcoop-pudl.readthedocs.io/en/stable/data_sources/eia861.html,final,2026-08-08
MTC_NH_LIBERTY,26510,Liberty Utilities (Granite State Electri,Liberty Utilities (Granite State Electric),NH,2017,MTC,MTC,Algonquin Power & Utilities Corp.,Canada,reported,ieee_standard,False,consistent_ieee_standard,43894.0,Investor Owned,,23.0,,,True,407.89,157.09,403.4,1.67,1.29,1.58,244.24551,121.77519,255.31646,9,True,Derived by PUDL as SAIDI divided by SAIFI,exact_match,ready_for_descriptive_use,,not_independently_checked,,,,,,,,,,,ready_for_descriptive_use,No coverage or definition flag in this audit.,Utility-reported EIA-861 data standardized by PUDL,"EIA Form 861, Annual Electric Power Industry Report",Distribution System Reliability,https://www.eia.gov/electricity/data/eia861/,https://www.eia.gov/electricity/data/eia861/archive/zip/f8612017.zip,https://s3.us-west-2.amazonaws.com/pudl.catalyst.coop/stable/core_eia861__yearly_reliability.parquet,https://catalystcoop-pudl.readthedocs.io/en/stable/data_sources/eia861.html,final,2026-08-08
MTC_NH_LIBERTY,26510,Liberty Utilities (Granite State Electri,Liberty Utilities (Granite State Electric),NH,2018,MTC,MTC,Algonquin Power & Utilities Corp.,Canada,reported,ieee_standard,False,consistent_ieee_standard,44284.0,Investor Owned,,23.0,,,True,1141.72,158.07,1126.37,1.87,1.02,1.68,610.54545,154.97059,670.45833,9,True,Derived by PUDL as SAIDI divided by SAIFI,exact_match,ready_for_descriptive_use,,not_independently_checked,,,,,,,,,,,ready_for_descriptive_use,No coverage or definition flag in this audit.,Utility-reported EIA-861 data standardized by PUDL,"EIA Form 861, Annual Electric Power Industry Report",Distribution System Reliability,https://www.eia.gov/electricity/data/eia861/,https://www.eia.gov/electricity/data/eia861/archive/zip/f8612018.zip,https://s3.us-west-2.amazonaws.com/pudl.catalyst.coop/stable/core_eia861__yearly_reliability.parquet,https://catalystcoop-pudl.readthedocs.io/en/stable/data_sources/eia861.html,final,2026-08-08
MTC_NH_LIBERTY,26510,Liberty Utilities (Granite State Electri,Liberty Utilities (Granite State Electric),NH,2019,MTC,MTC,Algonquin Power & Utilities Corp.,Canada,reported,ieee_standard,False,consistent_ieee_standard,44784.0,Investor Owned,,23.0,,,True,115.689,115.689,115.689,0.924,0.924,0.924,125.20455,125.20455,125.20455,9,True,Derived by PUDL as SAIDI divided by SAIFI,exact_match,ready_for_descriptive_use,,not_independently_checked,,,,,,,,,,,ready_for_descriptive_use,No coverage or definition flag in this audit.,Utility-reported EIA-861 data standardized by PUDL,"EIA Form 861, Annual Electric Power Industry Report",Distribution System Reliability,https://www.eia.gov/electricity/data/eia861/,https://www.eia.gov/electricity/data/eia861/archive/zip/f8612019.zip,https://s3.us-west-2.amazonaws.com/pudl.catalyst.coop/stable/core_eia861__yearly_reliability.parquet,https://catalystcoop-pudl.readthedocs.io/en/stable/data_sources/eia861.html,final,2026-08-08
MTC_NH_LIBERTY,26510,Liberty Utilities (Granite State Electri,Liberty Utilities (Granite State Electric),NH,2020,MTC,MTC,Algonquin Power & Utilities Corp.,Canada,reported,ieee_standard,False,consistent_ieee_standard,45192.0,Investor Owned,,23.0,,,True,151.5,100.87,143.32,1.18,0.995,1.03,128.38983,101.37688,139.14563,9,True,Derived by PUDL as SAIDI divided by SAIFI,exact_match,ready_for_descriptive_use,,not_independently_checked,,,,,,,,,,,ready_for_descriptive_use,No coverage or definition flag in this audit.,Utility-reported EIA-861 data standardized by PUDL,"EIA Form 861, Annual Electric Power Industry Report",Distribution System Reliability,https://www.eia.gov/electricity/data/eia861/,https://www.eia.gov/electricity/data/eia861/archive/zip/f8612020.zip,https://s3.us-west-2.amazonaws.com/pudl.catalyst.coop/stable/core_eia861__yearly_reliability.parquet,https://catalystcoop-pudl.readthedocs.io/en/stable/data_sources/eia861.html,final,2026-08-08
MTC_NH_LIBERTY,26510,Liberty Utilities (Granite State Electri,Liberty Utilities (Granite State Electric),NH,2021,MTC,MTC,Algonquin Power & Utilities Corp.,Canada,reported,ieee_standard,False,consistent_ieee_standard,45468.0,Investor Owned,,23.0,,,True,165.28,108.73,154.13,1.04,0.855,0.906,158.92308,127.16959,170.12141,9,True,Derived by PUDL as SAIDI divided by SAIFI,exact_match,ready_for_descriptive_use,,not_independently_checked,,,,,,,,,,,ready_for_descriptive_use,No coverage or definition flag in this audit.,Utility-reported EIA-861 data standardized by PUDL,"EIA Form 861, Annual Electric Power Industry Report",Distribution System Reliability,https://www.eia.gov/electricity/data/eia861/,https://www.eia.gov/electricity/data/eia861/archive/zip/f8612021.zip,https://s3.us-west-2.amazonaws.com/pudl.catalyst.coop/stable/core_eia861__yearly_reliability.parquet,https://catalystcoop-pudl.readthedocs.io/en/stable/data_sources/eia861.html,final,2026-08-08
MTC_NH_LIBERTY,26510,Liberty Utilities (Granite State Electri,Liberty Utilities (Granite State Electric),NH,2022,MTC,MTC,Algonquin Power & Utilities Corp.,Canada,reported,ieee_standard,False,consistent_ieee_standard,45697.0,Investor Owned,,23.0,,,True,201.76,84.29,84.29,1.14,0.635,0.635,176.98246,132.74016,132.74016,9,True,Derived by PUDL as SAIDI divided by SAIFI,exact_match,ready_for_descriptive_use,,not_independently_checked,,,,,,,,,,,ready_for_descriptive_use,No coverage or definition flag in this audit.,Utility-reported EIA-861 data standardized by PUDL,"EIA Form 861, Annual Electric Power Industry Report",Distribution System Reliability,https://www.eia.gov/electricity/data/eia861/,https://www.eia.gov/electricity/data/eia861/archive/zip/f8612022.zip,https://s3.us-west-2.amazonaws.com/pudl.catalyst.coop/stable/core_eia861__yearly_reliability.parquet,https://catalystcoop-pudl.readthedocs.io/en/stable/data_sources/eia861.html,final,2026-08-08
MTC_NH_LIBERTY,26510,Liberty Utilities (Granite State Electri,Liberty Utilities (Granite State Electric),NH,2023,MTC,MTC,Algonquin Power & Utilities Corp.,Canada,reported,ieee_standard,False,consistent_ieee_standard,45637.0,Investor Owned,,23.0,,,True,237.26,153.78,194.19,1.152,0.879,1.071,205.95486,174.94881,181.31653,9,True,Derived by PUDL as SAIDI divided by SAIFI,exact_match,ready_for_descriptive_use,,not_independently_checked,,,,,,,,,,,ready_for_descriptive_use,No coverage or definition flag in this audit.,Utility-reported EIA-861 data standardized by PUDL,"EIA Form 861, Annual Electric Power Industry Report",Distribution System Reliability,https://www.eia.gov/electricity/data/eia861/,https://www.eia.gov/electricity/data/eia861/archive/zip/f8612023.zip,https://s3.us-west-2.amazonaws.com/pudl.catalyst.coop/stable/core_eia861__yearly_reliability.parquet,https://catalystcoop-pudl.readthedocs.io/en/stable/data_sources/eia861.html,final,2026-08-08
MTC_NH_LIBERTY,26510,Liberty Utilities (Granite State Electri,Liberty Utilities (Granite State Electric),NH,2024,MTC,MTC,Algonquin Power & Utilities Corp.,Canada,reported,ieee_standard,False,consistent_ieee_standard,45565.0,Investor Owned,,23.0,,,True,370.312,92.693,332.544,1.555,0.823,1.273,238.14277,112.62819,261.22859,9,True,Derived by PUDL as SAIDI divided by SAIFI,exact_match,ready_for_descriptive_use,,not_independently_checked,,,,,,,,,,,ready_for_descriptive_use,No coverage or definition flag in this audit.,Utility-reported EIA-861 data standardized by PUDL,"EIA Form 861, Annual Electric Power Industry Report",Distribution System Reliability,https://www.eia.gov/electricity/data/eia861/,https://www.eia.gov/electricity/data/eia861/zip/f8612024.zip,https://s3.us-west-2.amazonaws.com/pudl.catalyst.coop/stable/core_eia861__yearly_reliability.parquet,https://catalystcoop-pudl.readthedocs.io/en/stable/data_sources/eia861.html,final,2026-08-08
MTC_NY_CENTHUD,3249,Central Hudson Gas & Elec Corp,Central Hudson,NY,2013,MTC,MTC,Fortis Inc.,Canada,reported,ieee_standard,True,reporting_standard_changes_during_panel,299591.0,Investor Owned,,13.2,,,False,150.53,141.8,,1.063,1.028,,141.60865,137.93774,,6,True,Derived by PUDL as SAIDI divided by SAIFI,exact_match,descriptive_only_reporting_standard_change,,not_independently_checked,,,,,,,,,,,descriptive_only_method_change,This utility changes between IEEE and other reporting standards during 2013-2024.,Utility-reported EIA-861 data standardized by PUDL,"EIA Form 861, Annual Electric Power Industry Report",Distribution System Reliability,https://www.eia.gov/electricity/data/eia861/,https://www.eia.gov/electricity/data/eia861/archive/zip/f8612013.zip,https://s3.us-west-2.amazonaws.com/pudl.catalyst.coop/stable/core_eia861__yearly_reliability.parquet,https://catalystcoop-pudl.readthedocs.io/en/stable/data_sources/eia861.html,final,2026-08-08
MTC_NY_CENTHUD,3249,Central Hudson Gas & Elec Corp,Central Hudson,NY,2014,MTC,MTC,Fortis Inc.,Canada,not_reported,,True,missing,,,,,,,,,,,,,,,,,0,False,Unavailable because a component is missing,matching_absence,missing_in_source,,not_independently_checked,,,,,,,,,,,missing_in_source,No populated reliability row appears in the PUDL EIA-861 table.,Not reported in the PUDL EIA-861 reliability table,"EIA Form 861, Annual Electric Power Industry Report",Distribution System Reliability,https://www.eia.gov/electricity/data/eia861/,https://www.eia.gov/electricity/data/eia861/archive/zip/f8612014.zip,https://s3.us-west-2.amazonaws.com/pudl.catalyst.coop/stable/core_eia861__yearly_reliability.parquet,https://catalystcoop-pudl.readthedocs.io/en/stable/data_sources/eia861.html,,2026-08-08
MTC_NY_CENTHUD,3249,Central Hudson Gas & Elec Corp,Central Hudson,NY,2015,MTC,MTC,Fortis Inc.,Canada,reported,ieee_standard,True,reporting_standard_changes_during_panel,300647.0,Investor Owned,,34.5,,,True,173.14,173.14,,1.38,1.38,,125.46377,125.46377,,6,True,Derived by PUDL as SAIDI divided by SAIFI,exact_match,descriptive_only_reporting_standard_change,,not_independently_checked,,,,,,,,,,,descriptive_only_method_change,This utility changes between IEEE and other reporting standards during 2013-2024.,Utility-reported EIA-861 data standardized by PUDL,"EIA Form 861, Annual Electric Power Industry Report",Distribution System Reliability,https://www.eia.gov/electricity/data/eia861/,https://www.eia.gov/electricity/data/eia861/archive/zip/f8612015.zip,https://s3.us-west-2.amazonaws.com/pudl.catalyst.coop/stable/core_eia861__yearly_reliability.parquet,https://catalystcoop-pudl.readthedocs.io/en/stable/data_sources/eia861.html,final,2026-08-08
MTC_NY_CENTHUD,3249,Central Hudson Gas & Elec Corp,Central Hudson,NY,2016,MTC,MTC,Fortis Inc.,Canada,reported,other_standard,True,reporting_standard_changes_during_panel,302432.0,Investor Owned,,34.5,False,F,False,217.15,185.8,,1.44,1.326,,150.79861,140.12066,,6,True,Derived by PUDL as SAIDI divided by SAIFI,exact_match,descriptive_only_reporting_standard_change,,not_independently_checked,,,,,,,,,,,descriptive_only_method_change,This utility changes between IEEE and other reporting standards during 2013-2024.,Utility-reported EIA-861 data standardized by PUDL,"EIA Form 861, Annual Electric Power Industry Report",Distribution System Reliability,https://www.eia.gov/electricity/data/eia861/,https://www.eia.gov/electricity/data/eia861/archive/zip/f8612016.zip,https://s3.us-west-2.amazonaws.com/pudl.catalyst.coop/stable/core_eia861__yearly_reliability.parquet,https://catalystcoop-pudl.readthedocs.io/en/stable/data_sources/eia861.html,final,2026-08-08
MTC_NY_CENTHUD,3249,Central Hudson Gas & Elec Corp,Central Hudson,NY,2017,MTC,MTC,Fortis Inc.,Canada,reported,other_standard,True,reporting_standard_changes_during_panel,302187.0,Investor Owned,,34.5,False,F,False,300.4,155.88,,1.545,1.183,,194.43366,131.76669,,6,True,Derived by PUDL as SAIDI divided by SAIFI,exact_match,descriptive_only_reporting_standard_change,,not_independently_checked,,,,,,,,,,,descriptive_only_method_change,This utility changes between IEEE and other reporting standards during 2013-2024.,Utility-reported EIA-861 data standardized by PUDL,"EIA Form 861, Annual Electric Power Industry Report",Distribution System Reliability,https://www.eia.gov/electricity/data/eia861/,https://www.eia.gov/electricity/data/eia861/archive/zip/f8612017.zip,https://s3.us-west-2.amazonaws.com/pudl.catalyst.coop/stable/core_eia861__yearly_reliability.parquet,https://catalystcoop-pudl.readthedocs.io/en/stable/data_sources/eia861.html,final,2026-08-08
MTC_NY_CENTHUD,3249,Central Hudson Gas & Elec Corp,Central Hudson,NY,2018,MTC,MTC,Fortis Inc.,Canada,reported,other_standard,True,reporting_standard_changes_during_panel,304381.0,Investor Owned,,34.5,False,F,False,1257.7,182.7,,2.6,1.5,,483.73077,121.8,,6,True,Derived by PUDL as SAIDI divided by SAIFI,exact_match,descriptive_only_reporting_standard_change,,not_independently_checked,,,,,,,,,,,descriptive_only_method_change,This utility changes between IEEE and other reporting standards during 2013-2024.,Utility-reported EIA-861 data standardized by PUDL,"EIA Form 861, Annual Electric Power Industry Report",Distribution System Reliability,https://www.eia.gov/electricity/data/eia861/,https://www.eia.gov/electricity/data/eia861/archive/zip/f8612018.zip,https://s3.us-west-2.amazonaws.com/pudl.catalyst.coop/stable/core_eia861__yearly_reliability.parquet,https://catalystcoop-pudl.readthedocs.io/en/stable/data_sources/eia861.html,final,2026-08-08
MTC_NY_CENTHUD,3249,Central Hudson Gas & Elec Corp,Central Hudson,NY,2019,MTC,MTC,Fortis Inc.,Canada,reported,other_standard,True,reporting_standard_changes_during_panel,307024.0,Investor Owned,,34.5,False,O,False,291.0,178.0,,1.5,1.2,,194.0,148.33333,,6,True,Derived by PUDL as SAIDI divided by SAIFI,exact_match,descriptive_only_reporting_standard_change,,not_independently_checked,,,,,,,,,,,descriptive_only_method_change,This utility changes between IEEE and other reporting standards during 2013-2024.,Utility-reported EIA-861 data standardized by PUDL,"EIA Form 861, Annual Electric Power Industry Report",Distribution System Reliability,https://www.eia.gov/electricity/data/eia861/,https://www.eia.gov/electricity/data/eia861/archive/zip/f8612019.zip,https://s3.us-west-2.amazonaws.com/pudl.catalyst.coop/stable/core_eia861__yearly_reliability.parquet,https://catalystcoop-pudl.readthedocs.io/en/stable/data_sources/eia861.html,final,2026-08-08
MTC_NY_CENTHUD,3249,Central Hudson Gas & Elec Corp,Central Hudson,NY,2020,MTC,MTC,Fortis Inc.,Canada,reported,other_standard,True,reporting_standard_changes_during_panel,309262.0,Investor Owned,,34.5,False,F,False,922.8,183.6,,2.15,1.29,,429.2093,142.32558,,6,True,Derived by PUDL as SAIDI divided by SAIFI,exact_match,descriptive_only_reporting_standard_change,,not_independently_checked,,,,,,,,,,,descriptive_only_method_change,This utility changes between IEEE and other reporting standards during 2013-2024.,Utility-reported EIA-861 data standardized by PUDL,"EIA Form 861, Annual Electric Power Industry Report",Distribution System Reliability,https://www.eia.gov/electricity/data/eia861/,https://www.eia.gov/electricity/data/eia861/archive/zip/f8612020.zip,https://s3.us-west-2.amazonaws.com/pudl.catalyst.coop/stable/core_eia861__yearly_reliability.parquet,https://catalystcoop-pudl.readthedocs.io/en/stable/data_sources/eia861.html,final,2026-08-08
MTC_NY_CENTHUD,3249,Central Hudson Gas & Elec Corp,Central Hudson,NY,2021,MTC,MTC,Fortis Inc.,Canada,reported,other_standard,True,reporting_standard_changes_during_panel,311785.0,Investor Owned,,34.5,False,F,False,373.2,227.3,,1.8,1.4,,207.33333,162.35714,,6,True,Derived by PUDL as SAIDI divided by SAIFI,exact_match,descriptive_only_reporting_standard_change,,not_independently_checked,,,,,,,,,,,descriptive_only_method_change,This utility changes between IEEE and other reporting standards during 2013-2024.,Utility-reported EIA-861 data standardized by PUDL,"EIA Form 861, Annual Electric Power Industry Report",Distribution System Reliability,https://www.eia.gov/electricity/data/eia861/,https://www.eia.gov/electricity/data/eia861/archive/zip/f8612021.zip,https://s3.us-west-2.amazonaws.com/pudl.catalyst.coop/stable/core_eia861__yearly_reliability.parquet,https://catalystcoop-pudl.readthedocs.io/en/stable/data_sources/eia861.html,final,2026-08-08
MTC_NY_CENTHUD,3249,Central Hudson Gas & Elec Corp,Central Hudson,NY,2022,MTC,MTC,Fortis Inc.,Canada,reported,other_standard,True,reporting_standard_changes_during_panel,313732.0,Investor Owned,,34.5,,F,False,704.5,172.2,,1.9,1.3,,370.78947,132.46154,,6,True,Derived by PUDL as SAIDI divided by SAIFI,exact_match,descriptive_only_reporting_standard_change,,not_independently_checked,,,,,,,,,,,descriptive_only_method_change,This utility changes between IEEE and other reporting standards during 2013-2024.,Utility-reported EIA-861 data standardized by PUDL,"EIA Form 861, Annual Electric Power Industry Report",Distribution System Reliability,https://www.eia.gov/electricity/data/eia861/,https://www.eia.gov/electricity/data/eia861/archive/zip/f8612022.zip,https://s3.us-west-2.amazonaws.com/pudl.catalyst.coop/stable/core_eia861__yearly_reliability.parquet,https://catalystcoop-pudl.readthedocs.io/en/stable/data_sources/eia861.html,final,2026-08-08
MTC_NY_CENTHUD,3249,Central Hudson Gas & Elec Corp,Central Hudson,NY,2023,MTC,MTC,Fortis Inc.,Canada,reported,other_standard,True,reporting_standard_changes_during_panel,315627.0,Investor Owned,,34.5,False,O,False,344.8,150.6,,1.5,1.1,,229.86667,136.90909,,6,True,Derived by PUDL as SAIDI divided by SAIFI,exact_match,descriptive_only_reporting_standard_change,,not_independently_checked,,,,,,,,,,,descriptive_only_method_change,This utility changes between IEEE and other reporting standards during 2013-2024.,Utility-reported EIA-861 data standardized by PUDL,"EIA Form 861, Annual Electric Power Industry Report",Distribution System Reliability,https://www.eia.gov/electricity/data/eia861/,https://www.eia.gov/electricity/data/eia861/archive/zip/f8612023.zip,https://s3.us-west-2.amazonaws.com/pudl.catalyst.coop/stable/core_eia861__yearly_reliability.parquet,https://catalystcoop-pudl.readthedocs.io/en/stable/data_sources/eia861.html,final,2026-08-08
MTC_NY_CENTHUD,3249,Central Hudson Gas & Elec Corp,Central Hudson,NY,2024,MTC,MTC,Fortis Inc.,Canada,reported,ieee_standard,True,reporting_standard_changes_during_panel,321537.0,Investor Owned,,34.5,,,False,349.5,167.2,346.0,1.6,1.2,1.5,218.4375,139.33333,230.66667,9,True,Derived by PUDL as SAIDI divided by SAIFI,exact_match,descriptive_only_reporting_standard_change,,not_independently_checked,,,,,,,,,,,descriptive_only_method_change,This utility changes between IEEE and other reporting standards during 2013-2024.,Utility-reported EIA-861 data standardized by PUDL,"EIA Form 861, Annual Electric Power Industry Report",Distribution System Reliability,https://www.eia.gov/electricity/data/eia861/,https://www.eia.gov/electricity/data/eia861/zip/f8612024.zip,https://s3.us-west-2.amazonaws.com/pudl.catalyst.coop/stable/core_eia861__yearly_reliability.parquet,https://catalystcoop-pudl.readthedocs.io/en/stable/data_sources/eia861.html,final,2026-08-08
MTC_NY_NIMO,13573,Niagara Mohawk Power Corp.,Niagara Mohawk (National Grid),NY,2013,MTC,MTC,National Grid plc,United Kingdom,reported,ieee_standard,False,consistent_ieee_standard,1605502.0,Investor Owned,,69.0,,,True,297.2,117.92,294.23,1.354,0.934,1.317,219.49778,126.25268,223.40926,9,True,Derived by PUDL as SAIDI divided by SAIFI,exact_match,ready_for_descriptive_use,,not_independently_checked,,,,,,,,,,,ready_for_descriptive_use,No coverage or definition flag in this audit.,Utility-reported EIA-861 data standardized by PUDL,"EIA Form 861, Annual Electric Power Industry Report",Distribution System Reliability,https://www.eia.gov/electricity/data/eia861/,https://www.eia.gov/electricity/data/eia861/archive/zip/f8612013.zip,https://s3.us-west-2.amazonaws.com/pudl.catalyst.coop/stable/core_eia861__yearly_reliability.parquet,https://catalystcoop-pudl.readthedocs.io/en/stable/data_sources/eia861.html,final,2026-08-08
MTC_NY_NIMO,13573,Niagara Mohawk Power Corp.,Niagara Mohawk (National Grid),NY,2014,MTC,MTC,National Grid plc,United Kingdom,reported,ieee_standard,False,consistent_ieee_standard,1604865.0,Investor Owned,,69.0,,,True,198.0,116.0,198.0,1.15,0.96,1.15,172.17391,120.83333,172.17391,9,True,Derived by PUDL as SAIDI divided by SAIFI,exact_match,ready_for_descriptive_use,,not_independently_checked,,,,,,,,,,,ready_for_descriptive_use,No coverage or definition flag in this audit.,Utility-reported EIA-861 data standardized by PUDL,"EIA Form 861, Annual Electric Power Industry Report",Distribution System Reliability,https://www.eia.gov/electricity/data/eia861/,https://www.eia.gov/electricity/data/eia861/archive/zip/f8612014.zip,https://s3.us-west-2.amazonaws.com/pudl.catalyst.coop/stable/core_eia861__yearly_reliability.parquet,https://catalystcoop-pudl.readthedocs.io/en/stable/data_sources/eia861.html,final,2026-08-08
MTC_NY_NIMO,13573,Niagara Mohawk Power Corp.,Niagara Mohawk (National Grid),NY,2015,MTC,MTC,National Grid plc,United Kingdom,reported,ieee_standard,False,consistent_ieee_standard,1605794.0,Investor Owned,,69.0,,,True,132.42,124.42,132.42,1.07,1.02,1.07,123.75701,121.98039,123.75701,9,True,Derived by PUDL as SAIDI divided by SAIFI,exact_match,ready_for_descriptive_use,,not_independently_checked,,,,,,,,,,,ready_for_descriptive_use,No coverage or definition flag in this audit.,Utility-reported EIA-861 data standardized by PUDL,"EIA Form 861, Annual Electric Power Industry Report",Distribution System Reliability,https://www.eia.gov/electricity/data/eia861/,https://www.eia.gov/electricity/data/eia861/archive/zip/f8612015.zip,https://s3.us-west-2.amazonaws.com/pudl.catalyst.coop/stable/core_eia861__yearly_reliability.parquet,https://catalystcoop-pudl.readthedocs.io/en/stable/data_sources/eia861.html,final,2026-08-08
MTC_NY_NIMO,13573,Niagara Mohawk Power Corp.,Niagara Mohawk (National Grid),NY,2016,MTC,MTC,National Grid plc,United Kingdom,reported,ieee_standard,False,consistent_ieee_standard,1614518.0,Investor Owned,,69.0,,,True,172.05,129.86,167.65,1.187,1.045,1.118,144.94524,124.26794,149.95528,9,True,Derived by PUDL as SAIDI divided by SAIFI,exact_match,ready_for_descriptive_use,,not_independently_checked,,,,,,,,,,,ready_for_descriptive_use,No coverage or definition flag in this audit.,Utility-reported EIA-861 data standardized by PUDL,"EIA Form 861, Annual Electric Power Industry Report",Distribution System Reliability,https://www.eia.gov/electricity/data/eia861/,https://www.eia.gov/electricity/data/eia861/archive/zip/f8612016.zip,https://s3.us-west-2.amazonaws.com/pudl.catalyst.coop/stable/core_eia861__yearly_reliability.parquet,https://catalystcoop-pudl.readthedocs.io/en/stable/data_sources/eia861.html,final,2026-08-08
MTC_NY_NIMO,13573,Niagara Mohawk Power Corp.,Niagara Mohawk (National Grid),NY,2017,MTC,MTC,National Grid plc,United Kingdom,reported,ieee_standard,False,consistent_ieee_standard,1630708.0,Investor Owned,,69.0,,,True,350.28,134.23,350.03,1.414,1.033,1.412,247.72277,129.94192,247.8966,9,True,Derived by PUDL as SAIDI divided by SAIFI,exact_match,ready_for_descriptive_use,,not_independently_checked,,,,,,,,,,,ready_for_descriptive_use,No coverage or definition flag in this audit.,Utility-reported EIA-861 data standardized by PUDL,"EIA Form 861, Annual Electric Power Industry Report",Distribution System Reliability,https://www.eia.gov/electricity/data/eia861/,https://www.eia.gov/electricity/data/eia861/archive/zip/f8612017.zip,https://s3.us-west-2.amazonaws.com/pudl.catalyst.coop/stable/core_eia861__yearly_reliability.parquet,https://catalystcoop-pudl.readthedocs.io/en/stable/data_sources/eia861.html,final,2026-08-08
MTC_NY_NIMO,13573,Niagara Mohawk Power Corp.,Niagara Mohawk (National Grid),NY,2018,MTC,MTC,National Grid plc,United Kingdom,reported,ieee_standard,False,consistent_ieee_standard,1643827.0,Investor Owned,,69.0,,,True,396.199,147.039,395.468,1.529,1.065,1.527,259.12296,138.06479,258.98363,9,True,Derived by PUDL as SAIDI divided by SAIFI,exact_match,ready_for_descriptive_use,,not_independently_checked,,,,,,,,,,,ready_for_descriptive_use,No coverage or definition flag in this audit.,Utility-reported EIA-861 data standardized by PUDL,"EIA Form 861, Annual Electric Power Industry Report",Distribution System Reliability,https://www.eia.gov/electricity/data/eia861/,https://www.eia.gov/electricity/data/eia861/archive/zip/f8612018.zip,https://s3.us-west-2.amazonaws.com/pudl.catalyst.coop/stable/core_eia861__yearly_reliability.parquet,https://catalystcoop-pudl.readthedocs.io/en/stable/data_sources/eia861.html,final,2026-08-08
MTC_NY_NIMO,13573,Niagara Mohawk Power Corp.,Niagara Mohawk (National Grid),NY,2019,MTC,MTC,National Grid plc,United Kingdom,reported,ieee_standard,False,consistent_ieee_standard,1653855.0,Investor Owned,,69.0,,,True,324.99,135.57,324.59,1.49,1.053,1.487,218.11409,128.74644,218.28514,9,True,Derived by PUDL as SAIDI divided by SAIFI,exact_match,ready_for_descriptive_use,,not_independently_checked,,,,,,,,,,,ready_for_descriptive_use,No coverage or definition flag in this audit.,Utility-reported EIA-861 data standardized by PUDL,"EIA Form 861, Annual Electric Power Industry Report",Distribution System Reliability,https://www.eia.gov/electricity/data/eia861/,https://www.eia.gov/electricity/data/eia861/archive/zip/f8612019.zip,https://s3.us-west-2.amazonaws.com/pudl.catalyst.coop/stable/core_eia861__yearly_reliability.parquet,https://catalystcoop-pudl.readthedocs.io/en/stable/data_sources/eia861.html,final,2026-08-08
MTC_NY_NIMO,13573,Niagara Mohawk Power Corp.,Niagara Mohawk (National Grid),NY,2020,MTC,MTC,National Grid plc,United Kingdom,reported,ieee_standard,False,consistent_ieee_standard,1663243.0,Investor Owned,,69.0,,,True,455.33,144.54,455.06,1.499,1.093,1.497,303.75584,132.24154,303.9813,9,True,Derived by PUDL as SAIDI divided by SAIFI,exact_match,ready_for_descriptive_use,,not_independently_checked,,,,,,,,,,,ready_for_descriptive_use,No coverage or definition flag in this audit.,Utility-reported EIA-861 data standardized by PUDL,"EIA Form 861, Annual Electric Power Industry Report",Distribution System Reliability,https://www.eia.gov/electricity/data/eia861/,https://www.eia.gov/electricity/data/eia861/archive/zip/f8612020.zip,https://s3.us-west-2.amazonaws.com/pudl.catalyst.coop/stable/core_eia861__yearly_reliability.parquet,https://catalystcoop-pudl.readthedocs.io/en/stable/data_sources/eia861.html,final,2026-08-08
MTC_NY_NIMO,13573,Niagara Mohawk Power Corp.,Niagara Mohawk (National Grid),NY,2021,MTC,MTC,National Grid plc,United Kingdom,reported,ieee_standard,False,consistent_ieee_standard,1674003.0,Investor Owned,,69.0,,,True,221.32,133.66,221.02,1.318,1.118,1.31,167.92109,119.55277,168.71756,9,True,Derived by PUDL as SAIDI divided by SAIFI,exact_match,ready_for_descriptive_use,,not_independently_checked,,,,,,,,,,,ready_for_descriptive_use,No coverage or definition flag in this audit.,Utility-reported EIA-861 data standardized by PUDL,"EIA Form 861, Annual Electric Power Industry Report",Distribution System Reliability,https://www.eia.gov/electricity/data/eia861/,https://www.eia.gov/electricity/data/eia861/archive/zip/f8612021.zip,https://s3.us-west-2.amazonaws.com/pudl.catalyst.coop/stable/core_eia861__yearly_reliability.parquet,https://catalystcoop-pudl.readthedocs.io/en/stable/data_sources/eia861.html,final,2026-08-08
MTC_NY_NIMO,13573,Niagara Mohawk Power Corp.,Niagara Mohawk (National Grid),NY,2022,MTC,MTC,National Grid plc,United Kingdom,reported,ieee_standard,False,consistent_ieee_standard,1678861.0,Investor Owned,,69.0,,,True,353.97,152.66,353.97,1.489,1.18,1.489,237.7233,129.37288,237.7233,9,True,Derived by PUDL as SAIDI divided by SAIFI,exact_match,ready_for_descriptive_use,,not_independently_checked,,,,,,,,,,,ready_for_descriptive_use,No coverage or definition flag in this audit.,Utility-reported EIA-861 data standardized by PUDL,"EIA Form 861, Annual Electric Power Industry Report",Distribution System Reliability,https://www.eia.gov/electricity/data/eia861/,https://www.eia.gov/electricity/data/eia861/archive/zip/f8612022.zip,https://s3.us-west-2.amazonaws.com/pudl.catalyst.coop/stable/core_eia861__yearly_reliability.parquet,https://catalystcoop-pudl.readthedocs.io/en/stable/data_sources/eia861.html,final,2026-08-08
MTC_NY_NIMO,13573,Niagara Mohawk Power Corp.,Niagara Mohawk (National Grid),NY,2023,MTC,MTC,National Grid plc,United Kingdom,reported,ieee_standard,False,consistent_ieee_standard,1679983.0,Investor Owned,,69.0,,,True,207.87,132.43,207.48,1.142,0.978,1.14,182.02277,135.409,182.0,9,True,Derived by PUDL as SAIDI divided by SAIFI,exact_match,ready_for_descriptive_use,,not_independently_checked,,,,,,,,,,,ready_for_descriptive_use,No coverage or definition flag in this audit.,Utility-reported EIA-861 data standardized by PUDL,"EIA Form 861, Annual Electric Power Industry Report",Distribution System Reliability,https://www.eia.gov/electricity/data/eia861/,https://www.eia.gov/electricity/data/eia861/archive/zip/f8612023.zip,https://s3.us-west-2.amazonaws.com/pudl.catalyst.coop/stable/core_eia861__yearly_reliability.parquet,https://catalystcoop-pudl.readthedocs.io/en/stable/data_sources/eia861.html,final,2026-08-08
MTC_NY_NIMO,13573,Niagara Mohawk Power Corp.,Niagara Mohawk (National Grid),NY,2024,MTC,MTC,National Grid plc,United Kingdom,reported,ieee_standard,False,consistent_ieee_standard,1690739.0,Investor Owned,,69.0,,,True,510.14,140.65,509.77,1.694,1.053,1.692,301.14522,133.57075,301.28251,9,True,Derived by PUDL as SAIDI divided by SAIFI,exact_match,ready_for_descriptive_use,,not_independently_checked,,,,,,,,,,,ready_for_descriptive_use,No coverage or definition flag in this audit.,Utility-reported EIA-861 data standardized by PUDL,"EIA Form 861, Annual Electric Power Industry Report",Distribution System Reliability,https://www.eia.gov/electricity/data/eia861/,https://www.eia.gov/electricity/data/eia861/zip/f8612024.zip,https://s3.us-west-2.amazonaws.com/pudl.catalyst.coop/stable/core_eia861__yearly_reliability.parquet,https://catalystcoop-pudl.readthedocs.io/en/stable/data_sources/eia861.html,final,2026-08-08
MTC_NY_NYSEG,13511,New York State Elec & Gas Corp,NYSEG,NY,2013,MTC,MTC,Avangrid / Iberdrola S.A.,Spain,reported,other_standard,True,reporting_standard_changes_during_panel,859531.0,Investor Owned,,34.5,False,F,False,236.4,121.2,,1.41,1.09,,167.65957,111.19266,,6,True,Derived by PUDL as SAIDI divided by SAIFI,exact_match,descriptive_only_reporting_standard_change,,not_independently_checked,,,,,,,,,,,descriptive_only_method_change,This utility changes between IEEE and other reporting standards during 2013-2024.,Utility-reported EIA-861 data standardized by PUDL,"EIA Form 861, Annual Electric Power Industry Report",Distribution System Reliability,https://www.eia.gov/electricity/data/eia861/,https://www.eia.gov/electricity/data/eia861/archive/zip/f8612013.zip,https://s3.us-west-2.amazonaws.com/pudl.catalyst.coop/stable/core_eia861__yearly_reliability.parquet,https://catalystcoop-pudl.readthedocs.io/en/stable/data_sources/eia861.html,final,2026-08-08
MTC_NY_NYSEG,13511,New York State Elec & Gas Corp,NYSEG,NY,2014,MTC,MTC,Avangrid / Iberdrola S.A.,Spain,reported,other_standard,True,reporting_standard_changes_during_panel,861671.0,Investor Owned,,34.5,False,F,False,180.0,120.0,,1.33,1.03,,135.33835,116.50485,,6,True,Derived by PUDL as SAIDI divided by SAIFI,exact_match,descriptive_only_reporting_standard_change,,not_independently_checked,,,,,,,,,,,descriptive_only_method_change,This utility changes between IEEE and other reporting standards during 2013-2024.,Utility-reported EIA-861 data standardized by PUDL,"EIA Form 861, Annual Electric Power Industry Report",Distribution System Reliability,https://www.eia.gov/electricity/data/eia861/,https://www.eia.gov/electricity/data/eia861/archive/zip/f8612014.zip,https://s3.us-west-2.amazonaws.com/pudl.catalyst.coop/stable/core_eia861__yearly_reliability.parquet,https://catalystcoop-pudl.readthedocs.io/en/stable/data_sources/eia861.html,final,2026-08-08
MTC_NY_NYSEG,13511,New York State Elec & Gas Corp,NYSEG,NY,2015,MTC,MTC,Avangrid / Iberdrola S.A.,Spain,reported,ieee_standard,True,reporting_standard_changes_during_panel,877062.0,Investor Owned,,34.5,,,False,162.9,149.4,162.3,1.29,1.26,1.26,126.27907,118.57143,128.80952,9,True,Derived by PUDL as SAIDI divided by SAIFI,exact_match,descriptive_only_reporting_standard_change,,not_independently_checked,,,,,,,,,,,descriptive_only_method_change,This utility changes between IEEE and other reporting standards during 2013-2024.,Utility-reported EIA-861 data standardized by PUDL,"EIA Form 861, Annual Electric Power Industry Report",Distribution System Reliability,https://www.eia.gov/electricity/data/eia861/,https://www.eia.gov/electricity/data/eia861/archive/zip/f8612015.zip,https://s3.us-west-2.amazonaws.com/pudl.catalyst.coop/stable/core_eia861__yearly_reliability.parquet,https://catalystcoop-pudl.readthedocs.io/en/stable/data_sources/eia861.html,final,2026-08-08
MTC_NY_NYSEG,13511,New York State Elec & Gas Corp,NYSEG,NY,2016,MTC,MTC,Avangrid / Iberdrola S.A.,Spain,reported,ieee_standard,True,reporting_standard_changes_during_panel,878777.0,Investor Owned,,34.5,,,False,271.8,218.4,217.3,1.56,1.47,1.45,174.23077,148.57143,149.86207,9,True,Derived by PUDL as SAIDI divided by SAIFI,exact_match,descriptive_only_reporting_standard_change,,not_independently_checked,,,,,,,,,,,descriptive_only_method_change,This utility changes between IEEE and other reporting standards during 2013-2024.,Utility-reported EIA-861 data standardized by PUDL,"EIA Form 861, Annual Electric Power Industry Report",Distribution System Reliability,https://www.eia.gov/electricity/data/eia861/,https://www.eia.gov/electricity/data/eia861/archive/zip/f8612016.zip,https://s3.us-west-2.amazonaws.com/pudl.catalyst.coop/stable/core_eia861__yearly_reliability.parquet,https://catalystcoop-pudl.readthedocs.io/en/stable/data_sources/eia861.html,final,2026-08-08
MTC_NY_NYSEG,13511,New York State Elec & Gas Corp,NYSEG,NY,2017,MTC,MTC,Avangrid / Iberdrola S.A.,Spain,reported,other_standard,True,reporting_standard_changes_during_panel,884136.0,Investor Owned,,34.5,False,O,False,433.71,145.8,,1.81,1.18,,239.61878,123.55932,,6,True,Derived by PUDL as SAIDI divided by SAIFI,exact_match,descriptive_only_reporting_standard_change,,not_independently_checked,,,,,,,,,,,descriptive_only_method_change,This utility changes between IEEE and other reporting standards during 2013-2024.,Utility-reported EIA-861 data standardized by PUDL,"EIA Form 861, Annual Electric Power Industry Report",Distribution System Reliability,https://www.eia.gov/electricity/data/eia861/,https://www.eia.gov/electricity/data/eia861/archive/zip/f8612017.zip,https://s3.us-west-2.amazonaws.com/pudl.catalyst.coop/stable/core_eia861__yearly_reliability.parquet,https://catalystcoop-pudl.readthedocs.io/en/stable/data_sources/eia861.html,final,2026-08-08
MTC_NY_NYSEG,13511,New York State Elec & Gas Corp,NYSEG,NY,2018,MTC,MTC,Avangrid / Iberdrola S.A.,Spain,reported,other_standard,True,reporting_standard_changes_during_panel,891168.0,Investor Owned,,34.5,False,F,False,1260.15,155.4,,2.29,1.19,,550.28384,130.58824,,6,True,Derived by PUDL as SAIDI divided by SAIFI,exact_match,descriptive_only_reporting_standard_change,,not_independently_checked,,,,,,,,,,,descriptive_only_method_change,This utility changes between IEEE and other reporting standards during 2013-2024.,Utility-reported EIA-861 data standardized by PUDL,"EIA Form 861, Annual Electric Power Industry Report",Distribution System Reliability,https://www.eia.gov/electricity/data/eia861/,https://www.eia.gov/electricity/data/eia861/archive/zip/f8612018.zip,https://s3.us-west-2.amazonaws.com/pudl.catalyst.coop/stable/core_eia861__yearly_reliability.parquet,https://catalystcoop-pudl.readthedocs.io/en/stable/data_sources/eia861.html,final,2026-08-08
MTC_NY_NYSEG,13511,New York State Elec & Gas Corp,NYSEG,NY,2019,MTC,MTC,Avangrid / Iberdrola S.A.,Spain,reported,other_standard,True,reporting_standard_changes_during_panel,895050.0,Investor Owned,,34.5,False,F,False,356.9,156.2,,1.9,1.35,,187.84211,115.7037,,6,True,Derived by PUDL as SAIDI divided by SAIFI,exact_match,descriptive_only_reporting_standard_change,,not_independently_checked,,,,,,,,,,,descriptive_only_method_change,This utility changes between IEEE and other reporting standards during 2013-2024.,Utility-reported EIA-861 data standardized by PUDL,"EIA Form 861, Annual Electric Power Industry Report",Distribution System Reliability,https://www.eia.gov/electricity/data/eia861/,https://www.eia.gov/electricity/data/eia861/archive/zip/f8612019.zip,https://s3.us-west-2.amazonaws.com/pudl.catalyst.coop/stable/core_eia861__yearly_reliability.parquet,https://catalystcoop-pudl.readthedocs.io/en/stable/data_sources/eia861.html,final,2026-08-08
MTC_NY_NYSEG,13511,New York State Elec & Gas Corp,NYSEG,NY,2020,MTC,MTC,Avangrid / Iberdrola S.A.,Spain,reported,other_standard,True,reporting_standard_changes_during_panel,899315.0,Investor Owned,,34.5,False,F,False,674.32,163.94,,2.09,1.38,,322.64115,118.7971,,6,True,Derived by PUDL as SAIDI divided by SAIFI,exact_match,descriptive_only_reporting_standard_change,,not_independently_checked,,,,,,,,,,,descriptive_only_method_change,This utility changes between IEEE and other reporting standards during 2013-2024.,Utility-reported EIA-861 data standardized by PUDL,"EIA Form 861, Annual Electric Power Industry Report",Distribution System Reliability,https://www.eia.gov/electricity/data/eia861/,https://www.eia.gov/electricity/data/eia861/archive/zip/f8612020.zip,https://s3.us-west-2.amazonaws.com/pudl.catalyst.coop/stable/core_eia861__yearly_reliability.parquet,https://catalystcoop-pudl.readthedocs.io/en/stable/data_sources/eia861.html,final,2026-08-08
MTC_NY_NYSEG,13511,New York State Elec & Gas Corp,NYSEG,NY,2021,MTC,MTC,Avangrid / Iberdrola S.A.,Spain,reported,other_standard,True,reporting_standard_changes_during_panel,907375.0,Investor Owned,,34.5,False,F,False,364.2,176.4,,2.16,1.46,,168.61111,120.82192,,6,True,Derived by PUDL as SAIDI divided by SAIFI,exact_match,descriptive_only_reporting_standard_change,,not_independently_checked,,,,,,,,,,,descriptive_only_method_change,This utility changes between IEEE and other reporting standards during 2013-2024.,Utility-reported EIA-861 data standardized by PUDL,"EIA Form 861, Annual Electric Power Industry Report",Distribution System Reliability,https://www.eia.gov/electricity/data/eia861/,https://www.eia.gov/electricity/data/eia861/archive/zip/f8612021.zip,https://s3.us-west-2.amazonaws.com/pudl.catalyst.coop/stable/core_eia861__yearly_reliability.parquet,https://catalystcoop-pudl.readthedocs.io/en/stable/data_sources/eia861.html,final,2026-08-08
MTC_NY_NYSEG,13511,New York State Elec & Gas Corp,NYSEG,NY,2022,MTC,MTC,Avangrid / Iberdrola S.A.,Spain,reported,other_standard,True,reporting_standard_changes_during_panel,905435.0,Investor Owned,,34.5,False,F,False,671.78,162.93,,2.28,1.45,,294.64035,112.36552,,6,True,Derived by PUDL as SAIDI divided by SAIFI,exact_match,descriptive_only_reporting_standard_change,,not_independently_checked,,,,,,,,,,,descriptive_only_method_change,This utility changes between IEEE and other reporting standards during 2013-2024.,Utility-reported EIA-861 data standardized by PUDL,"EIA Form 861, Annual Electric Power Industry Report",Distribution System Reliability,https://www.eia.gov/electricity/data/eia861/,https://www.eia.gov/electricity/data/eia861/archive/zip/f8612022.zip,https://s3.us-west-2.amazonaws.com/pudl.catalyst.coop/stable/core_eia861__yearly_reliability.parquet,https://catalystcoop-pudl.readthedocs.io/en/stable/data_sources/eia861.html,final,2026-08-08
MTC_NY_NYSEG,13511,New York State Elec & Gas Corp,NYSEG,NY,2023,MTC,MTC,Avangrid / Iberdrola S.A.,Spain,reported,other_standard,True,reporting_standard_changes_during_panel,911323.0,Investor Owned,,34.5,False,F,False,341.23,151.28,,1.86,1.29,,183.45699,117.27132,,6,True,Derived by PUDL as SAIDI divided by SAIFI,exact_match,descriptive_only_reporting_standard_change,,not_independently_checked,,,,,,,,,,,descriptive_only_method_change,This utility changes between IEEE and other reporting standards during 2013-2024.,Utility-reported EIA-861 data standardized by PUDL,"EIA Form 861, Annual Electric Power Industry Report",Distribution System Reliability,https://www.eia.gov/electricity/data/eia861/,https://www.eia.gov/electricity/data/eia861/archive/zip/f8612023.zip,https://s3.us-west-2.amazonaws.com/pudl.catalyst.coop/stable/core_eia861__yearly_reliability.parquet,https://catalystcoop-pudl.readthedocs.io/en/stable/data_sources/eia861.html,final,2026-08-08
MTC_NY_NYSEG,13511,New York State Elec & Gas Corp,NYSEG,NY,2024,MTC,MTC,Avangrid / Iberdrola S.A.,Spain,reported,other_standard,True,reporting_standard_changes_during_panel,910487.0,Investor Owned,,34.5,False,F,False,655.2,147.6,,2.35,1.3,,278.80851,113.53846,,6,True,Derived by PUDL as SAIDI divided by SAIFI,exact_match,descriptive_only_reporting_standard_change,,not_independently_checked,,,,,,,,,,,descriptive_only_method_change,This utility changes between IEEE and other reporting standards during 2013-2024.,Utility-reported EIA-861 data standardized by PUDL,"EIA Form 861, Annual Electric Power Industry Report",Distribution System Reliability,https://www.eia.gov/electricity/data/eia861/,https://www.eia.gov/electricity/data/eia861/zip/f8612024.zip,https://s3.us-west-2.amazonaws.com/pudl.catalyst.coop/stable/core_eia861__yearly_reliability.parquet,https://catalystcoop-pudl.readthedocs.io/en/stable/data_sources/eia861.html,final,2026-08-08
MTC_NY_RGE,16183,Rochester Gas & Electric Corp,Rochester Gas & Electric,NY,2013,MTC,MTC,Avangrid / Iberdrola S.A.,Spain,reported,other_standard,False,consistent_other_standard,365870.0,Investor Owned,,34.5,False,F,False,150.0,81.0,,0.91,0.74,,164.83516,109.45946,,6,True,Derived by PUDL as SAIDI divided by SAIFI,exact_match,descriptive_only_non_ieee_method,,not_independently_checked,,,,,,,,,,,descriptive_only_non_ieee_method,"Utility reports using a non-IEEE method allowed by EIA; retain for within-utility description, but do not pool directly with IEEE rows.",Utility-reported EIA-861 data standardized by PUDL,"EIA Form 861, Annual Electric Power Industry Report",Distribution System Reliability,https://www.eia.gov/electricity/data/eia861/,https://www.eia.gov/electricity/data/eia861/archive/zip/f8612013.zip,https://s3.us-west-2.amazonaws.com/pudl.catalyst.coop/stable/core_eia861__yearly_reliability.parquet,https://catalystcoop-pudl.readthedocs.io/en/stable/data_sources/eia861.html,final,2026-08-08
MTC_NY_RGE,16183,Rochester Gas & Electric Corp,Rochester Gas & Electric,NY,2014,MTC,MTC,Avangrid / Iberdrola S.A.,Spain,reported,other_standard,False,consistent_other_standard,369072.0,Investor Owned,,34.5,False,F,False,117.6,79.2,,0.85,0.76,,138.35294,104.21053,,6,True,Derived by PUDL as SAIDI divided by SAIFI,exact_match,descriptive_only_non_ieee_method,,not_independently_checked,,,,,,,,,,,descriptive_only_non_ieee_method,"Utility reports using a non-IEEE method allowed by EIA; retain for within-utility description, but do not pool directly with IEEE rows.",Utility-reported EIA-861 data standardized by PUDL,"EIA Form 861, Annual Electric Power Industry Report",Distribution System Reliability,https://www.eia.gov/electricity/data/eia861/,https://www.eia.gov/electricity/data/eia861/archive/zip/f8612014.zip,https://s3.us-west-2.amazonaws.com/pudl.catalyst.coop/stable/core_eia861__yearly_reliability.parquet,https://catalystcoop-pudl.readthedocs.io/en/stable/data_sources/eia861.html,final,2026-08-08
MTC_NY_RGE,16183,Rochester Gas & Electric Corp,Rochester Gas & Electric,NY,2015,MTC,MTC,Avangrid / Iberdrola S.A.,Spain,reported,other_standard,False,consistent_other_standard,371431.0,Investor Owned,,34.5,False,F,False,110.4,82.2,,0.868,0.75,,127.18894,109.6,,6,True,Derived by PUDL as SAIDI divided by SAIFI,exact_match,descriptive_only_non_ieee_method,,not_independently_checked,,,,,,,,,,,descriptive_only_non_ieee_method,"Utility reports using a non-IEEE method allowed by EIA; retain for within-utility description, but do not pool directly with IEEE rows.",Utility-reported EIA-861 data standardized by PUDL,"EIA Form 861, Annual Electric Power Industry Report",Distribution System Reliability,https://www.eia.gov/electricity/data/eia861/,https://www.eia.gov/electricity/data/eia861/archive/zip/f8612015.zip,https://s3.us-west-2.amazonaws.com/pudl.catalyst.coop/stable/core_eia861__yearly_reliability.parquet,https://catalystcoop-pudl.readthedocs.io/en/stable/data_sources/eia861.html,final,2026-08-08
MTC_NY_RGE,16183,Rochester Gas & Electric Corp,Rochester Gas & Electric,NY,2016,MTC,MTC,Avangrid / Iberdrola S.A.,Spain,reported,other_standard,False,consistent_other_standard,371886.0,Investor Owned,,34.5,False,O,False,87.0,61.8,,0.7,0.58,,124.28571,106.55172,,6,True,Derived by PUDL as SAIDI divided by SAIFI,exact_match,descriptive_only_non_ieee_method,,not_independently_checked,,,,,,,,,,,descriptive_only_non_ieee_method,"Utility reports using a non-IEEE method allowed by EIA; retain for within-utility description, but do not pool directly with IEEE rows.",Utility-reported EIA-861 data standardized by PUDL,"EIA Form 861, Annual Electric Power Industry Report",Distribution System Reliability,https://www.eia.gov/electricity/data/eia861/,https://www.eia.gov/electricity/data/eia861/archive/zip/f8612016.zip,https://s3.us-west-2.amazonaws.com/pudl.catalyst.coop/stable/core_eia861__yearly_reliability.parquet,https://catalystcoop-pudl.readthedocs.io/en/stable/data_sources/eia861.html,final,2026-08-08
MTC_NY_RGE,16183,Rochester Gas & Electric Corp,Rochester Gas & Electric,NY,2017,MTC,MTC,Avangrid / Iberdrola S.A.,Spain,reported,other_standard,False,consistent_other_standard,374586.0,Investor Owned,,34.5,False,O,False,1458.6,62.4,,1.33,0.59,,1096.6917,105.76271,,6,True,Derived by PUDL as SAIDI divided by SAIFI,exact_match,descriptive_only_non_ieee_method,,not_independently_checked,,,,,,,,,,,descriptive_only_non_ieee_method,"Utility reports using a non-IEEE method allowed by EIA; retain for within-utility description, but do not pool directly with IEEE rows.",Utility-reported EIA-861 data standardized by PUDL,"EIA Form 861, Annual Electric Power Industry Report",Distribution System Reliability,https://www.eia.gov/electricity/data/eia861/,https://www.eia.gov/electricity/data/eia861/archive/zip/f8612017.zip,https://s3.us-west-2.amazonaws.com/pudl.catalyst.coop/stable/core_eia861__yearly_reliability.parquet,https://catalystcoop-pudl.readthedocs.io/en/stable/data_sources/eia861.html,final,2026-08-08
MTC_NY_RGE,16183,Rochester Gas & Electric Corp,Rochester Gas & Electric,NY,2018,MTC,MTC,Avangrid / Iberdrola S.A.,Spain,reported,other_standard,False,consistent_other_standard,377943.0,Investor Owned,,34.5,False,O,False,216.74,80.4,,0.99,0.75,,218.92929,107.2,,6,True,Derived by PUDL as SAIDI divided by SAIFI,exact_match,descriptive_only_non_ieee_method,,not_independently_checked,,,,,,,,,,,descriptive_only_non_ieee_method,"Utility reports using a non-IEEE method allowed by EIA; retain for within-utility description, but do not pool directly with IEEE rows.",Utility-reported EIA-861 data standardized by PUDL,"EIA Form 861, Annual Electric Power Industry Report",Distribution System Reliability,https://www.eia.gov/electricity/data/eia861/,https://www.eia.gov/electricity/data/eia861/archive/zip/f8612018.zip,https://s3.us-west-2.amazonaws.com/pudl.catalyst.coop/stable/core_eia861__yearly_reliability.parquet,https://catalystcoop-pudl.readthedocs.io/en/stable/data_sources/eia861.html,final,2026-08-08
MTC_NY_RGE,16183,Rochester Gas & Electric Corp,Rochester Gas & Electric,NY,2019,MTC,MTC,Avangrid / Iberdrola S.A.,Spain,reported,other_standard,False,consistent_other_standard,379141.0,Investor Owned,,34.5,,O,False,134.4,79.8,,0.92,0.72,,146.08696,110.83333,,6,True,Derived by PUDL as SAIDI divided by SAIFI,exact_match,descriptive_only_non_ieee_method,,not_independently_checked,,,,,,,,,,,descriptive_only_non_ieee_method,"Utility reports using a non-IEEE method allowed by EIA; retain for within-utility description, but do not pool directly with IEEE rows.",Utility-reported EIA-861 data standardized by PUDL,"EIA Form 861, Annual Electric Power Industry Report",Distribution System Reliability,https://www.eia.gov/electricity/data/eia861/,https://www.eia.gov/electricity/data/eia861/archive/zip/f8612019.zip,https://s3.us-west-2.amazonaws.com/pudl.catalyst.coop/stable/core_eia861__yearly_reliability.parquet,https://catalystcoop-pudl.readthedocs.io/en/stable/data_sources/eia861.html,final,2026-08-08
MTC_NY_RGE,16183,Rochester Gas & Electric Corp,Rochester Gas & Electric,NY,2020,MTC,MTC,Avangrid / Iberdrola S.A.,Spain,reported,other_standard,False,consistent_other_standard,338655.0,Investor Owned,,34.5,False,O,False,124.75,93.46,,1.02,0.88,,122.30392,106.20455,,6,True,Derived by PUDL as SAIDI divided by SAIFI,exact_match,descriptive_only_non_ieee_method,,not_independently_checked,,,,,,,,,,,descriptive_only_non_ieee_method,"Utility reports using a non-IEEE method allowed by EIA; retain for within-utility description, but do not pool directly with IEEE rows.",Utility-reported EIA-861 data standardized by PUDL,"EIA Form 861, Annual Electric Power Industry Report",Distribution System Reliability,https://www.eia.gov/electricity/data/eia861/,https://www.eia.gov/electricity/data/eia861/archive/zip/f8612020.zip,https://s3.us-west-2.amazonaws.com/pudl.catalyst.coop/stable/core_eia861__yearly_reliability.parquet,https://catalystcoop-pudl.readthedocs.io/en/stable/data_sources/eia861.html,final,2026-08-08
MTC_NY_RGE,16183,Rochester Gas & Electric Corp,Rochester Gas & Electric,NY,2021,MTC,MTC,Avangrid / Iberdrola S.A.,Spain,reported,other_standard,False,consistent_other_standard,384785.0,Investor Owned,,34.5,False,,False,280.2,121.8,,1.37,1.13,,204.52555,107.78761,,6,True,Derived by PUDL as SAIDI divided by SAIFI,exact_match,descriptive_only_non_ieee_method,,not_independently_checked,,,,,,,,,,,descriptive_only_non_ieee_method,"Utility reports using a non-IEEE method allowed by EIA; retain for within-utility description, but do not pool directly with IEEE rows.",Utility-reported EIA-861 data standardized by PUDL,"EIA Form 861, Annual Electric Power Industry Report",Distribution System Reliability,https://www.eia.gov/electricity/data/eia861/,https://www.eia.gov/electricity/data/eia861/archive/zip/f8612021.zip,https://s3.us-west-2.amazonaws.com/pudl.catalyst.coop/stable/core_eia861__yearly_reliability.parquet,https://catalystcoop-pudl.readthedocs.io/en/stable/data_sources/eia861.html,final,2026-08-08
MTC_NY_RGE,16183,Rochester Gas & Electric Corp,Rochester Gas & Electric,NY,2022,MTC,MTC,Avangrid / Iberdrola S.A.,Spain,reported,other_standard,False,consistent_other_standard,384274.0,Investor Owned,,34.5,False,F,False,196.02,81.29,,1.18,0.83,,166.11864,97.939759,,6,True,Derived by PUDL as SAIDI divided by SAIFI,exact_match,descriptive_only_non_ieee_method,,not_independently_checked,,,,,,,,,,,descriptive_only_non_ieee_method,"Utility reports using a non-IEEE method allowed by EIA; retain for within-utility description, but do not pool directly with IEEE rows.",Utility-reported EIA-861 data standardized by PUDL,"EIA Form 861, Annual Electric Power Industry Report",Distribution System Reliability,https://www.eia.gov/electricity/data/eia861/,https://www.eia.gov/electricity/data/eia861/archive/zip/f8612022.zip,https://s3.us-west-2.amazonaws.com/pudl.catalyst.coop/stable/core_eia861__yearly_reliability.parquet,https://catalystcoop-pudl.readthedocs.io/en/stable/data_sources/eia861.html,final,2026-08-08
MTC_NY_RGE,16183,Rochester Gas & Electric Corp,Rochester Gas & Electric,NY,2023,MTC,MTC,Avangrid / Iberdrola S.A.,Spain,reported,other_standard,False,consistent_other_standard,385815.0,Investor Owned,,34.5,False,F,False,102.2,72.73,,0.84,0.71,,121.66667,102.43662,,6,True,Derived by PUDL as SAIDI divided by SAIFI,exact_match,descriptive_only_non_ieee_method,,not_independently_checked,,,,,,,,,,,descriptive_only_non_ieee_method,"Utility reports using a non-IEEE method allowed by EIA; retain for within-utility description, but do not pool directly with IEEE rows.",Utility-reported EIA-861 data standardized by PUDL,"EIA Form 861, Annual Electric Power Industry Report",Distribution System Reliability,https://www.eia.gov/electricity/data/eia861/,https://www.eia.gov/electricity/data/eia861/archive/zip/f8612023.zip,https://s3.us-west-2.amazonaws.com/pudl.catalyst.coop/stable/core_eia861__yearly_reliability.parquet,https://catalystcoop-pudl.readthedocs.io/en/stable/data_sources/eia861.html,final,2026-08-08
MTC_NY_RGE,16183,Rochester Gas & Electric Corp,Rochester Gas & Electric,NY,2024,MTC,MTC,Avangrid / Iberdrola S.A.,Spain,reported,other_standard,False,consistent_other_standard,384882.0,Investor Owned,,34.5,False,F,False,138.6,81.0,,1.07,0.83,,129.53271,97.590361,,6,True,Derived by PUDL as SAIDI divided by SAIFI,exact_match,descriptive_only_non_ieee_method,,not_independently_checked,,,,,,,,,,,descriptive_only_non_ieee_method,"Utility reports using a non-IEEE method allowed by EIA; retain for within-utility description, but do not pool directly with IEEE rows.",Utility-reported EIA-861 data standardized by PUDL,"EIA Form 861, Annual Electric Power Industry Report",Distribution System Reliability,https://www.eia.gov/electricity/data/eia861/,https://www.eia.gov/electricity/data/eia861/zip/f8612024.zip,https://s3.us-west-2.amazonaws.com/pudl.catalyst.coop/stable/core_eia861__yearly_reliability.parquet,https://catalystcoop-pudl.readthedocs.io/en/stable/data_sources/eia861.html,final,2026-08-08
MTC_VT_GMP,7601,Green Mountain Power Corp,Green Mountain Power,VT,2013,MTC,MTC,Energir L.P.,Canada,reported,other_standard,False,consistent_other_standard,258916.0,Investor Owned,,34.5,False,O,True,444.0,259.8,,2.333,1.91,,190.3129,136.02094,,6,True,Derived by PUDL as SAIDI divided by SAIFI,exact_match,descriptive_only_non_ieee_method,,not_independently_checked,,,,,,,,,,,descriptive_only_non_ieee_method,"Utility reports using a non-IEEE method allowed by EIA; retain for within-utility description, but do not pool directly with IEEE rows.",Utility-reported EIA-861 data standardized by PUDL,"EIA Form 861, Annual Electric Power Industry Report",Distribution System Reliability,https://www.eia.gov/electricity/data/eia861/,https://www.eia.gov/electricity/data/eia861/archive/zip/f8612013.zip,https://s3.us-west-2.amazonaws.com/pudl.catalyst.coop/stable/core_eia861__yearly_reliability.parquet,https://catalystcoop-pudl.readthedocs.io/en/stable/data_sources/eia861.html,final,2026-08-08
MTC_VT_GMP,7601,Green Mountain Power Corp,Green Mountain Power,VT,2014,MTC,MTC,Energir L.P.,Canada,reported,other_standard,False,consistent_other_standard,258932.0,Investor Owned,,34.5,False,O,True,763.0,217.0,,2.24,1.54,,340.625,140.90909,,6,True,Derived by PUDL as SAIDI divided by SAIFI,exact_match,descriptive_only_non_ieee_method,,not_independently_checked,,,,,,,,,,,descriptive_only_non_ieee_method,"Utility reports using a non-IEEE method allowed by EIA; retain for within-utility description, but do not pool directly with IEEE rows.",Utility-reported EIA-861 data standardized by PUDL,"EIA Form 861, Annual Electric Power Industry Report",Distribution System Reliability,https://www.eia.gov/electricity/data/eia861/,https://www.eia.gov/electricity/data/eia861/archive/zip/f8612014.zip,https://s3.us-west-2.amazonaws.com/pudl.catalyst.coop/stable/core_eia861__yearly_reliability.parquet,https://catalystcoop-pudl.readthedocs.io/en/stable/data_sources/eia861.html,final,2026-08-08
MTC_VT_GMP,7601,Green Mountain Power Corp,Green Mountain Power,VT,2015,MTC,MTC,Energir L.P.,Canada,reported,other_standard,False,consistent_other_standard,260631.0,Investor Owned,,34.5,False,O,True,207.6,207.6,,1.74,1.74,,119.31034,119.31034,,6,True,Derived by PUDL as SAIDI divided by SAIFI,exact_match,descriptive_only_non_ieee_method,,not_independently_checked,,,,,,,,,,,descriptive_only_non_ieee_method,"Utility reports using a non-IEEE method allowed by EIA; retain for within-utility description, but do not pool directly with IEEE rows.",Utility-reported EIA-861 data standardized by PUDL,"EIA Form 861, Annual Electric Power Industry Report",Distribution System Reliability,https://www.eia.gov/electricity/data/eia861/,https://www.eia.gov/electricity/data/eia861/archive/zip/f8612015.zip,https://s3.us-west-2.amazonaws.com/pudl.catalyst.coop/stable/core_eia861__yearly_reliability.parquet,https://catalystcoop-pudl.readthedocs.io/en/stable/data_sources/eia861.html,final,2026-08-08
MTC_VT_GMP,7601,Green Mountain Power Corp,Green Mountain Power,VT,2016,MTC,MTC,Energir L.P.,Canada,reported,other_standard,False,consistent_other_standard,262316.0,Investor Owned,,34.5,True,F,True,382.59,285.22,,1.97,1.84,,194.20812,155.01087,,6,True,Derived by PUDL as SAIDI divided by SAIFI,exact_match,descriptive_only_non_ieee_method,,not_independently_checked,,,,,,,,,,,descriptive_only_non_ieee_method,"Utility reports using a non-IEEE method allowed by EIA; retain for within-utility description, but do not pool directly with IEEE rows.",Utility-reported EIA-861 data standardized by PUDL,"EIA Form 861, Annual Electric Power Industry Report",Distribution System Reliability,https://www.eia.gov/electricity/data/eia861/,https://www.eia.gov/electricity/data/eia861/archive/zip/f8612016.zip,https://s3.us-west-2.amazonaws.com/pudl.catalyst.coop/stable/core_eia861__yearly_reliability.parquet,https://catalystcoop-pudl.readthedocs.io/en/stable/data_sources/eia861.html,final,2026-08-08
MTC_VT_GMP,7601,Green Mountain Power Corp,Green Mountain Power,VT,2017,MTC,MTC,Energir L.P.,Canada,reported,other_standard,False,consistent_other_standard,263895.0,Investor Owned,,34.5,False,F,True,735.33,256.06,,2.52,1.93,,291.79762,132.67358,,6,True,Derived by PUDL as SAIDI divided by SAIFI,exact_match,descriptive_only_non_ieee_method,,not_independently_checked,,,,,,,,,,,descriptive_only_non_ieee_method,"Utility reports using a non-IEEE method allowed by EIA; retain for within-utility description, but do not pool directly with IEEE rows.",Utility-reported EIA-861 data standardized by PUDL,"EIA Form 861, Annual Electric Power Industry Report",Distribution System Reliability,https://www.eia.gov/electricity/data/eia861/,https://www.eia.gov/electricity/data/eia861/archive/zip/f8612017.zip,https://s3.us-west-2.amazonaws.com/pudl.catalyst.coop/stable/core_eia861__yearly_reliability.parquet,https://catalystcoop-pudl.readthedocs.io/en/stable/data_sources/eia861.html,final,2026-08-08
MTC_VT_GMP,7601,Green Mountain Power Corp,Green Mountain Power,VT,2018,MTC,MTC,Energir L.P.,Canada,reported,other_standard,False,consistent_other_standard,264748.0,Investor Owned,,34.5,False,F,True,909.05,245.15,,2.69,1.83,,337.9368,133.96175,,6,True,Derived by PUDL as SAIDI divided by SAIFI,exact_match,descriptive_only_non_ieee_method,,not_independently_checked,,,,,,,,,,,descriptive_only_non_ieee_method,"Utility reports using a non-IEEE method allowed by EIA; retain for within-utility description, but do not pool directly with IEEE rows.",Utility-reported EIA-861 data standardized by PUDL,"EIA Form 861, Annual Electric Power Industry Report",Distribution System Reliability,https://www.eia.gov/electricity/data/eia861/,https://www.eia.gov/electricity/data/eia861/archive/zip/f8612018.zip,https://s3.us-west-2.amazonaws.com/pudl.catalyst.coop/stable/core_eia861__yearly_reliability.parquet,https://catalystcoop-pudl.readthedocs.io/en/stable/data_sources/eia861.html,final,2026-08-08
MTC_VT_GMP,7601,Green Mountain Power Corp,Green Mountain Power,VT,2019,MTC,MTC,Energir L.P.,Canada,reported,other_standard,False,consistent_other_standard,266370.0,Investor Owned,,34.5,False,F,True,474.81,168.61,,2.019,1.458,,235.17088,115.64472,,6,True,Derived by PUDL as SAIDI divided by SAIFI,exact_match,descriptive_only_non_ieee_method,,not_independently_checked,,,,,,,,,,,descriptive_only_non_ieee_method,"Utility reports using a non-IEEE method allowed by EIA; retain for within-utility description, but do not pool directly with IEEE rows.",Utility-reported EIA-861 data standardized by PUDL,"EIA Form 861, Annual Electric Power Industry Report",Distribution System Reliability,https://www.eia.gov/electricity/data/eia861/,https://www.eia.gov/electricity/data/eia861/archive/zip/f8612019.zip,https://s3.us-west-2.amazonaws.com/pudl.catalyst.coop/stable/core_eia861__yearly_reliability.parquet,https://catalystcoop-pudl.readthedocs.io/en/stable/data_sources/eia861.html,final,2026-08-08
MTC_VT_GMP,7601,Green Mountain Power Corp,Green Mountain Power,VT,2020,MTC,MTC,Energir L.P.,Canada,reported,other_standard,False,consistent_other_standard,267566.0,Investor Owned,,34.5,False,F,True,270.0,270.0,,1.97,1.97,,137.05584,137.05584,,6,True,Derived by PUDL as SAIDI divided by SAIFI,exact_match,descriptive_only_non_ieee_method,,not_independently_checked,,,,,,,,,,,descriptive_only_non_ieee_method,"Utility reports using a non-IEEE method allowed by EIA; retain for within-utility description, but do not pool directly with IEEE rows.",Utility-reported EIA-861 data standardized by PUDL,"EIA Form 861, Annual Electric Power Industry Report",Distribution System Reliability,https://www.eia.gov/electricity/data/eia861/,https://www.eia.gov/electricity/data/eia861/archive/zip/f8612020.zip,https://s3.us-west-2.amazonaws.com/pudl.catalyst.coop/stable/core_eia861__yearly_reliability.parquet,https://catalystcoop-pudl.readthedocs.io/en/stable/data_sources/eia861.html,final,2026-08-08
MTC_VT_GMP,7601,Green Mountain Power Corp,Green Mountain Power,VT,2021,MTC,MTC,Energir L.P.,Canada,reported,other_standard,False,consistent_other_standard,270676.0,Investor Owned,,34.5,False,F,True,327.6,269.4,,2.25,2.08,,145.6,129.51923,,6,True,Derived by PUDL as SAIDI divided by SAIFI,exact_match,descriptive_only_non_ieee_method,,not_independently_checked,,,,,,,,,,,descriptive_only_non_ieee_method,"Utility reports using a non-IEEE method allowed by EIA; retain for within-utility description, but do not pool directly with IEEE rows.",Utility-reported EIA-861 data standardized by PUDL,"EIA Form 861, Annual Electric Power Industry Report",Distribution System Reliability,https://www.eia.gov/electricity/data/eia861/,https://www.eia.gov/electricity/data/eia861/archive/zip/f8612021.zip,https://s3.us-west-2.amazonaws.com/pudl.catalyst.coop/stable/core_eia861__yearly_reliability.parquet,https://catalystcoop-pudl.readthedocs.io/en/stable/data_sources/eia861.html,final,2026-08-08
MTC_VT_GMP,7601,Green Mountain Power Corp,Green Mountain Power,VT,2022,MTC,MTC,Energir L.P.,Canada,reported,other_standard,False,consistent_other_standard,271699.0,Investor Owned,,35.0,False,F,True,970.8,280.8,,2.77,1.97,,350.46931,142.53807,,6,True,Derived by PUDL as SAIDI divided by SAIFI,exact_match,descriptive_only_non_ieee_method,,not_independently_checked,,,,,,,,,,,descriptive_only_non_ieee_method,"Utility reports using a non-IEEE method allowed by EIA; retain for within-utility description, but do not pool directly with IEEE rows.",Utility-reported EIA-861 data standardized by PUDL,"EIA Form 861, Annual Electric Power Industry Report",Distribution System Reliability,https://www.eia.gov/electricity/data/eia861/,https://www.eia.gov/electricity/data/eia861/archive/zip/f8612022.zip,https://s3.us-west-2.amazonaws.com/pudl.catalyst.coop/stable/core_eia861__yearly_reliability.parquet,https://catalystcoop-pudl.readthedocs.io/en/stable/data_sources/eia861.html,final,2026-08-08
MTC_VT_GMP,7601,Green Mountain Power Corp,Green Mountain Power,VT,2023,MTC,MTC,Energir L.P.,Canada,reported,other_standard,False,consistent_other_standard,273284.0,Investor Owned,,35.0,False,F,True,782.4,223.8,,2.51,1.61,,311.71315,139.00621,,6,True,Derived by PUDL as SAIDI divided by SAIFI,exact_match,descriptive_only_non_ieee_method,,not_independently_checked,,,,,,,,,,,descriptive_only_non_ieee_method,"Utility reports using a non-IEEE method allowed by EIA; retain for within-utility description, but do not pool directly with IEEE rows.",Utility-reported EIA-861 data standardized by PUDL,"EIA Form 861, Annual Electric Power Industry Report",Distribution System Reliability,https://www.eia.gov/electricity/data/eia861/,https://www.eia.gov/electricity/data/eia861/archive/zip/f8612023.zip,https://s3.us-west-2.amazonaws.com/pudl.catalyst.coop/stable/core_eia861__yearly_reliability.parquet,https://catalystcoop-pudl.readthedocs.io/en/stable/data_sources/eia861.html,final,2026-08-08
MTC_VT_GMP,7601,Green Mountain Power Corp,Green Mountain Power,VT,2024,MTC,MTC,Energir L.P.,Canada,reported,other_standard,False,consistent_other_standard,275233.0,Investor Owned,,35.0,False,F,True,667.2,281.4,,2.49,1.7,,267.95181,165.52941,,6,True,Derived by PUDL as SAIDI divided by SAIFI,exact_match,descriptive_only_non_ieee_method,,not_independently_checked,,,,,,,,,,,descriptive_only_non_ieee_method,"Utility reports using a non-IEEE method allowed by EIA; retain for within-utility description, but do not pool directly with IEEE rows.",Utility-reported EIA-861 data standardized by PUDL,"EIA Form 861, Annual Electric Power Industry Report",Distribution System Reliability,https://www.eia.gov/electricity/data/eia861/,https://www.eia.gov/electricity/data/eia861/zip/f8612024.zip,https://s3.us-west-2.amazonaws.com/pudl.catalyst.coop/stable/core_eia861__yearly_reliability.parquet,https://catalystcoop-pudl.readthedocs.io/en/stable/data_sources/eia861.html,final,2026-08-08
