panel_id,utility_id_eia,utility_name_eia,display_name,state,year,ownership,ownership_2024,parent_or_owner,parent_country_or_level,eia_ownership_label,residential_average_price_cents_kwh,bundled_residential_customers,bundled_residential_sales_mwh,pudl_bundled_residential_customers,delivery_only_residential_customers,total_distribution_residential_customers,bundled_residential_customer_share_pct,residential_coverage_flag,residential_source_status,residential_source_table,residential_coverage_reconciliation,commercial_average_price_cents_kwh,bundled_commercial_customers,bundled_commercial_sales_mwh,pudl_bundled_commercial_customers,delivery_only_commercial_customers,total_distribution_commercial_customers,bundled_commercial_customer_share_pct,commercial_coverage_flag,commercial_source_status,commercial_source_table,commercial_coverage_reconciliation,industrial_average_price_cents_kwh,bundled_industrial_customers,bundled_industrial_sales_mwh,pudl_bundled_industrial_customers,delivery_only_industrial_customers,total_distribution_industrial_customers,bundled_industrial_customer_share_pct,industrial_coverage_flag,industrial_source_status,industrial_source_table,industrial_coverage_reconciliation,coverage_source_status,coverage_source_url,coverage_flag_rule,source_report,source_url,retrieved_date,ownership_history_note,ownership_source_url,ownership_history_source_url
COOP_CT_NORWICH,13831,City of Norwich - (CT),Norwich Public Utilities,CT,2013,COOP,COOP,City of Norwich,Local municipal,Municipal,16.241238,17429,127393,17429,0,17429,100.0,majority_coverage,Reported,Table 6: Utility Bundled Retail Sales - Residential,EIA Table 6 bundled customers match PUDL bundled customers,13.72676,2570,169053,2570,0,2570,100.0,majority_coverage,Reported,Table 7: Utility Bundled Retail Sales - Commercial,EIA Table 7 bundled customers match PUDL bundled customers,12.964968,15,34540,15,0,15,100.0,majority_coverage,Reported,Table 8: Utility Bundled Retail Sales - Industrial,EIA Table 8 bundled customers match PUDL bundled customers,Derived from reported customer counts,https://s3.us-west-2.amazonaws.com/pudl.catalyst.coop/stable/core_eia861__yearly_sales.parquet,minority_coverage when the published bundled price covers less than 50% of bundled plus delivery-only customers in the same customer class; the price is not changed,"EIA Electric Sales, Revenue, and Average Price",https://www.eia.gov/electricity/sales_revenue_price/archive/f8612013.zip,2026-08-08,COOP throughout the proposed panel,https://www.norwichct.gov/272/Public-Utilities,
COOP_CT_NORWICH,13831,City of Norwich - (CT),Norwich Public Utilities,CT,2014,COOP,COOP,City of Norwich,Local municipal,Municipal,17.735607,17423,125389,17423,0,17423,100.0,majority_coverage,Reported,Table 6: Utility Bundled Retail Sales - Residential,EIA Table 6 bundled customers match PUDL bundled customers,15.147182,2568,167140,2568,0,2568,100.0,majority_coverage,Reported,Table 7: Utility Bundled Retail Sales - Commercial,EIA Table 7 bundled customers match PUDL bundled customers,14.087041,14,34903,14,0,14,100.0,majority_coverage,Reported,Table 8: Utility Bundled Retail Sales - Industrial,EIA Table 8 bundled customers match PUDL bundled customers,Derived from reported customer counts,https://s3.us-west-2.amazonaws.com/pudl.catalyst.coop/stable/core_eia861__yearly_sales.parquet,minority_coverage when the published bundled price covers less than 50% of bundled plus delivery-only customers in the same customer class; the price is not changed,"EIA Electric Sales, Revenue, and Average Price",https://www.eia.gov/electricity/sales_revenue_price/archive/f8612014.zip,2026-08-08,COOP throughout the proposed panel,https://www.norwichct.gov/272/Public-Utilities,
COOP_CT_NORWICH,13831,City of Norwich - (CT),Norwich Public Utilities,CT,2015,COOP,COOP,City of Norwich,Local municipal,Municipal,19.6232,17485,126433,17485,0,17485,100.0,majority_coverage,Reported,Table 6: Utility Bundled Retail Sales - Residential,EIA Table 6 bundled customers match PUDL bundled customers,16.826053,2553,167016,2553,0,2553,100.0,majority_coverage,Reported,Table 7: Utility Bundled Retail Sales - Commercial,EIA Table 7 bundled customers match PUDL bundled customers,15.892936,11,31738,11,0,11,100.0,majority_coverage,Reported,Table 8: Utility Bundled Retail Sales - Industrial,EIA Table 8 bundled customers match PUDL bundled customers,Derived from reported customer counts,https://s3.us-west-2.amazonaws.com/pudl.catalyst.coop/stable/core_eia861__yearly_sales.parquet,minority_coverage when the published bundled price covers less than 50% of bundled plus delivery-only customers in the same customer class; the price is not changed,"EIA Electric Sales, Revenue, and Average Price",https://www.eia.gov/electricity/sales_revenue_price/archive/f8612015.zip,2026-08-08,COOP throughout the proposed panel,https://www.norwichct.gov/272/Public-Utilities,
COOP_CT_NORWICH,13831,City of Norwich - (CT),Norwich Public Utilities,CT,2016,COOP,COOP,City of Norwich,Local municipal,Municipal,19.69577,17485,120731,17485,0,17485,100.0,majority_coverage,Reported,Table 6: Utility Bundled Retail Sales - Residential,EIA Table 6 bundled customers match PUDL bundled customers,16.528121,2552,163243,2552,0,2552,100.0,majority_coverage,Reported,Table 7: Utility Bundled Retail Sales - Commercial,EIA Table 7 bundled customers match PUDL bundled customers,15.482788,9,31577,9,0,9,100.0,majority_coverage,Reported,Table 8: Utility Bundled Retail Sales - Industrial,EIA Table 8 bundled customers match PUDL bundled customers,Derived from reported customer counts,https://s3.us-west-2.amazonaws.com/pudl.catalyst.coop/stable/core_eia861__yearly_sales.parquet,minority_coverage when the published bundled price covers less than 50% of bundled plus delivery-only customers in the same customer class; the price is not changed,"EIA Electric Sales, Revenue, and Average Price",https://www.eia.gov/electricity/sales_revenue_price/archive/f8612016.zip,2026-08-08,COOP throughout the proposed panel,https://www.norwichct.gov/272/Public-Utilities,
COOP_CT_NORWICH,13831,City of Norwich - (CT),Norwich Public Utilities,CT,2017,COOP,COOP,City of Norwich,Local municipal,Municipal,19.32797,17613,119087,17613,0,17613,100.0,majority_coverage,Reported,Table 6: Utility Bundled Retail Sales - Residential,EIA Table 6 bundled customers match PUDL bundled customers,16.162625,2552,157282,2552,0,2552,100.0,majority_coverage,Reported,Table 7: Utility Bundled Retail Sales - Commercial,EIA Table 7 bundled customers match PUDL bundled customers,14.900964,10,30090,10,0,10,100.0,majority_coverage,Reported,Table 8: Utility Bundled Retail Sales - Industrial,EIA Table 8 bundled customers match PUDL bundled customers,Derived from reported customer counts,https://s3.us-west-2.amazonaws.com/pudl.catalyst.coop/stable/core_eia861__yearly_sales.parquet,minority_coverage when the published bundled price covers less than 50% of bundled plus delivery-only customers in the same customer class; the price is not changed,"EIA Electric Sales, Revenue, and Average Price",https://www.eia.gov/electricity/sales_revenue_price/archive/f8612017.zip,2026-08-08,COOP throughout the proposed panel,https://www.norwichct.gov/272/Public-Utilities,
COOP_CT_NORWICH,13831,City of Norwich - (CT),Norwich Public Utilities,CT,2018,COOP,COOP,City of Norwich,Local municipal,Municipal,19.461177,17756,128688,17756,0,17756,100.0,majority_coverage,Reported,Table 6: Utility Bundled Retail Sales - Residential,EIA Table 6 bundled customers match PUDL bundled customers,16.24962,2532,158008,2532,0,2532,100.0,majority_coverage,Reported,Table 7: Utility Bundled Retail Sales - Commercial,EIA Table 7 bundled customers match PUDL bundled customers,14.737122,10,30090,10,0,10,100.0,majority_coverage,Reported,Table 8: Utility Bundled Retail Sales - Industrial,EIA Table 8 bundled customers match PUDL bundled customers,Derived from reported customer counts,https://s3.us-west-2.amazonaws.com/pudl.catalyst.coop/stable/core_eia861__yearly_sales.parquet,minority_coverage when the published bundled price covers less than 50% of bundled plus delivery-only customers in the same customer class; the price is not changed,"EIA Electric Sales, Revenue, and Average Price",https://www.eia.gov/electricity/sales_revenue_price/archive/f8612018.zip,2026-08-08,COOP throughout the proposed panel,https://www.norwichct.gov/272/Public-Utilities,
COOP_CT_NORWICH,13831,City of Norwich - (CT),Norwich Public Utilities,CT,2019,COOP,COOP,City of Norwich,Local municipal,Municipal,19.888324,17901,122766,17901,0,17901,100.0,majority_coverage,Reported,Table 6: Utility Bundled Retail Sales - Residential,EIA Table 6 bundled customers match PUDL bundled customers,16.356096,2546,148286,2546,0,2546,100.0,majority_coverage,Reported,Table 7: Utility Bundled Retail Sales - Commercial,EIA Table 7 bundled customers match PUDL bundled customers,14.602853,9,27131,9,0,9,100.0,majority_coverage,Reported,Table 8: Utility Bundled Retail Sales - Industrial,EIA Table 8 bundled customers match PUDL bundled customers,Derived from reported customer counts,https://s3.us-west-2.amazonaws.com/pudl.catalyst.coop/stable/core_eia861__yearly_sales.parquet,minority_coverage when the published bundled price covers less than 50% of bundled plus delivery-only customers in the same customer class; the price is not changed,"EIA Electric Sales, Revenue, and Average Price",https://www.eia.gov/electricity/sales_revenue_price/archive/f8612019.zip,2026-08-08,COOP throughout the proposed panel,https://www.norwichct.gov/272/Public-Utilities,
COOP_CT_NORWICH,13831,City of Norwich - (CT),Norwich Public Utilities,CT,2020,COOP,COOP,City of Norwich,Local municipal,Municipal,19.796919,18072,129505,18072,0,18072,100.0,majority_coverage,Reported,Table 6: Utility Bundled Retail Sales - Residential,EIA Table 6 bundled customers match PUDL bundled customers,16.440398,2483,135650,2483,0,2483,100.0,majority_coverage,Reported,Table 7: Utility Bundled Retail Sales - Commercial,EIA Table 7 bundled customers match PUDL bundled customers,15.580847,9,19945,9,0,9,100.0,majority_coverage,Reported,Table 8: Utility Bundled Retail Sales - Industrial,EIA Table 8 bundled customers match PUDL bundled customers,Derived from reported customer counts,https://s3.us-west-2.amazonaws.com/pudl.catalyst.coop/stable/core_eia861__yearly_sales.parquet,minority_coverage when the published bundled price covers less than 50% of bundled plus delivery-only customers in the same customer class; the price is not changed,"EIA Electric Sales, Revenue, and Average Price",https://www.eia.gov/electricity/sales_revenue_price/archive/f8612020.zip,2026-08-08,COOP throughout the proposed panel,https://www.norwichct.gov/272/Public-Utilities,
COOP_CT_NORWICH,13831,City of Norwich - (CT),Norwich Public Utilities,CT,2021,COOP,COOP,City of Norwich,Local municipal,Municipal,20.058157,18478,135151,18478,0,18478,100.0,majority_coverage,Reported,Table 6: Utility Bundled Retail Sales - Residential,EIA Table 6 bundled customers match PUDL bundled customers,16.635982,2154,134161,2154,0,2154,100.0,majority_coverage,Reported,Table 7: Utility Bundled Retail Sales - Commercial,EIA Table 7 bundled customers match PUDL bundled customers,18.554659,9,6815,9,0,9,100.0,majority_coverage,Reported,Table 8: Utility Bundled Retail Sales - Industrial,EIA Table 8 bundled customers match PUDL bundled customers,Derived from reported customer counts,https://s3.us-west-2.amazonaws.com/pudl.catalyst.coop/stable/core_eia861__yearly_sales.parquet,minority_coverage when the published bundled price covers less than 50% of bundled plus delivery-only customers in the same customer class; the price is not changed,"EIA Electric Sales, Revenue, and Average Price",https://www.eia.gov/electricity/sales_revenue_price/archive/f8612021.zip,2026-08-08,COOP throughout the proposed panel,https://www.norwichct.gov/272/Public-Utilities,
COOP_CT_NORWICH,13831,City of Norwich - (CT),Norwich Public Utilities,CT,2022,COOP,COOP,City of Norwich,Local municipal,Municipal,22.809475,18657,138218,18657,0,18657,100.0,majority_coverage,Reported,Table 6: Utility Bundled Retail Sales - Residential,EIA Table 6 bundled customers match PUDL bundled customers,19.497934,2081,131915,2081,0,2081,100.0,majority_coverage,Reported,Table 7: Utility Bundled Retail Sales - Commercial,EIA Table 7 bundled customers match PUDL bundled customers,17.52558,9,8014,9,0,9,100.0,majority_coverage,Reported,Table 8: Utility Bundled Retail Sales - Industrial,EIA Table 8 bundled customers match PUDL bundled customers,Derived from reported customer counts,https://s3.us-west-2.amazonaws.com/pudl.catalyst.coop/stable/core_eia861__yearly_sales.parquet,minority_coverage when the published bundled price covers less than 50% of bundled plus delivery-only customers in the same customer class; the price is not changed,"EIA Electric Sales, Revenue, and Average Price",https://www.eia.gov/electricity/sales_revenue_price/archive/f8612022.zip,2026-08-08,COOP throughout the proposed panel,https://www.norwichct.gov/272/Public-Utilities,
COOP_CT_NORWICH,13831,City of Norwich - (CT),Norwich Public Utilities,CT,2023,COOP,COOP,City of Norwich,Local municipal,Municipal,25.445149,18748,135067,18748,0,18748,100.0,majority_coverage,Reported,Table 6: Utility Bundled Retail Sales - Residential,EIA Table 6 bundled customers match PUDL bundled customers,22.270958,2047,127968,2047,0,2047,100.0,majority_coverage,Reported,Table 7: Utility Bundled Retail Sales - Commercial,EIA Table 7 bundled customers match PUDL bundled customers,20.656368,13,13270,13,0,13,100.0,majority_coverage,Reported,Table 8: Utility Bundled Retail Sales - Industrial,EIA Table 8 bundled customers match PUDL bundled customers,Derived from reported customer counts,https://s3.us-west-2.amazonaws.com/pudl.catalyst.coop/stable/core_eia861__yearly_sales.parquet,minority_coverage when the published bundled price covers less than 50% of bundled plus delivery-only customers in the same customer class; the price is not changed,"EIA Electric Sales, Revenue, and Average Price",https://www.eia.gov/electricity/sales_revenue_price/archive/f8612023.zip,2026-08-08,COOP throughout the proposed panel,https://www.norwichct.gov/272/Public-Utilities,
COOP_CT_NORWICH,13831,City of Norwich - (CT),Norwich Public Utilities,CT,2024,COOP,COOP,City of Norwich,Local municipal,Municipal,22.782728,18870,139392,18870,0,18870,100.0,majority_coverage,Reported,Table 6: Utility Bundled Retail Sales - Residential,EIA Table 6 bundled customers match PUDL bundled customers,20.309405,2014,127341,2014,0,2014,100.0,majority_coverage,Reported,Table 7: Utility Bundled Retail Sales - Commercial,EIA Table 7 bundled customers match PUDL bundled customers,18.361983,14,12973,14,0,14,100.0,majority_coverage,Reported,Table 8: Utility Bundled Retail Sales - Industrial,EIA Table 8 bundled customers match PUDL bundled customers,Derived from reported customer counts,https://s3.us-west-2.amazonaws.com/pudl.catalyst.coop/stable/core_eia861__yearly_sales.parquet,minority_coverage when the published bundled price covers less than 50% of bundled plus delivery-only customers in the same customer class; the price is not changed,"EIA Electric Sales, Revenue, and Average Price",https://www.eia.gov/electricity/sales_revenue_price/xls/f8612024.zip,2026-08-08,COOP throughout the proposed panel,https://www.norwichct.gov/272/Public-Utilities,
COOP_CT_WALLINGFORD,20038,Town of Wallingford - (CT),Wallingford Electric Division,CT,2013,COOP,COOP,Town of Wallingford,Local municipal,Municipal,12.911938,21092,213782,21092,0,21092,100.0,majority_coverage,Reported,Table 6: Utility Bundled Retail Sales - Residential,EIA Table 6 bundled customers match PUDL bundled customers,11.723661,3622,250902,3622,0,3622,100.0,majority_coverage,Reported,Table 7: Utility Bundled Retail Sales - Commercial,EIA Table 7 bundled customers match PUDL bundled customers,10.169298,24,137627,24,0,24,100.0,majority_coverage,Reported,Table 8: Utility Bundled Retail Sales - Industrial,EIA Table 8 bundled customers match PUDL bundled customers,Derived from reported customer counts,https://s3.us-west-2.amazonaws.com/pudl.catalyst.coop/stable/core_eia861__yearly_sales.parquet,minority_coverage when the published bundled price covers less than 50% of bundled plus delivery-only customers in the same customer class; the price is not changed,"EIA Electric Sales, Revenue, and Average Price",https://www.eia.gov/electricity/sales_revenue_price/archive/f8612013.zip,2026-08-08,COOP throughout the proposed panel,https://www.wallingfordct.gov/government/departments/public-utilities/,
COOP_CT_WALLINGFORD,20038,Town of Wallingford - (CT),Wallingford Electric Division,CT,2014,COOP,COOP,Town of Wallingford,Local municipal,Municipal,12.939094,21052,209830,21052,0,21052,100.0,majority_coverage,Reported,Table 6: Utility Bundled Retail Sales - Residential,EIA Table 6 bundled customers match PUDL bundled customers,11.703443,3630,247217,3630,0,3630,100.0,majority_coverage,Reported,Table 7: Utility Bundled Retail Sales - Commercial,EIA Table 7 bundled customers match PUDL bundled customers,10.111978,25,139403,25,0,25,100.0,majority_coverage,Reported,Table 8: Utility Bundled Retail Sales - Industrial,EIA Table 8 bundled customers match PUDL bundled customers,Derived from reported customer counts,https://s3.us-west-2.amazonaws.com/pudl.catalyst.coop/stable/core_eia861__yearly_sales.parquet,minority_coverage when the published bundled price covers less than 50% of bundled plus delivery-only customers in the same customer class; the price is not changed,"EIA Electric Sales, Revenue, and Average Price",https://www.eia.gov/electricity/sales_revenue_price/archive/f8612014.zip,2026-08-08,COOP throughout the proposed panel,https://www.wallingfordct.gov/government/departments/public-utilities/,
COOP_CT_WALLINGFORD,20038,Town of Wallingford - (CT),Wallingford Electric Division,CT,2015,COOP,COOP,Town of Wallingford,Local municipal,Municipal,12.797178,21131,214291,21131,0,21131,100.0,majority_coverage,Reported,Table 6: Utility Bundled Retail Sales - Residential,EIA Table 6 bundled customers match PUDL bundled customers,11.506997,3640,245548,3640,0,3640,100.0,majority_coverage,Reported,Table 7: Utility Bundled Retail Sales - Commercial,EIA Table 7 bundled customers match PUDL bundled customers,9.4742623,25,142029,25,0,25,100.0,majority_coverage,Reported,Table 8: Utility Bundled Retail Sales - Industrial,EIA Table 8 bundled customers match PUDL bundled customers,Derived from reported customer counts,https://s3.us-west-2.amazonaws.com/pudl.catalyst.coop/stable/core_eia861__yearly_sales.parquet,minority_coverage when the published bundled price covers less than 50% of bundled plus delivery-only customers in the same customer class; the price is not changed,"EIA Electric Sales, Revenue, and Average Price",https://www.eia.gov/electricity/sales_revenue_price/archive/f8612015.zip,2026-08-08,COOP throughout the proposed panel,https://www.wallingfordct.gov/government/departments/public-utilities/,
COOP_CT_WALLINGFORD,20038,Town of Wallingford - (CT),Wallingford Electric Division,CT,2016,COOP,COOP,Town of Wallingford,Local municipal,Municipal,12.874124,21169,209977,21169,0,21169,100.0,majority_coverage,Reported,Table 6: Utility Bundled Retail Sales - Residential,EIA Table 6 bundled customers match PUDL bundled customers,11.383569,3635,241860,3635,0,3635,100.0,majority_coverage,Reported,Table 7: Utility Bundled Retail Sales - Commercial,EIA Table 7 bundled customers match PUDL bundled customers,8.971766,26,146844,26,0,26,100.0,majority_coverage,Reported,Table 8: Utility Bundled Retail Sales - Industrial,EIA Table 8 bundled customers match PUDL bundled customers,Derived from reported customer counts,https://s3.us-west-2.amazonaws.com/pudl.catalyst.coop/stable/core_eia861__yearly_sales.parquet,minority_coverage when the published bundled price covers less than 50% of bundled plus delivery-only customers in the same customer class; the price is not changed,"EIA Electric Sales, Revenue, and Average Price",https://www.eia.gov/electricity/sales_revenue_price/archive/f8612016.zip,2026-08-08,COOP throughout the proposed panel,https://www.wallingfordct.gov/government/departments/public-utilities/,
COOP_CT_WALLINGFORD,20038,Town of Wallingford - (CT),Wallingford Electric Division,CT,2017,COOP,COOP,Town of Wallingford,Local municipal,Municipal,13.522815,21264,206968,21264,0,21264,100.0,majority_coverage,Reported,Table 6: Utility Bundled Retail Sales - Residential,EIA Table 6 bundled customers match PUDL bundled customers,11.971335,3633,233872,3633,0,3633,100.0,majority_coverage,Reported,Table 7: Utility Bundled Retail Sales - Commercial,EIA Table 7 bundled customers match PUDL bundled customers,9.4612458,26,140862,26,0,26,100.0,majority_coverage,Reported,Table 8: Utility Bundled Retail Sales - Industrial,EIA Table 8 bundled customers match PUDL bundled customers,Derived from reported customer counts,https://s3.us-west-2.amazonaws.com/pudl.catalyst.coop/stable/core_eia861__yearly_sales.parquet,minority_coverage when the published bundled price covers less than 50% of bundled plus delivery-only customers in the same customer class; the price is not changed,"EIA Electric Sales, Revenue, and Average Price",https://www.eia.gov/electricity/sales_revenue_price/archive/f8612017.zip,2026-08-08,COOP throughout the proposed panel,https://www.wallingfordct.gov/government/departments/public-utilities/,
COOP_CT_WALLINGFORD,20038,Town of Wallingford - (CT),Wallingford Electric Division,CT,2018,COOP,COOP,Town of Wallingford,Local municipal,Municipal,13.792815,21361,218703,21361,0,21361,100.0,majority_coverage,Reported,Table 6: Utility Bundled Retail Sales - Residential,EIA Table 6 bundled customers match PUDL bundled customers,11.982312,3639,230327,3639,0,3639,100.0,majority_coverage,Reported,Table 7: Utility Bundled Retail Sales - Commercial,EIA Table 7 bundled customers match PUDL bundled customers,9.8895929,26,142835,26,0,26,100.0,majority_coverage,Reported,Table 8: Utility Bundled Retail Sales - Industrial,EIA Table 8 bundled customers match PUDL bundled customers,Derived from reported customer counts,https://s3.us-west-2.amazonaws.com/pudl.catalyst.coop/stable/core_eia861__yearly_sales.parquet,minority_coverage when the published bundled price covers less than 50% of bundled plus delivery-only customers in the same customer class; the price is not changed,"EIA Electric Sales, Revenue, and Average Price",https://www.eia.gov/electricity/sales_revenue_price/archive/f8612018.zip,2026-08-08,COOP throughout the proposed panel,https://www.wallingfordct.gov/government/departments/public-utilities/,
COOP_CT_WALLINGFORD,20038,Town of Wallingford - (CT),Wallingford Electric Division,CT,2019,COOP,COOP,Town of Wallingford,Local municipal,Municipal,14.111642,21536,208936,21536,0,21536,100.0,majority_coverage,Reported,Table 6: Utility Bundled Retail Sales - Residential,EIA Table 6 bundled customers match PUDL bundled customers,12.043705,3663,231002,3663,0,3663,100.0,majority_coverage,Reported,Table 7: Utility Bundled Retail Sales - Commercial,EIA Table 7 bundled customers match PUDL bundled customers,9.7833646,26,127403,26,0,26,100.0,majority_coverage,Reported,Table 8: Utility Bundled Retail Sales - Industrial,EIA Table 8 bundled customers match PUDL bundled customers,Derived from reported customer counts,https://s3.us-west-2.amazonaws.com/pudl.catalyst.coop/stable/core_eia861__yearly_sales.parquet,minority_coverage when the published bundled price covers less than 50% of bundled plus delivery-only customers in the same customer class; the price is not changed,"EIA Electric Sales, Revenue, and Average Price",https://www.eia.gov/electricity/sales_revenue_price/archive/f8612019.zip,2026-08-08,COOP throughout the proposed panel,https://www.wallingfordct.gov/government/departments/public-utilities/,
COOP_CT_WALLINGFORD,20038,Town of Wallingford - (CT),Wallingford Electric Division,CT,2020,COOP,COOP,Town of Wallingford,Local municipal,Municipal,13.090255,21614,215843,21614,0,21614,100.0,majority_coverage,Reported,Table 6: Utility Bundled Retail Sales - Residential,EIA Table 6 bundled customers match PUDL bundled customers,11.035184,3689,216976,3689,0,3689,100.0,majority_coverage,Reported,Table 7: Utility Bundled Retail Sales - Commercial,EIA Table 7 bundled customers match PUDL bundled customers,8.23801,25,128440,25,0,25,100.0,majority_coverage,Reported,Table 8: Utility Bundled Retail Sales - Industrial,EIA Table 8 bundled customers match PUDL bundled customers,Derived from reported customer counts,https://s3.us-west-2.amazonaws.com/pudl.catalyst.coop/stable/core_eia861__yearly_sales.parquet,minority_coverage when the published bundled price covers less than 50% of bundled plus delivery-only customers in the same customer class; the price is not changed,"EIA Electric Sales, Revenue, and Average Price",https://www.eia.gov/electricity/sales_revenue_price/archive/f8612020.zip,2026-08-08,COOP throughout the proposed panel,https://www.wallingfordct.gov/government/departments/public-utilities/,
COOP_CT_WALLINGFORD,20038,Town of Wallingford - (CT),Wallingford Electric Division,CT,2021,COOP,COOP,Town of Wallingford,Local municipal,Municipal,13.572951,21589,217165,21589,0,21589,100.0,majority_coverage,Reported,Table 6: Utility Bundled Retail Sales - Residential,EIA Table 6 bundled customers match PUDL bundled customers,11.342382,3598,219848,3598,0,3598,100.0,majority_coverage,Reported,Table 7: Utility Bundled Retail Sales - Commercial,EIA Table 7 bundled customers match PUDL bundled customers,9.1523878,24,132714,24,0,24,100.0,majority_coverage,Reported,Table 8: Utility Bundled Retail Sales - Industrial,EIA Table 8 bundled customers match PUDL bundled customers,Derived from reported customer counts,https://s3.us-west-2.amazonaws.com/pudl.catalyst.coop/stable/core_eia861__yearly_sales.parquet,minority_coverage when the published bundled price covers less than 50% of bundled plus delivery-only customers in the same customer class; the price is not changed,"EIA Electric Sales, Revenue, and Average Price",https://www.eia.gov/electricity/sales_revenue_price/archive/f8612021.zip,2026-08-08,COOP throughout the proposed panel,https://www.wallingfordct.gov/government/departments/public-utilities/,
COOP_CT_WALLINGFORD,20038,Town of Wallingford - (CT),Wallingford Electric Division,CT,2022,COOP,COOP,Town of Wallingford,Local municipal,Municipal,15.807262,21543,219811,21543,0,21543,100.0,majority_coverage,Reported,Table 6: Utility Bundled Retail Sales - Residential,EIA Table 6 bundled customers match PUDL bundled customers,13.272448,3652,222002,3652,0,3652,100.0,majority_coverage,Reported,Table 7: Utility Bundled Retail Sales - Commercial,EIA Table 7 bundled customers match PUDL bundled customers,11.722105,24,122989,24,0,24,100.0,majority_coverage,Reported,Table 8: Utility Bundled Retail Sales - Industrial,EIA Table 8 bundled customers match PUDL bundled customers,Derived from reported customer counts,https://s3.us-west-2.amazonaws.com/pudl.catalyst.coop/stable/core_eia861__yearly_sales.parquet,minority_coverage when the published bundled price covers less than 50% of bundled plus delivery-only customers in the same customer class; the price is not changed,"EIA Electric Sales, Revenue, and Average Price",https://www.eia.gov/electricity/sales_revenue_price/archive/f8612022.zip,2026-08-08,COOP throughout the proposed panel,https://www.wallingfordct.gov/government/departments/public-utilities/,
COOP_CT_WALLINGFORD,20038,Town of Wallingford - (CT),Wallingford Electric Division,CT,2023,COOP,COOP,Town of Wallingford,Local municipal,Municipal,16.727282,21370,209627,21370,0,21370,100.0,majority_coverage,Reported,Table 6: Utility Bundled Retail Sales - Residential,EIA Table 6 bundled customers match PUDL bundled customers,14.323681,3654,214248,3654,0,3654,100.0,majority_coverage,Reported,Table 7: Utility Bundled Retail Sales - Commercial,EIA Table 7 bundled customers match PUDL bundled customers,12.037527,24,116715,24,0,24,100.0,majority_coverage,Reported,Table 8: Utility Bundled Retail Sales - Industrial,EIA Table 8 bundled customers match PUDL bundled customers,Derived from reported customer counts,https://s3.us-west-2.amazonaws.com/pudl.catalyst.coop/stable/core_eia861__yearly_sales.parquet,minority_coverage when the published bundled price covers less than 50% of bundled plus delivery-only customers in the same customer class; the price is not changed,"EIA Electric Sales, Revenue, and Average Price",https://www.eia.gov/electricity/sales_revenue_price/archive/f8612023.zip,2026-08-08,COOP throughout the proposed panel,https://www.wallingfordct.gov/government/departments/public-utilities/,
COOP_CT_WALLINGFORD,20038,Town of Wallingford - (CT),Wallingford Electric Division,CT,2024,COOP,COOP,Town of Wallingford,Local municipal,Municipal,15.651391,21405,212760,21405,0,21405,100.0,majority_coverage,Reported,Table 6: Utility Bundled Retail Sales - Residential,EIA Table 6 bundled customers match PUDL bundled customers,12.821672,3670,216797,3670,0,3670,100.0,majority_coverage,Reported,Table 7: Utility Bundled Retail Sales - Commercial,EIA Table 7 bundled customers match PUDL bundled customers,11.010399,25,114529,25,0,25,100.0,majority_coverage,Reported,Table 8: Utility Bundled Retail Sales - Industrial,EIA Table 8 bundled customers match PUDL bundled customers,Derived from reported customer counts,https://s3.us-west-2.amazonaws.com/pudl.catalyst.coop/stable/core_eia861__yearly_sales.parquet,minority_coverage when the published bundled price covers less than 50% of bundled plus delivery-only customers in the same customer class; the price is not changed,"EIA Electric Sales, Revenue, and Average Price",https://www.eia.gov/electricity/sales_revenue_price/xls/f8612024.zip,2026-08-08,COOP throughout the proposed panel,https://www.wallingfordct.gov/government/departments/public-utilities/,
COOP_MA_CHICOPEE,3477,City of Chicopee - (MA),Chicopee Electric Light,MA,2013,COOP,COOP,City of Chicopee,Local municipal,Municipal,12.301916,23407,192974,23407,0,23407,100.0,majority_coverage,Reported,Table 6: Utility Bundled Retail Sales - Residential,EIA Table 6 bundled customers match PUDL bundled customers,12.654948,2738,131641,2738,0,2738,100.0,majority_coverage,Reported,Table 7: Utility Bundled Retail Sales - Commercial,EIA Table 7 bundled customers match PUDL bundled customers,10.639733,44,130742,44,0,44,100.0,majority_coverage,Reported,Table 8: Utility Bundled Retail Sales - Industrial,EIA Table 8 bundled customers match PUDL bundled customers,Derived from reported customer counts,https://s3.us-west-2.amazonaws.com/pudl.catalyst.coop/stable/core_eia861__yearly_sales.parquet,minority_coverage when the published bundled price covers less than 50% of bundled plus delivery-only customers in the same customer class; the price is not changed,"EIA Electric Sales, Revenue, and Average Price",https://www.eia.gov/electricity/sales_revenue_price/archive/f8612013.zip,2026-08-08,COOP throughout the proposed panel,https://www.celd.com/about,
COOP_MA_CHICOPEE,3477,City of Chicopee - (MA),Chicopee Electric Light,MA,2014,COOP,COOP,City of Chicopee,Local municipal,Municipal,12.448366,23412,192459,23412,0,23412,100.0,majority_coverage,Reported,Table 6: Utility Bundled Retail Sales - Residential,EIA Table 6 bundled customers match PUDL bundled customers,12.815747,2760,135591,2760,0,2760,100.0,majority_coverage,Reported,Table 7: Utility Bundled Retail Sales - Commercial,EIA Table 7 bundled customers match PUDL bundled customers,10.823648,45,127773,45,0,45,100.0,majority_coverage,Reported,Table 8: Utility Bundled Retail Sales - Industrial,EIA Table 8 bundled customers match PUDL bundled customers,Derived from reported customer counts,https://s3.us-west-2.amazonaws.com/pudl.catalyst.coop/stable/core_eia861__yearly_sales.parquet,minority_coverage when the published bundled price covers less than 50% of bundled plus delivery-only customers in the same customer class; the price is not changed,"EIA Electric Sales, Revenue, and Average Price",https://www.eia.gov/electricity/sales_revenue_price/archive/f8612014.zip,2026-08-08,COOP throughout the proposed panel,https://www.celd.com/about,
COOP_MA_CHICOPEE,3477,City of Chicopee - (MA),Chicopee Electric Light,MA,2015,COOP,COOP,City of Chicopee,Local municipal,Municipal,12.600624,23390,196672,23390,0,23390,100.0,majority_coverage,Reported,Table 6: Utility Bundled Retail Sales - Residential,EIA Table 6 bundled customers match PUDL bundled customers,12.771538,2780,138894,2780,0,2780,100.0,majority_coverage,Reported,Table 7: Utility Bundled Retail Sales - Commercial,EIA Table 7 bundled customers match PUDL bundled customers,10.999026,46,128275,46,0,46,100.0,majority_coverage,Reported,Table 8: Utility Bundled Retail Sales - Industrial,EIA Table 8 bundled customers match PUDL bundled customers,Derived from reported customer counts,https://s3.us-west-2.amazonaws.com/pudl.catalyst.coop/stable/core_eia861__yearly_sales.parquet,minority_coverage when the published bundled price covers less than 50% of bundled plus delivery-only customers in the same customer class; the price is not changed,"EIA Electric Sales, Revenue, and Average Price",https://www.eia.gov/electricity/sales_revenue_price/archive/f8612015.zip,2026-08-08,COOP throughout the proposed panel,https://www.celd.com/about,
COOP_MA_CHICOPEE,3477,City of Chicopee - (MA),Chicopee Electric Light,MA,2016,COOP,COOP,City of Chicopee,Local municipal,Municipal,12.185193,23392,191260,23392,0,23392,100.0,majority_coverage,Reported,Table 6: Utility Bundled Retail Sales - Residential,EIA Table 6 bundled customers match PUDL bundled customers,12.549672,2809,137551,2809,0,2809,100.0,majority_coverage,Reported,Table 7: Utility Bundled Retail Sales - Commercial,EIA Table 7 bundled customers match PUDL bundled customers,10.344928,42,130694,42,0,42,100.0,majority_coverage,Reported,Table 8: Utility Bundled Retail Sales - Industrial,EIA Table 8 bundled customers match PUDL bundled customers,Derived from reported customer counts,https://s3.us-west-2.amazonaws.com/pudl.catalyst.coop/stable/core_eia861__yearly_sales.parquet,minority_coverage when the published bundled price covers less than 50% of bundled plus delivery-only customers in the same customer class; the price is not changed,"EIA Electric Sales, Revenue, and Average Price",https://www.eia.gov/electricity/sales_revenue_price/archive/f8612016.zip,2026-08-08,COOP throughout the proposed panel,https://www.celd.com/about,
COOP_MA_CHICOPEE,3477,City of Chicopee - (MA),Chicopee Electric Light,MA,2017,COOP,COOP,City of Chicopee,Local municipal,Municipal,12.498455,22974,187696,22974,0,22974,100.0,majority_coverage,Reported,Table 6: Utility Bundled Retail Sales - Residential,EIA Table 6 bundled customers match PUDL bundled customers,12.874327,2693,134842,2693,0,2693,100.0,majority_coverage,Reported,Table 7: Utility Bundled Retail Sales - Commercial,EIA Table 7 bundled customers match PUDL bundled customers,10.702878,38,127291,38,0,38,100.0,majority_coverage,Reported,Table 8: Utility Bundled Retail Sales - Industrial,EIA Table 8 bundled customers match PUDL bundled customers,Derived from reported customer counts,https://s3.us-west-2.amazonaws.com/pudl.catalyst.coop/stable/core_eia861__yearly_sales.parquet,minority_coverage when the published bundled price covers less than 50% of bundled plus delivery-only customers in the same customer class; the price is not changed,"EIA Electric Sales, Revenue, and Average Price",https://www.eia.gov/electricity/sales_revenue_price/archive/f8612017.zip,2026-08-08,COOP throughout the proposed panel,https://www.celd.com/about,
COOP_MA_CHICOPEE,3477,City of Chicopee - (MA),Chicopee Electric Light,MA,2018,COOP,COOP,City of Chicopee,Local municipal,Municipal,13.191747,23431,203221,23431,0,23431,100.0,majority_coverage,Reported,Table 6: Utility Bundled Retail Sales - Residential,EIA Table 6 bundled customers match PUDL bundled customers,13.617564,2839,140238,2839,0,2839,100.0,majority_coverage,Reported,Table 7: Utility Bundled Retail Sales - Commercial,EIA Table 7 bundled customers match PUDL bundled customers,11.428333,40,131629,40,0,40,100.0,majority_coverage,Reported,Table 8: Utility Bundled Retail Sales - Industrial,EIA Table 8 bundled customers match PUDL bundled customers,Derived from reported customer counts,https://s3.us-west-2.amazonaws.com/pudl.catalyst.coop/stable/core_eia861__yearly_sales.parquet,minority_coverage when the published bundled price covers less than 50% of bundled plus delivery-only customers in the same customer class; the price is not changed,"EIA Electric Sales, Revenue, and Average Price",https://www.eia.gov/electricity/sales_revenue_price/archive/f8612018.zip,2026-08-08,COOP throughout the proposed panel,https://www.celd.com/about,
COOP_MA_CHICOPEE,3477,City of Chicopee - (MA),Chicopee Electric Light,MA,2019,COOP,COOP,City of Chicopee,Local municipal,Municipal,13.502793,23445,191216,23445,0,23445,100.0,majority_coverage,Reported,Table 6: Utility Bundled Retail Sales - Residential,EIA Table 6 bundled customers match PUDL bundled customers,13.825548,2864,133343,2864,0,2864,100.0,majority_coverage,Reported,Table 7: Utility Bundled Retail Sales - Commercial,EIA Table 7 bundled customers match PUDL bundled customers,11.67094,38,129867,38,0,38,100.0,majority_coverage,Reported,Table 8: Utility Bundled Retail Sales - Industrial,EIA Table 8 bundled customers match PUDL bundled customers,Derived from reported customer counts,https://s3.us-west-2.amazonaws.com/pudl.catalyst.coop/stable/core_eia861__yearly_sales.parquet,minority_coverage when the published bundled price covers less than 50% of bundled plus delivery-only customers in the same customer class; the price is not changed,"EIA Electric Sales, Revenue, and Average Price",https://www.eia.gov/electricity/sales_revenue_price/archive/f8612019.zip,2026-08-08,COOP throughout the proposed panel,https://www.celd.com/about,
COOP_MA_CHICOPEE,3477,City of Chicopee - (MA),Chicopee Electric Light,MA,2020,COOP,COOP,City of Chicopee,Local municipal,Municipal,12.591027,23470,200407,23470,0,23470,100.0,majority_coverage,Reported,Table 6: Utility Bundled Retail Sales - Residential,EIA Table 6 bundled customers match PUDL bundled customers,13.060237,2876,124608,2876,0,2876,100.0,majority_coverage,Reported,Table 7: Utility Bundled Retail Sales - Commercial,EIA Table 7 bundled customers match PUDL bundled customers,10.855141,37,116624,37,0,37,100.0,majority_coverage,Reported,Table 8: Utility Bundled Retail Sales - Industrial,EIA Table 8 bundled customers match PUDL bundled customers,Derived from reported customer counts,https://s3.us-west-2.amazonaws.com/pudl.catalyst.coop/stable/core_eia861__yearly_sales.parquet,minority_coverage when the published bundled price covers less than 50% of bundled plus delivery-only customers in the same customer class; the price is not changed,"EIA Electric Sales, Revenue, and Average Price",https://www.eia.gov/electricity/sales_revenue_price/archive/f8612020.zip,2026-08-08,COOP throughout the proposed panel,https://www.celd.com/about,
COOP_MA_CHICOPEE,3477,City of Chicopee - (MA),Chicopee Electric Light,MA,2021,COOP,COOP,City of Chicopee,Local municipal,Municipal,13.069727,23202,199363,23202,0,23202,100.0,majority_coverage,Reported,Table 6: Utility Bundled Retail Sales - Residential,EIA Table 6 bundled customers match PUDL bundled customers,13.60446,2745,126374,2745,0,2745,100.0,majority_coverage,Reported,Table 7: Utility Bundled Retail Sales - Commercial,EIA Table 7 bundled customers match PUDL bundled customers,11.30334,37,120360,37,0,37,100.0,majority_coverage,Reported,Table 8: Utility Bundled Retail Sales - Industrial,EIA Table 8 bundled customers match PUDL bundled customers,Derived from reported customer counts,https://s3.us-west-2.amazonaws.com/pudl.catalyst.coop/stable/core_eia861__yearly_sales.parquet,minority_coverage when the published bundled price covers less than 50% of bundled plus delivery-only customers in the same customer class; the price is not changed,"EIA Electric Sales, Revenue, and Average Price",https://www.eia.gov/electricity/sales_revenue_price/archive/f8612021.zip,2026-08-08,COOP throughout the proposed panel,https://www.celd.com/about,
COOP_MA_CHICOPEE,3477,City of Chicopee - (MA),Chicopee Electric Light,MA,2022,COOP,COOP,City of Chicopee,Local municipal,Municipal,16.086448,23207,201694,23207,0,23207,100.0,majority_coverage,Reported,Table 6: Utility Bundled Retail Sales - Residential,EIA Table 6 bundled customers match PUDL bundled customers,16.412069,2772,128032,2772,0,2772,100.0,majority_coverage,Reported,Table 7: Utility Bundled Retail Sales - Commercial,EIA Table 7 bundled customers match PUDL bundled customers,14.336274,35,112343,35,0,35,100.0,majority_coverage,Reported,Table 8: Utility Bundled Retail Sales - Industrial,EIA Table 8 bundled customers match PUDL bundled customers,Derived from reported customer counts,https://s3.us-west-2.amazonaws.com/pudl.catalyst.coop/stable/core_eia861__yearly_sales.parquet,minority_coverage when the published bundled price covers less than 50% of bundled plus delivery-only customers in the same customer class; the price is not changed,"EIA Electric Sales, Revenue, and Average Price",https://www.eia.gov/electricity/sales_revenue_price/archive/f8612022.zip,2026-08-08,COOP throughout the proposed panel,https://www.celd.com/about,
COOP_MA_CHICOPEE,3477,City of Chicopee - (MA),Chicopee Electric Light,MA,2023,COOP,COOP,City of Chicopee,Local municipal,Municipal,16.802939,23470,191920,23470,0,23470,100.0,majority_coverage,Reported,Table 6: Utility Bundled Retail Sales - Residential,EIA Table 6 bundled customers match PUDL bundled customers,17.082308,2928,123111,2928,0,2928,100.0,majority_coverage,Reported,Table 7: Utility Bundled Retail Sales - Commercial,EIA Table 7 bundled customers match PUDL bundled customers,14.77205,40,114060,40,0,40,100.0,majority_coverage,Reported,Table 8: Utility Bundled Retail Sales - Industrial,EIA Table 8 bundled customers match PUDL bundled customers,Derived from reported customer counts,https://s3.us-west-2.amazonaws.com/pudl.catalyst.coop/stable/core_eia861__yearly_sales.parquet,minority_coverage when the published bundled price covers less than 50% of bundled plus delivery-only customers in the same customer class; the price is not changed,"EIA Electric Sales, Revenue, and Average Price",https://www.eia.gov/electricity/sales_revenue_price/archive/f8612023.zip,2026-08-08,COOP throughout the proposed panel,https://www.celd.com/about,
COOP_MA_CHICOPEE,3477,City of Chicopee - (MA),Chicopee Electric Light,MA,2024,COOP,COOP,City of Chicopee,Local municipal,Municipal,16.164584,23218,194636,23218,0,23218,100.0,majority_coverage,Reported,Table 6: Utility Bundled Retail Sales - Residential,EIA Table 6 bundled customers match PUDL bundled customers,16.529782,2794,121635,2794,0,2794,100.0,majority_coverage,Reported,Table 7: Utility Bundled Retail Sales - Commercial,EIA Table 7 bundled customers match PUDL bundled customers,14.259497,40,121566,40,0,40,100.0,majority_coverage,Reported,Table 8: Utility Bundled Retail Sales - Industrial,EIA Table 8 bundled customers match PUDL bundled customers,Derived from reported customer counts,https://s3.us-west-2.amazonaws.com/pudl.catalyst.coop/stable/core_eia861__yearly_sales.parquet,minority_coverage when the published bundled price covers less than 50% of bundled plus delivery-only customers in the same customer class; the price is not changed,"EIA Electric Sales, Revenue, and Average Price",https://www.eia.gov/electricity/sales_revenue_price/xls/f8612024.zip,2026-08-08,COOP throughout the proposed panel,https://www.celd.com/about,
COOP_MA_PEABODY,14605,City of Peabody - (MA),Peabody Municipal Light Plant,MA,2013,COOP,COOP,City of Peabody,Local municipal,Municipal,11.871206,21663,189124,21663,0,21663,100.0,majority_coverage,Reported,Table 6: Utility Bundled Retail Sales - Residential,EIA Table 6 bundled customers match PUDL bundled customers,14.042099,2432,35583,2432,0,2432,100.0,majority_coverage,Reported,Table 7: Utility Bundled Retail Sales - Commercial,EIA Table 7 bundled customers match PUDL bundled customers,12.793268,1672,274374,1672,0,1672,100.0,majority_coverage,Reported,Table 8: Utility Bundled Retail Sales - Industrial,EIA Table 8 bundled customers match PUDL bundled customers,Derived from reported customer counts,https://s3.us-west-2.amazonaws.com/pudl.catalyst.coop/stable/core_eia861__yearly_sales.parquet,minority_coverage when the published bundled price covers less than 50% of bundled plus delivery-only customers in the same customer class; the price is not changed,"EIA Electric Sales, Revenue, and Average Price",https://www.eia.gov/electricity/sales_revenue_price/archive/f8612013.zip,2026-08-08,COOP throughout the proposed panel,https://www.pmlp.com/27/About-Us,
COOP_MA_PEABODY,14605,City of Peabody - (MA),Peabody Municipal Light Plant,MA,2014,COOP,COOP,City of Peabody,Local municipal,Municipal,12.074072,21766,185953,21766,0,21766,100.0,majority_coverage,Reported,Table 6: Utility Bundled Retail Sales - Residential,EIA Table 6 bundled customers match PUDL bundled customers,14.655498,2473,36052,2473,0,2473,100.0,majority_coverage,Reported,Table 7: Utility Bundled Retail Sales - Commercial,EIA Table 7 bundled customers match PUDL bundled customers,13.110988,1777,282174,1777,0,1777,100.0,majority_coverage,Reported,Table 8: Utility Bundled Retail Sales - Industrial,EIA Table 8 bundled customers match PUDL bundled customers,Derived from reported customer counts,https://s3.us-west-2.amazonaws.com/pudl.catalyst.coop/stable/core_eia861__yearly_sales.parquet,minority_coverage when the published bundled price covers less than 50% of bundled plus delivery-only customers in the same customer class; the price is not changed,"EIA Electric Sales, Revenue, and Average Price",https://www.eia.gov/electricity/sales_revenue_price/archive/f8612014.zip,2026-08-08,COOP throughout the proposed panel,https://www.pmlp.com/27/About-Us,
COOP_MA_PEABODY,14605,City of Peabody - (MA),Peabody Municipal Light Plant,MA,2015,COOP,COOP,City of Peabody,Local municipal,Municipal,11.996281,21699,188210,21699,0,21699,100.0,majority_coverage,Reported,Table 6: Utility Bundled Retail Sales - Residential,EIA Table 6 bundled customers match PUDL bundled customers,14.258311,2389,35918,2389,0,2389,100.0,majority_coverage,Reported,Table 7: Utility Bundled Retail Sales - Commercial,EIA Table 7 bundled customers match PUDL bundled customers,12.969493,1812,280361,1812,0,1812,100.0,majority_coverage,Reported,Table 8: Utility Bundled Retail Sales - Industrial,EIA Table 8 bundled customers match PUDL bundled customers,Derived from reported customer counts,https://s3.us-west-2.amazonaws.com/pudl.catalyst.coop/stable/core_eia861__yearly_sales.parquet,minority_coverage when the published bundled price covers less than 50% of bundled plus delivery-only customers in the same customer class; the price is not changed,"EIA Electric Sales, Revenue, and Average Price",https://www.eia.gov/electricity/sales_revenue_price/archive/f8612015.zip,2026-08-08,COOP throughout the proposed panel,https://www.pmlp.com/27/About-Us,
COOP_MA_PEABODY,14605,City of Peabody - (MA),Peabody Municipal Light Plant,MA,2016,COOP,COOP,City of Peabody,Local municipal,Municipal,12.408429,22394,182891,22394,0,22394,100.0,majority_coverage,Reported,Table 6: Utility Bundled Retail Sales - Residential,EIA Table 6 bundled customers match PUDL bundled customers,15.260554,2535,32335,2535,0,2535,100.0,majority_coverage,Reported,Table 7: Utility Bundled Retail Sales - Commercial,EIA Table 7 bundled customers match PUDL bundled customers,12.74063,1924,276721,1924,0,1924,100.0,majority_coverage,Reported,Table 8: Utility Bundled Retail Sales - Industrial,EIA Table 8 bundled customers match PUDL bundled customers,Derived from reported customer counts,https://s3.us-west-2.amazonaws.com/pudl.catalyst.coop/stable/core_eia861__yearly_sales.parquet,minority_coverage when the published bundled price covers less than 50% of bundled plus delivery-only customers in the same customer class; the price is not changed,"EIA Electric Sales, Revenue, and Average Price",https://www.eia.gov/electricity/sales_revenue_price/archive/f8612016.zip,2026-08-08,COOP throughout the proposed panel,https://www.pmlp.com/27/About-Us,
COOP_MA_PEABODY,14605,City of Peabody - (MA),Peabody Municipal Light Plant,MA,2017,COOP,COOP,City of Peabody,Local municipal,Municipal,11.653044,21904,181193,21904,0,21904,100.0,majority_coverage,Reported,Table 6: Utility Bundled Retail Sales - Residential,EIA Table 6 bundled customers match PUDL bundled customers,13.941238,2504,33355,2504,0,2504,100.0,majority_coverage,Reported,Table 7: Utility Bundled Retail Sales - Commercial,EIA Table 7 bundled customers match PUDL bundled customers,12.231492,1766,267525,1766,0,1766,100.0,majority_coverage,Reported,Table 8: Utility Bundled Retail Sales - Industrial,EIA Table 8 bundled customers match PUDL bundled customers,Derived from reported customer counts,https://s3.us-west-2.amazonaws.com/pudl.catalyst.coop/stable/core_eia861__yearly_sales.parquet,minority_coverage when the published bundled price covers less than 50% of bundled plus delivery-only customers in the same customer class; the price is not changed,"EIA Electric Sales, Revenue, and Average Price",https://www.eia.gov/electricity/sales_revenue_price/archive/f8612017.zip,2026-08-08,COOP throughout the proposed panel,https://www.pmlp.com/27/About-Us,
COOP_MA_PEABODY,14605,City of Peabody - (MA),Peabody Municipal Light Plant,MA,2018,COOP,COOP,City of Peabody,Local municipal,Municipal,11.284463,21368,192018,21368,0,21368,100.0,majority_coverage,Reported,Table 6: Utility Bundled Retail Sales - Residential,EIA Table 6 bundled customers match PUDL bundled customers,14.263333,2418,34276,2418,0,2418,100.0,majority_coverage,Reported,Table 7: Utility Bundled Retail Sales - Commercial,EIA Table 7 bundled customers match PUDL bundled customers,12.005411,1749,268733,1749,0,1749,100.0,majority_coverage,Reported,Table 8: Utility Bundled Retail Sales - Industrial,EIA Table 8 bundled customers match PUDL bundled customers,Derived from reported customer counts,https://s3.us-west-2.amazonaws.com/pudl.catalyst.coop/stable/core_eia861__yearly_sales.parquet,minority_coverage when the published bundled price covers less than 50% of bundled plus delivery-only customers in the same customer class; the price is not changed,"EIA Electric Sales, Revenue, and Average Price",https://www.eia.gov/electricity/sales_revenue_price/archive/f8612018.zip,2026-08-08,COOP throughout the proposed panel,https://www.pmlp.com/27/About-Us,
COOP_MA_PEABODY,14605,City of Peabody - (MA),Peabody Municipal Light Plant,MA,2019,COOP,COOP,City of Peabody,Local municipal,Municipal,11.085175,24017,183869,24017,0,24017,100.0,majority_coverage,Reported,Table 6: Utility Bundled Retail Sales - Residential,EIA Table 6 bundled customers match PUDL bundled customers,12.888262,2788,35118,2788,0,2788,100.0,majority_coverage,Reported,Table 7: Utility Bundled Retail Sales - Commercial,EIA Table 7 bundled customers match PUDL bundled customers,11.753214,2034,260031,2034,0,2034,100.0,majority_coverage,Reported,Table 8: Utility Bundled Retail Sales - Industrial,EIA Table 8 bundled customers match PUDL bundled customers,Derived from reported customer counts,https://s3.us-west-2.amazonaws.com/pudl.catalyst.coop/stable/core_eia861__yearly_sales.parquet,minority_coverage when the published bundled price covers less than 50% of bundled plus delivery-only customers in the same customer class; the price is not changed,"EIA Electric Sales, Revenue, and Average Price",https://www.eia.gov/electricity/sales_revenue_price/archive/f8612019.zip,2026-08-08,COOP throughout the proposed panel,https://www.pmlp.com/27/About-Us,
COOP_MA_PEABODY,14605,City of Peabody - (MA),Peabody Municipal Light Plant,MA,2020,COOP,COOP,City of Peabody,Local municipal,Municipal,10.527695,22191,196212,22191,0,22191,100.0,majority_coverage,Reported,Table 6: Utility Bundled Retail Sales - Residential,EIA Table 6 bundled customers match PUDL bundled customers,13.823135,2513,22356,2513,0,2513,100.0,majority_coverage,Reported,Table 7: Utility Bundled Retail Sales - Commercial,EIA Table 7 bundled customers match PUDL bundled customers,11.425734,1871,247192,1871,0,1871,100.0,majority_coverage,Reported,Table 8: Utility Bundled Retail Sales - Industrial,EIA Table 8 bundled customers match PUDL bundled customers,Derived from reported customer counts,https://s3.us-west-2.amazonaws.com/pudl.catalyst.coop/stable/core_eia861__yearly_sales.parquet,minority_coverage when the published bundled price covers less than 50% of bundled plus delivery-only customers in the same customer class; the price is not changed,"EIA Electric Sales, Revenue, and Average Price",https://www.eia.gov/electricity/sales_revenue_price/archive/f8612020.zip,2026-08-08,COOP throughout the proposed panel,https://www.pmlp.com/27/About-Us,
COOP_MA_PEABODY,14605,City of Peabody - (MA),Peabody Municipal Light Plant,MA,2021,COOP,COOP,City of Peabody,Local municipal,Municipal,10.632833,22162,195012,22162,0,22162,100.0,majority_coverage,Reported,Table 6: Utility Bundled Retail Sales - Residential,EIA Table 6 bundled customers match PUDL bundled customers,13.818447,2557,20600,2557,0,2557,100.0,majority_coverage,Reported,Table 7: Utility Bundled Retail Sales - Commercial,EIA Table 7 bundled customers match PUDL bundled customers,11.479517,1882,265269,1882,0,1882,100.0,majority_coverage,Reported,Table 8: Utility Bundled Retail Sales - Industrial,EIA Table 8 bundled customers match PUDL bundled customers,Derived from reported customer counts,https://s3.us-west-2.amazonaws.com/pudl.catalyst.coop/stable/core_eia861__yearly_sales.parquet,minority_coverage when the published bundled price covers less than 50% of bundled plus delivery-only customers in the same customer class; the price is not changed,"EIA Electric Sales, Revenue, and Average Price",https://www.eia.gov/electricity/sales_revenue_price/archive/f8612021.zip,2026-08-08,COOP throughout the proposed panel,https://www.pmlp.com/27/About-Us,
COOP_MA_PEABODY,14605,City of Peabody - (MA),Peabody Municipal Light Plant,MA,2022,COOP,COOP,City of Peabody,Local municipal,Municipal,12.586173,22203,196321,22203,0,22203,100.0,majority_coverage,Reported,Table 6: Utility Bundled Retail Sales - Residential,EIA Table 6 bundled customers match PUDL bundled customers,16.241696,2572,23484,2572,0,2572,100.0,majority_coverage,Reported,Table 7: Utility Bundled Retail Sales - Commercial,EIA Table 7 bundled customers match PUDL bundled customers,13.403149,1872,262022,1872,0,1872,100.0,majority_coverage,Reported,Table 8: Utility Bundled Retail Sales - Industrial,EIA Table 8 bundled customers match PUDL bundled customers,Derived from reported customer counts,https://s3.us-west-2.amazonaws.com/pudl.catalyst.coop/stable/core_eia861__yearly_sales.parquet,minority_coverage when the published bundled price covers less than 50% of bundled plus delivery-only customers in the same customer class; the price is not changed,"EIA Electric Sales, Revenue, and Average Price",https://www.eia.gov/electricity/sales_revenue_price/archive/f8612022.zip,2026-08-08,COOP throughout the proposed panel,https://www.pmlp.com/27/About-Us,
COOP_MA_PEABODY,14605,City of Peabody - (MA),Peabody Municipal Light Plant,MA,2023,COOP,COOP,City of Peabody,Local municipal,Municipal,14.70791,22369,186569,22369,0,22369,100.0,majority_coverage,Reported,Table 6: Utility Bundled Retail Sales - Residential,EIA Table 6 bundled customers match PUDL bundled customers,17.637563,2655,31222,2655,0,2655,100.0,majority_coverage,Reported,Table 7: Utility Bundled Retail Sales - Commercial,EIA Table 7 bundled customers match PUDL bundled customers,15.174337,1850,247854,1850,0,1850,100.0,majority_coverage,Reported,Table 8: Utility Bundled Retail Sales - Industrial,EIA Table 8 bundled customers match PUDL bundled customers,Derived from reported customer counts,https://s3.us-west-2.amazonaws.com/pudl.catalyst.coop/stable/core_eia861__yearly_sales.parquet,minority_coverage when the published bundled price covers less than 50% of bundled plus delivery-only customers in the same customer class; the price is not changed,"EIA Electric Sales, Revenue, and Average Price",https://www.eia.gov/electricity/sales_revenue_price/archive/f8612023.zip,2026-08-08,COOP throughout the proposed panel,https://www.pmlp.com/27/About-Us,
COOP_MA_PEABODY,14605,City of Peabody - (MA),Peabody Municipal Light Plant,MA,2024,COOP,COOP,City of Peabody,Local municipal,Municipal,15.709837,22546,193326,22546,0,22546,100.0,majority_coverage,Reported,Table 6: Utility Bundled Retail Sales - Residential,EIA Table 6 bundled customers match PUDL bundled customers,18.626588,2673,31571,2673,0,2673,100.0,majority_coverage,Reported,Table 7: Utility Bundled Retail Sales - Commercial,EIA Table 7 bundled customers match PUDL bundled customers,16.045173,1867,244352,1867,0,1867,100.0,majority_coverage,Reported,Table 8: Utility Bundled Retail Sales - Industrial,EIA Table 8 bundled customers match PUDL bundled customers,Derived from reported customer counts,https://s3.us-west-2.amazonaws.com/pudl.catalyst.coop/stable/core_eia861__yearly_sales.parquet,minority_coverage when the published bundled price covers less than 50% of bundled plus delivery-only customers in the same customer class; the price is not changed,"EIA Electric Sales, Revenue, and Average Price",https://www.eia.gov/electricity/sales_revenue_price/xls/f8612024.zip,2026-08-08,COOP throughout the proposed panel,https://www.pmlp.com/27/About-Us,
COOP_MA_READING,15748,Town of Reading - (MA),Reading Municipal Light Department,MA,2013,COOP,COOP,Town of Reading,Local municipal,Municipal,12.316255,26101,253340,26101,0,26101,100.0,majority_coverage,Reported,Table 6: Utility Bundled Retail Sales - Residential,EIA Table 6 bundled customers match PUDL bundled customers,10.877342,542,28233,542,0,542,100.0,majority_coverage,Reported,Table 7: Utility Bundled Retail Sales - Commercial,EIA Table 7 bundled customers match PUDL bundled customers,10.206106,2895,409353,2895,0,2895,100.0,majority_coverage,Reported,Table 8: Utility Bundled Retail Sales - Industrial,EIA Table 8 bundled customers match PUDL bundled customers,Derived from reported customer counts,https://s3.us-west-2.amazonaws.com/pudl.catalyst.coop/stable/core_eia861__yearly_sales.parquet,minority_coverage when the published bundled price covers less than 50% of bundled plus delivery-only customers in the same customer class; the price is not changed,"EIA Electric Sales, Revenue, and Average Price",https://www.eia.gov/electricity/sales_revenue_price/archive/f8612013.zip,2026-08-08,COOP throughout the proposed panel,https://www.mass.gov/info-details/massachusetts-municipally-owned-electric-companies,
COOP_MA_READING,15748,Town of Reading - (MA),Reading Municipal Light Department,MA,2014,COOP,COOP,Town of Reading,Local municipal,Municipal,11.593136,26199,251278,26199,0,26199,100.0,majority_coverage,Reported,Table 6: Utility Bundled Retail Sales - Residential,EIA Table 6 bundled customers match PUDL bundled customers,10.34301,545,28454,545,0,545,100.0,majority_coverage,Reported,Table 7: Utility Bundled Retail Sales - Commercial,EIA Table 7 bundled customers match PUDL bundled customers,9.3783486,2897,399420,2897,0,2897,100.0,majority_coverage,Reported,Table 8: Utility Bundled Retail Sales - Industrial,EIA Table 8 bundled customers match PUDL bundled customers,Derived from reported customer counts,https://s3.us-west-2.amazonaws.com/pudl.catalyst.coop/stable/core_eia861__yearly_sales.parquet,minority_coverage when the published bundled price covers less than 50% of bundled plus delivery-only customers in the same customer class; the price is not changed,"EIA Electric Sales, Revenue, and Average Price",https://www.eia.gov/electricity/sales_revenue_price/archive/f8612014.zip,2026-08-08,COOP throughout the proposed panel,https://www.mass.gov/info-details/massachusetts-municipally-owned-electric-companies,
COOP_MA_READING,15748,Town of Reading - (MA),Reading Municipal Light Department,MA,2015,COOP,COOP,Town of Reading,Local municipal,Municipal,13.416414,26327,256939,26327,0,26327,100.0,majority_coverage,Reported,Table 6: Utility Bundled Retail Sales - Residential,EIA Table 6 bundled customers match PUDL bundled customers,12.257615,549,28725,549,0,549,100.0,majority_coverage,Reported,Table 7: Utility Bundled Retail Sales - Commercial,EIA Table 7 bundled customers match PUDL bundled customers,11.488011,2911,402759,2911,0,2911,100.0,majority_coverage,Reported,Table 8: Utility Bundled Retail Sales - Industrial,EIA Table 8 bundled customers match PUDL bundled customers,Derived from reported customer counts,https://s3.us-west-2.amazonaws.com/pudl.catalyst.coop/stable/core_eia861__yearly_sales.parquet,minority_coverage when the published bundled price covers less than 50% of bundled plus delivery-only customers in the same customer class; the price is not changed,"EIA Electric Sales, Revenue, and Average Price",https://www.eia.gov/electricity/sales_revenue_price/archive/f8612015.zip,2026-08-08,COOP throughout the proposed panel,https://www.mass.gov/info-details/massachusetts-municipally-owned-electric-companies,
COOP_MA_READING,15748,Town of Reading - (MA),Reading Municipal Light Department,MA,2016,COOP,COOP,Town of Reading,Local municipal,Municipal,14.877322,26292,249393,26292,0,26292,100.0,majority_coverage,Reported,Table 6: Utility Bundled Retail Sales - Residential,EIA Table 6 bundled customers match PUDL bundled customers,13.245885,551,27216,551,0,551,100.0,majority_coverage,Reported,Table 7: Utility Bundled Retail Sales - Commercial,EIA Table 7 bundled customers match PUDL bundled customers,12.617996,2942,390902,2942,0,2942,100.0,majority_coverage,Reported,Table 8: Utility Bundled Retail Sales - Industrial,EIA Table 8 bundled customers match PUDL bundled customers,Derived from reported customer counts,https://s3.us-west-2.amazonaws.com/pudl.catalyst.coop/stable/core_eia861__yearly_sales.parquet,minority_coverage when the published bundled price covers less than 50% of bundled plus delivery-only customers in the same customer class; the price is not changed,"EIA Electric Sales, Revenue, and Average Price",https://www.eia.gov/electricity/sales_revenue_price/archive/f8612016.zip,2026-08-08,COOP throughout the proposed panel,https://www.mass.gov/info-details/massachusetts-municipally-owned-electric-companies,
COOP_MA_READING,15748,Town of Reading - (MA),Reading Municipal Light Department,MA,2017,COOP,COOP,Town of Reading,Local municipal,Municipal,15.152927,26399,244888,26399,0,26399,100.0,majority_coverage,Reported,Table 6: Utility Bundled Retail Sales - Residential,EIA Table 6 bundled customers match PUDL bundled customers,12.647848,3870,414699,3870,0,3870,100.0,majority_coverage,Reported,Table 7: Utility Bundled Retail Sales - Commercial,EIA Table 7 bundled customers match PUDL bundled customers,,0,,0,0,0,,no_published_price,Not reported,Table 8: Utility Bundled Retail Sales - Industrial,No EIA table row; PUDL reports zero bundled customers,Derived from reported customer counts,https://s3.us-west-2.amazonaws.com/pudl.catalyst.coop/stable/core_eia861__yearly_sales.parquet,minority_coverage when the published bundled price covers less than 50% of bundled plus delivery-only customers in the same customer class; the price is not changed,"EIA Electric Sales, Revenue, and Average Price",https://www.eia.gov/electricity/sales_revenue_price/archive/f8612017.zip,2026-08-08,COOP throughout the proposed panel,https://www.mass.gov/info-details/massachusetts-municipally-owned-electric-companies,
COOP_MA_READING,15748,Town of Reading - (MA),Reading Municipal Light Department,MA,2018,COOP,COOP,Town of Reading,Local municipal,Municipal,16.254676,26543,256357,26543,0,26543,100.0,majority_coverage,Reported,Table 6: Utility Bundled Retail Sales - Residential,EIA Table 6 bundled customers match PUDL bundled customers,13.714902,3365,416299,3365,0,3365,100.0,majority_coverage,Reported,Table 7: Utility Bundled Retail Sales - Commercial,EIA Table 7 bundled customers match PUDL bundled customers,,0,,0,0,0,,no_published_price,Not reported,Table 8: Utility Bundled Retail Sales - Industrial,No EIA table row; PUDL reports zero bundled customers,Derived from reported customer counts,https://s3.us-west-2.amazonaws.com/pudl.catalyst.coop/stable/core_eia861__yearly_sales.parquet,minority_coverage when the published bundled price covers less than 50% of bundled plus delivery-only customers in the same customer class; the price is not changed,"EIA Electric Sales, Revenue, and Average Price",https://www.eia.gov/electricity/sales_revenue_price/archive/f8612018.zip,2026-08-08,COOP throughout the proposed panel,https://www.mass.gov/info-details/massachusetts-municipally-owned-electric-companies,
COOP_MA_READING,15748,Town of Reading - (MA),Reading Municipal Light Department,MA,2019,COOP,COOP,Town of Reading,Local municipal,Municipal,15.201184,26542,240501,26542,0,26542,100.0,majority_coverage,Reported,Table 6: Utility Bundled Retail Sales - Residential,EIA Table 6 bundled customers match PUDL bundled customers,12.397964,3233,406720,3233,0,3233,100.0,majority_coverage,Reported,Table 7: Utility Bundled Retail Sales - Commercial,EIA Table 7 bundled customers match PUDL bundled customers,,0,,0,0,0,,no_published_price,Not reported,Table 8: Utility Bundled Retail Sales - Industrial,No EIA table row; PUDL reports zero bundled customers,Derived from reported customer counts,https://s3.us-west-2.amazonaws.com/pudl.catalyst.coop/stable/core_eia861__yearly_sales.parquet,minority_coverage when the published bundled price covers less than 50% of bundled plus delivery-only customers in the same customer class; the price is not changed,"EIA Electric Sales, Revenue, and Average Price",https://www.eia.gov/electricity/sales_revenue_price/archive/f8612019.zip,2026-08-08,COOP throughout the proposed panel,https://www.mass.gov/info-details/massachusetts-municipally-owned-electric-companies,
COOP_MA_READING,15748,Town of Reading - (MA),Reading Municipal Light Department,MA,2020,COOP,COOP,Town of Reading,Local municipal,Municipal,14.747858,26729,258485,26729,0,26729,100.0,majority_coverage,Reported,Table 6: Utility Bundled Retail Sales - Residential,EIA Table 6 bundled customers match PUDL bundled customers,11.808136,3222,389401,3222,0,3222,100.0,majority_coverage,Reported,Table 7: Utility Bundled Retail Sales - Commercial,EIA Table 7 bundled customers match PUDL bundled customers,,0,,0,0,0,,no_published_price,Not reported,Table 8: Utility Bundled Retail Sales - Industrial,No EIA table row; PUDL reports zero bundled customers,Derived from reported customer counts,https://s3.us-west-2.amazonaws.com/pudl.catalyst.coop/stable/core_eia861__yearly_sales.parquet,minority_coverage when the published bundled price covers less than 50% of bundled plus delivery-only customers in the same customer class; the price is not changed,"EIA Electric Sales, Revenue, and Average Price",https://www.eia.gov/electricity/sales_revenue_price/archive/f8612020.zip,2026-08-08,COOP throughout the proposed panel,https://www.mass.gov/info-details/massachusetts-municipally-owned-electric-companies,
COOP_MA_READING,15748,Town of Reading - (MA),Reading Municipal Light Department,MA,2021,COOP,COOP,Town of Reading,Local municipal,Municipal,14.609379,26862,259484,26862,0,26862,100.0,majority_coverage,Reported,Table 6: Utility Bundled Retail Sales - Residential,EIA Table 6 bundled customers match PUDL bundled customers,11.795257,3251,395481,3251,0,3251,100.0,majority_coverage,Reported,Table 7: Utility Bundled Retail Sales - Commercial,EIA Table 7 bundled customers match PUDL bundled customers,,0,,0,0,0,,no_published_price,Not reported,Table 8: Utility Bundled Retail Sales - Industrial,No EIA table row; PUDL reports zero bundled customers,Derived from reported customer counts,https://s3.us-west-2.amazonaws.com/pudl.catalyst.coop/stable/core_eia861__yearly_sales.parquet,minority_coverage when the published bundled price covers less than 50% of bundled plus delivery-only customers in the same customer class; the price is not changed,"EIA Electric Sales, Revenue, and Average Price",https://www.eia.gov/electricity/sales_revenue_price/archive/f8612021.zip,2026-08-08,COOP throughout the proposed panel,https://www.mass.gov/info-details/massachusetts-municipally-owned-electric-companies,
COOP_MA_READING,15748,Town of Reading - (MA),Reading Municipal Light Department,MA,2022,COOP,COOP,Town of Reading,Local municipal,Municipal,16.934517,28410,259411,28410,0,28410,100.0,majority_coverage,Reported,Table 6: Utility Bundled Retail Sales - Residential,EIA Table 6 bundled customers match PUDL bundled customers,13.607179,2408,390147,2408,0,2408,100.0,majority_coverage,Reported,Table 7: Utility Bundled Retail Sales - Commercial,EIA Table 7 bundled customers match PUDL bundled customers,,0,,0,0,0,,no_published_price,Not reported,Table 8: Utility Bundled Retail Sales - Industrial,No EIA table row; PUDL reports zero bundled customers,Derived from reported customer counts,https://s3.us-west-2.amazonaws.com/pudl.catalyst.coop/stable/core_eia861__yearly_sales.parquet,minority_coverage when the published bundled price covers less than 50% of bundled plus delivery-only customers in the same customer class; the price is not changed,"EIA Electric Sales, Revenue, and Average Price",https://www.eia.gov/electricity/sales_revenue_price/archive/f8612022.zip,2026-08-08,COOP throughout the proposed panel,https://www.mass.gov/info-details/massachusetts-municipally-owned-electric-companies,
COOP_MA_READING,15748,Town of Reading - (MA),Reading Municipal Light Department,MA,2023,COOP,COOP,Town of Reading,Local municipal,Municipal,15.955373,27217,252896,27217,0,27217,100.0,majority_coverage,Reported,Table 6: Utility Bundled Retail Sales - Residential,EIA Table 6 bundled customers match PUDL bundled customers,13.227203,3266,382393,3266,0,3266,100.0,majority_coverage,Reported,Table 7: Utility Bundled Retail Sales - Commercial,EIA Table 7 bundled customers match PUDL bundled customers,,0,,0,0,0,,no_published_price,Not reported,Table 8: Utility Bundled Retail Sales - Industrial,No EIA table row; PUDL reports zero bundled customers,Derived from reported customer counts,https://s3.us-west-2.amazonaws.com/pudl.catalyst.coop/stable/core_eia861__yearly_sales.parquet,minority_coverage when the published bundled price covers less than 50% of bundled plus delivery-only customers in the same customer class; the price is not changed,"EIA Electric Sales, Revenue, and Average Price",https://www.eia.gov/electricity/sales_revenue_price/archive/f8612023.zip,2026-08-08,COOP throughout the proposed panel,https://www.mass.gov/info-details/massachusetts-municipally-owned-electric-companies,
COOP_MA_READING,15748,Town of Reading - (MA),Reading Municipal Light Department,MA,2024,COOP,COOP,Town of Reading,Local municipal,Municipal,15.859442,27405,259395,27405,0,27405,100.0,majority_coverage,Reported,Table 6: Utility Bundled Retail Sales - Residential,EIA Table 6 bundled customers match PUDL bundled customers,13.107392,3295,379553,3295,0,3295,100.0,majority_coverage,Reported,Table 7: Utility Bundled Retail Sales - Commercial,EIA Table 7 bundled customers match PUDL bundled customers,,0,,0,0,0,,no_published_price,Not reported,Table 8: Utility Bundled Retail Sales - Industrial,No EIA table row; PUDL reports zero bundled customers,Derived from reported customer counts,https://s3.us-west-2.amazonaws.com/pudl.catalyst.coop/stable/core_eia861__yearly_sales.parquet,minority_coverage when the published bundled price covers less than 50% of bundled plus delivery-only customers in the same customer class; the price is not changed,"EIA Electric Sales, Revenue, and Average Price",https://www.eia.gov/electricity/sales_revenue_price/xls/f8612024.zip,2026-08-08,COOP throughout the proposed panel,https://www.mass.gov/info-details/massachusetts-municipally-owned-electric-companies,
COOP_MA_TAUNTON,18488,City of Taunton,Taunton Municipal Lighting Plant,MA,2013,COOP,COOP,City of Taunton,Local municipal,Municipal,13.986172,32124,270603,32124,0,32124,100.0,majority_coverage,Reported,Table 6: Utility Bundled Retail Sales - Residential,EIA Table 6 bundled customers match PUDL bundled customers,15.73268,4436,172647,4436,0,4436,100.0,majority_coverage,Reported,Table 7: Utility Bundled Retail Sales - Commercial,EIA Table 7 bundled customers match PUDL bundled customers,12.340249,62,222143,62,0,62,100.0,majority_coverage,Reported,Table 8: Utility Bundled Retail Sales - Industrial,EIA Table 8 bundled customers match PUDL bundled customers,Derived from reported customer counts,https://s3.us-west-2.amazonaws.com/pudl.catalyst.coop/stable/core_eia861__yearly_sales.parquet,minority_coverage when the published bundled price covers less than 50% of bundled plus delivery-only customers in the same customer class; the price is not changed,"EIA Electric Sales, Revenue, and Average Price",https://www.eia.gov/electricity/sales_revenue_price/archive/f8612013.zip,2026-08-08,COOP throughout the proposed panel,https://www.taunton-ma.gov/DocumentCenter/View/5355/Annual-Comprehensive-Financial-Report-for-Fiscal-Year-Ended-June-30-2024,
COOP_MA_TAUNTON,18488,City of Taunton,Taunton Municipal Lighting Plant,MA,2014,COOP,COOP,City of Taunton,Local municipal,Municipal,14.157032,32497,268213,32497,0,32497,100.0,majority_coverage,Reported,Table 6: Utility Bundled Retail Sales - Residential,EIA Table 6 bundled customers match PUDL bundled customers,15.967415,4318,173209,4318,0,4318,100.0,majority_coverage,Reported,Table 7: Utility Bundled Retail Sales - Commercial,EIA Table 7 bundled customers match PUDL bundled customers,12.809886,62,210642,62,0,62,100.0,majority_coverage,Reported,Table 8: Utility Bundled Retail Sales - Industrial,EIA Table 8 bundled customers match PUDL bundled customers,Derived from reported customer counts,https://s3.us-west-2.amazonaws.com/pudl.catalyst.coop/stable/core_eia861__yearly_sales.parquet,minority_coverage when the published bundled price covers less than 50% of bundled plus delivery-only customers in the same customer class; the price is not changed,"EIA Electric Sales, Revenue, and Average Price",https://www.eia.gov/electricity/sales_revenue_price/archive/f8612014.zip,2026-08-08,COOP throughout the proposed panel,https://www.taunton-ma.gov/DocumentCenter/View/5355/Annual-Comprehensive-Financial-Report-for-Fiscal-Year-Ended-June-30-2024,
COOP_MA_TAUNTON,18488,City of Taunton,Taunton Municipal Lighting Plant,MA,2015,COOP,COOP,City of Taunton,Local municipal,Municipal,15.209077,32742,273225,32742,0,32742,100.0,majority_coverage,Reported,Table 6: Utility Bundled Retail Sales - Residential,EIA Table 6 bundled customers match PUDL bundled customers,16.888644,3559,170813,3559,0,3559,100.0,majority_coverage,Reported,Table 7: Utility Bundled Retail Sales - Commercial,EIA Table 7 bundled customers match PUDL bundled customers,13.246644,65,220403,65,0,65,100.0,majority_coverage,Reported,Table 8: Utility Bundled Retail Sales - Industrial,EIA Table 8 bundled customers match PUDL bundled customers,Derived from reported customer counts,https://s3.us-west-2.amazonaws.com/pudl.catalyst.coop/stable/core_eia861__yearly_sales.parquet,minority_coverage when the published bundled price covers less than 50% of bundled plus delivery-only customers in the same customer class; the price is not changed,"EIA Electric Sales, Revenue, and Average Price",https://www.eia.gov/electricity/sales_revenue_price/archive/f8612015.zip,2026-08-08,COOP throughout the proposed panel,https://www.taunton-ma.gov/DocumentCenter/View/5355/Annual-Comprehensive-Financial-Report-for-Fiscal-Year-Ended-June-30-2024,
COOP_MA_TAUNTON,18488,City of Taunton,Taunton Municipal Lighting Plant,MA,2016,COOP,COOP,City of Taunton,Local municipal,Municipal,15.524381,25233,265389,25233,0,25233,100.0,majority_coverage,Reported,Table 6: Utility Bundled Retail Sales - Residential,EIA Table 6 bundled customers match PUDL bundled customers,16.209846,3825,160384,3825,0,3825,100.0,majority_coverage,Reported,Table 7: Utility Bundled Retail Sales - Commercial,EIA Table 7 bundled customers match PUDL bundled customers,12.993033,54,232540,54,0,54,100.0,majority_coverage,Reported,Table 8: Utility Bundled Retail Sales - Industrial,EIA Table 8 bundled customers match PUDL bundled customers,Derived from reported customer counts,https://s3.us-west-2.amazonaws.com/pudl.catalyst.coop/stable/core_eia861__yearly_sales.parquet,minority_coverage when the published bundled price covers less than 50% of bundled plus delivery-only customers in the same customer class; the price is not changed,"EIA Electric Sales, Revenue, and Average Price",https://www.eia.gov/electricity/sales_revenue_price/archive/f8612016.zip,2026-08-08,COOP throughout the proposed panel,https://www.taunton-ma.gov/DocumentCenter/View/5355/Annual-Comprehensive-Financial-Report-for-Fiscal-Year-Ended-June-30-2024,
COOP_MA_TAUNTON,18488,City of Taunton,Taunton Municipal Lighting Plant,MA,2017,COOP,COOP,City of Taunton,Local municipal,Municipal,15.469054,33450,265556,33450,0,33450,100.0,majority_coverage,Reported,Table 6: Utility Bundled Retail Sales - Residential,EIA Table 6 bundled customers match PUDL bundled customers,16.171451,4528,158483,4528,0,4528,100.0,majority_coverage,Reported,Table 7: Utility Bundled Retail Sales - Commercial,EIA Table 7 bundled customers match PUDL bundled customers,12.500772,68,242865,68,0,68,100.0,majority_coverage,Reported,Table 8: Utility Bundled Retail Sales - Industrial,EIA Table 8 bundled customers match PUDL bundled customers,Derived from reported customer counts,https://s3.us-west-2.amazonaws.com/pudl.catalyst.coop/stable/core_eia861__yearly_sales.parquet,minority_coverage when the published bundled price covers less than 50% of bundled plus delivery-only customers in the same customer class; the price is not changed,"EIA Electric Sales, Revenue, and Average Price",https://www.eia.gov/electricity/sales_revenue_price/archive/f8612017.zip,2026-08-08,COOP throughout the proposed panel,https://www.taunton-ma.gov/DocumentCenter/View/5355/Annual-Comprehensive-Financial-Report-for-Fiscal-Year-Ended-June-30-2024,
COOP_MA_TAUNTON,18488,City of Taunton,Taunton Municipal Lighting Plant,MA,2018,COOP,COOP,City of Taunton,Local municipal,Municipal,15.561774,33800,276935,33800,0,33800,100.0,majority_coverage,Reported,Table 6: Utility Bundled Retail Sales - Residential,EIA Table 6 bundled customers match PUDL bundled customers,16.200146,4517,156406,4517,0,4517,100.0,majority_coverage,Reported,Table 7: Utility Bundled Retail Sales - Commercial,EIA Table 7 bundled customers match PUDL bundled customers,13.924161,411,218304,411,0,411,100.0,majority_coverage,Reported,Table 8: Utility Bundled Retail Sales - Industrial,EIA Table 8 bundled customers match PUDL bundled customers,Derived from reported customer counts,https://s3.us-west-2.amazonaws.com/pudl.catalyst.coop/stable/core_eia861__yearly_sales.parquet,minority_coverage when the published bundled price covers less than 50% of bundled plus delivery-only customers in the same customer class; the price is not changed,"EIA Electric Sales, Revenue, and Average Price",https://www.eia.gov/electricity/sales_revenue_price/archive/f8612018.zip,2026-08-08,COOP throughout the proposed panel,https://www.taunton-ma.gov/DocumentCenter/View/5355/Annual-Comprehensive-Financial-Report-for-Fiscal-Year-Ended-June-30-2024,
COOP_MA_TAUNTON,18488,City of Taunton,Taunton Municipal Lighting Plant,MA,2019,COOP,COOP,City of Taunton,Local municipal,Municipal,15.3957,34099,267172,34099,0,34099,100.0,majority_coverage,Reported,Table 6: Utility Bundled Retail Sales - Residential,EIA Table 6 bundled customers match PUDL bundled customers,16.669221,4543,150091,4543,0,4543,100.0,majority_coverage,Reported,Table 7: Utility Bundled Retail Sales - Commercial,EIA Table 7 bundled customers match PUDL bundled customers,13.547028,414,223060,414,0,414,100.0,majority_coverage,Reported,Table 8: Utility Bundled Retail Sales - Industrial,EIA Table 8 bundled customers match PUDL bundled customers,Derived from reported customer counts,https://s3.us-west-2.amazonaws.com/pudl.catalyst.coop/stable/core_eia861__yearly_sales.parquet,minority_coverage when the published bundled price covers less than 50% of bundled plus delivery-only customers in the same customer class; the price is not changed,"EIA Electric Sales, Revenue, and Average Price",https://www.eia.gov/electricity/sales_revenue_price/archive/f8612019.zip,2026-08-08,COOP throughout the proposed panel,https://www.taunton-ma.gov/DocumentCenter/View/5355/Annual-Comprehensive-Financial-Report-for-Fiscal-Year-Ended-June-30-2024,
COOP_MA_TAUNTON,18488,City of Taunton,Taunton Municipal Lighting Plant,MA,2020,COOP,COOP,City of Taunton,Local municipal,Municipal,15.3851,34325,285458,34325,0,34325,100.0,majority_coverage,Reported,Table 6: Utility Bundled Retail Sales - Residential,EIA Table 6 bundled customers match PUDL bundled customers,17.28386,3667,135965,3667,0,3667,100.0,majority_coverage,Reported,Table 7: Utility Bundled Retail Sales - Commercial,EIA Table 7 bundled customers match PUDL bundled customers,13.084351,401,214875,401,0,401,100.0,majority_coverage,Reported,Table 8: Utility Bundled Retail Sales - Industrial,EIA Table 8 bundled customers match PUDL bundled customers,Derived from reported customer counts,https://s3.us-west-2.amazonaws.com/pudl.catalyst.coop/stable/core_eia861__yearly_sales.parquet,minority_coverage when the published bundled price covers less than 50% of bundled plus delivery-only customers in the same customer class; the price is not changed,"EIA Electric Sales, Revenue, and Average Price",https://www.eia.gov/electricity/sales_revenue_price/archive/f8612020.zip,2026-08-08,COOP throughout the proposed panel,https://www.taunton-ma.gov/DocumentCenter/View/5355/Annual-Comprehensive-Financial-Report-for-Fiscal-Year-Ended-June-30-2024,
COOP_MA_TAUNTON,18488,City of Taunton,Taunton Municipal Lighting Plant,MA,2021,COOP,COOP,City of Taunton,Local municipal,Municipal,15.397638,34637,284719,34637,0,34637,100.0,majority_coverage,Reported,Table 6: Utility Bundled Retail Sales - Residential,EIA Table 6 bundled customers match PUDL bundled customers,16.968609,3637,137554,3637,0,3637,100.0,majority_coverage,Reported,Table 7: Utility Bundled Retail Sales - Commercial,EIA Table 7 bundled customers match PUDL bundled customers,13.163971,404,216538,404,0,404,100.0,majority_coverage,Reported,Table 8: Utility Bundled Retail Sales - Industrial,EIA Table 8 bundled customers match PUDL bundled customers,Derived from reported customer counts,https://s3.us-west-2.amazonaws.com/pudl.catalyst.coop/stable/core_eia861__yearly_sales.parquet,minority_coverage when the published bundled price covers less than 50% of bundled plus delivery-only customers in the same customer class; the price is not changed,"EIA Electric Sales, Revenue, and Average Price",https://www.eia.gov/electricity/sales_revenue_price/archive/f8612021.zip,2026-08-08,COOP throughout the proposed panel,https://www.taunton-ma.gov/DocumentCenter/View/5355/Annual-Comprehensive-Financial-Report-for-Fiscal-Year-Ended-June-30-2024,
COOP_MA_TAUNTON,18488,City of Taunton,Taunton Municipal Lighting Plant,MA,2022,COOP,COOP,City of Taunton,Local municipal,Municipal,17.221485,34401,285649,34401,0,34401,100.0,majority_coverage,Reported,Table 6: Utility Bundled Retail Sales - Residential,EIA Table 6 bundled customers match PUDL bundled customers,19.008437,4367,138791,4367,0,4367,100.0,majority_coverage,Reported,Table 7: Utility Bundled Retail Sales - Commercial,EIA Table 7 bundled customers match PUDL bundled customers,14.398986,400,213772,400,0,400,100.0,majority_coverage,Reported,Table 8: Utility Bundled Retail Sales - Industrial,EIA Table 8 bundled customers match PUDL bundled customers,Derived from reported customer counts,https://s3.us-west-2.amazonaws.com/pudl.catalyst.coop/stable/core_eia861__yearly_sales.parquet,minority_coverage when the published bundled price covers less than 50% of bundled plus delivery-only customers in the same customer class; the price is not changed,"EIA Electric Sales, Revenue, and Average Price",https://www.eia.gov/electricity/sales_revenue_price/archive/f8612022.zip,2026-08-08,COOP throughout the proposed panel,https://www.taunton-ma.gov/DocumentCenter/View/5355/Annual-Comprehensive-Financial-Report-for-Fiscal-Year-Ended-June-30-2024,
COOP_MA_TAUNTON,18488,City of Taunton,Taunton Municipal Lighting Plant,MA,2023,COOP,COOP,City of Taunton,Local municipal,Municipal,20.734492,34979,275020,34979,0,34979,100.0,majority_coverage,Reported,Table 6: Utility Bundled Retail Sales - Residential,EIA Table 6 bundled customers match PUDL bundled customers,22.071861,4749,140772,4749,0,4749,100.0,majority_coverage,Reported,Table 7: Utility Bundled Retail Sales - Commercial,EIA Table 7 bundled customers match PUDL bundled customers,18.200451,424,211753,424,0,424,100.0,majority_coverage,Reported,Table 8: Utility Bundled Retail Sales - Industrial,EIA Table 8 bundled customers match PUDL bundled customers,Derived from reported customer counts,https://s3.us-west-2.amazonaws.com/pudl.catalyst.coop/stable/core_eia861__yearly_sales.parquet,minority_coverage when the published bundled price covers less than 50% of bundled plus delivery-only customers in the same customer class; the price is not changed,"EIA Electric Sales, Revenue, and Average Price",https://www.eia.gov/electricity/sales_revenue_price/archive/f8612023.zip,2026-08-08,COOP throughout the proposed panel,https://www.taunton-ma.gov/DocumentCenter/View/5355/Annual-Comprehensive-Financial-Report-for-Fiscal-Year-Ended-June-30-2024,
COOP_MA_TAUNTON,18488,City of Taunton,Taunton Municipal Lighting Plant,MA,2024,COOP,COOP,City of Taunton,Local municipal,Municipal,21.463636,35684,266446,35684,0,35684,100.0,majority_coverage,Reported,Table 6: Utility Bundled Retail Sales - Residential,EIA Table 6 bundled customers match PUDL bundled customers,22.624372,4545,137732,4545,0,4545,100.0,majority_coverage,Reported,Table 7: Utility Bundled Retail Sales - Commercial,EIA Table 7 bundled customers match PUDL bundled customers,19.09677,461,192022,461,0,461,100.0,majority_coverage,Reported,Table 8: Utility Bundled Retail Sales - Industrial,EIA Table 8 bundled customers match PUDL bundled customers,Derived from reported customer counts,https://s3.us-west-2.amazonaws.com/pudl.catalyst.coop/stable/core_eia861__yearly_sales.parquet,minority_coverage when the published bundled price covers less than 50% of bundled plus delivery-only customers in the same customer class; the price is not changed,"EIA Electric Sales, Revenue, and Average Price",https://www.eia.gov/electricity/sales_revenue_price/xls/f8612024.zip,2026-08-08,COOP throughout the proposed panel,https://www.taunton-ma.gov/DocumentCenter/View/5355/Annual-Comprehensive-Financial-Report-for-Fiscal-Year-Ended-June-30-2024,
COOP_NH_NHEC,13441,New Hampshire Elec Coop Inc,New Hampshire Electric Cooperative,NH,2013,COOP,COOP,Member-owned cooperative,Local/member-owned,Cooperative,17.280419,68447,462130,68447,243,68690,99.64623671567914,majority_coverage,Reported,Table 6: Utility Bundled Retail Sales - Residential,EIA Table 6 bundled customers match PUDL bundled customers,15.696135,9428,164257,9428,930,10358,91.02143270901719,majority_coverage,Reported,Table 7: Utility Bundled Retail Sales - Commercial,EIA Table 7 bundled customers match PUDL bundled customers,11.189903,5,30742,5,5,10,50.0,majority_coverage,Reported,Table 8: Utility Bundled Retail Sales - Industrial,EIA Table 8 bundled customers match PUDL bundled customers,Derived from reported customer counts,https://s3.us-west-2.amazonaws.com/pudl.catalyst.coop/stable/core_eia861__yearly_sales.parquet,minority_coverage when the published bundled price covers less than 50% of bundled plus delivery-only customers in the same customer class; the price is not changed,"EIA Electric Sales, Revenue, and Average Price",https://www.eia.gov/electricity/sales_revenue_price/archive/f8612013.zip,2026-08-08,COOP throughout the proposed panel,https://www.nhec.com/about/,
COOP_NH_NHEC,13441,New Hampshire Elec Coop Inc,New Hampshire Electric Cooperative,NH,2014,COOP,COOP,Member-owned cooperative,Local/member-owned,Cooperative,19.867917,69254,462738,69254,307,69561,99.5586607438076,majority_coverage,Reported,Table 6: Utility Bundled Retail Sales - Residential,EIA Table 6 bundled customers match PUDL bundled customers,19.220414,9534,171219,9534,816,10350,92.1159420289855,majority_coverage,Reported,Table 7: Utility Bundled Retail Sales - Commercial,EIA Table 7 bundled customers match PUDL bundled customers,27.197496,6,18851,6,5,11,54.54545454545455,majority_coverage,Reported,Table 8: Utility Bundled Retail Sales - Industrial,EIA Table 8 bundled customers match PUDL bundled customers,Derived from reported customer counts,https://s3.us-west-2.amazonaws.com/pudl.catalyst.coop/stable/core_eia861__yearly_sales.parquet,minority_coverage when the published bundled price covers less than 50% of bundled plus delivery-only customers in the same customer class; the price is not changed,"EIA Electric Sales, Revenue, and Average Price",https://www.eia.gov/electricity/sales_revenue_price/archive/f8612014.zip,2026-08-08,COOP throughout the proposed panel,https://www.nhec.com/about/,
COOP_NH_NHEC,13441,New Hampshire Elec Coop Inc,New Hampshire Electric Cooperative,NH,2015,COOP,COOP,Member-owned cooperative,Local/member-owned,Cooperative,20.280126,69260,462971,69260,517,69777,99.25906817432679,majority_coverage,Reported,Table 6: Utility Bundled Retail Sales - Residential,EIA Table 6 bundled customers match PUDL bundled customers,18.218399,9353,161338,9353,978,10331,90.53334623947343,majority_coverage,Reported,Table 7: Utility Bundled Retail Sales - Commercial,EIA Table 7 bundled customers match PUDL bundled customers,14.318924,12,31230,12,21,33,36.36363636363637,minority_coverage,Reported,Table 8: Utility Bundled Retail Sales - Industrial,EIA Table 8 bundled customers match PUDL bundled customers,Derived from reported customer counts,https://s3.us-west-2.amazonaws.com/pudl.catalyst.coop/stable/core_eia861__yearly_sales.parquet,minority_coverage when the published bundled price covers less than 50% of bundled plus delivery-only customers in the same customer class; the price is not changed,"EIA Electric Sales, Revenue, and Average Price",https://www.eia.gov/electricity/sales_revenue_price/archive/f8612015.zip,2026-08-08,COOP throughout the proposed panel,https://www.nhec.com/about/,
COOP_NH_NHEC,13441,New Hampshire Elec Coop Inc,New Hampshire Electric Cooperative,NH,2016,COOP,COOP,Member-owned cooperative,Local/member-owned,Cooperative,19.375344,69619,448199,69619,565,70184,99.19497321326799,majority_coverage,Reported,Table 6: Utility Bundled Retail Sales - Residential,EIA Table 6 bundled customers match PUDL bundled customers,17.390509,9325,144875,9325,1013,10338,90.20119945830915,majority_coverage,Reported,Table 7: Utility Bundled Retail Sales - Commercial,EIA Table 7 bundled customers match PUDL bundled customers,12.161736,11,32349,11,20,31,35.483870967741936,minority_coverage,Reported,Table 8: Utility Bundled Retail Sales - Industrial,EIA Table 8 bundled customers match PUDL bundled customers,Derived from reported customer counts,https://s3.us-west-2.amazonaws.com/pudl.catalyst.coop/stable/core_eia861__yearly_sales.parquet,minority_coverage when the published bundled price covers less than 50% of bundled plus delivery-only customers in the same customer class; the price is not changed,"EIA Electric Sales, Revenue, and Average Price",https://www.eia.gov/electricity/sales_revenue_price/archive/f8612016.zip,2026-08-08,COOP throughout the proposed panel,https://www.nhec.com/about/,
COOP_NH_NHEC,13441,New Hampshire Elec Coop Inc,New Hampshire Electric Cooperative,NH,2017,COOP,COOP,Member-owned cooperative,Local/member-owned,Cooperative,20.268311,69875,454621,69875,595,70470,99.15566907904072,majority_coverage,Reported,Table 6: Utility Bundled Retail Sales - Residential,EIA Table 6 bundled customers match PUDL bundled customers,18.475235,9292,144278,9292,1024,10316,90.07367196587825,majority_coverage,Reported,Table 7: Utility Bundled Retail Sales - Commercial,EIA Table 7 bundled customers match PUDL bundled customers,13.519629,12,36018,12,19,31,38.70967741935484,minority_coverage,Reported,Table 8: Utility Bundled Retail Sales - Industrial,EIA Table 8 bundled customers match PUDL bundled customers,Derived from reported customer counts,https://s3.us-west-2.amazonaws.com/pudl.catalyst.coop/stable/core_eia861__yearly_sales.parquet,minority_coverage when the published bundled price covers less than 50% of bundled plus delivery-only customers in the same customer class; the price is not changed,"EIA Electric Sales, Revenue, and Average Price",https://www.eia.gov/electricity/sales_revenue_price/archive/f8612017.zip,2026-08-08,COOP throughout the proposed panel,https://www.nhec.com/about/,
COOP_NH_NHEC,13441,New Hampshire Elec Coop Inc,New Hampshire Electric Cooperative,NH,2018,COOP,COOP,Member-owned cooperative,Local/member-owned,Cooperative,20.767377,70261,484234,70261,644,70905,99.09174247232212,majority_coverage,Reported,Table 6: Utility Bundled Retail Sales - Residential,EIA Table 6 bundled customers match PUDL bundled customers,19.170533,9222,142477,9222,1077,10299,89.54267404602389,majority_coverage,Reported,Table 7: Utility Bundled Retail Sales - Commercial,EIA Table 7 bundled customers match PUDL bundled customers,15.379502,12,35204,12,19,31,38.70967741935484,minority_coverage,Reported,Table 8: Utility Bundled Retail Sales - Industrial,EIA Table 8 bundled customers match PUDL bundled customers,Derived from reported customer counts,https://s3.us-west-2.amazonaws.com/pudl.catalyst.coop/stable/core_eia861__yearly_sales.parquet,minority_coverage when the published bundled price covers less than 50% of bundled plus delivery-only customers in the same customer class; the price is not changed,"EIA Electric Sales, Revenue, and Average Price",https://www.eia.gov/electricity/sales_revenue_price/archive/f8612018.zip,2026-08-08,COOP throughout the proposed panel,https://www.nhec.com/about/,
COOP_NH_NHEC,13441,New Hampshire Elec Coop Inc,New Hampshire Electric Cooperative,NH,2019,COOP,COOP,Member-owned cooperative,Local/member-owned,Cooperative,20.95635,70747,473948,70747,608,71355,99.14792236003083,majority_coverage,Reported,Table 6: Utility Bundled Retail Sales - Residential,EIA Table 6 bundled customers match PUDL bundled customers,19.372755,9205,136709,9205,1121,10326,89.14390858028278,majority_coverage,Reported,Table 7: Utility Bundled Retail Sales - Commercial,EIA Table 7 bundled customers match PUDL bundled customers,13.963493,11,34843,11,20,31,35.483870967741936,minority_coverage,Reported,Table 8: Utility Bundled Retail Sales - Industrial,EIA Table 8 bundled customers match PUDL bundled customers,Derived from reported customer counts,https://s3.us-west-2.amazonaws.com/pudl.catalyst.coop/stable/core_eia861__yearly_sales.parquet,minority_coverage when the published bundled price covers less than 50% of bundled plus delivery-only customers in the same customer class; the price is not changed,"EIA Electric Sales, Revenue, and Average Price",https://www.eia.gov/electricity/sales_revenue_price/archive/f8612019.zip,2026-08-08,COOP throughout the proposed panel,https://www.nhec.com/about/,
COOP_NH_NHEC,13441,New Hampshire Elec Coop Inc,New Hampshire Electric Cooperative,NH,2020,COOP,COOP,Member-owned cooperative,Local/member-owned,Cooperative,19.75352,71310,503407,71310,534,71844,99.25672289961584,majority_coverage,Reported,Table 6: Utility Bundled Retail Sales - Residential,EIA Table 6 bundled customers match PUDL bundled customers,18.625344,9034,123791,9034,1324,10358,87.21760957713845,majority_coverage,Reported,Table 7: Utility Bundled Retail Sales - Commercial,EIA Table 7 bundled customers match PUDL bundled customers,14.037036,11,28459,11,20,31,35.483870967741936,minority_coverage,Reported,Table 8: Utility Bundled Retail Sales - Industrial,EIA Table 8 bundled customers match PUDL bundled customers,Derived from reported customer counts,https://s3.us-west-2.amazonaws.com/pudl.catalyst.coop/stable/core_eia861__yearly_sales.parquet,minority_coverage when the published bundled price covers less than 50% of bundled plus delivery-only customers in the same customer class; the price is not changed,"EIA Electric Sales, Revenue, and Average Price",https://www.eia.gov/electricity/sales_revenue_price/archive/f8612020.zip,2026-08-08,COOP throughout the proposed panel,https://www.nhec.com/about/,
COOP_NH_NHEC,13441,New Hampshire Elec Coop Inc,New Hampshire Electric Cooperative,NH,2021,COOP,COOP,Member-owned cooperative,Local/member-owned,Cooperative,20.229589,72017,508822,72017,461,72478,99.36394492121747,majority_coverage,Reported,Table 6: Utility Bundled Retail Sales - Residential,EIA Table 6 bundled customers match PUDL bundled customers,18.645778,9083,138227,9083,1315,10398,87.35333718022697,majority_coverage,Reported,Table 7: Utility Bundled Retail Sales - Commercial,EIA Table 7 bundled customers match PUDL bundled customers,15.20267,14,33256,14,17,31,45.16129032258065,minority_coverage,Reported,Table 8: Utility Bundled Retail Sales - Industrial,EIA Table 8 bundled customers match PUDL bundled customers,Derived from reported customer counts,https://s3.us-west-2.amazonaws.com/pudl.catalyst.coop/stable/core_eia861__yearly_sales.parquet,minority_coverage when the published bundled price covers less than 50% of bundled plus delivery-only customers in the same customer class; the price is not changed,"EIA Electric Sales, Revenue, and Average Price",https://www.eia.gov/electricity/sales_revenue_price/archive/f8612021.zip,2026-08-08,COOP throughout the proposed panel,https://www.nhec.com/about/,
COOP_NH_NHEC,13441,New Hampshire Elec Coop Inc,New Hampshire Electric Cooperative,NH,2022,COOP,COOP,Member-owned cooperative,Local/member-owned,Cooperative,25.61893,72547,510825,72547,433,72980,99.40668676349685,majority_coverage,Reported,Table 6: Utility Bundled Retail Sales - Residential,EIA Table 6 bundled customers match PUDL bundled customers,23.96567,9284,146926,9284,1269,10553,87.9749834170378,majority_coverage,Reported,Table 7: Utility Bundled Retail Sales - Commercial,EIA Table 7 bundled customers match PUDL bundled customers,20.411147,14,34197,14,17,31,45.16129032258065,minority_coverage,Reported,Table 8: Utility Bundled Retail Sales - Industrial,EIA Table 8 bundled customers match PUDL bundled customers,Derived from reported customer counts,https://s3.us-west-2.amazonaws.com/pudl.catalyst.coop/stable/core_eia861__yearly_sales.parquet,minority_coverage when the published bundled price covers less than 50% of bundled plus delivery-only customers in the same customer class; the price is not changed,"EIA Electric Sales, Revenue, and Average Price",https://www.eia.gov/electricity/sales_revenue_price/archive/f8612022.zip,2026-08-08,COOP throughout the proposed panel,https://www.nhec.com/about/,
COOP_NH_NHEC,13441,New Hampshire Elec Coop Inc,New Hampshire Electric Cooperative,NH,2023,COOP,COOP,Member-owned cooperative,Local/member-owned,Cooperative,26.608294,73026,497151,73026,471,73497,99.35915751663333,majority_coverage,Reported,Table 6: Utility Bundled Retail Sales - Residential,EIA Table 6 bundled customers match PUDL bundled customers,24.796268,9253,135791,9253,1415,10668,86.73603299587552,majority_coverage,Reported,Table 7: Utility Bundled Retail Sales - Commercial,EIA Table 7 bundled customers match PUDL bundled customers,20.620573,10,24284,10,21,31,32.25806451612903,minority_coverage,Reported,Table 8: Utility Bundled Retail Sales - Industrial,EIA Table 8 bundled customers match PUDL bundled customers,Derived from reported customer counts,https://s3.us-west-2.amazonaws.com/pudl.catalyst.coop/stable/core_eia861__yearly_sales.parquet,minority_coverage when the published bundled price covers less than 50% of bundled plus delivery-only customers in the same customer class; the price is not changed,"EIA Electric Sales, Revenue, and Average Price",https://www.eia.gov/electricity/sales_revenue_price/archive/f8612023.zip,2026-08-08,COOP throughout the proposed panel,https://www.nhec.com/about/,
COOP_NH_NHEC,13441,New Hampshire Elec Coop Inc,New Hampshire Electric Cooperative,NH,2024,COOP,COOP,Member-owned cooperative,Local/member-owned,Cooperative,23.833295,72772,503499,72772,1372,74144,98.14954682779457,majority_coverage,Reported,Table 6: Utility Bundled Retail Sales - Residential,EIA Table 6 bundled customers match PUDL bundled customers,22.129839,9163,132949,9163,1567,10730,85.39608574091332,majority_coverage,Reported,Table 7: Utility Bundled Retail Sales - Commercial,EIA Table 7 bundled customers match PUDL bundled customers,16.924323,9,13584,9,23,32,28.125,minority_coverage,Reported,Table 8: Utility Bundled Retail Sales - Industrial,EIA Table 8 bundled customers match PUDL bundled customers,Derived from reported customer counts,https://s3.us-west-2.amazonaws.com/pudl.catalyst.coop/stable/core_eia861__yearly_sales.parquet,minority_coverage when the published bundled price covers less than 50% of bundled plus delivery-only customers in the same customer class; the price is not changed,"EIA Electric Sales, Revenue, and Average Price",https://www.eia.gov/electricity/sales_revenue_price/xls/f8612024.zip,2026-08-08,COOP throughout the proposed panel,https://www.nhec.com/about/,
COOP_NY_FAIRPORT,5930,Village of Fairport - (NY),Fairport Municipal Commission,NY,2013,COOP,COOP,Village of Fairport,Local municipal,Municipal,5.035053,15303,252903,15303,0,15303,100.0,majority_coverage,Reported,Table 6: Utility Bundled Retail Sales - Residential,EIA Table 6 bundled customers match PUDL bundled customers,5.729769,1433,96325,1433,0,1433,100.0,majority_coverage,Reported,Table 7: Utility Bundled Retail Sales - Commercial,EIA Table 7 bundled customers match PUDL bundled customers,3.5197303,15,90774,15,0,15,100.0,majority_coverage,Reported,Table 8: Utility Bundled Retail Sales - Industrial,EIA Table 8 bundled customers match PUDL bundled customers,Derived from reported customer counts,https://s3.us-west-2.amazonaws.com/pudl.catalyst.coop/stable/core_eia861__yearly_sales.parquet,minority_coverage when the published bundled price covers less than 50% of bundled plus delivery-only customers in the same customer class; the price is not changed,"EIA Electric Sales, Revenue, and Average Price",https://www.eia.gov/electricity/sales_revenue_price/archive/f8612013.zip,2026-08-08,COOP throughout the proposed panel,https://dps.ny.gov/location/village-fairport-electric,
COOP_NY_FAIRPORT,5930,Village of Fairport - (NY),Fairport Municipal Commission,NY,2014,COOP,COOP,Village of Fairport,Local municipal,Municipal,5.7143735,15348,260312,15348,0,15348,100.0,majority_coverage,Reported,Table 6: Utility Bundled Retail Sales - Residential,EIA Table 6 bundled customers match PUDL bundled customers,6.0871902,1426,98612,1426,0,1426,100.0,majority_coverage,Reported,Table 7: Utility Bundled Retail Sales - Commercial,EIA Table 7 bundled customers match PUDL bundled customers,3.9085473,15,88964,15,0,15,100.0,majority_coverage,Reported,Table 8: Utility Bundled Retail Sales - Industrial,EIA Table 8 bundled customers match PUDL bundled customers,Derived from reported customer counts,https://s3.us-west-2.amazonaws.com/pudl.catalyst.coop/stable/core_eia861__yearly_sales.parquet,minority_coverage when the published bundled price covers less than 50% of bundled plus delivery-only customers in the same customer class; the price is not changed,"EIA Electric Sales, Revenue, and Average Price",https://www.eia.gov/electricity/sales_revenue_price/archive/f8612014.zip,2026-08-08,COOP throughout the proposed panel,https://dps.ny.gov/location/village-fairport-electric,
COOP_NY_FAIRPORT,5930,Village of Fairport - (NY),Fairport Municipal Commission,NY,2015,COOP,COOP,Village of Fairport,Local municipal,Municipal,5.2338537,15440,256870,15440,0,15440,100.0,majority_coverage,Reported,Table 6: Utility Bundled Retail Sales - Residential,EIA Table 6 bundled customers match PUDL bundled customers,6.0655471,1466,98311,1466,0,1466,100.0,majority_coverage,Reported,Table 7: Utility Bundled Retail Sales - Commercial,EIA Table 7 bundled customers match PUDL bundled customers,3.5172037,14,86057,14,0,14,100.0,majority_coverage,Reported,Table 8: Utility Bundled Retail Sales - Industrial,EIA Table 8 bundled customers match PUDL bundled customers,Derived from reported customer counts,https://s3.us-west-2.amazonaws.com/pudl.catalyst.coop/stable/core_eia861__yearly_sales.parquet,minority_coverage when the published bundled price covers less than 50% of bundled plus delivery-only customers in the same customer class; the price is not changed,"EIA Electric Sales, Revenue, and Average Price",https://www.eia.gov/electricity/sales_revenue_price/archive/f8612015.zip,2026-08-08,COOP throughout the proposed panel,https://dps.ny.gov/location/village-fairport-electric,
COOP_NY_FAIRPORT,5930,Village of Fairport - (NY),Fairport Municipal Commission,NY,2016,COOP,COOP,Village of Fairport,Local municipal,Municipal,5.0590549,15555,240031,15555,0,15555,100.0,majority_coverage,Reported,Table 6: Utility Bundled Retail Sales - Residential,EIA Table 6 bundled customers match PUDL bundled customers,5.7874749,1515,95057,1515,0,1515,100.0,majority_coverage,Reported,Table 7: Utility Bundled Retail Sales - Commercial,EIA Table 7 bundled customers match PUDL bundled customers,3.5975032,15,88592,15,0,15,100.0,majority_coverage,Reported,Table 8: Utility Bundled Retail Sales - Industrial,EIA Table 8 bundled customers match PUDL bundled customers,Derived from reported customer counts,https://s3.us-west-2.amazonaws.com/pudl.catalyst.coop/stable/core_eia861__yearly_sales.parquet,minority_coverage when the published bundled price covers less than 50% of bundled plus delivery-only customers in the same customer class; the price is not changed,"EIA Electric Sales, Revenue, and Average Price",https://www.eia.gov/electricity/sales_revenue_price/archive/f8612016.zip,2026-08-08,COOP throughout the proposed panel,https://dps.ny.gov/location/village-fairport-electric,
COOP_NY_FAIRPORT,5930,Village of Fairport - (NY),Fairport Municipal Commission,NY,2017,COOP,COOP,Village of Fairport,Local municipal,Municipal,5.1889241,15773,237741,15773,0,15773,100.0,majority_coverage,Reported,Table 6: Utility Bundled Retail Sales - Residential,EIA Table 6 bundled customers match PUDL bundled customers,5.4584373,1606,103013,1606,0,1606,100.0,majority_coverage,Reported,Table 7: Utility Bundled Retail Sales - Commercial,EIA Table 7 bundled customers match PUDL bundled customers,3.5510772,14,84059,14,0,14,100.0,majority_coverage,Reported,Table 8: Utility Bundled Retail Sales - Industrial,EIA Table 8 bundled customers match PUDL bundled customers,Derived from reported customer counts,https://s3.us-west-2.amazonaws.com/pudl.catalyst.coop/stable/core_eia861__yearly_sales.parquet,minority_coverage when the published bundled price covers less than 50% of bundled plus delivery-only customers in the same customer class; the price is not changed,"EIA Electric Sales, Revenue, and Average Price",https://www.eia.gov/electricity/sales_revenue_price/archive/f8612017.zip,2026-08-08,COOP throughout the proposed panel,https://dps.ny.gov/location/village-fairport-electric,
COOP_NY_FAIRPORT,5930,Village of Fairport - (NY),Fairport Municipal Commission,NY,2018,COOP,COOP,Village of Fairport,Local municipal,Municipal,5.743235,16017,261788,16017,0,16017,100.0,majority_coverage,Reported,Table 6: Utility Bundled Retail Sales - Residential,EIA Table 6 bundled customers match PUDL bundled customers,6.6679974,1563,97689,1563,0,1563,100.0,majority_coverage,Reported,Table 7: Utility Bundled Retail Sales - Commercial,EIA Table 7 bundled customers match PUDL bundled customers,3.9212866,13,87609,13,0,13,100.0,majority_coverage,Reported,Table 8: Utility Bundled Retail Sales - Industrial,EIA Table 8 bundled customers match PUDL bundled customers,Derived from reported customer counts,https://s3.us-west-2.amazonaws.com/pudl.catalyst.coop/stable/core_eia861__yearly_sales.parquet,minority_coverage when the published bundled price covers less than 50% of bundled plus delivery-only customers in the same customer class; the price is not changed,"EIA Electric Sales, Revenue, and Average Price",https://www.eia.gov/electricity/sales_revenue_price/archive/f8612018.zip,2026-08-08,COOP throughout the proposed panel,https://dps.ny.gov/location/village-fairport-electric,
COOP_NY_FAIRPORT,5930,Village of Fairport - (NY),Fairport Municipal Commission,NY,2019,COOP,COOP,Village of Fairport,Local municipal,Municipal,5.552841,16149,248453,16149,0,16149,100.0,majority_coverage,Reported,Table 6: Utility Bundled Retail Sales - Residential,EIA Table 6 bundled customers match PUDL bundled customers,6.2939636,1506,95107,1506,0,1506,100.0,majority_coverage,Reported,Table 7: Utility Bundled Retail Sales - Commercial,EIA Table 7 bundled customers match PUDL bundled customers,3.7314525,12,84715,12,0,12,100.0,majority_coverage,Reported,Table 8: Utility Bundled Retail Sales - Industrial,EIA Table 8 bundled customers match PUDL bundled customers,Derived from reported customer counts,https://s3.us-west-2.amazonaws.com/pudl.catalyst.coop/stable/core_eia861__yearly_sales.parquet,minority_coverage when the published bundled price covers less than 50% of bundled plus delivery-only customers in the same customer class; the price is not changed,"EIA Electric Sales, Revenue, and Average Price",https://www.eia.gov/electricity/sales_revenue_price/archive/f8612019.zip,2026-08-08,COOP throughout the proposed panel,https://dps.ny.gov/location/village-fairport-electric,
COOP_NY_FAIRPORT,5930,Village of Fairport - (NY),Fairport Municipal Commission,NY,2020,COOP,COOP,Village of Fairport,Local municipal,Municipal,5.7185078,16226,250387,16226,0,16226,100.0,majority_coverage,Reported,Table 6: Utility Bundled Retail Sales - Residential,EIA Table 6 bundled customers match PUDL bundled customers,6.6374175,1528,86954,1528,0,1528,100.0,majority_coverage,Reported,Table 7: Utility Bundled Retail Sales - Commercial,EIA Table 7 bundled customers match PUDL bundled customers,4.0941174,12,82174,12,0,12,100.0,majority_coverage,Reported,Table 8: Utility Bundled Retail Sales - Industrial,EIA Table 8 bundled customers match PUDL bundled customers,Derived from reported customer counts,https://s3.us-west-2.amazonaws.com/pudl.catalyst.coop/stable/core_eia861__yearly_sales.parquet,minority_coverage when the published bundled price covers less than 50% of bundled plus delivery-only customers in the same customer class; the price is not changed,"EIA Electric Sales, Revenue, and Average Price",https://www.eia.gov/electricity/sales_revenue_price/archive/f8612020.zip,2026-08-08,COOP throughout the proposed panel,https://dps.ny.gov/location/village-fairport-electric,
COOP_NY_FAIRPORT,5930,Village of Fairport - (NY),Fairport Municipal Commission,NY,2021,COOP,COOP,Village of Fairport,Local municipal,Municipal,6.5543107,16275,230903,16275,0,16275,100.0,majority_coverage,Reported,Table 6: Utility Bundled Retail Sales - Residential,EIA Table 6 bundled customers match PUDL bundled customers,7.4460758,1420,82755,1420,0,1420,100.0,majority_coverage,Reported,Table 7: Utility Bundled Retail Sales - Commercial,EIA Table 7 bundled customers match PUDL bundled customers,4.6201568,12,79467,12,0,12,100.0,majority_coverage,Reported,Table 8: Utility Bundled Retail Sales - Industrial,EIA Table 8 bundled customers match PUDL bundled customers,Derived from reported customer counts,https://s3.us-west-2.amazonaws.com/pudl.catalyst.coop/stable/core_eia861__yearly_sales.parquet,minority_coverage when the published bundled price covers less than 50% of bundled plus delivery-only customers in the same customer class; the price is not changed,"EIA Electric Sales, Revenue, and Average Price",https://www.eia.gov/electricity/sales_revenue_price/archive/f8612021.zip,2026-08-08,COOP throughout the proposed panel,https://dps.ny.gov/location/village-fairport-electric,
COOP_NY_FAIRPORT,5930,Village of Fairport - (NY),Fairport Municipal Commission,NY,2022,COOP,COOP,Village of Fairport,Local municipal,Municipal,5.9302124,16283,247895,16283,0,16283,100.0,majority_coverage,Reported,Table 6: Utility Bundled Retail Sales - Residential,EIA Table 6 bundled customers match PUDL bundled customers,6.8164344,1531,90785,1531,0,1531,100.0,majority_coverage,Reported,Table 7: Utility Bundled Retail Sales - Commercial,EIA Table 7 bundled customers match PUDL bundled customers,4.2136663,12,86490,12,0,12,100.0,majority_coverage,Reported,Table 8: Utility Bundled Retail Sales - Industrial,EIA Table 8 bundled customers match PUDL bundled customers,Derived from reported customer counts,https://s3.us-west-2.amazonaws.com/pudl.catalyst.coop/stable/core_eia861__yearly_sales.parquet,minority_coverage when the published bundled price covers less than 50% of bundled plus delivery-only customers in the same customer class; the price is not changed,"EIA Electric Sales, Revenue, and Average Price",https://www.eia.gov/electricity/sales_revenue_price/archive/f8612022.zip,2026-08-08,COOP throughout the proposed panel,https://dps.ny.gov/location/village-fairport-electric,
COOP_NY_FAIRPORT,5930,Village of Fairport - (NY),Fairport Municipal Commission,NY,2023,COOP,COOP,Village of Fairport,Local municipal,Municipal,5.5306821,16341,236441,16341,0,16341,100.0,majority_coverage,Reported,Table 6: Utility Bundled Retail Sales - Residential,EIA Table 6 bundled customers match PUDL bundled customers,6.2110831,1638,92826,1638,0,1638,100.0,majority_coverage,Reported,Table 7: Utility Bundled Retail Sales - Commercial,EIA Table 7 bundled customers match PUDL bundled customers,3.6314048,11,85248,11,0,11,100.0,majority_coverage,Reported,Table 8: Utility Bundled Retail Sales - Industrial,EIA Table 8 bundled customers match PUDL bundled customers,Derived from reported customer counts,https://s3.us-west-2.amazonaws.com/pudl.catalyst.coop/stable/core_eia861__yearly_sales.parquet,minority_coverage when the published bundled price covers less than 50% of bundled plus delivery-only customers in the same customer class; the price is not changed,"EIA Electric Sales, Revenue, and Average Price",https://www.eia.gov/electricity/sales_revenue_price/archive/f8612023.zip,2026-08-08,COOP throughout the proposed panel,https://dps.ny.gov/location/village-fairport-electric,
COOP_NY_FAIRPORT,5930,Village of Fairport - (NY),Fairport Municipal Commission,NY,2024,COOP,COOP,Village of Fairport,Local municipal,Municipal,6.6904341,16462,231269,16462,0,16462,100.0,majority_coverage,Reported,Table 6: Utility Bundled Retail Sales - Residential,EIA Table 6 bundled customers match PUDL bundled customers,7.5580234,1602,89145,1602,0,1602,100.0,majority_coverage,Reported,Table 7: Utility Bundled Retail Sales - Commercial,EIA Table 7 bundled customers match PUDL bundled customers,4.9509571,12,90635,12,0,12,100.0,majority_coverage,Reported,Table 8: Utility Bundled Retail Sales - Industrial,EIA Table 8 bundled customers match PUDL bundled customers,Derived from reported customer counts,https://s3.us-west-2.amazonaws.com/pudl.catalyst.coop/stable/core_eia861__yearly_sales.parquet,minority_coverage when the published bundled price covers less than 50% of bundled plus delivery-only customers in the same customer class; the price is not changed,"EIA Electric Sales, Revenue, and Average Price",https://www.eia.gov/electricity/sales_revenue_price/xls/f8612024.zip,2026-08-08,COOP throughout the proposed panel,https://dps.ny.gov/location/village-fairport-electric,
COOP_VT_BURLINGTON,2548,City of Burlington Electric - (VT),Burlington Electric Department,VT,2013,COOP,COOP,City of Burlington,Local municipal,Municipal,15.798506,16631,85660,16631,0,16631,100.0,majority_coverage,Reported,Table 6: Utility Bundled Retail Sales - Residential,EIA Table 6 bundled customers match PUDL bundled customers,14.515451,3769,187855,3769,0,3769,100.0,majority_coverage,Reported,Table 7: Utility Bundled Retail Sales - Commercial,EIA Table 7 bundled customers match PUDL bundled customers,11.710024,12,68847,12,0,12,100.0,majority_coverage,Reported,Table 8: Utility Bundled Retail Sales - Industrial,EIA Table 8 bundled customers match PUDL bundled customers,Derived from reported customer counts,https://s3.us-west-2.amazonaws.com/pudl.catalyst.coop/stable/core_eia861__yearly_sales.parquet,minority_coverage when the published bundled price covers less than 50% of bundled plus delivery-only customers in the same customer class; the price is not changed,"EIA Electric Sales, Revenue, and Average Price",https://www.eia.gov/electricity/sales_revenue_price/archive/f8612013.zip,2026-08-08,COOP throughout the proposed panel,https://www.burlingtonelectric.com/history,
COOP_VT_BURLINGTON,2548,City of Burlington Electric - (VT),Burlington Electric Department,VT,2014,COOP,COOP,City of Burlington,Local municipal,Municipal,15.722796,16737,83592,16737,0,16737,100.0,majority_coverage,Reported,Table 6: Utility Bundled Retail Sales - Residential,EIA Table 6 bundled customers match PUDL bundled customers,13.948838,3808,185019,3808,0,3808,100.0,majority_coverage,Reported,Table 7: Utility Bundled Retail Sales - Commercial,EIA Table 7 bundled customers match PUDL bundled customers,11.653058,12,69810,12,0,12,100.0,majority_coverage,Reported,Table 8: Utility Bundled Retail Sales - Industrial,EIA Table 8 bundled customers match PUDL bundled customers,Derived from reported customer counts,https://s3.us-west-2.amazonaws.com/pudl.catalyst.coop/stable/core_eia861__yearly_sales.parquet,minority_coverage when the published bundled price covers less than 50% of bundled plus delivery-only customers in the same customer class; the price is not changed,"EIA Electric Sales, Revenue, and Average Price",https://www.eia.gov/electricity/sales_revenue_price/archive/f8612014.zip,2026-08-08,COOP throughout the proposed panel,https://www.burlingtonelectric.com/history,
COOP_VT_BURLINGTON,2548,City of Burlington Electric - (VT),Burlington Electric Department,VT,2015,COOP,COOP,City of Burlington,Local municipal,Municipal,15.637054,16680,83737,16680,0,16680,100.0,majority_coverage,Reported,Table 6: Utility Bundled Retail Sales - Residential,EIA Table 6 bundled customers match PUDL bundled customers,14.33407,3858,188188,3858,0,3858,100.0,majority_coverage,Reported,Table 7: Utility Bundled Retail Sales - Commercial,EIA Table 7 bundled customers match PUDL bundled customers,11.479744,12,72249,12,0,12,100.0,majority_coverage,Reported,Table 8: Utility Bundled Retail Sales - Industrial,EIA Table 8 bundled customers match PUDL bundled customers,Derived from reported customer counts,https://s3.us-west-2.amazonaws.com/pudl.catalyst.coop/stable/core_eia861__yearly_sales.parquet,minority_coverage when the published bundled price covers less than 50% of bundled plus delivery-only customers in the same customer class; the price is not changed,"EIA Electric Sales, Revenue, and Average Price",https://www.eia.gov/electricity/sales_revenue_price/archive/f8612015.zip,2026-08-08,COOP throughout the proposed panel,https://www.burlingtonelectric.com/history,
COOP_VT_BURLINGTON,2548,City of Burlington Electric - (VT),Burlington Electric Department,VT,2016,COOP,COOP,City of Burlington,Local municipal,Municipal,15.735841,16662,82314,16662,0,16662,100.0,majority_coverage,Reported,Table 6: Utility Bundled Retail Sales - Residential,EIA Table 6 bundled customers match PUDL bundled customers,14.339118,3961,186183,3961,0,3961,100.0,majority_coverage,Reported,Table 7: Utility Bundled Retail Sales - Commercial,EIA Table 7 bundled customers match PUDL bundled customers,11.545748,10,71784,10,0,10,100.0,majority_coverage,Reported,Table 8: Utility Bundled Retail Sales - Industrial,EIA Table 8 bundled customers match PUDL bundled customers,Derived from reported customer counts,https://s3.us-west-2.amazonaws.com/pudl.catalyst.coop/stable/core_eia861__yearly_sales.parquet,minority_coverage when the published bundled price covers less than 50% of bundled plus delivery-only customers in the same customer class; the price is not changed,"EIA Electric Sales, Revenue, and Average Price",https://www.eia.gov/electricity/sales_revenue_price/archive/f8612016.zip,2026-08-08,COOP throughout the proposed panel,https://www.burlingtonelectric.com/history,
COOP_VT_BURLINGTON,2548,City of Burlington Electric - (VT),Burlington Electric Department,VT,2017,COOP,COOP,City of Burlington,Local municipal,Municipal,15.847432,16957,79794,16957,0,16957,100.0,majority_coverage,Reported,Table 6: Utility Bundled Retail Sales - Residential,EIA Table 6 bundled customers match PUDL bundled customers,14.440408,3867,181695,3867,0,3867,100.0,majority_coverage,Reported,Table 7: Utility Bundled Retail Sales - Commercial,EIA Table 7 bundled customers match PUDL bundled customers,11.542337,10,70471,10,0,10,100.0,majority_coverage,Reported,Table 8: Utility Bundled Retail Sales - Industrial,EIA Table 8 bundled customers match PUDL bundled customers,Derived from reported customer counts,https://s3.us-west-2.amazonaws.com/pudl.catalyst.coop/stable/core_eia861__yearly_sales.parquet,minority_coverage when the published bundled price covers less than 50% of bundled plus delivery-only customers in the same customer class; the price is not changed,"EIA Electric Sales, Revenue, and Average Price",https://www.eia.gov/electricity/sales_revenue_price/archive/f8612017.zip,2026-08-08,COOP throughout the proposed panel,https://www.burlingtonelectric.com/history,
COOP_VT_BURLINGTON,2548,City of Burlington Electric - (VT),Burlington Electric Department,VT,2018,COOP,COOP,City of Burlington,Local municipal,Municipal,15.711802,17096,84546,17096,0,17096,100.0,majority_coverage,Reported,Table 6: Utility Bundled Retail Sales - Residential,EIA Table 6 bundled customers match PUDL bundled customers,14.393432,3900,181414,3900,0,3900,100.0,majority_coverage,Reported,Table 7: Utility Bundled Retail Sales - Commercial,EIA Table 7 bundled customers match PUDL bundled customers,11.558463,9,67804,9,0,9,100.0,majority_coverage,Reported,Table 8: Utility Bundled Retail Sales - Industrial,EIA Table 8 bundled customers match PUDL bundled customers,Derived from reported customer counts,https://s3.us-west-2.amazonaws.com/pudl.catalyst.coop/stable/core_eia861__yearly_sales.parquet,minority_coverage when the published bundled price covers less than 50% of bundled plus delivery-only customers in the same customer class; the price is not changed,"EIA Electric Sales, Revenue, and Average Price",https://www.eia.gov/electricity/sales_revenue_price/archive/f8612018.zip,2026-08-08,COOP throughout the proposed panel,https://www.burlingtonelectric.com/history,
COOP_VT_BURLINGTON,2548,City of Burlington Electric - (VT),Burlington Electric Department,VT,2019,COOP,COOP,City of Burlington,Local municipal,Municipal,15.75492,17260,82161,17260,0,17260,100.0,majority_coverage,Reported,Table 6: Utility Bundled Retail Sales - Residential,EIA Table 6 bundled customers match PUDL bundled customers,14.444349,3918,174741,3918,0,3918,100.0,majority_coverage,Reported,Table 7: Utility Bundled Retail Sales - Commercial,EIA Table 7 bundled customers match PUDL bundled customers,11.45025,9,65699,9,0,9,100.0,majority_coverage,Reported,Table 8: Utility Bundled Retail Sales - Industrial,EIA Table 8 bundled customers match PUDL bundled customers,Derived from reported customer counts,https://s3.us-west-2.amazonaws.com/pudl.catalyst.coop/stable/core_eia861__yearly_sales.parquet,minority_coverage when the published bundled price covers less than 50% of bundled plus delivery-only customers in the same customer class; the price is not changed,"EIA Electric Sales, Revenue, and Average Price",https://www.eia.gov/electricity/sales_revenue_price/archive/f8612019.zip,2026-08-08,COOP throughout the proposed panel,https://www.burlingtonelectric.com/history,
COOP_VT_BURLINGTON,2548,City of Burlington Electric - (VT),Burlington Electric Department,VT,2020,COOP,COOP,City of Burlington,Local municipal,Municipal,15.65296,17348,89033,17348,0,17348,100.0,majority_coverage,Reported,Table 6: Utility Bundled Retail Sales - Residential,EIA Table 6 bundled customers match PUDL bundled customers,14.543881,3995,155365,3995,0,3995,100.0,majority_coverage,Reported,Table 7: Utility Bundled Retail Sales - Commercial,EIA Table 7 bundled customers match PUDL bundled customers,11.346924,9,65928,9,0,9,100.0,majority_coverage,Reported,Table 8: Utility Bundled Retail Sales - Industrial,EIA Table 8 bundled customers match PUDL bundled customers,Derived from reported customer counts,https://s3.us-west-2.amazonaws.com/pudl.catalyst.coop/stable/core_eia861__yearly_sales.parquet,minority_coverage when the published bundled price covers less than 50% of bundled plus delivery-only customers in the same customer class; the price is not changed,"EIA Electric Sales, Revenue, and Average Price",https://www.eia.gov/electricity/sales_revenue_price/archive/f8612020.zip,2026-08-08,COOP throughout the proposed panel,https://www.burlingtonelectric.com/history,
COOP_VT_BURLINGTON,2548,City of Burlington Electric - (VT),Burlington Electric Department,VT,2021,COOP,COOP,City of Burlington,Local municipal,Municipal,16.236542,17350,88889,17350,0,17350,100.0,majority_coverage,Reported,Table 6: Utility Bundled Retail Sales - Residential,EIA Table 6 bundled customers match PUDL bundled customers,15.014547,3995,162581,3995,0,3995,100.0,majority_coverage,Reported,Table 7: Utility Bundled Retail Sales - Commercial,EIA Table 7 bundled customers match PUDL bundled customers,11.622863,9,67042,9,0,9,100.0,majority_coverage,Reported,Table 8: Utility Bundled Retail Sales - Industrial,EIA Table 8 bundled customers match PUDL bundled customers,Derived from reported customer counts,https://s3.us-west-2.amazonaws.com/pudl.catalyst.coop/stable/core_eia861__yearly_sales.parquet,minority_coverage when the published bundled price covers less than 50% of bundled plus delivery-only customers in the same customer class; the price is not changed,"EIA Electric Sales, Revenue, and Average Price",https://www.eia.gov/electricity/sales_revenue_price/archive/f8612021.zip,2026-08-08,COOP throughout the proposed panel,https://www.burlingtonelectric.com/history,
COOP_VT_BURLINGTON,2548,City of Burlington Electric - (VT),Burlington Electric Department,VT,2022,COOP,COOP,City of Burlington,Local municipal,Municipal,17.21025,17550,88628,17550,0,17550,100.0,majority_coverage,Reported,Table 6: Utility Bundled Retail Sales - Residential,EIA Table 6 bundled customers match PUDL bundled customers,16.056055,3888,165479,3888,0,3888,100.0,majority_coverage,Reported,Table 7: Utility Bundled Retail Sales - Commercial,EIA Table 7 bundled customers match PUDL bundled customers,12.217889,9,66676,9,0,9,100.0,majority_coverage,Reported,Table 8: Utility Bundled Retail Sales - Industrial,EIA Table 8 bundled customers match PUDL bundled customers,Derived from reported customer counts,https://s3.us-west-2.amazonaws.com/pudl.catalyst.coop/stable/core_eia861__yearly_sales.parquet,minority_coverage when the published bundled price covers less than 50% of bundled plus delivery-only customers in the same customer class; the price is not changed,"EIA Electric Sales, Revenue, and Average Price",https://www.eia.gov/electricity/sales_revenue_price/archive/f8612022.zip,2026-08-08,COOP throughout the proposed panel,https://www.burlingtonelectric.com/history,
COOP_VT_BURLINGTON,2548,City of Burlington Electric - (VT),Burlington Electric Department,VT,2023,COOP,COOP,City of Burlington,Local municipal,Municipal,17.973758,17620,87265,17620,0,17620,100.0,majority_coverage,Reported,Table 6: Utility Bundled Retail Sales - Residential,EIA Table 6 bundled customers match PUDL bundled customers,16.883825,3957,165363,3957,0,3957,100.0,majority_coverage,Reported,Table 7: Utility Bundled Retail Sales - Commercial,EIA Table 7 bundled customers match PUDL bundled customers,12.570976,9,65691,9,0,9,100.0,majority_coverage,Reported,Table 8: Utility Bundled Retail Sales - Industrial,EIA Table 8 bundled customers match PUDL bundled customers,Derived from reported customer counts,https://s3.us-west-2.amazonaws.com/pudl.catalyst.coop/stable/core_eia861__yearly_sales.parquet,minority_coverage when the published bundled price covers less than 50% of bundled plus delivery-only customers in the same customer class; the price is not changed,"EIA Electric Sales, Revenue, and Average Price",https://www.eia.gov/electricity/sales_revenue_price/archive/f8612023.zip,2026-08-08,COOP throughout the proposed panel,https://www.burlingtonelectric.com/history,
COOP_VT_BURLINGTON,2548,City of Burlington Electric - (VT),Burlington Electric Department,VT,2024,COOP,COOP,City of Burlington,Local municipal,Municipal,18.884319,17861,89954,17861,0,17861,100.0,majority_coverage,Reported,Table 6: Utility Bundled Retail Sales - Residential,EIA Table 6 bundled customers match PUDL bundled customers,17.765003,3972,167696,3972,0,3972,100.0,majority_coverage,Reported,Table 7: Utility Bundled Retail Sales - Commercial,EIA Table 7 bundled customers match PUDL bundled customers,13.719759,9,64937,9,0,9,100.0,majority_coverage,Reported,Table 8: Utility Bundled Retail Sales - Industrial,EIA Table 8 bundled customers match PUDL bundled customers,Derived from reported customer counts,https://s3.us-west-2.amazonaws.com/pudl.catalyst.coop/stable/core_eia861__yearly_sales.parquet,minority_coverage when the published bundled price covers less than 50% of bundled plus delivery-only customers in the same customer class; the price is not changed,"EIA Electric Sales, Revenue, and Average Price",https://www.eia.gov/electricity/sales_revenue_price/xls/f8612024.zip,2026-08-08,COOP throughout the proposed panel,https://www.burlingtonelectric.com/history,
COOP_VT_VEC,19791,"Vermont Electric Cooperative, Inc",Vermont Electric Cooperative,VT,2013,COOP,COOP,Member-owned cooperative,Local/member-owned,Cooperative,18.726674,34157,222441,34157,0,34157,100.0,majority_coverage,Reported,Table 6: Utility Bundled Retail Sales - Residential,EIA Table 6 bundled customers match PUDL bundled customers,16.018693,4236,119722,4236,0,4236,100.0,majority_coverage,Reported,Table 7: Utility Bundled Retail Sales - Commercial,EIA Table 7 bundled customers match PUDL bundled customers,10.333476,13,100727,13,0,13,100.0,majority_coverage,Reported,Table 8: Utility Bundled Retail Sales - Industrial,EIA Table 8 bundled customers match PUDL bundled customers,Derived from reported customer counts,https://s3.us-west-2.amazonaws.com/pudl.catalyst.coop/stable/core_eia861__yearly_sales.parquet,minority_coverage when the published bundled price covers less than 50% of bundled plus delivery-only customers in the same customer class; the price is not changed,"EIA Electric Sales, Revenue, and Average Price",https://www.eia.gov/electricity/sales_revenue_price/archive/f8612013.zip,2026-08-08,COOP throughout the proposed panel,https://vermontelectric.coop/at-a-glance,
COOP_VT_VEC,19791,"Vermont Electric Cooperative, Inc",Vermont Electric Cooperative,VT,2014,COOP,COOP,Member-owned cooperative,Local/member-owned,Cooperative,19.292383,34241,222366,34241,0,34241,100.0,majority_coverage,Reported,Table 6: Utility Bundled Retail Sales - Residential,EIA Table 6 bundled customers match PUDL bundled customers,16.5686,4288,122807,4288,0,4288,100.0,majority_coverage,Reported,Table 7: Utility Bundled Retail Sales - Commercial,EIA Table 7 bundled customers match PUDL bundled customers,10.976135,13,101697,13,0,13,100.0,majority_coverage,Reported,Table 8: Utility Bundled Retail Sales - Industrial,EIA Table 8 bundled customers match PUDL bundled customers,Derived from reported customer counts,https://s3.us-west-2.amazonaws.com/pudl.catalyst.coop/stable/core_eia861__yearly_sales.parquet,minority_coverage when the published bundled price covers less than 50% of bundled plus delivery-only customers in the same customer class; the price is not changed,"EIA Electric Sales, Revenue, and Average Price",https://www.eia.gov/electricity/sales_revenue_price/archive/f8612014.zip,2026-08-08,COOP throughout the proposed panel,https://vermontelectric.coop/at-a-glance,
COOP_VT_VEC,19791,"Vermont Electric Cooperative, Inc",Vermont Electric Cooperative,VT,2015,COOP,COOP,Member-owned cooperative,Local/member-owned,Cooperative,19.27828,34297,220210,34297,0,34297,100.0,majority_coverage,Reported,Table 6: Utility Bundled Retail Sales - Residential,EIA Table 6 bundled customers match PUDL bundled customers,16.323576,4402,126536,4402,0,4402,100.0,majority_coverage,Reported,Table 7: Utility Bundled Retail Sales - Commercial,EIA Table 7 bundled customers match PUDL bundled customers,10.810125,12,99244,12,0,12,100.0,majority_coverage,Reported,Table 8: Utility Bundled Retail Sales - Industrial,EIA Table 8 bundled customers match PUDL bundled customers,Derived from reported customer counts,https://s3.us-west-2.amazonaws.com/pudl.catalyst.coop/stable/core_eia861__yearly_sales.parquet,minority_coverage when the published bundled price covers less than 50% of bundled plus delivery-only customers in the same customer class; the price is not changed,"EIA Electric Sales, Revenue, and Average Price",https://www.eia.gov/electricity/sales_revenue_price/archive/f8612015.zip,2026-08-08,COOP throughout the proposed panel,https://vermontelectric.coop/at-a-glance,
COOP_VT_VEC,19791,"Vermont Electric Cooperative, Inc",Vermont Electric Cooperative,VT,2016,COOP,COOP,Member-owned cooperative,Local/member-owned,Cooperative,19.271246,34420,216726,34420,0,34420,100.0,majority_coverage,Reported,Table 6: Utility Bundled Retail Sales - Residential,EIA Table 6 bundled customers match PUDL bundled customers,15.946149,4508,128986,4508,0,4508,100.0,majority_coverage,Reported,Table 7: Utility Bundled Retail Sales - Commercial,EIA Table 7 bundled customers match PUDL bundled customers,10.673041,14,100291,14,0,14,100.0,majority_coverage,Reported,Table 8: Utility Bundled Retail Sales - Industrial,EIA Table 8 bundled customers match PUDL bundled customers,Derived from reported customer counts,https://s3.us-west-2.amazonaws.com/pudl.catalyst.coop/stable/core_eia861__yearly_sales.parquet,minority_coverage when the published bundled price covers less than 50% of bundled plus delivery-only customers in the same customer class; the price is not changed,"EIA Electric Sales, Revenue, and Average Price",https://www.eia.gov/electricity/sales_revenue_price/archive/f8612016.zip,2026-08-08,COOP throughout the proposed panel,https://vermontelectric.coop/at-a-glance,
COOP_VT_VEC,19791,"Vermont Electric Cooperative, Inc",Vermont Electric Cooperative,VT,2017,COOP,COOP,Member-owned cooperative,Local/member-owned,Cooperative,19.248172,34519,215435,34519,0,34519,100.0,majority_coverage,Reported,Table 6: Utility Bundled Retail Sales - Residential,EIA Table 6 bundled customers match PUDL bundled customers,15.780141,4536,128746,4536,0,4536,100.0,majority_coverage,Reported,Table 7: Utility Bundled Retail Sales - Commercial,EIA Table 7 bundled customers match PUDL bundled customers,10.877285,15,99637,15,0,15,100.0,majority_coverage,Reported,Table 8: Utility Bundled Retail Sales - Industrial,EIA Table 8 bundled customers match PUDL bundled customers,Derived from reported customer counts,https://s3.us-west-2.amazonaws.com/pudl.catalyst.coop/stable/core_eia861__yearly_sales.parquet,minority_coverage when the published bundled price covers less than 50% of bundled plus delivery-only customers in the same customer class; the price is not changed,"EIA Electric Sales, Revenue, and Average Price",https://www.eia.gov/electricity/sales_revenue_price/archive/f8612017.zip,2026-08-08,COOP throughout the proposed panel,https://vermontelectric.coop/at-a-glance,
COOP_VT_VEC,19791,"Vermont Electric Cooperative, Inc",Vermont Electric Cooperative,VT,2018,COOP,COOP,Member-owned cooperative,Local/member-owned,Cooperative,19.12505,34706,226070,34706,0,34706,100.0,majority_coverage,Reported,Table 6: Utility Bundled Retail Sales - Residential,EIA Table 6 bundled customers match PUDL bundled customers,15.563808,4614,128714,4614,0,4614,100.0,majority_coverage,Reported,Table 7: Utility Bundled Retail Sales - Commercial,EIA Table 7 bundled customers match PUDL bundled customers,10.989974,16,104831,16,0,16,100.0,majority_coverage,Reported,Table 8: Utility Bundled Retail Sales - Industrial,EIA Table 8 bundled customers match PUDL bundled customers,Derived from reported customer counts,https://s3.us-west-2.amazonaws.com/pudl.catalyst.coop/stable/core_eia861__yearly_sales.parquet,minority_coverage when the published bundled price covers less than 50% of bundled plus delivery-only customers in the same customer class; the price is not changed,"EIA Electric Sales, Revenue, and Average Price",https://www.eia.gov/electricity/sales_revenue_price/archive/f8612018.zip,2026-08-08,COOP throughout the proposed panel,https://vermontelectric.coop/at-a-glance,
COOP_VT_VEC,19791,"Vermont Electric Cooperative, Inc",Vermont Electric Cooperative,VT,2019,COOP,COOP,Member-owned cooperative,Local/member-owned,Cooperative,19.096907,34880,222491,34880,0,34880,100.0,majority_coverage,Reported,Table 6: Utility Bundled Retail Sales - Residential,EIA Table 6 bundled customers match PUDL bundled customers,15.489559,4673,124081,4673,0,4673,100.0,majority_coverage,Reported,Table 7: Utility Bundled Retail Sales - Commercial,EIA Table 7 bundled customers match PUDL bundled customers,10.746994,16,104365,16,0,16,100.0,majority_coverage,Reported,Table 8: Utility Bundled Retail Sales - Industrial,EIA Table 8 bundled customers match PUDL bundled customers,Derived from reported customer counts,https://s3.us-west-2.amazonaws.com/pudl.catalyst.coop/stable/core_eia861__yearly_sales.parquet,minority_coverage when the published bundled price covers less than 50% of bundled plus delivery-only customers in the same customer class; the price is not changed,"EIA Electric Sales, Revenue, and Average Price",https://www.eia.gov/electricity/sales_revenue_price/archive/f8612019.zip,2026-08-08,COOP throughout the proposed panel,https://vermontelectric.coop/at-a-glance,
COOP_VT_VEC,19791,"Vermont Electric Cooperative, Inc",Vermont Electric Cooperative,VT,2020,COOP,COOP,Member-owned cooperative,Local/member-owned,Cooperative,19.570195,35104,232524,35104,0,35104,100.0,majority_coverage,Reported,Table 6: Utility Bundled Retail Sales - Residential,EIA Table 6 bundled customers match PUDL bundled customers,15.777342,4754,119214,4754,0,4754,100.0,majority_coverage,Reported,Table 7: Utility Bundled Retail Sales - Commercial,EIA Table 7 bundled customers match PUDL bundled customers,11.207915,16,100777,16,0,16,100.0,majority_coverage,Reported,Table 8: Utility Bundled Retail Sales - Industrial,EIA Table 8 bundled customers match PUDL bundled customers,Derived from reported customer counts,https://s3.us-west-2.amazonaws.com/pudl.catalyst.coop/stable/core_eia861__yearly_sales.parquet,minority_coverage when the published bundled price covers less than 50% of bundled plus delivery-only customers in the same customer class; the price is not changed,"EIA Electric Sales, Revenue, and Average Price",https://www.eia.gov/electricity/sales_revenue_price/archive/f8612020.zip,2026-08-08,COOP throughout the proposed panel,https://vermontelectric.coop/at-a-glance,
COOP_VT_VEC,19791,"Vermont Electric Cooperative, Inc",Vermont Electric Cooperative,VT,2021,COOP,COOP,Member-owned cooperative,Local/member-owned,Cooperative,19.587482,35371,232984,35371,0,35371,100.0,majority_coverage,Reported,Table 6: Utility Bundled Retail Sales - Residential,EIA Table 6 bundled customers match PUDL bundled customers,15.778561,4851,122219,4851,0,4851,100.0,majority_coverage,Reported,Table 7: Utility Bundled Retail Sales - Commercial,EIA Table 7 bundled customers match PUDL bundled customers,11.414937,16,99432,16,0,16,100.0,majority_coverage,Reported,Table 8: Utility Bundled Retail Sales - Industrial,EIA Table 8 bundled customers match PUDL bundled customers,Derived from reported customer counts,https://s3.us-west-2.amazonaws.com/pudl.catalyst.coop/stable/core_eia861__yearly_sales.parquet,minority_coverage when the published bundled price covers less than 50% of bundled plus delivery-only customers in the same customer class; the price is not changed,"EIA Electric Sales, Revenue, and Average Price",https://www.eia.gov/electricity/sales_revenue_price/archive/f8612021.zip,2026-08-08,COOP throughout the proposed panel,https://vermontelectric.coop/at-a-glance,
COOP_VT_VEC,19791,"Vermont Electric Cooperative, Inc",Vermont Electric Cooperative,VT,2022,COOP,COOP,Member-owned cooperative,Local/member-owned,Cooperative,19.889925,35640,236476,35640,0,35640,100.0,majority_coverage,Reported,Table 6: Utility Bundled Retail Sales - Residential,EIA Table 6 bundled customers match PUDL bundled customers,16.012554,4930,124744,4930,0,4930,100.0,majority_coverage,Reported,Table 7: Utility Bundled Retail Sales - Commercial,EIA Table 7 bundled customers match PUDL bundled customers,11.874344,18,100051,18,0,18,100.0,majority_coverage,Reported,Table 8: Utility Bundled Retail Sales - Industrial,EIA Table 8 bundled customers match PUDL bundled customers,Derived from reported customer counts,https://s3.us-west-2.amazonaws.com/pudl.catalyst.coop/stable/core_eia861__yearly_sales.parquet,minority_coverage when the published bundled price covers less than 50% of bundled plus delivery-only customers in the same customer class; the price is not changed,"EIA Electric Sales, Revenue, and Average Price",https://www.eia.gov/electricity/sales_revenue_price/archive/f8612022.zip,2026-08-08,COOP throughout the proposed panel,https://vermontelectric.coop/at-a-glance,
COOP_VT_VEC,19791,"Vermont Electric Cooperative, Inc",Vermont Electric Cooperative,VT,2023,COOP,COOP,Member-owned cooperative,Local/member-owned,Cooperative,21.405177,35793,238034,35793,0,35793,100.0,majority_coverage,Reported,Table 6: Utility Bundled Retail Sales - Residential,EIA Table 6 bundled customers match PUDL bundled customers,17.2647,5023,127752,5023,0,5023,100.0,majority_coverage,Reported,Table 7: Utility Bundled Retail Sales - Commercial,EIA Table 7 bundled customers match PUDL bundled customers,12.574857,19,95850,19,0,19,100.0,majority_coverage,Reported,Table 8: Utility Bundled Retail Sales - Industrial,EIA Table 8 bundled customers match PUDL bundled customers,Derived from reported customer counts,https://s3.us-west-2.amazonaws.com/pudl.catalyst.coop/stable/core_eia861__yearly_sales.parquet,minority_coverage when the published bundled price covers less than 50% of bundled plus delivery-only customers in the same customer class; the price is not changed,"EIA Electric Sales, Revenue, and Average Price",https://www.eia.gov/electricity/sales_revenue_price/archive/f8612023.zip,2026-08-08,COOP throughout the proposed panel,https://vermontelectric.coop/at-a-glance,
COOP_VT_VEC,19791,"Vermont Electric Cooperative, Inc",Vermont Electric Cooperative,VT,2024,COOP,COOP,Member-owned cooperative,Local/member-owned,Cooperative,23.261459,35964,240929,35964,0,35964,100.0,majority_coverage,Reported,Table 6: Utility Bundled Retail Sales - Residential,EIA Table 6 bundled customers match PUDL bundled customers,18.450251,5139,133028,5139,0,5139,100.0,majority_coverage,Reported,Table 7: Utility Bundled Retail Sales - Commercial,EIA Table 7 bundled customers match PUDL bundled customers,12.899943,19,100533,19,0,19,100.0,majority_coverage,Reported,Table 8: Utility Bundled Retail Sales - Industrial,EIA Table 8 bundled customers match PUDL bundled customers,Derived from reported customer counts,https://s3.us-west-2.amazonaws.com/pudl.catalyst.coop/stable/core_eia861__yearly_sales.parquet,minority_coverage when the published bundled price covers less than 50% of bundled plus delivery-only customers in the same customer class; the price is not changed,"EIA Electric Sales, Revenue, and Average Price",https://www.eia.gov/electricity/sales_revenue_price/xls/f8612024.zip,2026-08-08,COOP throughout the proposed panel,https://vermontelectric.coop/at-a-glance,
DOM_CT_CLP,4176,Connecticut Light & Power Co,Connecticut Light & Power (Eversource Connecticut),CT,2013,DOM,DOM,Eversource Energy,United States,Investor Owned,16.012217,632396,5600605,632396,473021,1105417,57.2088180297571,majority_coverage,Reported,Table 6: Utility Bundled Retail Sales - Residential,EIA Table 6 bundled customers match PUDL bundled customers,13.988723,54000,1809243,54000,54734,108734,49.6624790773815,minority_coverage,Reported,Table 7: Utility Bundled Retail Sales - Commercial,EIA Table 7 bundled customers match PUDL bundled customers,12.086429,1461,227470,1461,1786,3247,44.99538035109332,minority_coverage,Reported,Table 8: Utility Bundled Retail Sales - Industrial,EIA Table 8 bundled customers match PUDL bundled customers,Derived from reported customer counts,https://s3.us-west-2.amazonaws.com/pudl.catalyst.coop/stable/core_eia861__yearly_sales.parquet,minority_coverage when the published bundled price covers less than 50% of bundled plus delivery-only customers in the same customer class; the price is not changed,"EIA Electric Sales, Revenue, and Average Price",https://www.eia.gov/electricity/sales_revenue_price/archive/f8612013.zip,2026-08-08,DOM throughout the proposed panel,https://investors.eversource.com/static-files/1526fda9-4ffa-4cfd-bbd7-c9c18f56d3fe,
DOM_CT_CLP,4176,Connecticut Light & Power Co,Connecticut Light & Power (Eversource Connecticut),CT,2014,DOM,DOM,Eversource Energy,United States,Investor Owned,18.267932,704394,6146224,704394,408583,1112977,63.289178482574215,majority_coverage,Reported,Table 6: Utility Bundled Retail Sales - Residential,EIA Table 6 bundled customers match PUDL bundled customers,15.900737,65659,2365991,65659,48476,114135,57.527489376615414,majority_coverage,Reported,Table 7: Utility Bundled Retail Sales - Commercial,EIA Table 7 bundled customers match PUDL bundled customers,14.222121,1792,367962,1792,1594,3386,52.9238038984052,majority_coverage,Reported,Table 8: Utility Bundled Retail Sales - Industrial,EIA Table 8 bundled customers match PUDL bundled customers,Derived from reported customer counts,https://s3.us-west-2.amazonaws.com/pudl.catalyst.coop/stable/core_eia861__yearly_sales.parquet,minority_coverage when the published bundled price covers less than 50% of bundled plus delivery-only customers in the same customer class; the price is not changed,"EIA Electric Sales, Revenue, and Average Price",https://www.eia.gov/electricity/sales_revenue_price/archive/f8612014.zip,2026-08-08,DOM throughout the proposed panel,https://investors.eversource.com/static-files/1526fda9-4ffa-4cfd-bbd7-c9c18f56d3fe,
DOM_CT_CLP,4176,Connecticut Light & Power Co,Connecticut Light & Power (Eversource Connecticut),CT,2015,DOM,DOM,Eversource Energy,United States,Investor Owned,20.025157,747267,6503674,747267,370630,1117897,66.84578275100479,majority_coverage,Reported,Table 6: Utility Bundled Retail Sales - Residential,EIA Table 6 bundled customers match PUDL bundled customers,17.165998,63592,2007176,63592,47886,111478,57.04443926155833,majority_coverage,Reported,Table 7: Utility Bundled Retail Sales - Commercial,EIA Table 7 bundled customers match PUDL bundled customers,15.726143,1696,187222,1696,1541,3237,52.394192153228296,majority_coverage,Reported,Table 8: Utility Bundled Retail Sales - Industrial,EIA Table 8 bundled customers match PUDL bundled customers,Derived from reported customer counts,https://s3.us-west-2.amazonaws.com/pudl.catalyst.coop/stable/core_eia861__yearly_sales.parquet,minority_coverage when the published bundled price covers less than 50% of bundled plus delivery-only customers in the same customer class; the price is not changed,"EIA Electric Sales, Revenue, and Average Price",https://www.eia.gov/electricity/sales_revenue_price/archive/f8612015.zip,2026-08-08,DOM throughout the proposed panel,https://investors.eversource.com/static-files/1526fda9-4ffa-4cfd-bbd7-c9c18f56d3fe,
DOM_CT_CLP,4176,Connecticut Light & Power Co,Connecticut Light & Power (Eversource Connecticut),CT,2016,DOM,DOM,Eversource Energy,United States,Investor Owned,19.240163,782881,6604676,782881,342534,1125415,69.56376092374813,majority_coverage,Reported,Table 6: Utility Bundled Retail Sales - Residential,EIA Table 6 bundled customers match PUDL bundled customers,16.009188,61633,1805590,61633,48161,109794,56.13512578100807,majority_coverage,Reported,Table 7: Utility Bundled Retail Sales - Commercial,EIA Table 7 bundled customers match PUDL bundled customers,14.42464,1596,163715,1596,1531,3127,51.03933482571154,majority_coverage,Reported,Table 8: Utility Bundled Retail Sales - Industrial,EIA Table 8 bundled customers match PUDL bundled customers,Derived from reported customer counts,https://s3.us-west-2.amazonaws.com/pudl.catalyst.coop/stable/core_eia861__yearly_sales.parquet,minority_coverage when the published bundled price covers less than 50% of bundled plus delivery-only customers in the same customer class; the price is not changed,"EIA Electric Sales, Revenue, and Average Price",https://www.eia.gov/electricity/sales_revenue_price/archive/f8612016.zip,2026-08-08,DOM throughout the proposed panel,https://investors.eversource.com/static-files/1526fda9-4ffa-4cfd-bbd7-c9c18f56d3fe,
DOM_CT_CLP,4176,Connecticut Light & Power Co,Connecticut Light & Power (Eversource Connecticut),CT,2017,DOM,DOM,Eversource Energy,United States,Investor Owned,19.467463,824059,6742630,824059,307376,1131435,72.83308365040855,majority_coverage,Reported,Table 6: Utility Bundled Retail Sales - Residential,EIA Table 6 bundled customers match PUDL bundled customers,16.12204,64250,1799601,64250,46268,110518,58.13532637217467,majority_coverage,Reported,Table 7: Utility Bundled Retail Sales - Commercial,EIA Table 7 bundled customers match PUDL bundled customers,14.725691,1636,173035,1636,1453,3089,52.96212366461638,majority_coverage,Reported,Table 8: Utility Bundled Retail Sales - Industrial,EIA Table 8 bundled customers match PUDL bundled customers,Derived from reported customer counts,https://s3.us-west-2.amazonaws.com/pudl.catalyst.coop/stable/core_eia861__yearly_sales.parquet,minority_coverage when the published bundled price covers less than 50% of bundled plus delivery-only customers in the same customer class; the price is not changed,"EIA Electric Sales, Revenue, and Average Price",https://www.eia.gov/electricity/sales_revenue_price/archive/f8612017.zip,2026-08-08,DOM throughout the proposed panel,https://investors.eversource.com/static-files/1526fda9-4ffa-4cfd-bbd7-c9c18f56d3fe,
DOM_CT_CLP,4176,Connecticut Light & Power Co,Connecticut Light & Power (Eversource Connecticut),CT,2018,DOM,DOM,Eversource Energy,United States,Investor Owned,20.322093,850728,7449207,850728,286164,1136892,74.82927138197823,majority_coverage,Reported,Table 6: Utility Bundled Retail Sales - Residential,EIA Table 6 bundled customers match PUDL bundled customers,17.569637,67020,1989814,67020,44088,111108,60.31968895129064,majority_coverage,Reported,Table 7: Utility Bundled Retail Sales - Commercial,EIA Table 7 bundled customers match PUDL bundled customers,16.453682,1678,206056,1678,1372,3050,55.01639344262295,majority_coverage,Reported,Table 8: Utility Bundled Retail Sales - Industrial,EIA Table 8 bundled customers match PUDL bundled customers,Derived from reported customer counts,https://s3.us-west-2.amazonaws.com/pudl.catalyst.coop/stable/core_eia861__yearly_sales.parquet,minority_coverage when the published bundled price covers less than 50% of bundled plus delivery-only customers in the same customer class; the price is not changed,"EIA Electric Sales, Revenue, and Average Price",https://www.eia.gov/electricity/sales_revenue_price/archive/f8612018.zip,2026-08-08,DOM throughout the proposed panel,https://investors.eversource.com/static-files/1526fda9-4ffa-4cfd-bbd7-c9c18f56d3fe,
DOM_CT_CLP,4176,Connecticut Light & Power Co,Connecticut Light & Power (Eversource Connecticut),CT,2019,DOM,DOM,Eversource Energy,United States,Investor Owned,21.221578,875898,7260093,875898,265825,1141723,76.71720723853333,majority_coverage,Reported,Table 6: Utility Bundled Retail Sales - Residential,EIA Table 6 bundled customers match PUDL bundled customers,17.770265,66924,2002377,66924,42517,109441,61.15075702890142,majority_coverage,Reported,Table 7: Utility Bundled Retail Sales - Commercial,EIA Table 7 bundled customers match PUDL bundled customers,16.939453,1638,157730,1638,1346,2984,54.892761394101875,majority_coverage,Reported,Table 8: Utility Bundled Retail Sales - Industrial,EIA Table 8 bundled customers match PUDL bundled customers,Derived from reported customer counts,https://s3.us-west-2.amazonaws.com/pudl.catalyst.coop/stable/core_eia861__yearly_sales.parquet,minority_coverage when the published bundled price covers less than 50% of bundled plus delivery-only customers in the same customer class; the price is not changed,"EIA Electric Sales, Revenue, and Average Price",https://www.eia.gov/electricity/sales_revenue_price/archive/f8612019.zip,2026-08-08,DOM throughout the proposed panel,https://investors.eversource.com/static-files/1526fda9-4ffa-4cfd-bbd7-c9c18f56d3fe,
DOM_CT_CLP,4176,Connecticut Light & Power Co,Connecticut Light & Power (Eversource Connecticut),CT,2020,DOM,DOM,Eversource Energy,United States,Investor Owned,21.552107,867089,7486798,867089,282490,1149579,75.42665619326728,majority_coverage,Reported,Table 6: Utility Bundled Retail Sales - Residential,EIA Table 6 bundled customers match PUDL bundled customers,15.325033,67833,2099324,67833,44294,112127,60.496579771152355,majority_coverage,Reported,Table 7: Utility Bundled Retail Sales - Commercial,EIA Table 7 bundled customers match PUDL bundled customers,11.56958,1601,255253,1601,1343,2944,54.38179347826087,majority_coverage,Reported,Table 8: Utility Bundled Retail Sales - Industrial,EIA Table 8 bundled customers match PUDL bundled customers,Derived from reported customer counts,https://s3.us-west-2.amazonaws.com/pudl.catalyst.coop/stable/core_eia861__yearly_sales.parquet,minority_coverage when the published bundled price covers less than 50% of bundled plus delivery-only customers in the same customer class; the price is not changed,"EIA Electric Sales, Revenue, and Average Price",https://www.eia.gov/electricity/sales_revenue_price/archive/f8612020.zip,2026-08-08,DOM throughout the proposed panel,https://investors.eversource.com/static-files/1526fda9-4ffa-4cfd-bbd7-c9c18f56d3fe,
DOM_CT_CLP,4176,Connecticut Light & Power Co,Connecticut Light & Power (Eversource Connecticut),CT,2021,DOM,DOM,Eversource Energy,United States,Investor Owned,21.297124,968346,8269488,968346,187346,1155692,83.78927949661329,majority_coverage,Reported,Table 6: Utility Bundled Retail Sales - Residential,EIA Table 6 bundled customers match PUDL bundled customers,16.483243,73240,1857774,73240,40166,113406,64.58212087543869,majority_coverage,Reported,Table 7: Utility Bundled Retail Sales - Commercial,EIA Table 7 bundled customers match PUDL bundled customers,16.257555,1650,137159,1650,1258,2908,56.74002751031637,majority_coverage,Reported,Table 8: Utility Bundled Retail Sales - Industrial,EIA Table 8 bundled customers match PUDL bundled customers,Derived from reported customer counts,https://s3.us-west-2.amazonaws.com/pudl.catalyst.coop/stable/core_eia861__yearly_sales.parquet,minority_coverage when the published bundled price covers less than 50% of bundled plus delivery-only customers in the same customer class; the price is not changed,"EIA Electric Sales, Revenue, and Average Price",https://www.eia.gov/electricity/sales_revenue_price/archive/f8612021.zip,2026-08-08,DOM throughout the proposed panel,https://investors.eversource.com/static-files/1526fda9-4ffa-4cfd-bbd7-c9c18f56d3fe,
DOM_CT_CLP,4176,Connecticut Light & Power Co,Connecticut Light & Power (Eversource Connecticut),CT,2022,DOM,DOM,Eversource Energy,United States,Investor Owned,25.475009,1035056,8907476,1035056,125452,1160508,89.18990648922713,majority_coverage,Reported,Table 6: Utility Bundled Retail Sales - Residential,EIA Table 6 bundled customers match PUDL bundled customers,20.527574,81002,2501050,81002,31917,112919,71.73460622215924,majority_coverage,Reported,Table 7: Utility Bundled Retail Sales - Commercial,EIA Table 7 bundled customers match PUDL bundled customers,23.107303,1841,164860,1841,1043,2884,63.83495145631068,majority_coverage,Reported,Table 8: Utility Bundled Retail Sales - Industrial,EIA Table 8 bundled customers match PUDL bundled customers,Derived from reported customer counts,https://s3.us-west-2.amazonaws.com/pudl.catalyst.coop/stable/core_eia861__yearly_sales.parquet,minority_coverage when the published bundled price covers less than 50% of bundled plus delivery-only customers in the same customer class; the price is not changed,"EIA Electric Sales, Revenue, and Average Price",https://www.eia.gov/electricity/sales_revenue_price/archive/f8612022.zip,2026-08-08,DOM throughout the proposed panel,https://investors.eversource.com/static-files/1526fda9-4ffa-4cfd-bbd7-c9c18f56d3fe,
DOM_CT_CLP,4176,Connecticut Light & Power Co,Connecticut Light & Power (Eversource Connecticut),CT,2023,DOM,DOM,Eversource Energy,United States,Investor Owned,31.629377,933332,7267019,933332,232229,1165561,80.07577466987999,majority_coverage,Reported,Table 6: Utility Bundled Retail Sales - Residential,EIA Table 6 bundled customers match PUDL bundled customers,27.417271,77561,1956775,77561,35654,113215,68.50770657598375,majority_coverage,Reported,Table 7: Utility Bundled Retail Sales - Commercial,EIA Table 7 bundled customers match PUDL bundled customers,29.786087,1702,138888,1702,1175,2877,59.15884602015989,majority_coverage,Reported,Table 8: Utility Bundled Retail Sales - Industrial,EIA Table 8 bundled customers match PUDL bundled customers,Derived from reported customer counts,https://s3.us-west-2.amazonaws.com/pudl.catalyst.coop/stable/core_eia861__yearly_sales.parquet,minority_coverage when the published bundled price covers less than 50% of bundled plus delivery-only customers in the same customer class; the price is not changed,"EIA Electric Sales, Revenue, and Average Price",https://www.eia.gov/electricity/sales_revenue_price/archive/f8612023.zip,2026-08-08,DOM throughout the proposed panel,https://investors.eversource.com/static-files/1526fda9-4ffa-4cfd-bbd7-c9c18f56d3fe,
DOM_CT_CLP,4176,Connecticut Light & Power Co,Connecticut Light & Power (Eversource Connecticut),CT,2024,DOM,DOM,Eversource Energy,United States,Investor Owned,28.507537,924132,7278426,924132,250288,1174420,78.68837383559544,majority_coverage,Reported,Table 6: Utility Bundled Retail Sales - Residential,EIA Table 6 bundled customers match PUDL bundled customers,22.73614,72531,1811852,72531,41100,113631,63.83029278981968,majority_coverage,Reported,Table 7: Utility Bundled Retail Sales - Commercial,EIA Table 7 bundled customers match PUDL bundled customers,21.40465,1554,120635,1554,1271,2825,55.008849557522126,majority_coverage,Reported,Table 8: Utility Bundled Retail Sales - Industrial,EIA Table 8 bundled customers match PUDL bundled customers,Derived from reported customer counts,https://s3.us-west-2.amazonaws.com/pudl.catalyst.coop/stable/core_eia861__yearly_sales.parquet,minority_coverage when the published bundled price covers less than 50% of bundled plus delivery-only customers in the same customer class; the price is not changed,"EIA Electric Sales, Revenue, and Average Price",https://www.eia.gov/electricity/sales_revenue_price/xls/f8612024.zip,2026-08-08,DOM throughout the proposed panel,https://investors.eversource.com/static-files/1526fda9-4ffa-4cfd-bbd7-c9c18f56d3fe,
DOM_MA_FITCHBURG,6374,Fitchburg Gas & Elec Light Co,Fitchburg Gas & Electric Light,MA,2013,DOM,DOM,Unitil Corporation,United States,Investor Owned,18.965452,20246,158939,20246,2756,23002,88.0184331797235,majority_coverage,Reported,Table 6: Utility Bundled Retail Sales - Residential,EIA Table 6 bundled customers match PUDL bundled customers,19.04463,3298,65158,3298,958,4256,77.4906015037594,majority_coverage,Reported,Table 7: Utility Bundled Retail Sales - Commercial,EIA Table 7 bundled customers match PUDL bundled customers,20.828191,6,3079,6,20,26,23.076923076923077,minority_coverage,Reported,Table 8: Utility Bundled Retail Sales - Industrial,EIA Table 8 bundled customers match PUDL bundled customers,Derived from reported customer counts,https://s3.us-west-2.amazonaws.com/pudl.catalyst.coop/stable/core_eia861__yearly_sales.parquet,minority_coverage when the published bundled price covers less than 50% of bundled plus delivery-only customers in the same customer class; the price is not changed,"EIA Electric Sales, Revenue, and Average Price",https://www.eia.gov/electricity/sales_revenue_price/archive/f8612013.zip,2026-08-08,DOM throughout the proposed panel,https://unitil.com/electric-gas-service/pricing-rates/rates/ferc-oatt-information/transmission-service-information-ma,
DOM_MA_FITCHBURG,6374,Fitchburg Gas & Elec Light Co,Fitchburg Gas & Electric Light,MA,2014,DOM,DOM,Unitil Corporation,United States,Investor Owned,21.289688,20437,137320,20437,4393,24830,82.3076923076923,majority_coverage,Reported,Table 6: Utility Bundled Retail Sales - Residential,EIA Table 6 bundled customers match PUDL bundled customers,20.656637,3306,64739,3306,937,4243,77.91656846570822,majority_coverage,Reported,Table 7: Utility Bundled Retail Sales - Commercial,EIA Table 7 bundled customers match PUDL bundled customers,16.805897,5,14245,5,21,26,19.23076923076923,minority_coverage,Reported,Table 8: Utility Bundled Retail Sales - Industrial,EIA Table 8 bundled customers match PUDL bundled customers,Derived from reported customer counts,https://s3.us-west-2.amazonaws.com/pudl.catalyst.coop/stable/core_eia861__yearly_sales.parquet,minority_coverage when the published bundled price covers less than 50% of bundled plus delivery-only customers in the same customer class; the price is not changed,"EIA Electric Sales, Revenue, and Average Price",https://www.eia.gov/electricity/sales_revenue_price/archive/f8612014.zip,2026-08-08,DOM throughout the proposed panel,https://unitil.com/electric-gas-service/pricing-rates/rates/ferc-oatt-information/transmission-service-information-ma,
DOM_MA_FITCHBURG,6374,Fitchburg Gas & Elec Light Co,Fitchburg Gas & Electric Light,MA,2015,DOM,DOM,Unitil Corporation,United States,Investor Owned,24.041369,19067,126618,19067,5872,24939,76.45454909980351,majority_coverage,Reported,Table 6: Utility Bundled Retail Sales - Residential,EIA Table 6 bundled customers match PUDL bundled customers,22.112241,3135,56646,3135,1112,4247,73.81681186720037,majority_coverage,Reported,Table 7: Utility Bundled Retail Sales - Commercial,EIA Table 7 bundled customers match PUDL bundled customers,13.781026,4,13819,4,22,26,15.384615384615385,minority_coverage,Reported,Table 8: Utility Bundled Retail Sales - Industrial,EIA Table 8 bundled customers match PUDL bundled customers,Derived from reported customer counts,https://s3.us-west-2.amazonaws.com/pudl.catalyst.coop/stable/core_eia861__yearly_sales.parquet,minority_coverage when the published bundled price covers less than 50% of bundled plus delivery-only customers in the same customer class; the price is not changed,"EIA Electric Sales, Revenue, and Average Price",https://www.eia.gov/electricity/sales_revenue_price/archive/f8612015.zip,2026-08-08,DOM throughout the proposed panel,https://unitil.com/electric-gas-service/pricing-rates/rates/ferc-oatt-information/transmission-service-information-ma,
DOM_MA_FITCHBURG,6374,Fitchburg Gas & Elec Light Co,Fitchburg Gas & Electric Light,MA,2016,DOM,DOM,Unitil Corporation,United States,Investor Owned,22.082512,18143,113147,18143,6932,25075,72.35493519441675,majority_coverage,Reported,Table 6: Utility Bundled Retail Sales - Residential,EIA Table 6 bundled customers match PUDL bundled customers,19.013795,2998,48712,2998,1282,4280,70.04672897196262,majority_coverage,Reported,Table 7: Utility Bundled Retail Sales - Commercial,EIA Table 7 bundled customers match PUDL bundled customers,13.224725,4,7458,4,23,27,14.814814814814815,minority_coverage,Reported,Table 8: Utility Bundled Retail Sales - Industrial,EIA Table 8 bundled customers match PUDL bundled customers,Derived from reported customer counts,https://s3.us-west-2.amazonaws.com/pudl.catalyst.coop/stable/core_eia861__yearly_sales.parquet,minority_coverage when the published bundled price covers less than 50% of bundled plus delivery-only customers in the same customer class; the price is not changed,"EIA Electric Sales, Revenue, and Average Price",https://www.eia.gov/electricity/sales_revenue_price/archive/f8612016.zip,2026-08-08,DOM throughout the proposed panel,https://unitil.com/electric-gas-service/pricing-rates/rates/ferc-oatt-information/transmission-service-information-ma,
DOM_MA_FITCHBURG,6374,Fitchburg Gas & Elec Light Co,Fitchburg Gas & Electric Light,MA,2017,DOM,DOM,Unitil Corporation,United States,Investor Owned,22.931678,17568,107638,17568,7731,25299,69.44147990039131,majority_coverage,Reported,Table 6: Utility Bundled Retail Sales - Residential,EIA Table 6 bundled customers match PUDL bundled customers,19.681402,2974,48274,2974,1327,4301,69.14671006742618,majority_coverage,Reported,Table 7: Utility Bundled Retail Sales - Commercial,EIA Table 7 bundled customers match PUDL bundled customers,13.380792,5,7445,5,23,28,17.857142857142858,minority_coverage,Reported,Table 8: Utility Bundled Retail Sales - Industrial,EIA Table 8 bundled customers match PUDL bundled customers,Derived from reported customer counts,https://s3.us-west-2.amazonaws.com/pudl.catalyst.coop/stable/core_eia861__yearly_sales.parquet,minority_coverage when the published bundled price covers less than 50% of bundled plus delivery-only customers in the same customer class; the price is not changed,"EIA Electric Sales, Revenue, and Average Price",https://www.eia.gov/electricity/sales_revenue_price/archive/f8612017.zip,2026-08-08,DOM throughout the proposed panel,https://unitil.com/electric-gas-service/pricing-rates/rates/ferc-oatt-information/transmission-service-information-ma,
DOM_MA_FITCHBURG,6374,Fitchburg Gas & Elec Light Co,Fitchburg Gas & Electric Light,MA,2018,DOM,DOM,Unitil Corporation,United States,Investor Owned,24.759624,17451,111305,17451,8081,25532,68.34952216825944,majority_coverage,Reported,Table 6: Utility Bundled Retail Sales - Residential,EIA Table 6 bundled customers match PUDL bundled customers,21.025245,3018,46662,3018,1321,4339,69.55519705001153,majority_coverage,Reported,Table 7: Utility Bundled Retail Sales - Commercial,EIA Table 7 bundled customers match PUDL bundled customers,16.230486,6,9224,6,24,30,20.0,minority_coverage,Reported,Table 8: Utility Bundled Retail Sales - Industrial,EIA Table 8 bundled customers match PUDL bundled customers,Derived from reported customer counts,https://s3.us-west-2.amazonaws.com/pudl.catalyst.coop/stable/core_eia861__yearly_sales.parquet,minority_coverage when the published bundled price covers less than 50% of bundled plus delivery-only customers in the same customer class; the price is not changed,"EIA Electric Sales, Revenue, and Average Price",https://www.eia.gov/electricity/sales_revenue_price/archive/f8612018.zip,2026-08-08,DOM throughout the proposed panel,https://unitil.com/electric-gas-service/pricing-rates/rates/ferc-oatt-information/transmission-service-information-ma,
DOM_MA_FITCHBURG,6374,Fitchburg Gas & Elec Light Co,Fitchburg Gas & Electric Light,MA,2019,DOM,DOM,Unitil Corporation,United States,Investor Owned,25.009753,17969,107143,17969,7645,25614,70.15304130553604,majority_coverage,Reported,Table 6: Utility Bundled Retail Sales - Residential,EIA Table 6 bundled customers match PUDL bundled customers,21.895826,3059,43005,3059,1315,4374,69.93598536808413,majority_coverage,Reported,Table 7: Utility Bundled Retail Sales - Commercial,EIA Table 7 bundled customers match PUDL bundled customers,14.196139,5,11706,5,26,31,16.129032258064516,minority_coverage,Reported,Table 8: Utility Bundled Retail Sales - Industrial,EIA Table 8 bundled customers match PUDL bundled customers,Derived from reported customer counts,https://s3.us-west-2.amazonaws.com/pudl.catalyst.coop/stable/core_eia861__yearly_sales.parquet,minority_coverage when the published bundled price covers less than 50% of bundled plus delivery-only customers in the same customer class; the price is not changed,"EIA Electric Sales, Revenue, and Average Price",https://www.eia.gov/electricity/sales_revenue_price/archive/f8612019.zip,2026-08-08,DOM throughout the proposed panel,https://unitil.com/electric-gas-service/pricing-rates/rates/ferc-oatt-information/transmission-service-information-ma,
DOM_MA_FITCHBURG,6374,Fitchburg Gas & Elec Light Co,Fitchburg Gas & Electric Light,MA,2020,DOM,DOM,Unitil Corporation,United States,Investor Owned,24.734027,18431,117023,18431,7275,25706,71.6992141912394,majority_coverage,Reported,Table 6: Utility Bundled Retail Sales - Residential,EIA Table 6 bundled customers match PUDL bundled customers,21.695026,3076,38259,3076,1339,4415,69.67157417893544,majority_coverage,Reported,Table 7: Utility Bundled Retail Sales - Commercial,EIA Table 7 bundled customers match PUDL bundled customers,13.293031,4,7361,4,25,29,13.793103448275861,minority_coverage,Reported,Table 8: Utility Bundled Retail Sales - Industrial,EIA Table 8 bundled customers match PUDL bundled customers,Derived from reported customer counts,https://s3.us-west-2.amazonaws.com/pudl.catalyst.coop/stable/core_eia861__yearly_sales.parquet,minority_coverage when the published bundled price covers less than 50% of bundled plus delivery-only customers in the same customer class; the price is not changed,"EIA Electric Sales, Revenue, and Average Price",https://www.eia.gov/electricity/sales_revenue_price/archive/f8612020.zip,2026-08-08,DOM throughout the proposed panel,https://unitil.com/electric-gas-service/pricing-rates/rates/ferc-oatt-information/transmission-service-information-ma,
DOM_MA_FITCHBURG,6374,Fitchburg Gas & Elec Light Co,Fitchburg Gas & Electric Light,MA,2021,DOM,DOM,Unitil Corporation,United States,Investor Owned,25.429013,18818,119064,18818,7160,25978,72.43821695280621,majority_coverage,Reported,Table 6: Utility Bundled Retail Sales - Residential,EIA Table 6 bundled customers match PUDL bundled customers,23.161308,3117,36390,3117,1335,4452,70.01347708894879,majority_coverage,Reported,Table 7: Utility Bundled Retail Sales - Commercial,EIA Table 7 bundled customers match PUDL bundled customers,17.11091,7,17708,7,23,30,23.333333333333332,minority_coverage,Reported,Table 8: Utility Bundled Retail Sales - Industrial,EIA Table 8 bundled customers match PUDL bundled customers,Derived from reported customer counts,https://s3.us-west-2.amazonaws.com/pudl.catalyst.coop/stable/core_eia861__yearly_sales.parquet,minority_coverage when the published bundled price covers less than 50% of bundled plus delivery-only customers in the same customer class; the price is not changed,"EIA Electric Sales, Revenue, and Average Price",https://www.eia.gov/electricity/sales_revenue_price/archive/f8612021.zip,2026-08-08,DOM throughout the proposed panel,https://unitil.com/electric-gas-service/pricing-rates/rates/ferc-oatt-information/transmission-service-information-ma,
DOM_MA_FITCHBURG,6374,Fitchburg Gas & Elec Light Co,Fitchburg Gas & Electric Light,MA,2022,DOM,DOM,Unitil Corporation,United States,Investor Owned,29.912401,18525,116212,18525,7531,26056,71.09686828369665,majority_coverage,Reported,Table 6: Utility Bundled Retail Sales - Residential,EIA Table 6 bundled customers match PUDL bundled customers,28.539936,3098,35882,3098,1397,4495,68.9210233592881,majority_coverage,Reported,Table 7: Utility Bundled Retail Sales - Commercial,EIA Table 7 bundled customers match PUDL bundled customers,20.917522,5,17144,5,24,29,17.24137931034483,minority_coverage,Reported,Table 8: Utility Bundled Retail Sales - Industrial,EIA Table 8 bundled customers match PUDL bundled customers,Derived from reported customer counts,https://s3.us-west-2.amazonaws.com/pudl.catalyst.coop/stable/core_eia861__yearly_sales.parquet,minority_coverage when the published bundled price covers less than 50% of bundled plus delivery-only customers in the same customer class; the price is not changed,"EIA Electric Sales, Revenue, and Average Price",https://www.eia.gov/electricity/sales_revenue_price/archive/f8612022.zip,2026-08-08,DOM throughout the proposed panel,https://unitil.com/electric-gas-service/pricing-rates/rates/ferc-oatt-information/transmission-service-information-ma,
DOM_MA_FITCHBURG,6374,Fitchburg Gas & Elec Light Co,Fitchburg Gas & Electric Light,MA,2023,DOM,DOM,Unitil Corporation,United States,Investor Owned,37.904468,9638,60629,9638,16547,26185,36.80733244223792,minority_coverage,Reported,Table 6: Utility Bundled Retail Sales - Residential,EIA Table 6 bundled customers match PUDL bundled customers,40.319239,1338,14190,1338,3182,4520,29.601769911504423,minority_coverage,Reported,Table 7: Utility Bundled Retail Sales - Commercial,EIA Table 7 bundled customers match PUDL bundled customers,17.662897,1,3714,1,29,30,3.3333333333333335,minority_coverage,Reported,Table 8: Utility Bundled Retail Sales - Industrial,EIA Table 8 bundled customers match PUDL bundled customers,Derived from reported customer counts,https://s3.us-west-2.amazonaws.com/pudl.catalyst.coop/stable/core_eia861__yearly_sales.parquet,minority_coverage when the published bundled price covers less than 50% of bundled plus delivery-only customers in the same customer class; the price is not changed,"EIA Electric Sales, Revenue, and Average Price",https://www.eia.gov/electricity/sales_revenue_price/archive/f8612023.zip,2026-08-08,DOM throughout the proposed panel,https://unitil.com/electric-gas-service/pricing-rates/rates/ferc-oatt-information/transmission-service-information-ma,
DOM_MA_FITCHBURG,6374,Fitchburg Gas & Elec Light Co,Fitchburg Gas & Electric Light,MA,2024,DOM,DOM,Unitil Corporation,United States,Investor Owned,40.080489,6168,37272,6168,20122,26290,23.461392164321033,minority_coverage,Reported,Table 6: Utility Bundled Retail Sales - Residential,EIA Table 6 bundled customers match PUDL bundled customers,36.405147,726,7227,726,3838,4564,15.907099035933392,minority_coverage,Reported,Table 7: Utility Bundled Retail Sales - Commercial,EIA Table 7 bundled customers match PUDL bundled customers,,0,,0,30,30,0.0,no_published_price,Not reported,Table 8: Utility Bundled Retail Sales - Industrial,No EIA table row; PUDL reports zero bundled customers,Derived from reported customer counts,https://s3.us-west-2.amazonaws.com/pudl.catalyst.coop/stable/core_eia861__yearly_sales.parquet,minority_coverage when the published bundled price covers less than 50% of bundled plus delivery-only customers in the same customer class; the price is not changed,"EIA Electric Sales, Revenue, and Average Price",https://www.eia.gov/electricity/sales_revenue_price/xls/f8612024.zip,2026-08-08,DOM throughout the proposed panel,https://unitil.com/electric-gas-service/pricing-rates/rates/ferc-oatt-information/transmission-service-information-ma,
DOM_MA_NSTAR,54913,NSTAR Electric Company,NSTAR Electric (Eversource Massachusetts),MA,2013,DOM,DOM,Eversource Energy,United States,Investor Owned,17.582343,764238,5230213,764238,238050,1002288,76.24934150663283,majority_coverage,Reported,Table 6: Utility Bundled Retail Sales - Residential,EIA Table 6 bundled customers match PUDL bundled customers,16.634499,107808,2168878,107808,58477,166285,64.83326818414169,majority_coverage,Reported,Table 7: Utility Bundled Retail Sales - Commercial,EIA Table 7 bundled customers match PUDL bundled customers,14.915686,1834,1122590,1834,2533,4367,41.99679413785207,minority_coverage,Reported,Table 8: Utility Bundled Retail Sales - Industrial,EIA Table 8 bundled customers match PUDL bundled customers,Derived from reported customer counts,https://s3.us-west-2.amazonaws.com/pudl.catalyst.coop/stable/core_eia861__yearly_sales.parquet,minority_coverage when the published bundled price covers less than 50% of bundled plus delivery-only customers in the same customer class; the price is not changed,"EIA Electric Sales, Revenue, and Average Price",https://www.eia.gov/electricity/sales_revenue_price/archive/f8612013.zip,2026-08-08,DOM throughout the proposed panel,https://investors.eversource.com/static-files/1526fda9-4ffa-4cfd-bbd7-c9c18f56d3fe,
DOM_MA_NSTAR,54913,NSTAR Electric Company,NSTAR Electric (Eversource Massachusetts),MA,2014,DOM,DOM,Eversource Energy,United States,Investor Owned,18.888032,765480,5064032,765480,241054,1006534,76.05108222871756,majority_coverage,Reported,Table 6: Utility Bundled Retail Sales - Residential,EIA Table 6 bundled customers match PUDL bundled customers,15.951827,112265,3531796,112265,59837,172102,65.2316649428827,majority_coverage,Reported,Table 7: Utility Bundled Retail Sales - Commercial,EIA Table 7 bundled customers match PUDL bundled customers,14.653792,1753,209195,1753,778,2531,69.26116159620703,majority_coverage,Reported,Table 8: Utility Bundled Retail Sales - Industrial,EIA Table 8 bundled customers match PUDL bundled customers,Derived from reported customer counts,https://s3.us-west-2.amazonaws.com/pudl.catalyst.coop/stable/core_eia861__yearly_sales.parquet,minority_coverage when the published bundled price covers less than 50% of bundled plus delivery-only customers in the same customer class; the price is not changed,"EIA Electric Sales, Revenue, and Average Price",https://www.eia.gov/electricity/sales_revenue_price/archive/f8612014.zip,2026-08-08,DOM throughout the proposed panel,https://investors.eversource.com/static-files/1526fda9-4ffa-4cfd-bbd7-c9c18f56d3fe,
DOM_MA_NSTAR,54913,NSTAR Electric Company,NSTAR Electric (Eversource Massachusetts),MA,2015,DOM,DOM,Eversource Energy,United States,Investor Owned,21.131141,767403,4756208,767403,296162,1063565,72.15384109104757,majority_coverage,Reported,Table 6: Utility Bundled Retail Sales - Residential,EIA Table 6 bundled customers match PUDL bundled customers,17.864933,109348,2848529,109348,70747,180095,60.71684388794803,majority_coverage,Reported,Table 7: Utility Bundled Retail Sales - Commercial,EIA Table 7 bundled customers match PUDL bundled customers,16.903973,797,154259,797,873,1670,47.724550898203596,minority_coverage,Reported,Table 8: Utility Bundled Retail Sales - Industrial,EIA Table 8 bundled customers match PUDL bundled customers,Derived from reported customer counts,https://s3.us-west-2.amazonaws.com/pudl.catalyst.coop/stable/core_eia861__yearly_sales.parquet,minority_coverage when the published bundled price covers less than 50% of bundled plus delivery-only customers in the same customer class; the price is not changed,"EIA Electric Sales, Revenue, and Average Price",https://www.eia.gov/electricity/sales_revenue_price/archive/f8612015.zip,2026-08-08,DOM throughout the proposed panel,https://investors.eversource.com/static-files/1526fda9-4ffa-4cfd-bbd7-c9c18f56d3fe,
DOM_MA_NSTAR,54913,NSTAR Electric Company,NSTAR Electric (Eversource Massachusetts),MA,2016,DOM,DOM,Eversource Energy,United States,Investor Owned,20.183297,629868,3966354,629868,395104,1024972,61.45221528002716,majority_coverage,Reported,Table 6: Utility Bundled Retail Sales - Residential,EIA Table 6 bundled customers match PUDL bundled customers,17.721681,89243,2381892,89243,86891,176134,50.66767347587632,majority_coverage,Reported,Table 7: Utility Bundled Retail Sales - Commercial,EIA Table 7 bundled customers match PUDL bundled customers,14.529307,599,115298,599,701,1300,46.07692307692308,minority_coverage,Reported,Table 8: Utility Bundled Retail Sales - Industrial,EIA Table 8 bundled customers match PUDL bundled customers,Derived from reported customer counts,https://s3.us-west-2.amazonaws.com/pudl.catalyst.coop/stable/core_eia861__yearly_sales.parquet,minority_coverage when the published bundled price covers less than 50% of bundled plus delivery-only customers in the same customer class; the price is not changed,"EIA Electric Sales, Revenue, and Average Price",https://www.eia.gov/electricity/sales_revenue_price/archive/f8612016.zip,2026-08-08,DOM throughout the proposed panel,https://investors.eversource.com/static-files/1526fda9-4ffa-4cfd-bbd7-c9c18f56d3fe,
DOM_MA_NSTAR,54913,NSTAR Electric Company,NSTAR Electric (Eversource Massachusetts),MA,2017,DOM,DOM,Eversource Energy,United States,Investor Owned,21.032488,618193,3515566,618193,412129,1030322,59.99998058859269,majority_coverage,Reported,Table 6: Utility Bundled Retail Sales - Residential,EIA Table 6 bundled customers match PUDL bundled customers,16.987749,82538,2183497,82538,93076,175614,46.99966973020374,minority_coverage,Reported,Table 7: Utility Bundled Retail Sales - Commercial,EIA Table 7 bundled customers match PUDL bundled customers,15.88165,493,119679,493,1034,1527,32.28552717747217,minority_coverage,Reported,Table 8: Utility Bundled Retail Sales - Industrial,EIA Table 8 bundled customers match PUDL bundled customers,Derived from reported customer counts,https://s3.us-west-2.amazonaws.com/pudl.catalyst.coop/stable/core_eia861__yearly_sales.parquet,minority_coverage when the published bundled price covers less than 50% of bundled plus delivery-only customers in the same customer class; the price is not changed,"EIA Electric Sales, Revenue, and Average Price",https://www.eia.gov/electricity/sales_revenue_price/archive/f8612017.zip,2026-08-08,DOM throughout the proposed panel,https://investors.eversource.com/static-files/1526fda9-4ffa-4cfd-bbd7-c9c18f56d3fe,
DOM_MA_NSTAR,54913,NSTAR Electric Company,NSTAR Electric (Eversource Massachusetts),MA,2018,DOM,DOM,Eversource Energy,United States,Investor Owned,23.061623,620731,4040145,620731,609785,1230516,50.44477276199578,majority_coverage,Reported,Table 6: Utility Bundled Retail Sales - Residential,EIA Table 6 bundled customers match PUDL bundled customers,23.592314,76173,2269434,76173,119096,195269,39.00926414331,minority_coverage,Reported,Table 7: Utility Bundled Retail Sales - Commercial,EIA Table 7 bundled customers match PUDL bundled customers,19.04423,827,139113,827,1454,2281,36.25602805786936,minority_coverage,Reported,Table 8: Utility Bundled Retail Sales - Industrial,EIA Table 8 bundled customers match PUDL bundled customers,Derived from reported customer counts,https://s3.us-west-2.amazonaws.com/pudl.catalyst.coop/stable/core_eia861__yearly_sales.parquet,minority_coverage when the published bundled price covers less than 50% of bundled plus delivery-only customers in the same customer class; the price is not changed,"EIA Electric Sales, Revenue, and Average Price",https://www.eia.gov/electricity/sales_revenue_price/archive/f8612018.zip,2026-08-08,DOM throughout the proposed panel,https://investors.eversource.com/static-files/1526fda9-4ffa-4cfd-bbd7-c9c18f56d3fe,
DOM_MA_NSTAR,54913,NSTAR Electric Company,NSTAR Electric (Eversource Massachusetts),MA,2019,DOM,DOM,Eversource Energy,United States,Investor Owned,22.528049,620676,3872821,620676,619208,1239884,50.05919908636614,majority_coverage,Reported,Table 6: Utility Bundled Retail Sales - Residential,EIA Table 6 bundled customers match PUDL bundled customers,21.965294,74812,2487852,74812,120749,195561,38.25507130767382,minority_coverage,Reported,Table 7: Utility Bundled Retail Sales - Commercial,EIA Table 7 bundled customers match PUDL bundled customers,19.981673,770,135319,770,1447,2217,34.731619305367616,minority_coverage,Reported,Table 8: Utility Bundled Retail Sales - Industrial,EIA Table 8 bundled customers match PUDL bundled customers,Derived from reported customer counts,https://s3.us-west-2.amazonaws.com/pudl.catalyst.coop/stable/core_eia861__yearly_sales.parquet,minority_coverage when the published bundled price covers less than 50% of bundled plus delivery-only customers in the same customer class; the price is not changed,"EIA Electric Sales, Revenue, and Average Price",https://www.eia.gov/electricity/sales_revenue_price/archive/f8612019.zip,2026-08-08,DOM throughout the proposed panel,https://investors.eversource.com/static-files/1526fda9-4ffa-4cfd-bbd7-c9c18f56d3fe,
DOM_MA_NSTAR,54913,NSTAR Electric Company,NSTAR Electric (Eversource Massachusetts),MA,2020,DOM,DOM,Eversource Energy,United States,Investor Owned,22.389693,599660,3826408,599660,646426,1246086,48.123484253895796,minority_coverage,Reported,Table 6: Utility Bundled Retail Sales - Residential,EIA Table 6 bundled customers match PUDL bundled customers,18.33661,69149,1832727,69149,127566,196715,35.151869455811706,minority_coverage,Reported,Table 7: Utility Bundled Retail Sales - Commercial,EIA Table 7 bundled customers match PUDL bundled customers,22.572075,771,91086,771,1492,2263,34.069818824569154,minority_coverage,Reported,Table 8: Utility Bundled Retail Sales - Industrial,EIA Table 8 bundled customers match PUDL bundled customers,Derived from reported customer counts,https://s3.us-west-2.amazonaws.com/pudl.catalyst.coop/stable/core_eia861__yearly_sales.parquet,minority_coverage when the published bundled price covers less than 50% of bundled plus delivery-only customers in the same customer class; the price is not changed,"EIA Electric Sales, Revenue, and Average Price",https://www.eia.gov/electricity/sales_revenue_price/archive/f8612020.zip,2026-08-08,DOM throughout the proposed panel,https://investors.eversource.com/static-files/1526fda9-4ffa-4cfd-bbd7-c9c18f56d3fe,
DOM_MA_NSTAR,54913,NSTAR Electric Company,NSTAR Electric (Eversource Massachusetts),MA,2021,DOM,DOM,Eversource Energy,United States,Investor Owned,24.254046,451661,2894012,451661,803467,1255128,35.985254093606386,minority_coverage,Reported,Table 6: Utility Bundled Retail Sales - Residential,EIA Table 6 bundled customers match PUDL bundled customers,19.482456,58957,1367189,58957,159597,218554,26.97594187248918,minority_coverage,Reported,Table 7: Utility Bundled Retail Sales - Commercial,EIA Table 7 bundled customers match PUDL bundled customers,21.00189,709,105281,709,1537,2246,31.567230632235084,minority_coverage,Reported,Table 8: Utility Bundled Retail Sales - Industrial,EIA Table 8 bundled customers match PUDL bundled customers,Derived from reported customer counts,https://s3.us-west-2.amazonaws.com/pudl.catalyst.coop/stable/core_eia861__yearly_sales.parquet,minority_coverage when the published bundled price covers less than 50% of bundled plus delivery-only customers in the same customer class; the price is not changed,"EIA Electric Sales, Revenue, and Average Price",https://www.eia.gov/electricity/sales_revenue_price/archive/f8612021.zip,2026-08-08,DOM throughout the proposed panel,https://investors.eversource.com/static-files/1526fda9-4ffa-4cfd-bbd7-c9c18f56d3fe,
DOM_MA_NSTAR,54913,NSTAR Electric Company,NSTAR Electric (Eversource Massachusetts),MA,2022,DOM,DOM,Eversource Energy,United States,Investor Owned,29.305911,432255,2446486,432255,857454,1289709,33.51570005326783,minority_coverage,Reported,Table 6: Utility Bundled Retail Sales - Residential,EIA Table 6 bundled customers match PUDL bundled customers,24.85269,54204,1321869,54204,167988,222192,24.395117736012097,minority_coverage,Reported,Table 7: Utility Bundled Retail Sales - Commercial,EIA Table 7 bundled customers match PUDL bundled customers,32.291628,639,107164,639,1515,2154,29.66573816155989,minority_coverage,Reported,Table 8: Utility Bundled Retail Sales - Industrial,EIA Table 8 bundled customers match PUDL bundled customers,Derived from reported customer counts,https://s3.us-west-2.amazonaws.com/pudl.catalyst.coop/stable/core_eia861__yearly_sales.parquet,minority_coverage when the published bundled price covers less than 50% of bundled plus delivery-only customers in the same customer class; the price is not changed,"EIA Electric Sales, Revenue, and Average Price",https://www.eia.gov/electricity/sales_revenue_price/archive/f8612022.zip,2026-08-08,DOM throughout the proposed panel,https://investors.eversource.com/static-files/1526fda9-4ffa-4cfd-bbd7-c9c18f56d3fe,
DOM_MA_NSTAR,54913,NSTAR Electric Company,NSTAR Electric (Eversource Massachusetts),MA,2023,DOM,DOM,Eversource Energy,United States,Investor Owned,29.661782,409760,2348399,409760,873884,1283644,31.921623129154188,minority_coverage,Reported,Table 6: Utility Bundled Retail Sales - Residential,EIA Table 6 bundled customers match PUDL bundled customers,27.09467,53555,1144679,53555,176273,229828,23.30220860817655,minority_coverage,Reported,Table 7: Utility Bundled Retail Sales - Commercial,EIA Table 7 bundled customers match PUDL bundled customers,33.453844,631,69980,631,1549,2180,28.94495412844037,minority_coverage,Reported,Table 8: Utility Bundled Retail Sales - Industrial,EIA Table 8 bundled customers match PUDL bundled customers,Derived from reported customer counts,https://s3.us-west-2.amazonaws.com/pudl.catalyst.coop/stable/core_eia861__yearly_sales.parquet,minority_coverage when the published bundled price covers less than 50% of bundled plus delivery-only customers in the same customer class; the price is not changed,"EIA Electric Sales, Revenue, and Average Price",https://www.eia.gov/electricity/sales_revenue_price/archive/f8612023.zip,2026-08-08,DOM throughout the proposed panel,https://investors.eversource.com/static-files/1526fda9-4ffa-4cfd-bbd7-c9c18f56d3fe,
DOM_MA_NSTAR,54913,NSTAR Electric Company,NSTAR Electric (Eversource Massachusetts),MA,2024,DOM,DOM,Eversource Energy,United States,Investor Owned,29.913775,383373,2107270,383373,919703,1303076,29.420617063010905,minority_coverage,Reported,Table 6: Utility Bundled Retail Sales - Residential,EIA Table 6 bundled customers match PUDL bundled customers,27.000778,45206,820406,45206,176142,221348,20.423044256103513,minority_coverage,Reported,Table 7: Utility Bundled Retail Sales - Commercial,EIA Table 7 bundled customers match PUDL bundled customers,25.344819,540,61989,540,1593,2133,25.31645569620253,minority_coverage,Reported,Table 8: Utility Bundled Retail Sales - Industrial,EIA Table 8 bundled customers match PUDL bundled customers,Derived from reported customer counts,https://s3.us-west-2.amazonaws.com/pudl.catalyst.coop/stable/core_eia861__yearly_sales.parquet,minority_coverage when the published bundled price covers less than 50% of bundled plus delivery-only customers in the same customer class; the price is not changed,"EIA Electric Sales, Revenue, and Average Price",https://www.eia.gov/electricity/sales_revenue_price/xls/f8612024.zip,2026-08-08,DOM throughout the proposed panel,https://investors.eversource.com/static-files/1526fda9-4ffa-4cfd-bbd7-c9c18f56d3fe,
DOM_NH_PSNH,15472,Public Service Co of NH,Public Service Company of New Hampshire,NH,2013,DOM,DOM,Eversource Energy,United States,Investor Owned,17.647539,345974,2488177,345974,78697,424671,81.46871342757099,majority_coverage,Reported,Table 6: Utility Bundled Retail Sales - Residential,EIA Table 6 bundled customers match PUDL bundled customers,17.471732,52071,1149989,52071,21735,73806,70.5511747012438,majority_coverage,Reported,Table 7: Utility Bundled Retail Sales - Commercial,EIA Table 7 bundled customers match PUDL bundled customers,27.02749,1899,134193,1899,1039,2938,64.6358066712049,majority_coverage,Reported,Table 8: Utility Bundled Retail Sales - Industrial,EIA Table 8 bundled customers match PUDL bundled customers,Derived from reported customer counts,https://s3.us-west-2.amazonaws.com/pudl.catalyst.coop/stable/core_eia861__yearly_sales.parquet,minority_coverage when the published bundled price covers less than 50% of bundled plus delivery-only customers in the same customer class; the price is not changed,"EIA Electric Sales, Revenue, and Average Price",https://www.eia.gov/electricity/sales_revenue_price/archive/f8612013.zip,2026-08-08,DOM throughout the proposed panel,https://www.eversource.com/residential/about/doing-business-with-us/affiliates/list-of-affiliates,
DOM_NH_PSNH,15472,Public Service Co of NH,Public Service Company of New Hampshire,NH,2014,DOM,DOM,Eversource Energy,United States,Investor Owned,18.038,335555,2390026,335555,91554,427109,78.56425408970544,majority_coverage,Reported,Table 6: Utility Bundled Retail Sales - Residential,EIA Table 6 bundled customers match PUDL bundled customers,17.423464,50387,1240068,50387,23602,73989,68.10066361215857,majority_coverage,Reported,Table 7: Utility Bundled Retail Sales - Commercial,EIA Table 7 bundled customers match PUDL bundled customers,24.979932,1832,168926,1832,1069,2901,63.15063771113409,majority_coverage,Reported,Table 8: Utility Bundled Retail Sales - Industrial,EIA Table 8 bundled customers match PUDL bundled customers,Derived from reported customer counts,https://s3.us-west-2.amazonaws.com/pudl.catalyst.coop/stable/core_eia861__yearly_sales.parquet,minority_coverage when the published bundled price covers less than 50% of bundled plus delivery-only customers in the same customer class; the price is not changed,"EIA Electric Sales, Revenue, and Average Price",https://www.eia.gov/electricity/sales_revenue_price/archive/f8612014.zip,2026-08-08,DOM throughout the proposed panel,https://www.eversource.com/residential/about/doing-business-with-us/affiliates/list-of-affiliates,
DOM_NH_PSNH,15472,Public Service Co of NH,Public Service Company of New Hampshire,NH,2015,DOM,DOM,Eversource Energy,United States,Investor Owned,18.386055,346880,2525259,346880,80437,427317,81.17626960780872,majority_coverage,Reported,Table 6: Utility Bundled Retail Sales - Residential,EIA Table 6 bundled customers match PUDL bundled customers,18.379011,51047,1251020,51047,22841,73888,69.08699653529666,majority_coverage,Reported,Table 7: Utility Bundled Retail Sales - Commercial,EIA Table 7 bundled customers match PUDL bundled customers,24.551645,1844,192671,1844,981,2825,65.27433628318585,majority_coverage,Reported,Table 8: Utility Bundled Retail Sales - Industrial,EIA Table 8 bundled customers match PUDL bundled customers,Derived from reported customer counts,https://s3.us-west-2.amazonaws.com/pudl.catalyst.coop/stable/core_eia861__yearly_sales.parquet,minority_coverage when the published bundled price covers less than 50% of bundled plus delivery-only customers in the same customer class; the price is not changed,"EIA Electric Sales, Revenue, and Average Price",https://www.eia.gov/electricity/sales_revenue_price/archive/f8612015.zip,2026-08-08,DOM throughout the proposed panel,https://www.eversource.com/residential/about/doing-business-with-us/affiliates/list-of-affiliates,
DOM_NH_PSNH,15472,Public Service Co of NH,Public Service Company of New Hampshire,NH,2016,DOM,DOM,Eversource Energy,United States,Investor Owned,19.445322,345479,2447637,345479,85178,430657,80.22138267809417,majority_coverage,Reported,Table 6: Utility Bundled Retail Sales - Residential,EIA Table 6 bundled customers match PUDL bundled customers,20.858689,49349,960720,49349,25192,74541,66.20383413155176,majority_coverage,Reported,Table 7: Utility Bundled Retail Sales - Commercial,EIA Table 7 bundled customers match PUDL bundled customers,37.784068,1727,103329,1727,1073,2800,61.67857142857143,majority_coverage,Reported,Table 8: Utility Bundled Retail Sales - Industrial,EIA Table 8 bundled customers match PUDL bundled customers,Derived from reported customer counts,https://s3.us-west-2.amazonaws.com/pudl.catalyst.coop/stable/core_eia861__yearly_sales.parquet,minority_coverage when the published bundled price covers less than 50% of bundled plus delivery-only customers in the same customer class; the price is not changed,"EIA Electric Sales, Revenue, and Average Price",https://www.eia.gov/electricity/sales_revenue_price/archive/f8612016.zip,2026-08-08,DOM throughout the proposed panel,https://www.eversource.com/residential/about/doing-business-with-us/affiliates/list-of-affiliates,
DOM_NH_PSNH,15472,Public Service Co of NH,Public Service Company of New Hampshire,NH,2017,DOM,DOM,Eversource Energy,United States,Investor Owned,20.703171,331614,2312312,331614,103833,435447,76.1548477771118,majority_coverage,Reported,Table 6: Utility Bundled Retail Sales - Residential,EIA Table 6 bundled customers match PUDL bundled customers,21.587164,46439,836385,46439,28620,75059,61.86999560345861,majority_coverage,Reported,Table 7: Utility Bundled Retail Sales - Commercial,EIA Table 7 bundled customers match PUDL bundled customers,34.973711,1576,89963,1576,1222,2798,56.32594710507505,majority_coverage,Reported,Table 8: Utility Bundled Retail Sales - Industrial,EIA Table 8 bundled customers match PUDL bundled customers,Derived from reported customer counts,https://s3.us-west-2.amazonaws.com/pudl.catalyst.coop/stable/core_eia861__yearly_sales.parquet,minority_coverage when the published bundled price covers less than 50% of bundled plus delivery-only customers in the same customer class; the price is not changed,"EIA Electric Sales, Revenue, and Average Price",https://www.eia.gov/electricity/sales_revenue_price/archive/f8612017.zip,2026-08-08,DOM throughout the proposed panel,https://www.eversource.com/residential/about/doing-business-with-us/affiliates/list-of-affiliates,
DOM_NH_PSNH,15472,Public Service Co of NH,Public Service Company of New Hampshire,NH,2018,DOM,DOM,Eversource Energy,United States,Investor Owned,19.549627,336976,2426856,336976,102102,439078,76.74627287179044,majority_coverage,Reported,Table 6: Utility Bundled Retail Sales - Residential,EIA Table 6 bundled customers match PUDL bundled customers,15.928338,46616,825734,46616,28898,75514,61.73159943851471,majority_coverage,Reported,Table 7: Utility Bundled Retail Sales - Commercial,EIA Table 7 bundled customers match PUDL bundled customers,11.628088,1528,81003,1528,1229,2757,55.42256075444323,majority_coverage,Reported,Table 8: Utility Bundled Retail Sales - Industrial,EIA Table 8 bundled customers match PUDL bundled customers,Derived from reported customer counts,https://s3.us-west-2.amazonaws.com/pudl.catalyst.coop/stable/core_eia861__yearly_sales.parquet,minority_coverage when the published bundled price covers less than 50% of bundled plus delivery-only customers in the same customer class; the price is not changed,"EIA Electric Sales, Revenue, and Average Price",https://www.eia.gov/electricity/sales_revenue_price/archive/f8612018.zip,2026-08-08,DOM throughout the proposed panel,https://www.eversource.com/residential/about/doing-business-with-us/affiliates/list-of-affiliates,
DOM_NH_PSNH,15472,Public Service Co of NH,Public Service Company of New Hampshire,NH,2019,DOM,DOM,Eversource Energy,United States,Investor Owned,19.893003,351614,2469126,351614,90482,442096,79.53340450942781,majority_coverage,Reported,Table 6: Utility Bundled Retail Sales - Residential,EIA Table 6 bundled customers match PUDL bundled customers,15.92623,47726,797804,47726,28310,76036,62.76763638276606,majority_coverage,Reported,Table 7: Utility Bundled Retail Sales - Commercial,EIA Table 7 bundled customers match PUDL bundled customers,10.307913,1553,71871,1553,1183,2736,56.76169590643275,majority_coverage,Reported,Table 8: Utility Bundled Retail Sales - Industrial,EIA Table 8 bundled customers match PUDL bundled customers,Derived from reported customer counts,https://s3.us-west-2.amazonaws.com/pudl.catalyst.coop/stable/core_eia861__yearly_sales.parquet,minority_coverage when the published bundled price covers less than 50% of bundled plus delivery-only customers in the same customer class; the price is not changed,"EIA Electric Sales, Revenue, and Average Price",https://www.eia.gov/electricity/sales_revenue_price/archive/f8612019.zip,2026-08-08,DOM throughout the proposed panel,https://www.eversource.com/residential/about/doing-business-with-us/affiliates/list-of-affiliates,
DOM_NH_PSNH,15472,Public Service Co of NH,Public Service Company of New Hampshire,NH,2020,DOM,DOM,Eversource Energy,United States,Investor Owned,18.579255,365185,2711374,365185,81427,446612,81.76784322857425,majority_coverage,Reported,Table 6: Utility Bundled Retail Sales - Residential,EIA Table 6 bundled customers match PUDL bundled customers,14.937181,49565,795057,49565,27037,76602,64.70457690399728,majority_coverage,Reported,Table 7: Utility Bundled Retail Sales - Commercial,EIA Table 7 bundled customers match PUDL bundled customers,10.074378,1622,71258,1622,1097,2719,59.65428466347922,majority_coverage,Reported,Table 8: Utility Bundled Retail Sales - Industrial,EIA Table 8 bundled customers match PUDL bundled customers,Derived from reported customer counts,https://s3.us-west-2.amazonaws.com/pudl.catalyst.coop/stable/core_eia861__yearly_sales.parquet,minority_coverage when the published bundled price covers less than 50% of bundled plus delivery-only customers in the same customer class; the price is not changed,"EIA Electric Sales, Revenue, and Average Price",https://www.eia.gov/electricity/sales_revenue_price/archive/f8612020.zip,2026-08-08,DOM throughout the proposed panel,https://www.eversource.com/residential/about/doing-business-with-us/affiliates/list-of-affiliates,
DOM_NH_PSNH,15472,Public Service Co of NH,Public Service Company of New Hampshire,NH,2021,DOM,DOM,Eversource Energy,United States,Investor Owned,19.505668,377250,2817153,377250,72763,450013,83.83091155144407,majority_coverage,Reported,Table 6: Utility Bundled Retail Sales - Residential,EIA Table 6 bundled customers match PUDL bundled customers,15.847617,51154,842940,51154,26098,77252,66.21705586910372,majority_coverage,Reported,Table 7: Utility Bundled Retail Sales - Commercial,EIA Table 7 bundled customers match PUDL bundled customers,12.048871,1652,79351,1652,1069,2721,60.71297317162808,majority_coverage,Reported,Table 8: Utility Bundled Retail Sales - Industrial,EIA Table 8 bundled customers match PUDL bundled customers,Derived from reported customer counts,https://s3.us-west-2.amazonaws.com/pudl.catalyst.coop/stable/core_eia861__yearly_sales.parquet,minority_coverage when the published bundled price covers less than 50% of bundled plus delivery-only customers in the same customer class; the price is not changed,"EIA Electric Sales, Revenue, and Average Price",https://www.eia.gov/electricity/sales_revenue_price/archive/f8612021.zip,2026-08-08,DOM throughout the proposed panel,https://www.eversource.com/residential/about/doing-business-with-us/affiliates/list-of-affiliates,
DOM_NH_PSNH,15472,Public Service Co of NH,Public Service Company of New Hampshire,NH,2022,DOM,DOM,Eversource Energy,United States,Investor Owned,25.984684,380922,2812800,380922,72257,453179,84.05552772745428,majority_coverage,Reported,Table 6: Utility Bundled Retail Sales - Residential,EIA Table 6 bundled customers match PUDL bundled customers,22.893387,53226,915643,53226,24787,78013,68.22709035673542,majority_coverage,Reported,Table 7: Utility Bundled Retail Sales - Commercial,EIA Table 7 bundled customers match PUDL bundled customers,21.732052,1688,88629,1688,1024,2712,62.24188790560472,majority_coverage,Reported,Table 8: Utility Bundled Retail Sales - Industrial,EIA Table 8 bundled customers match PUDL bundled customers,Derived from reported customer counts,https://s3.us-west-2.amazonaws.com/pudl.catalyst.coop/stable/core_eia861__yearly_sales.parquet,minority_coverage when the published bundled price covers less than 50% of bundled plus delivery-only customers in the same customer class; the price is not changed,"EIA Electric Sales, Revenue, and Average Price",https://www.eia.gov/electricity/sales_revenue_price/archive/f8612022.zip,2026-08-08,DOM throughout the proposed panel,https://www.eversource.com/residential/about/doing-business-with-us/affiliates/list-of-affiliates,
DOM_NH_PSNH,15472,Public Service Co of NH,Public Service Company of New Hampshire,NH,2023,DOM,DOM,Eversource Energy,United States,Investor Owned,28.93447,328800,2259204,328800,127112,455912,72.1191808945586,majority_coverage,Reported,Table 6: Utility Bundled Retail Sales - Residential,EIA Table 6 bundled customers match PUDL bundled customers,27.714443,46180,648586,46180,32418,78598,58.754675691493425,majority_coverage,Reported,Table 7: Utility Bundled Retail Sales - Commercial,EIA Table 7 bundled customers match PUDL bundled customers,26.895195,1379,57965,1379,1312,2691,51.244890375325156,majority_coverage,Reported,Table 8: Utility Bundled Retail Sales - Industrial,EIA Table 8 bundled customers match PUDL bundled customers,Derived from reported customer counts,https://s3.us-west-2.amazonaws.com/pudl.catalyst.coop/stable/core_eia861__yearly_sales.parquet,minority_coverage when the published bundled price covers less than 50% of bundled plus delivery-only customers in the same customer class; the price is not changed,"EIA Electric Sales, Revenue, and Average Price",https://www.eia.gov/electricity/sales_revenue_price/archive/f8612023.zip,2026-08-08,DOM throughout the proposed panel,https://www.eversource.com/residential/about/doing-business-with-us/affiliates/list-of-affiliates,
DOM_NH_PSNH,15472,Public Service Co of NH,Public Service Company of New Hampshire,NH,2024,DOM,DOM,Eversource Energy,United States,Investor Owned,22.65233,279131,2013245,279131,180776,459907,60.69292269958927,majority_coverage,Reported,Table 6: Utility Bundled Retail Sales - Residential,EIA Table 6 bundled customers match PUDL bundled customers,19.738952,38098,515269,38098,41369,79467,47.94191299533139,minority_coverage,Reported,Table 7: Utility Bundled Retail Sales - Commercial,EIA Table 7 bundled customers match PUDL bundled customers,19.332838,1080,53885,1080,1604,2684,40.23845007451565,minority_coverage,Reported,Table 8: Utility Bundled Retail Sales - Industrial,EIA Table 8 bundled customers match PUDL bundled customers,Derived from reported customer counts,https://s3.us-west-2.amazonaws.com/pudl.catalyst.coop/stable/core_eia861__yearly_sales.parquet,minority_coverage when the published bundled price covers less than 50% of bundled plus delivery-only customers in the same customer class; the price is not changed,"EIA Electric Sales, Revenue, and Average Price",https://www.eia.gov/electricity/sales_revenue_price/xls/f8612024.zip,2026-08-08,DOM throughout the proposed panel,https://www.eversource.com/residential/about/doing-business-with-us/affiliates/list-of-affiliates,
DOM_NH_UNITIL,24590,Unitil Energy Systems,Unitil Energy Systems,NH,2013,DOM,DOM,Unitil Corporation,United States,Investor Owned,14.39641,62662,494665,62662,1992,64654,96.91898413091224,majority_coverage,Reported,Table 6: Utility Bundled Retail Sales - Residential,EIA Table 6 bundled customers match PUDL bundled customers,14.950978,10320,220514,10320,2038,12358,83.50865835895776,majority_coverage,Reported,Table 7: Utility Bundled Retail Sales - Commercial,EIA Table 7 bundled customers match PUDL bundled customers,12.163327,42,56843,42,110,152,27.63157894736842,minority_coverage,Reported,Table 8: Utility Bundled Retail Sales - Industrial,EIA Table 8 bundled customers match PUDL bundled customers,Derived from reported customer counts,https://s3.us-west-2.amazonaws.com/pudl.catalyst.coop/stable/core_eia861__yearly_sales.parquet,minority_coverage when the published bundled price covers less than 50% of bundled plus delivery-only customers in the same customer class; the price is not changed,"EIA Electric Sales, Revenue, and Average Price",https://www.eia.gov/electricity/sales_revenue_price/archive/f8612013.zip,2026-08-08,DOM throughout the proposed panel,https://unitil.com/electric-gas-service/pricing-rates/rates/ferc-oatt-information/transmission-service-information-nh,
DOM_NH_UNITIL,24590,Unitil Energy Systems,Unitil Energy Systems,NH,2014,DOM,DOM,Unitil Corporation,United States,Investor Owned,16.749486,59272,457220,59272,5649,64921,91.29865528873555,majority_coverage,Reported,Table 6: Utility Bundled Retail Sales - Residential,EIA Table 6 bundled customers match PUDL bundled customers,16.654755,9807,222465,9807,2556,12363,79.325406454744,majority_coverage,Reported,Table 7: Utility Bundled Retail Sales - Commercial,EIA Table 7 bundled customers match PUDL bundled customers,14.866298,54,79206,54,99,153,35.294117647058826,minority_coverage,Reported,Table 8: Utility Bundled Retail Sales - Industrial,EIA Table 8 bundled customers match PUDL bundled customers,Derived from reported customer counts,https://s3.us-west-2.amazonaws.com/pudl.catalyst.coop/stable/core_eia861__yearly_sales.parquet,minority_coverage when the published bundled price covers less than 50% of bundled plus delivery-only customers in the same customer class; the price is not changed,"EIA Electric Sales, Revenue, and Average Price",https://www.eia.gov/electricity/sales_revenue_price/archive/f8612014.zip,2026-08-08,DOM throughout the proposed panel,https://unitil.com/electric-gas-service/pricing-rates/rates/ferc-oatt-information/transmission-service-information-nh,
DOM_NH_UNITIL,24590,Unitil Energy Systems,Unitil Energy Systems,NH,2015,DOM,DOM,Unitil Corporation,United States,Investor Owned,18.680615,56786,420120,56786,8479,65265,87.00835057075003,majority_coverage,Reported,Table 6: Utility Bundled Retail Sales - Residential,EIA Table 6 bundled customers match PUDL bundled customers,19.366792,9302,185405,9302,3120,12422,74.88327161487683,majority_coverage,Reported,Table 7: Utility Bundled Retail Sales - Commercial,EIA Table 7 bundled customers match PUDL bundled customers,12.377741,36,41817,36,121,157,22.929936305732483,minority_coverage,Reported,Table 8: Utility Bundled Retail Sales - Industrial,EIA Table 8 bundled customers match PUDL bundled customers,Derived from reported customer counts,https://s3.us-west-2.amazonaws.com/pudl.catalyst.coop/stable/core_eia861__yearly_sales.parquet,minority_coverage when the published bundled price covers less than 50% of bundled plus delivery-only customers in the same customer class; the price is not changed,"EIA Electric Sales, Revenue, and Average Price",https://www.eia.gov/electricity/sales_revenue_price/archive/f8612015.zip,2026-08-08,DOM throughout the proposed panel,https://unitil.com/electric-gas-service/pricing-rates/rates/ferc-oatt-information/transmission-service-information-nh,
DOM_NH_UNITIL,24590,Unitil Energy Systems,Unitil Energy Systems,NH,2016,DOM,DOM,Unitil Corporation,United States,Investor Owned,15.51722,57404,411285,57404,8377,65781,87.26531977318679,majority_coverage,Reported,Table 6: Utility Bundled Retail Sales - Residential,EIA Table 6 bundled customers match PUDL bundled customers,16.277479,9162,165173,9162,3299,12461,73.52539924564641,majority_coverage,Reported,Table 7: Utility Bundled Retail Sales - Commercial,EIA Table 7 bundled customers match PUDL bundled customers,9.8940401,32,37467,32,128,160,20.0,minority_coverage,Reported,Table 8: Utility Bundled Retail Sales - Industrial,EIA Table 8 bundled customers match PUDL bundled customers,Derived from reported customer counts,https://s3.us-west-2.amazonaws.com/pudl.catalyst.coop/stable/core_eia861__yearly_sales.parquet,minority_coverage when the published bundled price covers less than 50% of bundled plus delivery-only customers in the same customer class; the price is not changed,"EIA Electric Sales, Revenue, and Average Price",https://www.eia.gov/electricity/sales_revenue_price/archive/f8612016.zip,2026-08-08,DOM throughout the proposed panel,https://unitil.com/electric-gas-service/pricing-rates/rates/ferc-oatt-information/transmission-service-information-nh,
DOM_NH_UNITIL,24590,Unitil Energy Systems,Unitil Energy Systems,NH,2017,DOM,DOM,Unitil Corporation,United States,Investor Owned,16.477715,57909,417303,57909,8259,66168,87.51813565469713,majority_coverage,Reported,Table 6: Utility Bundled Retail Sales - Residential,EIA Table 6 bundled customers match PUDL bundled customers,16.894581,9211,171629,9211,3185,12396,74.30622781542434,majority_coverage,Reported,Table 7: Utility Bundled Retail Sales - Commercial,EIA Table 7 bundled customers match PUDL bundled customers,12.76455,35,34776,35,123,158,22.151898734177216,minority_coverage,Reported,Table 8: Utility Bundled Retail Sales - Industrial,EIA Table 8 bundled customers match PUDL bundled customers,Derived from reported customer counts,https://s3.us-west-2.amazonaws.com/pudl.catalyst.coop/stable/core_eia861__yearly_sales.parquet,minority_coverage when the published bundled price covers less than 50% of bundled plus delivery-only customers in the same customer class; the price is not changed,"EIA Electric Sales, Revenue, and Average Price",https://www.eia.gov/electricity/sales_revenue_price/archive/f8612017.zip,2026-08-08,DOM throughout the proposed panel,https://unitil.com/electric-gas-service/pricing-rates/rates/ferc-oatt-information/transmission-service-information-nh,
DOM_NH_UNITIL,24590,Unitil Energy Systems,Unitil Energy Systems,NH,2018,DOM,DOM,Unitil Corporation,United States,Investor Owned,18.09182,58964,450209,58964,7169,66133,89.15972358731646,majority_coverage,Reported,Table 6: Utility Bundled Retail Sales - Residential,EIA Table 6 bundled customers match PUDL bundled customers,17.831556,9327,190247,9327,3018,12345,75.55285540704739,majority_coverage,Reported,Table 7: Utility Bundled Retail Sales - Commercial,EIA Table 7 bundled customers match PUDL bundled customers,15.003228,36,44917,36,121,157,22.929936305732483,minority_coverage,Reported,Table 8: Utility Bundled Retail Sales - Industrial,EIA Table 8 bundled customers match PUDL bundled customers,Derived from reported customer counts,https://s3.us-west-2.amazonaws.com/pudl.catalyst.coop/stable/core_eia861__yearly_sales.parquet,minority_coverage when the published bundled price covers less than 50% of bundled plus delivery-only customers in the same customer class; the price is not changed,"EIA Electric Sales, Revenue, and Average Price",https://www.eia.gov/electricity/sales_revenue_price/archive/f8612018.zip,2026-08-08,DOM throughout the proposed panel,https://unitil.com/electric-gas-service/pricing-rates/rates/ferc-oatt-information/transmission-service-information-nh,
DOM_NH_UNITIL,24590,Unitil Energy Systems,Unitil Energy Systems,NH,2019,DOM,DOM,Unitil Corporation,United States,Investor Owned,18.700856,60190,433162,60190,6396,66586,90.39437719640766,majority_coverage,Reported,Table 6: Utility Bundled Retail Sales - Residential,EIA Table 6 bundled customers match PUDL bundled customers,18.307934,9396,184390,9396,2960,12356,76.04402719326643,majority_coverage,Reported,Table 7: Utility Bundled Retail Sales - Commercial,EIA Table 7 bundled customers match PUDL bundled customers,12.961003,40,47234,40,120,160,25.0,minority_coverage,Reported,Table 8: Utility Bundled Retail Sales - Industrial,EIA Table 8 bundled customers match PUDL bundled customers,Derived from reported customer counts,https://s3.us-west-2.amazonaws.com/pudl.catalyst.coop/stable/core_eia861__yearly_sales.parquet,minority_coverage when the published bundled price covers less than 50% of bundled plus delivery-only customers in the same customer class; the price is not changed,"EIA Electric Sales, Revenue, and Average Price",https://www.eia.gov/electricity/sales_revenue_price/archive/f8612019.zip,2026-08-08,DOM throughout the proposed panel,https://unitil.com/electric-gas-service/pricing-rates/rates/ferc-oatt-information/transmission-service-information-nh,
DOM_NH_UNITIL,24590,Unitil Energy Systems,Unitil Energy Systems,NH,2020,DOM,DOM,Unitil Corporation,United States,Investor Owned,18.168184,61462,468726,61462,5711,67173,91.4980721420809,majority_coverage,Reported,Table 6: Utility Bundled Retail Sales - Residential,EIA Table 6 bundled customers match PUDL bundled customers,18.033611,9467,169051,9467,2934,12401,76.3406176921216,majority_coverage,Reported,Table 7: Utility Bundled Retail Sales - Commercial,EIA Table 7 bundled customers match PUDL bundled customers,12.593904,39,53113,39,125,164,23.78048780487805,minority_coverage,Reported,Table 8: Utility Bundled Retail Sales - Industrial,EIA Table 8 bundled customers match PUDL bundled customers,Derived from reported customer counts,https://s3.us-west-2.amazonaws.com/pudl.catalyst.coop/stable/core_eia861__yearly_sales.parquet,minority_coverage when the published bundled price covers less than 50% of bundled plus delivery-only customers in the same customer class; the price is not changed,"EIA Electric Sales, Revenue, and Average Price",https://www.eia.gov/electricity/sales_revenue_price/archive/f8612020.zip,2026-08-08,DOM throughout the proposed panel,https://unitil.com/electric-gas-service/pricing-rates/rates/ferc-oatt-information/transmission-service-information-nh,
DOM_NH_UNITIL,24590,Unitil Energy Systems,Unitil Energy Systems,NH,2021,DOM,DOM,Unitil Corporation,United States,Investor Owned,18.874656,62197,475108,62197,5446,67643,91.94890823884215,majority_coverage,Reported,Table 6: Utility Bundled Retail Sales - Residential,EIA Table 6 bundled customers match PUDL bundled customers,18.987829,9476,168924,9476,3054,12530,75.62649640861932,majority_coverage,Reported,Table 7: Utility Bundled Retail Sales - Commercial,EIA Table 7 bundled customers match PUDL bundled customers,15.027952,39,55989,39,127,166,23.49397590361446,minority_coverage,Reported,Table 8: Utility Bundled Retail Sales - Industrial,EIA Table 8 bundled customers match PUDL bundled customers,Derived from reported customer counts,https://s3.us-west-2.amazonaws.com/pudl.catalyst.coop/stable/core_eia861__yearly_sales.parquet,minority_coverage when the published bundled price covers less than 50% of bundled plus delivery-only customers in the same customer class; the price is not changed,"EIA Electric Sales, Revenue, and Average Price",https://www.eia.gov/electricity/sales_revenue_price/archive/f8612021.zip,2026-08-08,DOM throughout the proposed panel,https://unitil.com/electric-gas-service/pricing-rates/rates/ferc-oatt-information/transmission-service-information-nh,
DOM_NH_UNITIL,24590,Unitil Energy Systems,Unitil Energy Systems,NH,2022,DOM,DOM,Unitil Corporation,United States,Investor Owned,24.229924,62313,463039,62313,5684,67997,91.64080768269189,majority_coverage,Reported,Table 6: Utility Bundled Retail Sales - Residential,EIA Table 6 bundled customers match PUDL bundled customers,23.732734,9500,170347,9500,3131,12631,75.21178053994142,majority_coverage,Reported,Table 7: Utility Bundled Retail Sales - Commercial,EIA Table 7 bundled customers match PUDL bundled customers,18.668761,38,52853,38,131,169,22.485207100591715,minority_coverage,Reported,Table 8: Utility Bundled Retail Sales - Industrial,EIA Table 8 bundled customers match PUDL bundled customers,Derived from reported customer counts,https://s3.us-west-2.amazonaws.com/pudl.catalyst.coop/stable/core_eia861__yearly_sales.parquet,minority_coverage when the published bundled price covers less than 50% of bundled plus delivery-only customers in the same customer class; the price is not changed,"EIA Electric Sales, Revenue, and Average Price",https://www.eia.gov/electricity/sales_revenue_price/archive/f8612022.zip,2026-08-08,DOM throughout the proposed panel,https://unitil.com/electric-gas-service/pricing-rates/rates/ferc-oatt-information/transmission-service-information-nh,
DOM_NH_UNITIL,24590,Unitil Energy Systems,Unitil Energy Systems,NH,2023,DOM,DOM,Unitil Corporation,United States,Investor Owned,32.474247,55907,394132,55907,12155,68062,82.14128294790045,majority_coverage,Reported,Table 6: Utility Bundled Retail Sales - Residential,EIA Table 6 bundled customers match PUDL bundled customers,33.090707,8322,137344,8322,4301,12623,65.92727560801711,majority_coverage,Reported,Table 7: Utility Bundled Retail Sales - Commercial,EIA Table 7 bundled customers match PUDL bundled customers,16.658028,27,33956,27,140,167,16.167664670658684,minority_coverage,Reported,Table 8: Utility Bundled Retail Sales - Industrial,EIA Table 8 bundled customers match PUDL bundled customers,Derived from reported customer counts,https://s3.us-west-2.amazonaws.com/pudl.catalyst.coop/stable/core_eia861__yearly_sales.parquet,minority_coverage when the published bundled price covers less than 50% of bundled plus delivery-only customers in the same customer class; the price is not changed,"EIA Electric Sales, Revenue, and Average Price",https://www.eia.gov/electricity/sales_revenue_price/archive/f8612023.zip,2026-08-08,DOM throughout the proposed panel,https://unitil.com/electric-gas-service/pricing-rates/rates/ferc-oatt-information/transmission-service-information-nh,
DOM_NH_UNITIL,24590,Unitil Energy Systems,Unitil Energy Systems,NH,2024,DOM,DOM,Unitil Corporation,United States,Investor Owned,23.32787,39656,292866,39656,28946,68602,57.805894871869626,majority_coverage,Reported,Table 6: Utility Bundled Retail Sales - Residential,EIA Table 6 bundled customers match PUDL bundled customers,23.537991,5988,99972,5988,6699,12687,47.197919129817926,minority_coverage,Reported,Table 7: Utility Bundled Retail Sales - Commercial,EIA Table 7 bundled customers match PUDL bundled customers,19.548684,19,14779,19,144,163,11.656441717791411,minority_coverage,Reported,Table 8: Utility Bundled Retail Sales - Industrial,EIA Table 8 bundled customers match PUDL bundled customers,Derived from reported customer counts,https://s3.us-west-2.amazonaws.com/pudl.catalyst.coop/stable/core_eia861__yearly_sales.parquet,minority_coverage when the published bundled price covers less than 50% of bundled plus delivery-only customers in the same customer class; the price is not changed,"EIA Electric Sales, Revenue, and Average Price",https://www.eia.gov/electricity/sales_revenue_price/xls/f8612024.zip,2026-08-08,DOM throughout the proposed panel,https://unitil.com/electric-gas-service/pricing-rates/rates/ferc-oatt-information/transmission-service-information-nh,
DOM_NY_CECONY,4226,Consolidated Edison Co-NY Inc,Con Edison (CECONY),NY,2013,DOM,DOM,Consolidated Edison Inc.,United States,Investor Owned,26.992352,2113173,10273410,2113173,746375,2859548,73.89884695063695,majority_coverage,Reported,Table 6: Utility Bundled Retail Sales - Residential,EIA Table 6 bundled customers match PUDL bundled customers,20.607874,341327,9743737,341327,152969,494296,69.05315843138524,majority_coverage,Reported,Table 7: Utility Bundled Retail Sales - Commercial,EIA Table 7 bundled customers match PUDL bundled customers,18.295924,85,98951,85,679,764,11.12565445026178,minority_coverage,Reported,Table 8: Utility Bundled Retail Sales - Industrial,EIA Table 8 bundled customers match PUDL bundled customers,Derived from reported customer counts,https://s3.us-west-2.amazonaws.com/pudl.catalyst.coop/stable/core_eia861__yearly_sales.parquet,minority_coverage when the published bundled price covers less than 50% of bundled plus delivery-only customers in the same customer class; the price is not changed,"EIA Electric Sales, Revenue, and Average Price",https://www.eia.gov/electricity/sales_revenue_price/archive/f8612013.zip,2026-08-08,DOM throughout the proposed panel,https://investor.conedison.com/static-files/0b4e12b3-f43b-4398-a04b-3699537cabb5,
DOM_NY_CECONY,4226,Consolidated Edison Co-NY Inc,Con Edison (CECONY),NY,2014,DOM,DOM,Consolidated Edison Inc.,United States,Investor Owned,28.849002,2135972,9869409,2135972,733909,2869881,74.427197504008,majority_coverage,Reported,Table 6: Utility Bundled Retail Sales - Residential,EIA Table 6 bundled customers match PUDL bundled customers,22.155453,342181,9783465,342181,156644,498825,68.59740389916303,majority_coverage,Reported,Table 7: Utility Bundled Retail Sales - Commercial,EIA Table 7 bundled customers match PUDL bundled customers,20.183612,93,102499,93,675,768,12.109375,minority_coverage,Reported,Table 8: Utility Bundled Retail Sales - Industrial,EIA Table 8 bundled customers match PUDL bundled customers,Derived from reported customer counts,https://s3.us-west-2.amazonaws.com/pudl.catalyst.coop/stable/core_eia861__yearly_sales.parquet,minority_coverage when the published bundled price covers less than 50% of bundled plus delivery-only customers in the same customer class; the price is not changed,"EIA Electric Sales, Revenue, and Average Price",https://www.eia.gov/electricity/sales_revenue_price/archive/f8612014.zip,2026-08-08,DOM throughout the proposed panel,https://investor.conedison.com/static-files/0b4e12b3-f43b-4398-a04b-3699537cabb5,
DOM_NY_CECONY,4226,Consolidated Edison Co-NY Inc,Con Edison (CECONY),NY,2015,DOM,DOM,Consolidated Edison Inc.,United States,Investor Owned,26.304176,2196201,10534126,2196201,689832,2886033,76.09757060989948,majority_coverage,Reported,Table 6: Utility Bundled Retail Sales - Residential,EIA Table 6 bundled customers match PUDL bundled customers,20.574438,349478,9584505,349478,161479,510957,68.39675354286173,majority_coverage,Reported,Table 7: Utility Bundled Retail Sales - Commercial,EIA Table 7 bundled customers match PUDL bundled customers,16.703928,81,86327,81,679,760,10.657894736842104,minority_coverage,Reported,Table 8: Utility Bundled Retail Sales - Industrial,EIA Table 8 bundled customers match PUDL bundled customers,Derived from reported customer counts,https://s3.us-west-2.amazonaws.com/pudl.catalyst.coop/stable/core_eia861__yearly_sales.parquet,minority_coverage when the published bundled price covers less than 50% of bundled plus delivery-only customers in the same customer class; the price is not changed,"EIA Electric Sales, Revenue, and Average Price",https://www.eia.gov/electricity/sales_revenue_price/archive/f8612015.zip,2026-08-08,DOM throughout the proposed panel,https://investor.conedison.com/static-files/0b4e12b3-f43b-4398-a04b-3699537cabb5,
DOM_NY_CECONY,4226,Consolidated Edison Co-NY Inc,Con Edison (CECONY),NY,2016,DOM,DOM,Consolidated Edison Inc.,United States,Investor Owned,24.908229,2187429,10399796,2187429,708600,2896029,75.53201297362699,majority_coverage,Reported,Table 6: Utility Bundled Retail Sales - Residential,EIA Table 6 bundled customers match PUDL bundled customers,19.129361,358352,9423582,358352,164550,522902,68.53138829073134,majority_coverage,Reported,Table 7: Utility Bundled Retail Sales - Commercial,EIA Table 7 bundled customers match PUDL bundled customers,16.677073,69,60862,69,693,762,9.05511811023622,minority_coverage,Reported,Table 8: Utility Bundled Retail Sales - Industrial,EIA Table 8 bundled customers match PUDL bundled customers,Derived from reported customer counts,https://s3.us-west-2.amazonaws.com/pudl.catalyst.coop/stable/core_eia861__yearly_sales.parquet,minority_coverage when the published bundled price covers less than 50% of bundled plus delivery-only customers in the same customer class; the price is not changed,"EIA Electric Sales, Revenue, and Average Price",https://www.eia.gov/electricity/sales_revenue_price/archive/f8612016.zip,2026-08-08,DOM throughout the proposed panel,https://investor.conedison.com/static-files/0b4e12b3-f43b-4398-a04b-3699537cabb5,
DOM_NY_CECONY,4226,Consolidated Edison Co-NY Inc,Con Edison (CECONY),NY,2017,DOM,DOM,Consolidated Edison Inc.,United States,Investor Owned,25.34245,2211235,9924143,2211235,699045,2910280,75.98014624022431,majority_coverage,Reported,Table 6: Utility Bundled Retail Sales - Residential,EIA Table 6 bundled customers match PUDL bundled customers,19.725072,372504,9242491,372504,162548,535052,69.62014906962314,majority_coverage,Reported,Table 7: Utility Bundled Retail Sales - Commercial,EIA Table 7 bundled customers match PUDL bundled customers,17.175132,67,59755,67,700,767,8.735332464146023,minority_coverage,Reported,Table 8: Utility Bundled Retail Sales - Industrial,EIA Table 8 bundled customers match PUDL bundled customers,Derived from reported customer counts,https://s3.us-west-2.amazonaws.com/pudl.catalyst.coop/stable/core_eia861__yearly_sales.parquet,minority_coverage when the published bundled price covers less than 50% of bundled plus delivery-only customers in the same customer class; the price is not changed,"EIA Electric Sales, Revenue, and Average Price",https://www.eia.gov/electricity/sales_revenue_price/archive/f8612017.zip,2026-08-08,DOM throughout the proposed panel,https://investor.conedison.com/static-files/0b4e12b3-f43b-4398-a04b-3699537cabb5,
DOM_NY_CECONY,4226,Consolidated Edison Co-NY Inc,Con Edison (CECONY),NY,2018,DOM,DOM,Consolidated Edison Inc.,United States,Investor Owned,26.357368,2315745,10796886,2315745,618530,2934275,78.92051699312437,majority_coverage,Reported,Table 6: Utility Bundled Retail Sales - Residential,EIA Table 6 bundled customers match PUDL bundled customers,19.296206,386512,9597866,386512,161119,547631,70.57891171244871,majority_coverage,Reported,Table 7: Utility Bundled Retail Sales - Commercial,EIA Table 7 bundled customers match PUDL bundled customers,16.715821,59,56964,59,694,753,7.835325365205843,minority_coverage,Reported,Table 8: Utility Bundled Retail Sales - Industrial,EIA Table 8 bundled customers match PUDL bundled customers,Derived from reported customer counts,https://s3.us-west-2.amazonaws.com/pudl.catalyst.coop/stable/core_eia861__yearly_sales.parquet,minority_coverage when the published bundled price covers less than 50% of bundled plus delivery-only customers in the same customer class; the price is not changed,"EIA Electric Sales, Revenue, and Average Price",https://www.eia.gov/electricity/sales_revenue_price/archive/f8612018.zip,2026-08-08,DOM throughout the proposed panel,https://investor.conedison.com/static-files/0b4e12b3-f43b-4398-a04b-3699537cabb5,
DOM_NY_CECONY,4226,Consolidated Edison Co-NY Inc,Con Edison (CECONY),NY,2019,DOM,DOM,Consolidated Edison Inc.,United States,Investor Owned,25.297642,2372477,10593517,2372477,587472,2959949,80.1526310081694,majority_coverage,Reported,Table 6: Utility Bundled Retail Sales - Residential,EIA Table 6 bundled customers match PUDL bundled customers,18.700437,400615,9921902,400615,157612,558227,71.76560789786234,majority_coverage,Reported,Table 7: Utility Bundled Retail Sales - Commercial,EIA Table 7 bundled customers match PUDL bundled customers,14.700077,52,63333,52,691,743,6.998654104979812,minority_coverage,Reported,Table 8: Utility Bundled Retail Sales - Industrial,EIA Table 8 bundled customers match PUDL bundled customers,Derived from reported customer counts,https://s3.us-west-2.amazonaws.com/pudl.catalyst.coop/stable/core_eia861__yearly_sales.parquet,minority_coverage when the published bundled price covers less than 50% of bundled plus delivery-only customers in the same customer class; the price is not changed,"EIA Electric Sales, Revenue, and Average Price",https://www.eia.gov/electricity/sales_revenue_price/archive/f8612019.zip,2026-08-08,DOM throughout the proposed panel,https://investor.conedison.com/static-files/0b4e12b3-f43b-4398-a04b-3699537cabb5,
DOM_NY_CECONY,4226,Consolidated Edison Co-NY Inc,Con Edison (CECONY),NY,2020,DOM,DOM,Consolidated Edison Inc.,United States,Investor Owned,26.150327,2402283,11107429,2402283,538931,2941214,81.67657980684166,majority_coverage,Reported,Table 6: Utility Bundled Retail Sales - Residential,EIA Table 6 bundled customers match PUDL bundled customers,20.157194,425378,9382313,425378,149972,575350,73.93377943860258,majority_coverage,Reported,Table 7: Utility Bundled Retail Sales - Commercial,EIA Table 7 bundled customers match PUDL bundled customers,15.576814,46,52790,46,676,722,6.371191135734072,minority_coverage,Reported,Table 8: Utility Bundled Retail Sales - Industrial,EIA Table 8 bundled customers match PUDL bundled customers,Derived from reported customer counts,https://s3.us-west-2.amazonaws.com/pudl.catalyst.coop/stable/core_eia861__yearly_sales.parquet,minority_coverage when the published bundled price covers less than 50% of bundled plus delivery-only customers in the same customer class; the price is not changed,"EIA Electric Sales, Revenue, and Average Price",https://www.eia.gov/electricity/sales_revenue_price/archive/f8612020.zip,2026-08-08,DOM throughout the proposed panel,https://investor.conedison.com/static-files/0b4e12b3-f43b-4398-a04b-3699537cabb5,
DOM_NY_CECONY,4226,Consolidated Edison Co-NY Inc,Con Edison (CECONY),NY,2021,DOM,DOM,Consolidated Edison Inc.,United States,Investor Owned,27.325274,2482139,11344135,2482139,458590,2940729,84.40556746303383,majority_coverage,Reported,Table 6: Utility Bundled Retail Sales - Residential,EIA Table 6 bundled customers match PUDL bundled customers,23.498893,447828,9313179,447828,141285,589113,76.01733453514012,majority_coverage,Reported,Table 7: Utility Bundled Retail Sales - Commercial,EIA Table 7 bundled customers match PUDL bundled customers,18.864125,43,51643,43,685,728,5.906593406593407,minority_coverage,Reported,Table 8: Utility Bundled Retail Sales - Industrial,EIA Table 8 bundled customers match PUDL bundled customers,Derived from reported customer counts,https://s3.us-west-2.amazonaws.com/pudl.catalyst.coop/stable/core_eia861__yearly_sales.parquet,minority_coverage when the published bundled price covers less than 50% of bundled plus delivery-only customers in the same customer class; the price is not changed,"EIA Electric Sales, Revenue, and Average Price",https://www.eia.gov/electricity/sales_revenue_price/archive/f8612021.zip,2026-08-08,DOM throughout the proposed panel,https://investor.conedison.com/static-files/0b4e12b3-f43b-4398-a04b-3699537cabb5,
DOM_NY_CECONY,4226,Consolidated Edison Co-NY Inc,Con Edison (CECONY),NY,2022,DOM,DOM,Consolidated Edison Inc.,United States,Investor Owned,28.762013,2609391,11875490,2609391,396933,3006324,86.79673248791548,majority_coverage,Reported,Table 6: Utility Bundled Retail Sales - Residential,EIA Table 6 bundled customers match PUDL bundled customers,26.040136,459703,10600509,459703,127090,586793,78.34159575864061,majority_coverage,Reported,Table 7: Utility Bundled Retail Sales - Commercial,EIA Table 7 bundled customers match PUDL bundled customers,22.459469,50,60509,50,669,719,6.954102920723226,minority_coverage,Reported,Table 8: Utility Bundled Retail Sales - Industrial,EIA Table 8 bundled customers match PUDL bundled customers,Derived from reported customer counts,https://s3.us-west-2.amazonaws.com/pudl.catalyst.coop/stable/core_eia861__yearly_sales.parquet,minority_coverage when the published bundled price covers less than 50% of bundled plus delivery-only customers in the same customer class; the price is not changed,"EIA Electric Sales, Revenue, and Average Price",https://www.eia.gov/electricity/sales_revenue_price/archive/f8612022.zip,2026-08-08,DOM throughout the proposed panel,https://investor.conedison.com/static-files/0b4e12b3-f43b-4398-a04b-3699537cabb5,
DOM_NY_CECONY,4226,Consolidated Edison Co-NY Inc,Con Edison (CECONY),NY,2023,DOM,DOM,Consolidated Edison Inc.,United States,Investor Owned,31.580885,2667061,11574172,2667061,373482,3040543,87.71660193590421,majority_coverage,Reported,Table 6: Utility Bundled Retail Sales - Residential,EIA Table 6 bundled customers match PUDL bundled customers,25.444789,474951,10955241,474951,121876,596827,79.57934208740556,majority_coverage,Reported,Table 7: Utility Bundled Retail Sales - Commercial,EIA Table 7 bundled customers match PUDL bundled customers,21.926768,53,60848,53,661,714,7.42296918767507,minority_coverage,Reported,Table 8: Utility Bundled Retail Sales - Industrial,EIA Table 8 bundled customers match PUDL bundled customers,Derived from reported customer counts,https://s3.us-west-2.amazonaws.com/pudl.catalyst.coop/stable/core_eia861__yearly_sales.parquet,minority_coverage when the published bundled price covers less than 50% of bundled plus delivery-only customers in the same customer class; the price is not changed,"EIA Electric Sales, Revenue, and Average Price",https://www.eia.gov/electricity/sales_revenue_price/archive/f8612023.zip,2026-08-08,DOM throughout the proposed panel,https://investor.conedison.com/static-files/0b4e12b3-f43b-4398-a04b-3699537cabb5,
DOM_NY_CECONY,4226,Consolidated Edison Co-NY Inc,Con Edison (CECONY),NY,2024,DOM,DOM,Consolidated Edison Inc.,United States,Investor Owned,35.66164,2715069,11889829,2715069,348969,3064038,88.6108135734609,majority_coverage,Reported,Table 6: Utility Bundled Retail Sales - Residential,EIA Table 6 bundled customers match PUDL bundled customers,28.196293,454400,10000499,454400,117849,572249,79.40599284577168,majority_coverage,Reported,Table 7: Utility Bundled Retail Sales - Commercial,EIA Table 7 bundled customers match PUDL bundled customers,30.954324,6961,381055,6961,3537,10498,66.30786816536484,majority_coverage,Reported,Table 8: Utility Bundled Retail Sales - Industrial,EIA Table 8 bundled customers match PUDL bundled customers,Derived from reported customer counts,https://s3.us-west-2.amazonaws.com/pudl.catalyst.coop/stable/core_eia861__yearly_sales.parquet,minority_coverage when the published bundled price covers less than 50% of bundled plus delivery-only customers in the same customer class; the price is not changed,"EIA Electric Sales, Revenue, and Average Price",https://www.eia.gov/electricity/sales_revenue_price/xls/f8612024.zip,2026-08-08,DOM throughout the proposed panel,https://investor.conedison.com/static-files/0b4e12b3-f43b-4398-a04b-3699537cabb5,
DOM_NY_FIRSTENERGY,66101,FirstEnergy Pennsylvania Electric Co,FirstEnergy Pennsylvania Electric,NY,2013,DOM,DOM,FirstEnergy Corp.,United States,,,0,,0,0,0,,no_published_price,Not reported,Table 6: Utility Bundled Retail Sales - Residential,No EIA table row; PUDL reports zero bundled customers,,0,,0,0,0,,no_published_price,Not reported,Table 7: Utility Bundled Retail Sales - Commercial,No EIA table row; PUDL reports zero bundled customers,,0,,0,0,0,,no_published_price,Not reported,Table 8: Utility Bundled Retail Sales - Industrial,No EIA table row; PUDL reports zero bundled customers,Derived from reported customer counts,https://s3.us-west-2.amazonaws.com/pudl.catalyst.coop/stable/core_eia861__yearly_sales.parquet,minority_coverage when the published bundled price covers less than 50% of bundled plus delivery-only customers in the same customer class; the price is not changed,"EIA Electric Sales, Revenue, and Average Price",https://www.eia.gov/electricity/sales_revenue_price/archive/f8612013.zip,2026-08-08,The current EIA entity begins in 2024 after four Pennsylvania utilities consolidated; earlier years remain blank rather than being stitched to predecessor IDs,https://www.firstenergycorp.com/about/utilities.html,https://www.firstenergycorp.com/newsroom/news_articles/firstenergy-pennsylvania-subsidiaries-receive-approval-to-consolidate.html
DOM_NY_FIRSTENERGY,66101,FirstEnergy Pennsylvania Electric Co,FirstEnergy Pennsylvania Electric,NY,2014,DOM,DOM,FirstEnergy Corp.,United States,,,0,,0,0,0,,no_published_price,Not reported,Table 6: Utility Bundled Retail Sales - Residential,No EIA table row; PUDL reports zero bundled customers,,0,,0,0,0,,no_published_price,Not reported,Table 7: Utility Bundled Retail Sales - Commercial,No EIA table row; PUDL reports zero bundled customers,,0,,0,0,0,,no_published_price,Not reported,Table 8: Utility Bundled Retail Sales - Industrial,No EIA table row; PUDL reports zero bundled customers,Derived from reported customer counts,https://s3.us-west-2.amazonaws.com/pudl.catalyst.coop/stable/core_eia861__yearly_sales.parquet,minority_coverage when the published bundled price covers less than 50% of bundled plus delivery-only customers in the same customer class; the price is not changed,"EIA Electric Sales, Revenue, and Average Price",https://www.eia.gov/electricity/sales_revenue_price/archive/f8612014.zip,2026-08-08,The current EIA entity begins in 2024 after four Pennsylvania utilities consolidated; earlier years remain blank rather than being stitched to predecessor IDs,https://www.firstenergycorp.com/about/utilities.html,https://www.firstenergycorp.com/newsroom/news_articles/firstenergy-pennsylvania-subsidiaries-receive-approval-to-consolidate.html
DOM_NY_FIRSTENERGY,66101,FirstEnergy Pennsylvania Electric Co,FirstEnergy Pennsylvania Electric,NY,2015,DOM,DOM,FirstEnergy Corp.,United States,,,0,,0,0,0,,no_published_price,Not reported,Table 6: Utility Bundled Retail Sales - Residential,No EIA table row; PUDL reports zero bundled customers,,0,,0,0,0,,no_published_price,Not reported,Table 7: Utility Bundled Retail Sales - Commercial,No EIA table row; PUDL reports zero bundled customers,,0,,0,0,0,,no_published_price,Not reported,Table 8: Utility Bundled Retail Sales - Industrial,No EIA table row; PUDL reports zero bundled customers,Derived from reported customer counts,https://s3.us-west-2.amazonaws.com/pudl.catalyst.coop/stable/core_eia861__yearly_sales.parquet,minority_coverage when the published bundled price covers less than 50% of bundled plus delivery-only customers in the same customer class; the price is not changed,"EIA Electric Sales, Revenue, and Average Price",https://www.eia.gov/electricity/sales_revenue_price/archive/f8612015.zip,2026-08-08,The current EIA entity begins in 2024 after four Pennsylvania utilities consolidated; earlier years remain blank rather than being stitched to predecessor IDs,https://www.firstenergycorp.com/about/utilities.html,https://www.firstenergycorp.com/newsroom/news_articles/firstenergy-pennsylvania-subsidiaries-receive-approval-to-consolidate.html
DOM_NY_FIRSTENERGY,66101,FirstEnergy Pennsylvania Electric Co,FirstEnergy Pennsylvania Electric,NY,2016,DOM,DOM,FirstEnergy Corp.,United States,,,0,,0,0,0,,no_published_price,Not reported,Table 6: Utility Bundled Retail Sales - Residential,No EIA table row; PUDL reports zero bundled customers,,0,,0,0,0,,no_published_price,Not reported,Table 7: Utility Bundled Retail Sales - Commercial,No EIA table row; PUDL reports zero bundled customers,,0,,0,0,0,,no_published_price,Not reported,Table 8: Utility Bundled Retail Sales - Industrial,No EIA table row; PUDL reports zero bundled customers,Derived from reported customer counts,https://s3.us-west-2.amazonaws.com/pudl.catalyst.coop/stable/core_eia861__yearly_sales.parquet,minority_coverage when the published bundled price covers less than 50% of bundled plus delivery-only customers in the same customer class; the price is not changed,"EIA Electric Sales, Revenue, and Average Price",https://www.eia.gov/electricity/sales_revenue_price/archive/f8612016.zip,2026-08-08,The current EIA entity begins in 2024 after four Pennsylvania utilities consolidated; earlier years remain blank rather than being stitched to predecessor IDs,https://www.firstenergycorp.com/about/utilities.html,https://www.firstenergycorp.com/newsroom/news_articles/firstenergy-pennsylvania-subsidiaries-receive-approval-to-consolidate.html
DOM_NY_FIRSTENERGY,66101,FirstEnergy Pennsylvania Electric Co,FirstEnergy Pennsylvania Electric,NY,2017,DOM,DOM,FirstEnergy Corp.,United States,,,0,,0,0,0,,no_published_price,Not reported,Table 6: Utility Bundled Retail Sales - Residential,No EIA table row; PUDL reports zero bundled customers,,0,,0,0,0,,no_published_price,Not reported,Table 7: Utility Bundled Retail Sales - Commercial,No EIA table row; PUDL reports zero bundled customers,,0,,0,0,0,,no_published_price,Not reported,Table 8: Utility Bundled Retail Sales - Industrial,No EIA table row; PUDL reports zero bundled customers,Derived from reported customer counts,https://s3.us-west-2.amazonaws.com/pudl.catalyst.coop/stable/core_eia861__yearly_sales.parquet,minority_coverage when the published bundled price covers less than 50% of bundled plus delivery-only customers in the same customer class; the price is not changed,"EIA Electric Sales, Revenue, and Average Price",https://www.eia.gov/electricity/sales_revenue_price/archive/f8612017.zip,2026-08-08,The current EIA entity begins in 2024 after four Pennsylvania utilities consolidated; earlier years remain blank rather than being stitched to predecessor IDs,https://www.firstenergycorp.com/about/utilities.html,https://www.firstenergycorp.com/newsroom/news_articles/firstenergy-pennsylvania-subsidiaries-receive-approval-to-consolidate.html
DOM_NY_FIRSTENERGY,66101,FirstEnergy Pennsylvania Electric Co,FirstEnergy Pennsylvania Electric,NY,2018,DOM,DOM,FirstEnergy Corp.,United States,,,0,,0,0,0,,no_published_price,Not reported,Table 6: Utility Bundled Retail Sales - Residential,No EIA table row; PUDL reports zero bundled customers,,0,,0,0,0,,no_published_price,Not reported,Table 7: Utility Bundled Retail Sales - Commercial,No EIA table row; PUDL reports zero bundled customers,,0,,0,0,0,,no_published_price,Not reported,Table 8: Utility Bundled Retail Sales - Industrial,No EIA table row; PUDL reports zero bundled customers,Derived from reported customer counts,https://s3.us-west-2.amazonaws.com/pudl.catalyst.coop/stable/core_eia861__yearly_sales.parquet,minority_coverage when the published bundled price covers less than 50% of bundled plus delivery-only customers in the same customer class; the price is not changed,"EIA Electric Sales, Revenue, and Average Price",https://www.eia.gov/electricity/sales_revenue_price/archive/f8612018.zip,2026-08-08,The current EIA entity begins in 2024 after four Pennsylvania utilities consolidated; earlier years remain blank rather than being stitched to predecessor IDs,https://www.firstenergycorp.com/about/utilities.html,https://www.firstenergycorp.com/newsroom/news_articles/firstenergy-pennsylvania-subsidiaries-receive-approval-to-consolidate.html
DOM_NY_FIRSTENERGY,66101,FirstEnergy Pennsylvania Electric Co,FirstEnergy Pennsylvania Electric,NY,2019,DOM,DOM,FirstEnergy Corp.,United States,,,0,,0,0,0,,no_published_price,Not reported,Table 6: Utility Bundled Retail Sales - Residential,No EIA table row; PUDL reports zero bundled customers,,0,,0,0,0,,no_published_price,Not reported,Table 7: Utility Bundled Retail Sales - Commercial,No EIA table row; PUDL reports zero bundled customers,,0,,0,0,0,,no_published_price,Not reported,Table 8: Utility Bundled Retail Sales - Industrial,No EIA table row; PUDL reports zero bundled customers,Derived from reported customer counts,https://s3.us-west-2.amazonaws.com/pudl.catalyst.coop/stable/core_eia861__yearly_sales.parquet,minority_coverage when the published bundled price covers less than 50% of bundled plus delivery-only customers in the same customer class; the price is not changed,"EIA Electric Sales, Revenue, and Average Price",https://www.eia.gov/electricity/sales_revenue_price/archive/f8612019.zip,2026-08-08,The current EIA entity begins in 2024 after four Pennsylvania utilities consolidated; earlier years remain blank rather than being stitched to predecessor IDs,https://www.firstenergycorp.com/about/utilities.html,https://www.firstenergycorp.com/newsroom/news_articles/firstenergy-pennsylvania-subsidiaries-receive-approval-to-consolidate.html
DOM_NY_FIRSTENERGY,66101,FirstEnergy Pennsylvania Electric Co,FirstEnergy Pennsylvania Electric,NY,2020,DOM,DOM,FirstEnergy Corp.,United States,,,0,,0,0,0,,no_published_price,Not reported,Table 6: Utility Bundled Retail Sales - Residential,No EIA table row; PUDL reports zero bundled customers,,0,,0,0,0,,no_published_price,Not reported,Table 7: Utility Bundled Retail Sales - Commercial,No EIA table row; PUDL reports zero bundled customers,,0,,0,0,0,,no_published_price,Not reported,Table 8: Utility Bundled Retail Sales - Industrial,No EIA table row; PUDL reports zero bundled customers,Derived from reported customer counts,https://s3.us-west-2.amazonaws.com/pudl.catalyst.coop/stable/core_eia861__yearly_sales.parquet,minority_coverage when the published bundled price covers less than 50% of bundled plus delivery-only customers in the same customer class; the price is not changed,"EIA Electric Sales, Revenue, and Average Price",https://www.eia.gov/electricity/sales_revenue_price/archive/f8612020.zip,2026-08-08,The current EIA entity begins in 2024 after four Pennsylvania utilities consolidated; earlier years remain blank rather than being stitched to predecessor IDs,https://www.firstenergycorp.com/about/utilities.html,https://www.firstenergycorp.com/newsroom/news_articles/firstenergy-pennsylvania-subsidiaries-receive-approval-to-consolidate.html
DOM_NY_FIRSTENERGY,66101,FirstEnergy Pennsylvania Electric Co,FirstEnergy Pennsylvania Electric,NY,2021,DOM,DOM,FirstEnergy Corp.,United States,,,0,,0,0,0,,no_published_price,Not reported,Table 6: Utility Bundled Retail Sales - Residential,No EIA table row; PUDL reports zero bundled customers,,0,,0,0,0,,no_published_price,Not reported,Table 7: Utility Bundled Retail Sales - Commercial,No EIA table row; PUDL reports zero bundled customers,,0,,0,0,0,,no_published_price,Not reported,Table 8: Utility Bundled Retail Sales - Industrial,No EIA table row; PUDL reports zero bundled customers,Derived from reported customer counts,https://s3.us-west-2.amazonaws.com/pudl.catalyst.coop/stable/core_eia861__yearly_sales.parquet,minority_coverage when the published bundled price covers less than 50% of bundled plus delivery-only customers in the same customer class; the price is not changed,"EIA Electric Sales, Revenue, and Average Price",https://www.eia.gov/electricity/sales_revenue_price/archive/f8612021.zip,2026-08-08,The current EIA entity begins in 2024 after four Pennsylvania utilities consolidated; earlier years remain blank rather than being stitched to predecessor IDs,https://www.firstenergycorp.com/about/utilities.html,https://www.firstenergycorp.com/newsroom/news_articles/firstenergy-pennsylvania-subsidiaries-receive-approval-to-consolidate.html
DOM_NY_FIRSTENERGY,66101,FirstEnergy Pennsylvania Electric Co,FirstEnergy Pennsylvania Electric,NY,2022,DOM,DOM,FirstEnergy Corp.,United States,,,0,,0,0,0,,no_published_price,Not reported,Table 6: Utility Bundled Retail Sales - Residential,No EIA table row; PUDL reports zero bundled customers,,0,,0,0,0,,no_published_price,Not reported,Table 7: Utility Bundled Retail Sales - Commercial,No EIA table row; PUDL reports zero bundled customers,,0,,0,0,0,,no_published_price,Not reported,Table 8: Utility Bundled Retail Sales - Industrial,No EIA table row; PUDL reports zero bundled customers,Derived from reported customer counts,https://s3.us-west-2.amazonaws.com/pudl.catalyst.coop/stable/core_eia861__yearly_sales.parquet,minority_coverage when the published bundled price covers less than 50% of bundled plus delivery-only customers in the same customer class; the price is not changed,"EIA Electric Sales, Revenue, and Average Price",https://www.eia.gov/electricity/sales_revenue_price/archive/f8612022.zip,2026-08-08,The current EIA entity begins in 2024 after four Pennsylvania utilities consolidated; earlier years remain blank rather than being stitched to predecessor IDs,https://www.firstenergycorp.com/about/utilities.html,https://www.firstenergycorp.com/newsroom/news_articles/firstenergy-pennsylvania-subsidiaries-receive-approval-to-consolidate.html
DOM_NY_FIRSTENERGY,66101,FirstEnergy Pennsylvania Electric Co,FirstEnergy Pennsylvania Electric,NY,2023,DOM,DOM,FirstEnergy Corp.,United States,,,0,,0,0,0,,no_published_price,Not reported,Table 6: Utility Bundled Retail Sales - Residential,No EIA table row; PUDL reports zero bundled customers,,0,,0,0,0,,no_published_price,Not reported,Table 7: Utility Bundled Retail Sales - Commercial,No EIA table row; PUDL reports zero bundled customers,,0,,0,0,0,,no_published_price,Not reported,Table 8: Utility Bundled Retail Sales - Industrial,No EIA table row; PUDL reports zero bundled customers,Derived from reported customer counts,https://s3.us-west-2.amazonaws.com/pudl.catalyst.coop/stable/core_eia861__yearly_sales.parquet,minority_coverage when the published bundled price covers less than 50% of bundled plus delivery-only customers in the same customer class; the price is not changed,"EIA Electric Sales, Revenue, and Average Price",https://www.eia.gov/electricity/sales_revenue_price/archive/f8612023.zip,2026-08-08,The current EIA entity begins in 2024 after four Pennsylvania utilities consolidated; earlier years remain blank rather than being stitched to predecessor IDs,https://www.firstenergycorp.com/about/utilities.html,https://www.firstenergycorp.com/newsroom/news_articles/firstenergy-pennsylvania-subsidiaries-receive-approval-to-consolidate.html
DOM_NY_FIRSTENERGY,66101,FirstEnergy Pennsylvania Electric Co,FirstEnergy Pennsylvania Electric,NY,2024,DOM,DOM,FirstEnergy Corp.,United States,Investor Owned,15.136878,3355,30246,3355,45,3400,98.67647058823529,majority_coverage,Reported,Table 6: Utility Bundled Retail Sales - Residential,EIA Table 6 bundled customers match PUDL bundled customers,13.471931,439,21020,439,40,479,91.64926931106471,majority_coverage,Reported,Table 7: Utility Bundled Retail Sales - Commercial,EIA Table 7 bundled customers match PUDL bundled customers,13.18001,1,4022,1,0,1,100.0,majority_coverage,Reported,Table 8: Utility Bundled Retail Sales - Industrial,EIA Table 8 bundled customers match PUDL bundled customers,Derived from reported customer counts,https://s3.us-west-2.amazonaws.com/pudl.catalyst.coop/stable/core_eia861__yearly_sales.parquet,minority_coverage when the published bundled price covers less than 50% of bundled plus delivery-only customers in the same customer class; the price is not changed,"EIA Electric Sales, Revenue, and Average Price",https://www.eia.gov/electricity/sales_revenue_price/xls/f8612024.zip,2026-08-08,The current EIA entity begins in 2024 after four Pennsylvania utilities consolidated; earlier years remain blank rather than being stitched to predecessor IDs,https://www.firstenergycorp.com/about/utilities.html,https://www.firstenergycorp.com/newsroom/news_articles/firstenergy-pennsylvania-subsidiaries-receive-approval-to-consolidate.html
DOM_NY_FISHERS,6369,Fishers Island Utility Co Inc,Fishers Island Electric,NY,2013,DOM,DOM,Fishers Island Utility Co. / Fishers Island Development Corp.,United States,Investor Owned,35.070974,650,4086,650,0,650,100.0,majority_coverage,Reported,Table 6: Utility Bundled Retail Sales - Residential,EIA Table 6 bundled customers match PUDL bundled customers,26.428159,112,1733,112,0,112,100.0,majority_coverage,Reported,Table 7: Utility Bundled Retail Sales - Commercial,EIA Table 7 bundled customers match PUDL bundled customers,,0,,0,0,0,,no_published_price,Not reported,Table 8: Utility Bundled Retail Sales - Industrial,No EIA table row; PUDL reports zero bundled customers,Derived from reported customer counts,https://s3.us-west-2.amazonaws.com/pudl.catalyst.coop/stable/core_eia861__yearly_sales.parquet,minority_coverage when the published bundled price covers less than 50% of bundled plus delivery-only customers in the same customer class; the price is not changed,"EIA Electric Sales, Revenue, and Average Price",https://www.eia.gov/electricity/sales_revenue_price/archive/f8612013.zip,2026-08-08,DOM throughout the proposed panel,https://fiuc.net/about/,
DOM_NY_FISHERS,6369,Fishers Island Utility Co Inc,Fishers Island Electric,NY,2014,DOM,DOM,Fishers Island Utility Co. / Fishers Island Development Corp.,United States,Investor Owned,36.811312,650,4102,650,0,650,100.0,majority_coverage,Reported,Table 6: Utility Bundled Retail Sales - Residential,EIA Table 6 bundled customers match PUDL bundled customers,26.994536,102,1830,102,0,102,100.0,majority_coverage,Reported,Table 7: Utility Bundled Retail Sales - Commercial,EIA Table 7 bundled customers match PUDL bundled customers,,0,,0,0,0,,no_published_price,Not reported,Table 8: Utility Bundled Retail Sales - Industrial,No EIA table row; PUDL reports zero bundled customers,Derived from reported customer counts,https://s3.us-west-2.amazonaws.com/pudl.catalyst.coop/stable/core_eia861__yearly_sales.parquet,minority_coverage when the published bundled price covers less than 50% of bundled plus delivery-only customers in the same customer class; the price is not changed,"EIA Electric Sales, Revenue, and Average Price",https://www.eia.gov/electricity/sales_revenue_price/archive/f8612014.zip,2026-08-08,DOM throughout the proposed panel,https://fiuc.net/about/,
DOM_NY_FISHERS,6369,Fishers Island Utility Co Inc,Fishers Island Electric,NY,2015,DOM,DOM,Fishers Island Utility Co. / Fishers Island Development Corp.,United States,Investor Owned,39.183863,654,4313,654,0,654,100.0,majority_coverage,Reported,Table 6: Utility Bundled Retail Sales - Residential,EIA Table 6 bundled customers match PUDL bundled customers,27.690518,105,1719,105,0,105,100.0,majority_coverage,Reported,Table 7: Utility Bundled Retail Sales - Commercial,EIA Table 7 bundled customers match PUDL bundled customers,,0,,0,0,0,,no_published_price,Not reported,Table 8: Utility Bundled Retail Sales - Industrial,No EIA table row; PUDL reports zero bundled customers,Derived from reported customer counts,https://s3.us-west-2.amazonaws.com/pudl.catalyst.coop/stable/core_eia861__yearly_sales.parquet,minority_coverage when the published bundled price covers less than 50% of bundled plus delivery-only customers in the same customer class; the price is not changed,"EIA Electric Sales, Revenue, and Average Price",https://www.eia.gov/electricity/sales_revenue_price/archive/f8612015.zip,2026-08-08,DOM throughout the proposed panel,https://fiuc.net/about/,
DOM_NY_FISHERS,6369,Fishers Island Utility Co Inc,Fishers Island Electric,NY,2016,DOM,DOM,Fishers Island Utility Co. / Fishers Island Development Corp.,United States,Investor Owned,33.992285,653,4148,653,0,653,100.0,majority_coverage,Reported,Table 6: Utility Bundled Retail Sales - Residential,EIA Table 6 bundled customers match PUDL bundled customers,25.244957,108,1735,108,0,108,100.0,majority_coverage,Reported,Table 7: Utility Bundled Retail Sales - Commercial,EIA Table 7 bundled customers match PUDL bundled customers,,0,,0,0,0,,no_published_price,Not reported,Table 8: Utility Bundled Retail Sales - Industrial,No EIA table row; PUDL reports zero bundled customers,Derived from reported customer counts,https://s3.us-west-2.amazonaws.com/pudl.catalyst.coop/stable/core_eia861__yearly_sales.parquet,minority_coverage when the published bundled price covers less than 50% of bundled plus delivery-only customers in the same customer class; the price is not changed,"EIA Electric Sales, Revenue, and Average Price",https://www.eia.gov/electricity/sales_revenue_price/archive/f8612016.zip,2026-08-08,DOM throughout the proposed panel,https://fiuc.net/about/,
DOM_NY_FISHERS,6369,Fishers Island Utility Co Inc,Fishers Island Electric,NY,2017,DOM,DOM,Fishers Island Utility Co. / Fishers Island Development Corp.,United States,Investor Owned,40.116561,653,4118,653,0,653,100.0,majority_coverage,Reported,Table 6: Utility Bundled Retail Sales - Residential,EIA Table 6 bundled customers match PUDL bundled customers,26.508108,108,1850,108,0,108,100.0,majority_coverage,Reported,Table 7: Utility Bundled Retail Sales - Commercial,EIA Table 7 bundled customers match PUDL bundled customers,,0,,0,0,0,,no_published_price,Not reported,Table 8: Utility Bundled Retail Sales - Industrial,No EIA table row; PUDL reports zero bundled customers,Derived from reported customer counts,https://s3.us-west-2.amazonaws.com/pudl.catalyst.coop/stable/core_eia861__yearly_sales.parquet,minority_coverage when the published bundled price covers less than 50% of bundled plus delivery-only customers in the same customer class; the price is not changed,"EIA Electric Sales, Revenue, and Average Price",https://www.eia.gov/electricity/sales_revenue_price/archive/f8612017.zip,2026-08-08,DOM throughout the proposed panel,https://fiuc.net/about/,
DOM_NY_FISHERS,6369,Fishers Island Utility Co Inc,Fishers Island Electric,NY,2018,DOM,DOM,Fishers Island Utility Co. / Fishers Island Development Corp.,United States,Investor Owned,32.539501,646,4367,646,0,646,100.0,majority_coverage,Reported,Table 6: Utility Bundled Retail Sales - Residential,EIA Table 6 bundled customers match PUDL bundled customers,25.301205,116,2075,116,0,116,100.0,majority_coverage,Reported,Table 7: Utility Bundled Retail Sales - Commercial,EIA Table 7 bundled customers match PUDL bundled customers,,0,,0,0,0,,no_published_price,Not reported,Table 8: Utility Bundled Retail Sales - Industrial,No EIA table row; PUDL reports zero bundled customers,Derived from reported customer counts,https://s3.us-west-2.amazonaws.com/pudl.catalyst.coop/stable/core_eia861__yearly_sales.parquet,minority_coverage when the published bundled price covers less than 50% of bundled plus delivery-only customers in the same customer class; the price is not changed,"EIA Electric Sales, Revenue, and Average Price",https://www.eia.gov/electricity/sales_revenue_price/archive/f8612018.zip,2026-08-08,DOM throughout the proposed panel,https://fiuc.net/about/,
DOM_NY_FISHERS,6369,Fishers Island Utility Co Inc,Fishers Island Electric,NY,2019,DOM,DOM,Fishers Island Utility Co. / Fishers Island Development Corp.,United States,Investor Owned,31.811765,646,4250,646,0,646,100.0,majority_coverage,Reported,Table 6: Utility Bundled Retail Sales - Residential,EIA Table 6 bundled customers match PUDL bundled customers,27.086614,116,1905,116,0,116,100.0,majority_coverage,Reported,Table 7: Utility Bundled Retail Sales - Commercial,EIA Table 7 bundled customers match PUDL bundled customers,,0,,0,0,0,,no_published_price,Not reported,Table 8: Utility Bundled Retail Sales - Industrial,No EIA table row; PUDL reports zero bundled customers,Derived from reported customer counts,https://s3.us-west-2.amazonaws.com/pudl.catalyst.coop/stable/core_eia861__yearly_sales.parquet,minority_coverage when the published bundled price covers less than 50% of bundled plus delivery-only customers in the same customer class; the price is not changed,"EIA Electric Sales, Revenue, and Average Price",https://www.eia.gov/electricity/sales_revenue_price/archive/f8612019.zip,2026-08-08,DOM throughout the proposed panel,https://fiuc.net/about/,
DOM_NY_FISHERS,6369,Fishers Island Utility Co Inc,Fishers Island Electric,NY,2020,DOM,DOM,Fishers Island Utility Co. / Fishers Island Development Corp.,United States,Investor Owned,30.273003,646,4945,646,0,646,100.0,majority_coverage,Reported,Table 6: Utility Bundled Retail Sales - Residential,EIA Table 6 bundled customers match PUDL bundled customers,25.589595,115,1730,115,0,115,100.0,majority_coverage,Reported,Table 7: Utility Bundled Retail Sales - Commercial,EIA Table 7 bundled customers match PUDL bundled customers,,0,,0,0,0,,no_published_price,Not reported,Table 8: Utility Bundled Retail Sales - Industrial,No EIA table row; PUDL reports zero bundled customers,Derived from reported customer counts,https://s3.us-west-2.amazonaws.com/pudl.catalyst.coop/stable/core_eia861__yearly_sales.parquet,minority_coverage when the published bundled price covers less than 50% of bundled plus delivery-only customers in the same customer class; the price is not changed,"EIA Electric Sales, Revenue, and Average Price",https://www.eia.gov/electricity/sales_revenue_price/archive/f8612020.zip,2026-08-08,DOM throughout the proposed panel,https://fiuc.net/about/,
DOM_NY_FISHERS,6369,Fishers Island Utility Co Inc,Fishers Island Electric,NY,2021,DOM,DOM,Fishers Island Utility Co. / Fishers Island Development Corp.,United States,Investor Owned,35.491834,646,5266,646,0,646,100.0,majority_coverage,Reported,Table 6: Utility Bundled Retail Sales - Residential,EIA Table 6 bundled customers match PUDL bundled customers,23.563521,115,1897,115,0,115,100.0,majority_coverage,Reported,Table 7: Utility Bundled Retail Sales - Commercial,EIA Table 7 bundled customers match PUDL bundled customers,,0,,0,0,0,,no_published_price,Not reported,Table 8: Utility Bundled Retail Sales - Industrial,No EIA table row; PUDL reports zero bundled customers,Derived from reported customer counts,https://s3.us-west-2.amazonaws.com/pudl.catalyst.coop/stable/core_eia861__yearly_sales.parquet,minority_coverage when the published bundled price covers less than 50% of bundled plus delivery-only customers in the same customer class; the price is not changed,"EIA Electric Sales, Revenue, and Average Price",https://www.eia.gov/electricity/sales_revenue_price/archive/f8612021.zip,2026-08-08,DOM throughout the proposed panel,https://fiuc.net/about/,
DOM_NY_FISHERS,6369,Fishers Island Utility Co Inc,Fishers Island Electric,NY,2022,DOM,DOM,Fishers Island Utility Co. / Fishers Island Development Corp.,United States,Investor Owned,38.318287,646,4763,646,0,646,100.0,majority_coverage,Reported,Table 6: Utility Bundled Retail Sales - Residential,EIA Table 6 bundled customers match PUDL bundled customers,22.166911,115,2049,115,0,115,100.0,majority_coverage,Reported,Table 7: Utility Bundled Retail Sales - Commercial,EIA Table 7 bundled customers match PUDL bundled customers,,0,,0,0,0,,no_published_price,Not reported,Table 8: Utility Bundled Retail Sales - Industrial,No EIA table row; PUDL reports zero bundled customers,Derived from reported customer counts,https://s3.us-west-2.amazonaws.com/pudl.catalyst.coop/stable/core_eia861__yearly_sales.parquet,minority_coverage when the published bundled price covers less than 50% of bundled plus delivery-only customers in the same customer class; the price is not changed,"EIA Electric Sales, Revenue, and Average Price",https://www.eia.gov/electricity/sales_revenue_price/archive/f8612022.zip,2026-08-08,DOM throughout the proposed panel,https://fiuc.net/about/,
DOM_NY_FISHERS,6369,Fishers Island Utility Co Inc,Fishers Island Electric,NY,2023,DOM,DOM,Fishers Island Utility Co. / Fishers Island Development Corp.,United States,Investor Owned,39.964437,646,4499,646,0,646,100.0,majority_coverage,Reported,Table 6: Utility Bundled Retail Sales - Residential,EIA Table 6 bundled customers match PUDL bundled customers,22.162689,115,2053,115,0,115,100.0,majority_coverage,Reported,Table 7: Utility Bundled Retail Sales - Commercial,EIA Table 7 bundled customers match PUDL bundled customers,,0,,0,0,0,,no_published_price,Not reported,Table 8: Utility Bundled Retail Sales - Industrial,No EIA table row; PUDL reports zero bundled customers,Derived from reported customer counts,https://s3.us-west-2.amazonaws.com/pudl.catalyst.coop/stable/core_eia861__yearly_sales.parquet,minority_coverage when the published bundled price covers less than 50% of bundled plus delivery-only customers in the same customer class; the price is not changed,"EIA Electric Sales, Revenue, and Average Price",https://www.eia.gov/electricity/sales_revenue_price/archive/f8612023.zip,2026-08-08,DOM throughout the proposed panel,https://fiuc.net/about/,
DOM_NY_FISHERS,6369,Fishers Island Utility Co Inc,Fishers Island Electric,NY,2024,DOM,DOM,Fishers Island Utility Co. / Fishers Island Development Corp.,United States,Investor Owned,38.168593,657,5018,657,0,657,100.0,majority_coverage,Reported,Table 6: Utility Bundled Retail Sales - Residential,EIA Table 6 bundled customers match PUDL bundled customers,22.202814,113,2061,113,0,113,100.0,majority_coverage,Reported,Table 7: Utility Bundled Retail Sales - Commercial,EIA Table 7 bundled customers match PUDL bundled customers,,0,,0,0,0,,no_published_price,Not reported,Table 8: Utility Bundled Retail Sales - Industrial,No EIA table row; PUDL reports zero bundled customers,Derived from reported customer counts,https://s3.us-west-2.amazonaws.com/pudl.catalyst.coop/stable/core_eia861__yearly_sales.parquet,minority_coverage when the published bundled price covers less than 50% of bundled plus delivery-only customers in the same customer class; the price is not changed,"EIA Electric Sales, Revenue, and Average Price",https://www.eia.gov/electricity/sales_revenue_price/xls/f8612024.zip,2026-08-08,DOM throughout the proposed panel,https://fiuc.net/about/,
DOM_NY_ORU,14154,Orange & Rockland Utils Inc,Orange & Rockland Utilities,NY,2013,DOM,DOM,Consolidated Edison Inc.,United States,Investor Owned,19.456688,117183,927165,117183,78084,195267,60.011676320115534,majority_coverage,Reported,Table 6: Utility Bundled Retail Sales - Residential,EIA Table 6 bundled customers match PUDL bundled customers,14.606526,16935,571385,16935,14154,31089,54.47264305702982,majority_coverage,Reported,Table 7: Utility Bundled Retail Sales - Commercial,EIA Table 7 bundled customers match PUDL bundled customers,8.0287816,47,90127,47,43,90,52.22222222222222,majority_coverage,Reported,Table 8: Utility Bundled Retail Sales - Industrial,EIA Table 8 bundled customers match PUDL bundled customers,Derived from reported customer counts,https://s3.us-west-2.amazonaws.com/pudl.catalyst.coop/stable/core_eia861__yearly_sales.parquet,minority_coverage when the published bundled price covers less than 50% of bundled plus delivery-only customers in the same customer class; the price is not changed,"EIA Electric Sales, Revenue, and Average Price",https://www.eia.gov/electricity/sales_revenue_price/archive/f8612013.zip,2026-08-08,DOM throughout the proposed panel,https://www.conedison.com/en/about-us/corporate-governance/corporate-leadership/michelle-oconnoll,
DOM_NY_ORU,14154,Orange & Rockland Utils Inc,Orange & Rockland Utilities,NY,2014,DOM,DOM,Consolidated Edison Inc.,United States,Investor Owned,23.237163,117671,877435,117671,78179,195850,60.082205769721725,majority_coverage,Reported,Table 6: Utility Bundled Retail Sales - Residential,EIA Table 6 bundled customers match PUDL bundled customers,17.356313,16848,524143,16848,14381,31229,53.949854302091005,majority_coverage,Reported,Table 7: Utility Bundled Retail Sales - Commercial,EIA Table 7 bundled customers match PUDL bundled customers,11.090636,42,65879,42,55,97,43.29896907216495,minority_coverage,Reported,Table 8: Utility Bundled Retail Sales - Industrial,EIA Table 8 bundled customers match PUDL bundled customers,Derived from reported customer counts,https://s3.us-west-2.amazonaws.com/pudl.catalyst.coop/stable/core_eia861__yearly_sales.parquet,minority_coverage when the published bundled price covers less than 50% of bundled plus delivery-only customers in the same customer class; the price is not changed,"EIA Electric Sales, Revenue, and Average Price",https://www.eia.gov/electricity/sales_revenue_price/archive/f8612014.zip,2026-08-08,DOM throughout the proposed panel,https://www.conedison.com/en/about-us/corporate-governance/corporate-leadership/michelle-oconnoll,
DOM_NY_ORU,14154,Orange & Rockland Utils Inc,Orange & Rockland Utilities,NY,2015,DOM,DOM,Consolidated Edison Inc.,United States,Investor Owned,20.81942,121745,912853,121745,75159,196904,61.829622557185225,majority_coverage,Reported,Table 6: Utility Bundled Retail Sales - Residential,EIA Table 6 bundled customers match PUDL bundled customers,15.287144,16322,501473,16322,15099,31421,51.94615066356895,majority_coverage,Reported,Table 7: Utility Bundled Retail Sales - Commercial,EIA Table 7 bundled customers match PUDL bundled customers,8.7284246,42,49246,42,54,96,43.75,minority_coverage,Reported,Table 8: Utility Bundled Retail Sales - Industrial,EIA Table 8 bundled customers match PUDL bundled customers,Derived from reported customer counts,https://s3.us-west-2.amazonaws.com/pudl.catalyst.coop/stable/core_eia861__yearly_sales.parquet,minority_coverage when the published bundled price covers less than 50% of bundled plus delivery-only customers in the same customer class; the price is not changed,"EIA Electric Sales, Revenue, and Average Price",https://www.eia.gov/electricity/sales_revenue_price/archive/f8612015.zip,2026-08-08,DOM throughout the proposed panel,https://www.conedison.com/en/about-us/corporate-governance/corporate-leadership/michelle-oconnoll,
DOM_NY_ORU,14154,Orange & Rockland Utils Inc,Orange & Rockland Utilities,NY,2016,DOM,DOM,Consolidated Edison Inc.,United States,Investor Owned,19.398218,128099,971947,128099,70232,198331,64.58849095703647,majority_coverage,Reported,Table 6: Utility Bundled Retail Sales - Residential,EIA Table 6 bundled customers match PUDL bundled customers,13.401811,16542,517445,16542,15168,31710,52.16650898770104,majority_coverage,Reported,Table 7: Utility Bundled Retail Sales - Commercial,EIA Table 7 bundled customers match PUDL bundled customers,8.3921006,45,59245,45,56,101,44.554455445544555,minority_coverage,Reported,Table 8: Utility Bundled Retail Sales - Industrial,EIA Table 8 bundled customers match PUDL bundled customers,Derived from reported customer counts,https://s3.us-west-2.amazonaws.com/pudl.catalyst.coop/stable/core_eia861__yearly_sales.parquet,minority_coverage when the published bundled price covers less than 50% of bundled plus delivery-only customers in the same customer class; the price is not changed,"EIA Electric Sales, Revenue, and Average Price",https://www.eia.gov/electricity/sales_revenue_price/archive/f8612016.zip,2026-08-08,DOM throughout the proposed panel,https://www.conedison.com/en/about-us/corporate-governance/corporate-leadership/michelle-oconnoll,
DOM_NY_ORU,14154,Orange & Rockland Utils Inc,Orange & Rockland Utilities,NY,2017,DOM,DOM,Consolidated Edison Inc.,United States,Investor Owned,22.24285,132675,932635,132675,66670,199345,66.55546916150392,majority_coverage,Reported,Table 6: Utility Bundled Retail Sales - Residential,EIA Table 6 bundled customers match PUDL bundled customers,14.648854,17103,519926,17103,14860,31963,53.50874448581172,majority_coverage,Reported,Table 7: Utility Bundled Retail Sales - Commercial,EIA Table 7 bundled customers match PUDL bundled customers,7.180006,50,56337,50,55,105,47.61904761904762,minority_coverage,Reported,Table 8: Utility Bundled Retail Sales - Industrial,EIA Table 8 bundled customers match PUDL bundled customers,Derived from reported customer counts,https://s3.us-west-2.amazonaws.com/pudl.catalyst.coop/stable/core_eia861__yearly_sales.parquet,minority_coverage when the published bundled price covers less than 50% of bundled plus delivery-only customers in the same customer class; the price is not changed,"EIA Electric Sales, Revenue, and Average Price",https://www.eia.gov/electricity/sales_revenue_price/archive/f8612017.zip,2026-08-08,DOM throughout the proposed panel,https://www.conedison.com/en/about-us/corporate-governance/corporate-leadership/michelle-oconnoll,
DOM_NY_ORU,14154,Orange & Rockland Utils Inc,Orange & Rockland Utilities,NY,2018,DOM,DOM,Consolidated Edison Inc.,United States,Investor Owned,20.528916,140570,1046687,140570,60588,201158,69.88039252726712,majority_coverage,Reported,Table 6: Utility Bundled Retail Sales - Residential,EIA Table 6 bundled customers match PUDL bundled customers,13.655561,17760,561498,17760,14523,32283,55.01347458414646,majority_coverage,Reported,Table 7: Utility Bundled Retail Sales - Commercial,EIA Table 7 bundled customers match PUDL bundled customers,7.7805565,48,59979,48,57,105,45.714285714285715,minority_coverage,Reported,Table 8: Utility Bundled Retail Sales - Industrial,EIA Table 8 bundled customers match PUDL bundled customers,Derived from reported customer counts,https://s3.us-west-2.amazonaws.com/pudl.catalyst.coop/stable/core_eia861__yearly_sales.parquet,minority_coverage when the published bundled price covers less than 50% of bundled plus delivery-only customers in the same customer class; the price is not changed,"EIA Electric Sales, Revenue, and Average Price",https://www.eia.gov/electricity/sales_revenue_price/archive/f8612018.zip,2026-08-08,DOM throughout the proposed panel,https://www.conedison.com/en/about-us/corporate-governance/corporate-leadership/michelle-oconnoll,
DOM_NY_ORU,14154,Orange & Rockland Utils Inc,Orange & Rockland Utilities,NY,2019,DOM,DOM,Consolidated Edison Inc.,United States,Investor Owned,19.405488,141580,1037927,141580,61498,203078,69.71705453077142,majority_coverage,Reported,Table 6: Utility Bundled Retail Sales - Residential,EIA Table 6 bundled customers match PUDL bundled customers,13.297495,18108,556856,18108,14338,32446,55.80965296184429,majority_coverage,Reported,Table 7: Utility Bundled Retail Sales - Commercial,EIA Table 7 bundled customers match PUDL bundled customers,5.4483893,53,51685,53,58,111,47.747747747747745,minority_coverage,Reported,Table 8: Utility Bundled Retail Sales - Industrial,EIA Table 8 bundled customers match PUDL bundled customers,Derived from reported customer counts,https://s3.us-west-2.amazonaws.com/pudl.catalyst.coop/stable/core_eia861__yearly_sales.parquet,minority_coverage when the published bundled price covers less than 50% of bundled plus delivery-only customers in the same customer class; the price is not changed,"EIA Electric Sales, Revenue, and Average Price",https://www.eia.gov/electricity/sales_revenue_price/archive/f8612019.zip,2026-08-08,DOM throughout the proposed panel,https://www.conedison.com/en/about-us/corporate-governance/corporate-leadership/michelle-oconnoll,
DOM_NY_ORU,14154,Orange & Rockland Utils Inc,Orange & Rockland Utilities,NY,2020,DOM,DOM,Consolidated Edison Inc.,United States,Investor Owned,18.654232,142401,1099432,142401,61576,203977,69.8122827573697,majority_coverage,Reported,Table 6: Utility Bundled Retail Sales - Residential,EIA Table 6 bundled customers match PUDL bundled customers,13.688314,18170,590858,18170,14384,32554,55.81495361553112,majority_coverage,Reported,Table 7: Utility Bundled Retail Sales - Commercial,EIA Table 7 bundled customers match PUDL bundled customers,4.3207275,43,52674,43,61,104,41.34615384615385,minority_coverage,Reported,Table 8: Utility Bundled Retail Sales - Industrial,EIA Table 8 bundled customers match PUDL bundled customers,Derived from reported customer counts,https://s3.us-west-2.amazonaws.com/pudl.catalyst.coop/stable/core_eia861__yearly_sales.parquet,minority_coverage when the published bundled price covers less than 50% of bundled plus delivery-only customers in the same customer class; the price is not changed,"EIA Electric Sales, Revenue, and Average Price",https://www.eia.gov/electricity/sales_revenue_price/archive/f8612020.zip,2026-08-08,DOM throughout the proposed panel,https://www.conedison.com/en/about-us/corporate-governance/corporate-leadership/michelle-oconnoll,
DOM_NY_ORU,14154,Orange & Rockland Utils Inc,Orange & Rockland Utilities,NY,2021,DOM,DOM,Consolidated Edison Inc.,United States,Investor Owned,19.848941,134506,1068653,134506,71313,205819,65.35159533376414,majority_coverage,Reported,Table 6: Utility Bundled Retail Sales - Residential,EIA Table 6 bundled customers match PUDL bundled customers,11.993238,16428,612255,16428,16453,32881,49.96198412457042,minority_coverage,Reported,Table 7: Utility Bundled Retail Sales - Commercial,EIA Table 7 bundled customers match PUDL bundled customers,5.7701692,36,61889,36,63,99,36.36363636363637,minority_coverage,Reported,Table 8: Utility Bundled Retail Sales - Industrial,EIA Table 8 bundled customers match PUDL bundled customers,Derived from reported customer counts,https://s3.us-west-2.amazonaws.com/pudl.catalyst.coop/stable/core_eia861__yearly_sales.parquet,minority_coverage when the published bundled price covers less than 50% of bundled plus delivery-only customers in the same customer class; the price is not changed,"EIA Electric Sales, Revenue, and Average Price",https://www.eia.gov/electricity/sales_revenue_price/archive/f8612021.zip,2026-08-08,DOM throughout the proposed panel,https://www.conedison.com/en/about-us/corporate-governance/corporate-leadership/michelle-oconnoll,
DOM_NY_ORU,14154,Orange & Rockland Utils Inc,Orange & Rockland Utilities,NY,2022,DOM,DOM,Consolidated Edison Inc.,United States,Investor Owned,23.789262,152372,1218224,152372,54619,206991,73.61286239498335,majority_coverage,Reported,Table 6: Utility Bundled Retail Sales - Residential,EIA Table 6 bundled customers match PUDL bundled customers,15.653967,18641,680501,18641,14477,33118,56.286611510356906,majority_coverage,Reported,Table 7: Utility Bundled Retail Sales - Commercial,EIA Table 7 bundled customers match PUDL bundled customers,7.7962239,41,61862,41,59,100,41.0,minority_coverage,Reported,Table 8: Utility Bundled Retail Sales - Industrial,EIA Table 8 bundled customers match PUDL bundled customers,Derived from reported customer counts,https://s3.us-west-2.amazonaws.com/pudl.catalyst.coop/stable/core_eia861__yearly_sales.parquet,minority_coverage when the published bundled price covers less than 50% of bundled plus delivery-only customers in the same customer class; the price is not changed,"EIA Electric Sales, Revenue, and Average Price",https://www.eia.gov/electricity/sales_revenue_price/archive/f8612022.zip,2026-08-08,DOM throughout the proposed panel,https://www.conedison.com/en/about-us/corporate-governance/corporate-leadership/michelle-oconnoll,
DOM_NY_ORU,14154,Orange & Rockland Utils Inc,Orange & Rockland Utilities,NY,2023,DOM,DOM,Consolidated Edison Inc.,United States,Investor Owned,23.465302,168096,1268360,168096,40723,208819,80.49842207845072,majority_coverage,Reported,Table 6: Utility Bundled Retail Sales - Residential,EIA Table 6 bundled customers match PUDL bundled customers,14.958869,20293,666043,20293,13126,33419,60.72294203895987,majority_coverage,Reported,Table 7: Utility Bundled Retail Sales - Commercial,EIA Table 7 bundled customers match PUDL bundled customers,6.0745423,32,73408,32,60,92,34.78260869565217,minority_coverage,Reported,Table 8: Utility Bundled Retail Sales - Industrial,EIA Table 8 bundled customers match PUDL bundled customers,Derived from reported customer counts,https://s3.us-west-2.amazonaws.com/pudl.catalyst.coop/stable/core_eia861__yearly_sales.parquet,minority_coverage when the published bundled price covers less than 50% of bundled plus delivery-only customers in the same customer class; the price is not changed,"EIA Electric Sales, Revenue, and Average Price",https://www.eia.gov/electricity/sales_revenue_price/archive/f8612023.zip,2026-08-08,DOM throughout the proposed panel,https://www.conedison.com/en/about-us/corporate-governance/corporate-leadership/michelle-oconnoll,
DOM_NY_ORU,14154,Orange & Rockland Utils Inc,Orange & Rockland Utilities,NY,2024,DOM,DOM,Consolidated Edison Inc.,United States,Investor Owned,23.306148,170465,1371430,170465,40546,211011,80.78488799162129,majority_coverage,Reported,Table 6: Utility Bundled Retail Sales - Residential,EIA Table 6 bundled customers match PUDL bundled customers,16.102478,21615,638906,21615,12080,33695,64.14898352871346,majority_coverage,Reported,Table 7: Utility Bundled Retail Sales - Commercial,EIA Table 7 bundled customers match PUDL bundled customers,9.3232163,29,57197,29,56,85,34.11764705882353,minority_coverage,Reported,Table 8: Utility Bundled Retail Sales - Industrial,EIA Table 8 bundled customers match PUDL bundled customers,Derived from reported customer counts,https://s3.us-west-2.amazonaws.com/pudl.catalyst.coop/stable/core_eia861__yearly_sales.parquet,minority_coverage when the published bundled price covers less than 50% of bundled plus delivery-only customers in the same customer class; the price is not changed,"EIA Electric Sales, Revenue, and Average Price",https://www.eia.gov/electricity/sales_revenue_price/xls/f8612024.zip,2026-08-08,DOM throughout the proposed panel,https://www.conedison.com/en/about-us/corporate-governance/corporate-leadership/michelle-oconnoll,
DOM_RI_RIE,13214,The Narragansett Electric Co,Rhode Island Energy (legal entity: Narragansett Electric),RI,2013,MTC,DOM,National Grid plc,United Kingdom,Investor Owned,15.146715,423574,3048123,423574,9185,432759,97.87757158141136,majority_coverage,Reported,Table 6: Utility Bundled Retail Sales - Residential,EIA Table 6 bundled customers match PUDL bundled customers,13.182543,47353,1796626,47353,9977,57330,82.59724402581546,majority_coverage,Reported,Table 7: Utility Bundled Retail Sales - Commercial,EIA Table 7 bundled customers match PUDL bundled customers,12.609802,1477,228638,1477,374,1851,79.79470556455969,majority_coverage,Reported,Table 8: Utility Bundled Retail Sales - Industrial,EIA Table 8 bundled customers match PUDL bundled customers,Derived from reported customer counts,https://s3.us-west-2.amazonaws.com/pudl.catalyst.coop/stable/core_eia861__yearly_sales.parquet,minority_coverage when the published bundled price covers less than 50% of bundled plus delivery-only customers in the same customer class; the price is not changed,"EIA Electric Sales, Revenue, and Average Price",https://www.eia.gov/electricity/sales_revenue_price/archive/f8612013.zip,2026-08-08,MTC through 2021 under National Grid; acquired by PPL on 2022-05-25; code DOM from 2022 under an end-of-year ownership rule,https://investors.pplweb.com/2024-04-02-PPL-Corporation-subsidiary-Rhode-Island-Energy-receives-regulatory-approval-for-planned-spending-to-strengthen-network-safety%2C-reliability-and-resilience,https://investors.pplweb.com/2022-05-25-PPL-Corporation-completes-acquisition-of-Rhode-Islands-primary-electric-and-natural-gas-utility
DOM_RI_RIE,13214,The Narragansett Electric Co,Rhode Island Energy (legal entity: Narragansett Electric),RI,2014,MTC,DOM,National Grid plc,United Kingdom,Investor Owned,17.063304,410974,2852069,410974,22420,433394,94.8268780832222,majority_coverage,Reported,Table 6: Utility Bundled Retail Sales - Residential,EIA Table 6 bundled customers match PUDL bundled customers,15.38028,48072,1901360,48072,9289,57361,83.80607032652848,majority_coverage,Reported,Table 7: Utility Bundled Retail Sales - Commercial,EIA Table 7 bundled customers match PUDL bundled customers,14.885663,1459,253505,1459,361,1820,80.16483516483517,majority_coverage,Reported,Table 8: Utility Bundled Retail Sales - Industrial,EIA Table 8 bundled customers match PUDL bundled customers,Derived from reported customer counts,https://s3.us-west-2.amazonaws.com/pudl.catalyst.coop/stable/core_eia861__yearly_sales.parquet,minority_coverage when the published bundled price covers less than 50% of bundled plus delivery-only customers in the same customer class; the price is not changed,"EIA Electric Sales, Revenue, and Average Price",https://www.eia.gov/electricity/sales_revenue_price/archive/f8612014.zip,2026-08-08,MTC through 2021 under National Grid; acquired by PPL on 2022-05-25; code DOM from 2022 under an end-of-year ownership rule,https://investors.pplweb.com/2024-04-02-PPL-Corporation-subsidiary-Rhode-Island-Energy-receives-regulatory-approval-for-planned-spending-to-strengthen-network-safety%2C-reliability-and-resilience,https://investors.pplweb.com/2022-05-25-PPL-Corporation-completes-acquisition-of-Rhode-Islands-primary-electric-and-natural-gas-utility
DOM_RI_RIE,13214,The Narragansett Electric Co,Rhode Island Energy (legal entity: Narragansett Electric),RI,2015,MTC,DOM,National Grid plc,United Kingdom,Investor Owned,19.198798,402488,2839932,402488,32261,434749,92.57939638734074,majority_coverage,Reported,Table 6: Utility Bundled Retail Sales - Residential,EIA Table 6 bundled customers match PUDL bundled customers,17.661036,45199,1483563,45199,12683,57882,78.08817939946788,majority_coverage,Reported,Table 7: Utility Bundled Retail Sales - Commercial,EIA Table 7 bundled customers match PUDL bundled customers,17.333088,1333,168772,1333,457,1790,74.46927374301676,majority_coverage,Reported,Table 8: Utility Bundled Retail Sales - Industrial,EIA Table 8 bundled customers match PUDL bundled customers,Derived from reported customer counts,https://s3.us-west-2.amazonaws.com/pudl.catalyst.coop/stable/core_eia861__yearly_sales.parquet,minority_coverage when the published bundled price covers less than 50% of bundled plus delivery-only customers in the same customer class; the price is not changed,"EIA Electric Sales, Revenue, and Average Price",https://www.eia.gov/electricity/sales_revenue_price/archive/f8612015.zip,2026-08-08,MTC through 2021 under National Grid; acquired by PPL on 2022-05-25; code DOM from 2022 under an end-of-year ownership rule,https://investors.pplweb.com/2024-04-02-PPL-Corporation-subsidiary-Rhode-Island-Energy-receives-regulatory-approval-for-planned-spending-to-strengthen-network-safety%2C-reliability-and-resilience,https://investors.pplweb.com/2022-05-25-PPL-Corporation-completes-acquisition-of-Rhode-Islands-primary-electric-and-natural-gas-utility
DOM_RI_RIE,13214,The Narragansett Electric Co,Rhode Island Energy (legal entity: Narragansett Electric),RI,2016,MTC,DOM,National Grid plc,United Kingdom,Investor Owned,18.434758,386171,2698286,386171,46880,433051,89.17448522229483,majority_coverage,Reported,Table 6: Utility Bundled Retail Sales - Residential,EIA Table 6 bundled customers match PUDL bundled customers,16.263224,43470,1133231,43470,14373,57843,75.1517037498055,majority_coverage,Reported,Table 7: Utility Bundled Retail Sales - Commercial,EIA Table 7 bundled customers match PUDL bundled customers,15.187268,1236,123246,1236,527,1763,70.10777084515031,majority_coverage,Reported,Table 8: Utility Bundled Retail Sales - Industrial,EIA Table 8 bundled customers match PUDL bundled customers,Derived from reported customer counts,https://s3.us-west-2.amazonaws.com/pudl.catalyst.coop/stable/core_eia861__yearly_sales.parquet,minority_coverage when the published bundled price covers less than 50% of bundled plus delivery-only customers in the same customer class; the price is not changed,"EIA Electric Sales, Revenue, and Average Price",https://www.eia.gov/electricity/sales_revenue_price/archive/f8612016.zip,2026-08-08,MTC through 2021 under National Grid; acquired by PPL on 2022-05-25; code DOM from 2022 under an end-of-year ownership rule,https://investors.pplweb.com/2024-04-02-PPL-Corporation-subsidiary-Rhode-Island-Energy-receives-regulatory-approval-for-planned-spending-to-strengthen-network-safety%2C-reliability-and-resilience,https://investors.pplweb.com/2022-05-25-PPL-Corporation-completes-acquisition-of-Rhode-Islands-primary-electric-and-natural-gas-utility
DOM_RI_RIE,13214,The Narragansett Electric Co,Rhode Island Energy (legal entity: Narragansett Electric),RI,2017,MTC,DOM,National Grid plc,United Kingdom,Investor Owned,17.992722,377572,2631619,377572,54065,431637,87.47442874452375,majority_coverage,Reported,Table 6: Utility Bundled Retail Sales - Residential,EIA Table 6 bundled customers match PUDL bundled customers,15.975083,43377,1111449,43377,14965,58342,74.34952521339687,majority_coverage,Reported,Table 7: Utility Bundled Retail Sales - Commercial,EIA Table 7 bundled customers match PUDL bundled customers,15.584041,1214,125094,1214,513,1727,70.29530978575565,majority_coverage,Reported,Table 8: Utility Bundled Retail Sales - Industrial,EIA Table 8 bundled customers match PUDL bundled customers,Derived from reported customer counts,https://s3.us-west-2.amazonaws.com/pudl.catalyst.coop/stable/core_eia861__yearly_sales.parquet,minority_coverage when the published bundled price covers less than 50% of bundled plus delivery-only customers in the same customer class; the price is not changed,"EIA Electric Sales, Revenue, and Average Price",https://www.eia.gov/electricity/sales_revenue_price/archive/f8612017.zip,2026-08-08,MTC through 2021 under National Grid; acquired by PPL on 2022-05-25; code DOM from 2022 under an end-of-year ownership rule,https://investors.pplweb.com/2024-04-02-PPL-Corporation-subsidiary-Rhode-Island-Energy-receives-regulatory-approval-for-planned-spending-to-strengthen-network-safety%2C-reliability-and-resilience,https://investors.pplweb.com/2022-05-25-PPL-Corporation-completes-acquisition-of-Rhode-Islands-primary-electric-and-natural-gas-utility
DOM_RI_RIE,13214,The Narragansett Electric Co,Rhode Island Energy (legal entity: Narragansett Electric),RI,2018,MTC,DOM,National Grid plc,United Kingdom,Investor Owned,20.374716,386200,2734095,386200,50242,436442,88.48827564716503,majority_coverage,Reported,Table 6: Utility Bundled Retail Sales - Residential,EIA Table 6 bundled customers match PUDL bundled customers,17.760712,44475,1166411,44475,14502,58977,75.41075334452414,majority_coverage,Reported,Table 7: Utility Bundled Retail Sales - Commercial,EIA Table 7 bundled customers match PUDL bundled customers,17.479273,1238,134366,1238,475,1713,72.27086981903093,majority_coverage,Reported,Table 8: Utility Bundled Retail Sales - Industrial,EIA Table 8 bundled customers match PUDL bundled customers,Derived from reported customer counts,https://s3.us-west-2.amazonaws.com/pudl.catalyst.coop/stable/core_eia861__yearly_sales.parquet,minority_coverage when the published bundled price covers less than 50% of bundled plus delivery-only customers in the same customer class; the price is not changed,"EIA Electric Sales, Revenue, and Average Price",https://www.eia.gov/electricity/sales_revenue_price/archive/f8612018.zip,2026-08-08,MTC through 2021 under National Grid; acquired by PPL on 2022-05-25; code DOM from 2022 under an end-of-year ownership rule,https://investors.pplweb.com/2024-04-02-PPL-Corporation-subsidiary-Rhode-Island-Energy-receives-regulatory-approval-for-planned-spending-to-strengthen-network-safety%2C-reliability-and-resilience,https://investors.pplweb.com/2022-05-25-PPL-Corporation-completes-acquisition-of-Rhode-Islands-primary-electric-and-natural-gas-utility
DOM_RI_RIE,13214,The Narragansett Electric Co,Rhode Island Energy (legal entity: Narragansett Electric),RI,2019,MTC,DOM,National Grid plc,United Kingdom,Investor Owned,21.519623,389921,2633297,389921,48043,437964,89.03037692595738,majority_coverage,Reported,Table 6: Utility Bundled Retail Sales - Residential,EIA Table 6 bundled customers match PUDL bundled customers,17.104043,44746,1186226,44746,14719,59465,75.24762465315732,majority_coverage,Reported,Table 7: Utility Bundled Retail Sales - Commercial,EIA Table 7 bundled customers match PUDL bundled customers,19.310911,1222,124817,1222,474,1696,72.05188679245283,majority_coverage,Reported,Table 8: Utility Bundled Retail Sales - Industrial,EIA Table 8 bundled customers match PUDL bundled customers,Derived from reported customer counts,https://s3.us-west-2.amazonaws.com/pudl.catalyst.coop/stable/core_eia861__yearly_sales.parquet,minority_coverage when the published bundled price covers less than 50% of bundled plus delivery-only customers in the same customer class; the price is not changed,"EIA Electric Sales, Revenue, and Average Price",https://www.eia.gov/electricity/sales_revenue_price/archive/f8612019.zip,2026-08-08,MTC through 2021 under National Grid; acquired by PPL on 2022-05-25; code DOM from 2022 under an end-of-year ownership rule,https://investors.pplweb.com/2024-04-02-PPL-Corporation-subsidiary-Rhode-Island-Energy-receives-regulatory-approval-for-planned-spending-to-strengthen-network-safety%2C-reliability-and-resilience,https://investors.pplweb.com/2022-05-25-PPL-Corporation-completes-acquisition-of-Rhode-Islands-primary-electric-and-natural-gas-utility
DOM_RI_RIE,13214,The Narragansett Electric Co,Rhode Island Energy (legal entity: Narragansett Electric),RI,2020,MTC,DOM,National Grid plc,United Kingdom,Investor Owned,21.809504,392129,2807930,392129,43705,435834,89.9720994690639,majority_coverage,Reported,Table 6: Utility Bundled Retail Sales - Residential,EIA Table 6 bundled customers match PUDL bundled customers,15.517311,43986,1075785,43986,15009,58995,74.55886092041699,majority_coverage,Reported,Table 7: Utility Bundled Retail Sales - Commercial,EIA Table 7 bundled customers match PUDL bundled customers,19.436159,1141,102316,1141,488,1629,70.04297114794352,majority_coverage,Reported,Table 8: Utility Bundled Retail Sales - Industrial,EIA Table 8 bundled customers match PUDL bundled customers,Derived from reported customer counts,https://s3.us-west-2.amazonaws.com/pudl.catalyst.coop/stable/core_eia861__yearly_sales.parquet,minority_coverage when the published bundled price covers less than 50% of bundled plus delivery-only customers in the same customer class; the price is not changed,"EIA Electric Sales, Revenue, and Average Price",https://www.eia.gov/electricity/sales_revenue_price/archive/f8612020.zip,2026-08-08,MTC through 2021 under National Grid; acquired by PPL on 2022-05-25; code DOM from 2022 under an end-of-year ownership rule,https://investors.pplweb.com/2024-04-02-PPL-Corporation-subsidiary-Rhode-Island-Energy-receives-regulatory-approval-for-planned-spending-to-strengthen-network-safety%2C-reliability-and-resilience,https://investors.pplweb.com/2022-05-25-PPL-Corporation-completes-acquisition-of-Rhode-Islands-primary-electric-and-natural-gas-utility
DOM_RI_RIE,13214,The Narragansett Electric Co,Rhode Island Energy (legal entity: Narragansett Electric),RI,2021,MTC,DOM,National Grid plc,United Kingdom,Investor Owned,22.107131,399976,2811239,399976,40410,440386,90.823958981439,majority_coverage,Reported,Table 6: Utility Bundled Retail Sales - Residential,EIA Table 6 bundled customers match PUDL bundled customers,13.853923,43851,1101200,43851,15292,59143,74.14402380670577,majority_coverage,Reported,Table 7: Utility Bundled Retail Sales - Commercial,EIA Table 7 bundled customers match PUDL bundled customers,19.329305,1081,93515,1081,506,1587,68.1159420289855,majority_coverage,Reported,Table 8: Utility Bundled Retail Sales - Industrial,EIA Table 8 bundled customers match PUDL bundled customers,Derived from reported customer counts,https://s3.us-west-2.amazonaws.com/pudl.catalyst.coop/stable/core_eia861__yearly_sales.parquet,minority_coverage when the published bundled price covers less than 50% of bundled plus delivery-only customers in the same customer class; the price is not changed,"EIA Electric Sales, Revenue, and Average Price",https://www.eia.gov/electricity/sales_revenue_price/archive/f8612021.zip,2026-08-08,MTC through 2021 under National Grid; acquired by PPL on 2022-05-25; code DOM from 2022 under an end-of-year ownership rule,https://investors.pplweb.com/2024-04-02-PPL-Corporation-subsidiary-Rhode-Island-Energy-receives-regulatory-approval-for-planned-spending-to-strengthen-network-safety%2C-reliability-and-resilience,https://investors.pplweb.com/2022-05-25-PPL-Corporation-completes-acquisition-of-Rhode-Islands-primary-electric-and-natural-gas-utility
DOM_RI_RIE,13214,The Narragansett Electric Co,Rhode Island Energy (legal entity: Narragansett Electric),RI,2022,DOM,DOM,PPL Corporation,United States,Investor Owned,22.983676,408910,2890589,408910,33318,442228,92.46587733024593,majority_coverage,Reported,Table 6: Utility Bundled Retail Sales - Residential,EIA Table 6 bundled customers match PUDL bundled customers,14.274086,44699,1199763,44699,14522,59221,75.47829317302984,majority_coverage,Reported,Table 7: Utility Bundled Retail Sales - Commercial,EIA Table 7 bundled customers match PUDL bundled customers,23.957152,1078,98394,1078,489,1567,68.79387364390556,majority_coverage,Reported,Table 8: Utility Bundled Retail Sales - Industrial,EIA Table 8 bundled customers match PUDL bundled customers,Derived from reported customer counts,https://s3.us-west-2.amazonaws.com/pudl.catalyst.coop/stable/core_eia861__yearly_sales.parquet,minority_coverage when the published bundled price covers less than 50% of bundled plus delivery-only customers in the same customer class; the price is not changed,"EIA Electric Sales, Revenue, and Average Price",https://www.eia.gov/electricity/sales_revenue_price/archive/f8612022.zip,2026-08-08,MTC through 2021 under National Grid; acquired by PPL on 2022-05-25; code DOM from 2022 under an end-of-year ownership rule,https://investors.pplweb.com/2024-04-02-PPL-Corporation-subsidiary-Rhode-Island-Energy-receives-regulatory-approval-for-planned-spending-to-strengthen-network-safety%2C-reliability-and-resilience,https://investors.pplweb.com/2022-05-25-PPL-Corporation-completes-acquisition-of-Rhode-Islands-primary-electric-and-natural-gas-utility
DOM_RI_RIE,13214,The Narragansett Electric Co,Rhode Island Energy (legal entity: Narragansett Electric),RI,2023,DOM,DOM,PPL Corporation,United States,Investor Owned,27.186214,364293,2408232,364293,79914,444207,82.00973870290203,majority_coverage,Reported,Table 6: Utility Bundled Retail Sales - Residential,EIA Table 6 bundled customers match PUDL bundled customers,16.733485,38783,897005,38783,20593,59376,65.31763675559148,majority_coverage,Reported,Table 7: Utility Bundled Retail Sales - Commercial,EIA Table 7 bundled customers match PUDL bundled customers,28.00162,958,92585,958,587,1545,62.006472491909385,majority_coverage,Reported,Table 8: Utility Bundled Retail Sales - Industrial,EIA Table 8 bundled customers match PUDL bundled customers,Derived from reported customer counts,https://s3.us-west-2.amazonaws.com/pudl.catalyst.coop/stable/core_eia861__yearly_sales.parquet,minority_coverage when the published bundled price covers less than 50% of bundled plus delivery-only customers in the same customer class; the price is not changed,"EIA Electric Sales, Revenue, and Average Price",https://www.eia.gov/electricity/sales_revenue_price/archive/f8612023.zip,2026-08-08,MTC through 2021 under National Grid; acquired by PPL on 2022-05-25; code DOM from 2022 under an end-of-year ownership rule,https://investors.pplweb.com/2024-04-02-PPL-Corporation-subsidiary-Rhode-Island-Energy-receives-regulatory-approval-for-planned-spending-to-strengthen-network-safety%2C-reliability-and-resilience,https://investors.pplweb.com/2022-05-25-PPL-Corporation-completes-acquisition-of-Rhode-Islands-primary-electric-and-natural-gas-utility
DOM_RI_RIE,13214,The Narragansett Electric Co,Rhode Island Energy (legal entity: Narragansett Electric),RI,2024,DOM,DOM,PPL Corporation,United States,Investor Owned,28.262554,332540,2291381,332540,118841,451381,73.67168755441634,majority_coverage,Reported,Table 6: Utility Bundled Retail Sales - Residential,EIA Table 6 bundled customers match PUDL bundled customers,23.170962,34977,813526,34977,26717,61694,56.69433008072098,majority_coverage,Reported,Table 7: Utility Bundled Retail Sales - Commercial,EIA Table 7 bundled customers match PUDL bundled customers,25.920882,926,84962,926,661,1587,58.349086326402016,majority_coverage,Reported,Table 8: Utility Bundled Retail Sales - Industrial,EIA Table 8 bundled customers match PUDL bundled customers,Derived from reported customer counts,https://s3.us-west-2.amazonaws.com/pudl.catalyst.coop/stable/core_eia861__yearly_sales.parquet,minority_coverage when the published bundled price covers less than 50% of bundled plus delivery-only customers in the same customer class; the price is not changed,"EIA Electric Sales, Revenue, and Average Price",https://www.eia.gov/electricity/sales_revenue_price/xls/f8612024.zip,2026-08-08,MTC through 2021 under National Grid; acquired by PPL on 2022-05-25; code DOM from 2022 under an end-of-year ownership rule,https://investors.pplweb.com/2024-04-02-PPL-Corporation-subsidiary-Rhode-Island-Energy-receives-regulatory-approval-for-planned-spending-to-strengthen-network-safety%2C-reliability-and-resilience,https://investors.pplweb.com/2022-05-25-PPL-Corporation-completes-acquisition-of-Rhode-Islands-primary-electric-and-natural-gas-utility
MTC_CT_UI,19497,United Illuminating Co,United Illuminating,CT,2013,DOM,MTC,UIL Holdings Corporation,United States,Investor Owned,20.859724,144372,1046289,144372,143146,287518,50.213204042877315,majority_coverage,Reported,Table 6: Utility Bundled Retail Sales - Residential,EIA Table 6 bundled customers match PUDL bundled customers,15.844915,12482,410769,12482,18645,31127,40.100234523082854,minority_coverage,Reported,Table 7: Utility Bundled Retail Sales - Commercial,EIA Table 7 bundled customers match PUDL bundled customers,13.920201,294,32557,294,905,1199,24.52043369474562,minority_coverage,Reported,Table 8: Utility Bundled Retail Sales - Industrial,EIA Table 8 bundled customers match PUDL bundled customers,Derived from reported customer counts,https://s3.us-west-2.amazonaws.com/pudl.catalyst.coop/stable/core_eia861__yearly_sales.parquet,minority_coverage when the published bundled price covers less than 50% of bundled plus delivery-only customers in the same customer class; the price is not changed,"EIA Electric Sales, Revenue, and Average Price",https://www.eia.gov/electricity/sales_revenue_price/archive/f8612013.zip,2026-08-08,DOM through 2015; acquisition closed 2015-12-16; code MTC from 2016 under an end-of-year ownership rule,https://www.avangrid.com/aboutus/companyprofile,https://www.sec.gov/Archives/edgar/data/1634997/000119312515407879/d105528d8k.htm
MTC_CT_UI,19497,United Illuminating Co,United Illuminating,CT,2014,DOM,MTC,UIL Holdings Corporation,United States,Investor Owned,21.774389,161723,1179978,161723,121697,283420,57.06125185237457,majority_coverage,Reported,Table 6: Utility Bundled Retail Sales - Residential,EIA Table 6 bundled customers match PUDL bundled customers,16.488296,14574,547455,14574,16116,30690,47.48778103616813,minority_coverage,Reported,Table 7: Utility Bundled Retail Sales - Commercial,EIA Table 7 bundled customers match PUDL bundled customers,16.08495,342,43979,342,804,1146,29.842931937172775,minority_coverage,Reported,Table 8: Utility Bundled Retail Sales - Industrial,EIA Table 8 bundled customers match PUDL bundled customers,Derived from reported customer counts,https://s3.us-west-2.amazonaws.com/pudl.catalyst.coop/stable/core_eia861__yearly_sales.parquet,minority_coverage when the published bundled price covers less than 50% of bundled plus delivery-only customers in the same customer class; the price is not changed,"EIA Electric Sales, Revenue, and Average Price",https://www.eia.gov/electricity/sales_revenue_price/archive/f8612014.zip,2026-08-08,DOM through 2015; acquisition closed 2015-12-16; code MTC from 2016 under an end-of-year ownership rule,https://www.avangrid.com/aboutus/companyprofile,https://www.sec.gov/Archives/edgar/data/1634997/000119312515407879/d105528d8k.htm
MTC_CT_UI,19497,United Illuminating Co,United Illuminating,CT,2015,DOM,MTC,UIL Holdings Corporation,United States,Investor Owned,24.301898,175205,1285558,175205,112689,287894,60.857468373776456,majority_coverage,Reported,Table 6: Utility Bundled Retail Sales - Residential,EIA Table 6 bundled customers match PUDL bundled customers,19.032406,13994,506452,13994,16466,30460,45.942219304005256,minority_coverage,Reported,Table 7: Utility Bundled Retail Sales - Commercial,EIA Table 7 bundled customers match PUDL bundled customers,18.473004,326,32875,326,785,1111,29.342934293429344,minority_coverage,Reported,Table 8: Utility Bundled Retail Sales - Industrial,EIA Table 8 bundled customers match PUDL bundled customers,Derived from reported customer counts,https://s3.us-west-2.amazonaws.com/pudl.catalyst.coop/stable/core_eia861__yearly_sales.parquet,minority_coverage when the published bundled price covers less than 50% of bundled plus delivery-only customers in the same customer class; the price is not changed,"EIA Electric Sales, Revenue, and Average Price",https://www.eia.gov/electricity/sales_revenue_price/archive/f8612015.zip,2026-08-08,DOM through 2015; acquisition closed 2015-12-16; code MTC from 2016 under an end-of-year ownership rule,https://www.avangrid.com/aboutus/companyprofile,https://www.sec.gov/Archives/edgar/data/1634997/000119312515407879/d105528d8k.htm
MTC_CT_UI,19497,United Illuminating Co,United Illuminating,CT,2016,MTC,MTC,Avangrid / Iberdrola S.A.,Spain,Investor Owned,22.350445,189235,1301558,189235,108953,298188,63.461641648892645,majority_coverage,Reported,Table 6: Utility Bundled Retail Sales - Residential,EIA Table 6 bundled customers match PUDL bundled customers,16.64129,13560,436751,13560,18201,31761,42.69386984037027,minority_coverage,Reported,Table 7: Utility Bundled Retail Sales - Commercial,EIA Table 7 bundled customers match PUDL bundled customers,14.106934,306,36677,306,866,1172,26.109215017064848,minority_coverage,Reported,Table 8: Utility Bundled Retail Sales - Industrial,EIA Table 8 bundled customers match PUDL bundled customers,Derived from reported customer counts,https://s3.us-west-2.amazonaws.com/pudl.catalyst.coop/stable/core_eia861__yearly_sales.parquet,minority_coverage when the published bundled price covers less than 50% of bundled plus delivery-only customers in the same customer class; the price is not changed,"EIA Electric Sales, Revenue, and Average Price",https://www.eia.gov/electricity/sales_revenue_price/archive/f8612016.zip,2026-08-08,DOM through 2015; acquisition closed 2015-12-16; code MTC from 2016 under an end-of-year ownership rule,https://www.avangrid.com/aboutus/companyprofile,https://www.sec.gov/Archives/edgar/data/1634997/000119312515407879/d105528d8k.htm
MTC_CT_UI,19497,United Illuminating Co,United Illuminating,CT,2017,MTC,MTC,Avangrid / Iberdrola S.A.,Spain,Investor Owned,23.680113,194728,1272798,194728,105829,300557,64.78904167928214,majority_coverage,Reported,Table 6: Utility Bundled Retail Sales - Residential,EIA Table 6 bundled customers match PUDL bundled customers,16.857465,13098,401733,13098,18618,31716,41.297767688233066,minority_coverage,Reported,Table 7: Utility Bundled Retail Sales - Commercial,EIA Table 7 bundled customers match PUDL bundled customers,16.076841,277,47839,277,908,1185,23.37552742616034,minority_coverage,Reported,Table 8: Utility Bundled Retail Sales - Industrial,EIA Table 8 bundled customers match PUDL bundled customers,Derived from reported customer counts,https://s3.us-west-2.amazonaws.com/pudl.catalyst.coop/stable/core_eia861__yearly_sales.parquet,minority_coverage when the published bundled price covers less than 50% of bundled plus delivery-only customers in the same customer class; the price is not changed,"EIA Electric Sales, Revenue, and Average Price",https://www.eia.gov/electricity/sales_revenue_price/archive/f8612017.zip,2026-08-08,DOM through 2015; acquisition closed 2015-12-16; code MTC from 2016 under an end-of-year ownership rule,https://www.avangrid.com/aboutus/companyprofile,https://www.sec.gov/Archives/edgar/data/1634997/000119312515407879/d105528d8k.htm
MTC_CT_UI,19497,United Illuminating Co,United Illuminating,CT,2018,MTC,MTC,Avangrid / Iberdrola S.A.,Spain,Investor Owned,25.30952,206251,1407988,206251,96567,302818,68.11054825010402,majority_coverage,Reported,Table 6: Utility Bundled Retail Sales - Residential,EIA Table 6 bundled customers match PUDL bundled customers,18.723988,14261,450513,14261,17784,32045,44.503042596348884,minority_coverage,Reported,Table 7: Utility Bundled Retail Sales - Commercial,EIA Table 7 bundled customers match PUDL bundled customers,17.196711,236,37827,236,907,1143,20.64741907261592,minority_coverage,Reported,Table 8: Utility Bundled Retail Sales - Industrial,EIA Table 8 bundled customers match PUDL bundled customers,Derived from reported customer counts,https://s3.us-west-2.amazonaws.com/pudl.catalyst.coop/stable/core_eia861__yearly_sales.parquet,minority_coverage when the published bundled price covers less than 50% of bundled plus delivery-only customers in the same customer class; the price is not changed,"EIA Electric Sales, Revenue, and Average Price",https://www.eia.gov/electricity/sales_revenue_price/archive/f8612018.zip,2026-08-08,DOM through 2015; acquisition closed 2015-12-16; code MTC from 2016 under an end-of-year ownership rule,https://www.avangrid.com/aboutus/companyprofile,https://www.sec.gov/Archives/edgar/data/1634997/000119312515407879/d105528d8k.htm
MTC_CT_UI,19497,United Illuminating Co,United Illuminating,CT,2019,MTC,MTC,Avangrid / Iberdrola S.A.,Spain,Investor Owned,25.225585,214360,1377863,214360,90310,304670,70.35809236222798,majority_coverage,Reported,Table 6: Utility Bundled Retail Sales - Residential,EIA Table 6 bundled customers match PUDL bundled customers,18.881063,15044,479491,15044,17039,32083,46.89087678833027,minority_coverage,Reported,Table 7: Utility Bundled Retail Sales - Commercial,EIA Table 7 bundled customers match PUDL bundled customers,18.608027,229,39268,229,880,1109,20.649233543733093,minority_coverage,Reported,Table 8: Utility Bundled Retail Sales - Industrial,EIA Table 8 bundled customers match PUDL bundled customers,Derived from reported customer counts,https://s3.us-west-2.amazonaws.com/pudl.catalyst.coop/stable/core_eia861__yearly_sales.parquet,minority_coverage when the published bundled price covers less than 50% of bundled plus delivery-only customers in the same customer class; the price is not changed,"EIA Electric Sales, Revenue, and Average Price",https://www.eia.gov/electricity/sales_revenue_price/archive/f8612019.zip,2026-08-08,DOM through 2015; acquisition closed 2015-12-16; code MTC from 2016 under an end-of-year ownership rule,https://www.avangrid.com/aboutus/companyprofile,https://www.sec.gov/Archives/edgar/data/1634997/000119312515407879/d105528d8k.htm
MTC_CT_UI,19497,United Illuminating Co,United Illuminating,CT,2020,MTC,MTC,Avangrid / Iberdrola S.A.,Spain,Investor Owned,25.965195,229087,1539254,229087,77759,306846,74.65862354405793,majority_coverage,Reported,Table 6: Utility Bundled Retail Sales - Residential,EIA Table 6 bundled customers match PUDL bundled customers,19.065817,15228,440845,15228,16687,31915,47.71424095253016,minority_coverage,Reported,Table 7: Utility Bundled Retail Sales - Commercial,EIA Table 7 bundled customers match PUDL bundled customers,17.379763,211,44454,211,863,1074,19.646182495344508,minority_coverage,Reported,Table 8: Utility Bundled Retail Sales - Industrial,EIA Table 8 bundled customers match PUDL bundled customers,Derived from reported customer counts,https://s3.us-west-2.amazonaws.com/pudl.catalyst.coop/stable/core_eia861__yearly_sales.parquet,minority_coverage when the published bundled price covers less than 50% of bundled plus delivery-only customers in the same customer class; the price is not changed,"EIA Electric Sales, Revenue, and Average Price",https://www.eia.gov/electricity/sales_revenue_price/archive/f8612020.zip,2026-08-08,DOM through 2015; acquisition closed 2015-12-16; code MTC from 2016 under an end-of-year ownership rule,https://www.avangrid.com/aboutus/companyprofile,https://www.sec.gov/Archives/edgar/data/1634997/000119312515407879/d105528d8k.htm
MTC_CT_UI,19497,United Illuminating Co,United Illuminating,CT,2021,MTC,MTC,Avangrid / Iberdrola S.A.,Spain,Investor Owned,25.193634,245034,1644727,245034,63982,309016,79.29492324022057,majority_coverage,Reported,Table 6: Utility Bundled Retail Sales - Residential,EIA Table 6 bundled customers match PUDL bundled customers,17.61236,15356,437901,15356,16473,31829,48.24531088001508,minority_coverage,Reported,Table 7: Utility Bundled Retail Sales - Commercial,EIA Table 7 bundled customers match PUDL bundled customers,16.22392,194,32065,194,835,1029,18.853255587949466,minority_coverage,Reported,Table 8: Utility Bundled Retail Sales - Industrial,EIA Table 8 bundled customers match PUDL bundled customers,Derived from reported customer counts,https://s3.us-west-2.amazonaws.com/pudl.catalyst.coop/stable/core_eia861__yearly_sales.parquet,minority_coverage when the published bundled price covers less than 50% of bundled plus delivery-only customers in the same customer class; the price is not changed,"EIA Electric Sales, Revenue, and Average Price",https://www.eia.gov/electricity/sales_revenue_price/archive/f8612021.zip,2026-08-08,DOM through 2015; acquisition closed 2015-12-16; code MTC from 2016 under an end-of-year ownership rule,https://www.avangrid.com/aboutus/companyprofile,https://www.sec.gov/Archives/edgar/data/1634997/000119312515407879/d105528d8k.htm
MTC_CT_UI,19497,United Illuminating Co,United Illuminating,CT,2022,MTC,MTC,Avangrid / Iberdrola S.A.,Spain,Investor Owned,23.554853,270343,1797627,270343,39761,310104,87.17817248406986,majority_coverage,Reported,Table 6: Utility Bundled Retail Sales - Residential,EIA Table 6 bundled customers match PUDL bundled customers,20.469573,17944,534826,17944,14430,32374,55.42719466238339,majority_coverage,Reported,Table 7: Utility Bundled Retail Sales - Commercial,EIA Table 7 bundled customers match PUDL bundled customers,20.106961,264,30385,264,718,982,26.883910386965375,minority_coverage,Reported,Table 8: Utility Bundled Retail Sales - Industrial,EIA Table 8 bundled customers match PUDL bundled customers,Derived from reported customer counts,https://s3.us-west-2.amazonaws.com/pudl.catalyst.coop/stable/core_eia861__yearly_sales.parquet,minority_coverage when the published bundled price covers less than 50% of bundled plus delivery-only customers in the same customer class; the price is not changed,"EIA Electric Sales, Revenue, and Average Price",https://www.eia.gov/electricity/sales_revenue_price/archive/f8612022.zip,2026-08-08,DOM through 2015; acquisition closed 2015-12-16; code MTC from 2016 under an end-of-year ownership rule,https://www.avangrid.com/aboutus/companyprofile,https://www.sec.gov/Archives/edgar/data/1634997/000119312515407879/d105528d8k.htm
MTC_CT_UI,19497,United Illuminating Co,United Illuminating,CT,2023,MTC,MTC,Avangrid / Iberdrola S.A.,Spain,Investor Owned,33.156904,263416,1594404,263416,47097,310513,84.8325190893779,majority_coverage,Reported,Table 6: Utility Bundled Retail Sales - Residential,EIA Table 6 bundled customers match PUDL bundled customers,25.871276,18294,514435,18294,14278,32572,56.164804126243396,majority_coverage,Reported,Table 7: Utility Bundled Retail Sales - Commercial,EIA Table 7 bundled customers match PUDL bundled customers,27.589186,260,15277,260,680,940,27.659574468085108,minority_coverage,Reported,Table 8: Utility Bundled Retail Sales - Industrial,EIA Table 8 bundled customers match PUDL bundled customers,Derived from reported customer counts,https://s3.us-west-2.amazonaws.com/pudl.catalyst.coop/stable/core_eia861__yearly_sales.parquet,minority_coverage when the published bundled price covers less than 50% of bundled plus delivery-only customers in the same customer class; the price is not changed,"EIA Electric Sales, Revenue, and Average Price",https://www.eia.gov/electricity/sales_revenue_price/archive/f8612023.zip,2026-08-08,DOM through 2015; acquisition closed 2015-12-16; code MTC from 2016 under an end-of-year ownership rule,https://www.avangrid.com/aboutus/companyprofile,https://www.sec.gov/Archives/edgar/data/1634997/000119312515407879/d105528d8k.htm
MTC_CT_UI,19497,United Illuminating Co,United Illuminating,CT,2024,MTC,MTC,Avangrid / Iberdrola S.A.,Spain,Investor Owned,34.042707,256302,1668612,256302,55989,312291,82.07152943888873,majority_coverage,Reported,Table 6: Utility Bundled Retail Sales - Residential,EIA Table 6 bundled customers match PUDL bundled customers,24.26706,16864,573751,16864,15801,32665,51.62712383284862,majority_coverage,Reported,Table 7: Utility Bundled Retail Sales - Commercial,EIA Table 7 bundled customers match PUDL bundled customers,17.556766,221,39284,221,699,920,24.02173913043478,minority_coverage,Reported,Table 8: Utility Bundled Retail Sales - Industrial,EIA Table 8 bundled customers match PUDL bundled customers,Derived from reported customer counts,https://s3.us-west-2.amazonaws.com/pudl.catalyst.coop/stable/core_eia861__yearly_sales.parquet,minority_coverage when the published bundled price covers less than 50% of bundled plus delivery-only customers in the same customer class; the price is not changed,"EIA Electric Sales, Revenue, and Average Price",https://www.eia.gov/electricity/sales_revenue_price/xls/f8612024.zip,2026-08-08,DOM through 2015; acquisition closed 2015-12-16; code MTC from 2016 under an end-of-year ownership rule,https://www.avangrid.com/aboutus/companyprofile,https://www.sec.gov/Archives/edgar/data/1634997/000119312515407879/d105528d8k.htm
MTC_MA_MECO,11804,Massachusetts Electric Co,Massachusetts Electric (National Grid),MA,2013,MTC,MTC,National Grid plc,United Kingdom,Investor Owned,15.115871,983898,7694224,983898,145870,1129768,87.08849958575566,majority_coverage,Reported,Table 6: Utility Bundled Retail Sales - Residential,EIA Table 6 bundled customers match PUDL bundled customers,13.994647,117785,2959503,117785,36132,153917,76.5250102327878,majority_coverage,Reported,Table 7: Utility Bundled Retail Sales - Commercial,EIA Table 7 bundled customers match PUDL bundled customers,13.36131,2707,420827,2707,1491,4198,64.48308718437352,majority_coverage,Reported,Table 8: Utility Bundled Retail Sales - Industrial,EIA Table 8 bundled customers match PUDL bundled customers,Derived from reported customer counts,https://s3.us-west-2.amazonaws.com/pudl.catalyst.coop/stable/core_eia861__yearly_sales.parquet,minority_coverage when the published bundled price covers less than 50% of bundled plus delivery-only customers in the same customer class; the price is not changed,"EIA Electric Sales, Revenue, and Average Price",https://www.eia.gov/electricity/sales_revenue_price/archive/f8612013.zip,2026-08-08,MTC throughout the proposed panel,https://www.nationalgrid.com/document/152381/download,
MTC_MA_MECO,11804,Massachusetts Electric Co,Massachusetts Electric (National Grid),MA,2014,MTC,MTC,National Grid plc,United Kingdom,Investor Owned,17.209251,959140,7180002,959140,173131,1132271,84.7094026076796,majority_coverage,Reported,Table 6: Utility Bundled Retail Sales - Residential,EIA Table 6 bundled customers match PUDL bundled customers,15.377613,116427,3013034,116427,38345,154772,75.22484687152715,majority_coverage,Reported,Table 7: Utility Bundled Retail Sales - Commercial,EIA Table 7 bundled customers match PUDL bundled customers,15.619041,2624,409068,2624,1519,4143,63.33574704320541,majority_coverage,Reported,Table 8: Utility Bundled Retail Sales - Industrial,EIA Table 8 bundled customers match PUDL bundled customers,Derived from reported customer counts,https://s3.us-west-2.amazonaws.com/pudl.catalyst.coop/stable/core_eia861__yearly_sales.parquet,minority_coverage when the published bundled price covers less than 50% of bundled plus delivery-only customers in the same customer class; the price is not changed,"EIA Electric Sales, Revenue, and Average Price",https://www.eia.gov/electricity/sales_revenue_price/archive/f8612014.zip,2026-08-08,MTC throughout the proposed panel,https://www.nationalgrid.com/document/152381/download,
MTC_MA_MECO,11804,Massachusetts Electric Co,Massachusetts Electric (National Grid),MA,2015,MTC,MTC,National Grid plc,United Kingdom,Investor Owned,20.498134,864677,6275494,864677,282541,1147218,75.37163817164654,majority_coverage,Reported,Table 6: Utility Bundled Retail Sales - Residential,EIA Table 6 bundled customers match PUDL bundled customers,17.002409,100028,2151514,100028,56464,156492,63.91892237302865,majority_coverage,Reported,Table 7: Utility Bundled Retail Sales - Commercial,EIA Table 7 bundled customers match PUDL bundled customers,18.076174,2175,269120,2175,1933,4108,52.94547224926972,majority_coverage,Reported,Table 8: Utility Bundled Retail Sales - Industrial,EIA Table 8 bundled customers match PUDL bundled customers,Derived from reported customer counts,https://s3.us-west-2.amazonaws.com/pudl.catalyst.coop/stable/core_eia861__yearly_sales.parquet,minority_coverage when the published bundled price covers less than 50% of bundled plus delivery-only customers in the same customer class; the price is not changed,"EIA Electric Sales, Revenue, and Average Price",https://www.eia.gov/electricity/sales_revenue_price/archive/f8612015.zip,2026-08-08,MTC throughout the proposed panel,https://www.nationalgrid.com/document/152381/download,
MTC_MA_MECO,11804,Massachusetts Electric Co,Massachusetts Electric (National Grid),MA,2016,MTC,MTC,National Grid plc,United Kingdom,Investor Owned,19.18094,678140,4742974,678140,456516,1134656,59.766131761520676,majority_coverage,Reported,Table 6: Utility Bundled Retail Sales - Residential,EIA Table 6 bundled customers match PUDL bundled customers,13.684053,77503,1560040,77503,78003,155506,49.83923449899039,minority_coverage,Reported,Table 7: Utility Bundled Retail Sales - Commercial,EIA Table 7 bundled customers match PUDL bundled customers,14.510232,1598,179973,1598,2419,4017,39.780931043066964,minority_coverage,Reported,Table 8: Utility Bundled Retail Sales - Industrial,EIA Table 8 bundled customers match PUDL bundled customers,Derived from reported customer counts,https://s3.us-west-2.amazonaws.com/pudl.catalyst.coop/stable/core_eia861__yearly_sales.parquet,minority_coverage when the published bundled price covers less than 50% of bundled plus delivery-only customers in the same customer class; the price is not changed,"EIA Electric Sales, Revenue, and Average Price",https://www.eia.gov/electricity/sales_revenue_price/archive/f8612016.zip,2026-08-08,MTC throughout the proposed panel,https://www.nationalgrid.com/document/152381/download,
MTC_MA_MECO,11804,Massachusetts Electric Co,Massachusetts Electric (National Grid),MA,2017,MTC,MTC,National Grid plc,United Kingdom,Investor Owned,20.879716,675961,4635858,675961,469547,1145508,59.009714467293115,majority_coverage,Reported,Table 6: Utility Bundled Retail Sales - Residential,EIA Table 6 bundled customers match PUDL bundled customers,13.099191,77590,1556264,77590,80539,158129,49.06753346950907,minority_coverage,Reported,Table 7: Utility Bundled Retail Sales - Commercial,EIA Table 7 bundled customers match PUDL bundled customers,15.313169,1563,231696,1563,2402,3965,39.41992433795713,minority_coverage,Reported,Table 8: Utility Bundled Retail Sales - Industrial,EIA Table 8 bundled customers match PUDL bundled customers,Derived from reported customer counts,https://s3.us-west-2.amazonaws.com/pudl.catalyst.coop/stable/core_eia861__yearly_sales.parquet,minority_coverage when the published bundled price covers less than 50% of bundled plus delivery-only customers in the same customer class; the price is not changed,"EIA Electric Sales, Revenue, and Average Price",https://www.eia.gov/electricity/sales_revenue_price/archive/f8612017.zip,2026-08-08,MTC throughout the proposed panel,https://www.nationalgrid.com/document/152381/download,
MTC_MA_MECO,11804,Massachusetts Electric Co,Massachusetts Electric (National Grid),MA,2018,MTC,MTC,National Grid plc,United Kingdom,Investor Owned,23.104014,668175,4657704,668175,485916,1154091,57.89621442329938,majority_coverage,Reported,Table 6: Utility Bundled Retail Sales - Residential,EIA Table 6 bundled customers match PUDL bundled customers,13.948732,77230,1609109,77230,82425,159655,48.37305439854687,minority_coverage,Reported,Table 7: Utility Bundled Retail Sales - Commercial,EIA Table 7 bundled customers match PUDL bundled customers,17.110553,1460,223676,1460,2454,3914,37.30199284619315,minority_coverage,Reported,Table 8: Utility Bundled Retail Sales - Industrial,EIA Table 8 bundled customers match PUDL bundled customers,Derived from reported customer counts,https://s3.us-west-2.amazonaws.com/pudl.catalyst.coop/stable/core_eia861__yearly_sales.parquet,minority_coverage when the published bundled price covers less than 50% of bundled plus delivery-only customers in the same customer class; the price is not changed,"EIA Electric Sales, Revenue, and Average Price",https://www.eia.gov/electricity/sales_revenue_price/archive/f8612018.zip,2026-08-08,MTC throughout the proposed panel,https://www.nationalgrid.com/document/152381/download,
MTC_MA_MECO,11804,Massachusetts Electric Co,Massachusetts Electric (National Grid),MA,2019,MTC,MTC,National Grid plc,United Kingdom,Investor Owned,23.832325,670255,4388013,670255,487759,1158014,57.87969748206844,majority_coverage,Reported,Table 6: Utility Bundled Retail Sales - Residential,EIA Table 6 bundled customers match PUDL bundled customers,13.743827,78055,1571440,78055,82754,160809,48.53894993439422,minority_coverage,Reported,Table 7: Utility Bundled Retail Sales - Commercial,EIA Table 7 bundled customers match PUDL bundled customers,18.321342,1465,184862,1465,2386,3851,38.042066995585564,minority_coverage,Reported,Table 8: Utility Bundled Retail Sales - Industrial,EIA Table 8 bundled customers match PUDL bundled customers,Derived from reported customer counts,https://s3.us-west-2.amazonaws.com/pudl.catalyst.coop/stable/core_eia861__yearly_sales.parquet,minority_coverage when the published bundled price covers less than 50% of bundled plus delivery-only customers in the same customer class; the price is not changed,"EIA Electric Sales, Revenue, and Average Price",https://www.eia.gov/electricity/sales_revenue_price/archive/f8612019.zip,2026-08-08,MTC throughout the proposed panel,https://www.nationalgrid.com/document/152381/download,
MTC_MA_MECO,11804,Massachusetts Electric Co,Massachusetts Electric (National Grid),MA,2020,MTC,MTC,National Grid plc,United Kingdom,Investor Owned,24.097257,619778,4243441,619778,547895,1167673,53.07804496635616,majority_coverage,Reported,Table 6: Utility Bundled Retail Sales - Residential,EIA Table 6 bundled customers match PUDL bundled customers,11.511278,68644,1306087,68644,91871,160515,42.76485063701212,minority_coverage,Reported,Table 7: Utility Bundled Retail Sales - Commercial,EIA Table 7 bundled customers match PUDL bundled customers,16.986369,1280,145406,1280,2494,3774,33.91626921038686,minority_coverage,Reported,Table 8: Utility Bundled Retail Sales - Industrial,EIA Table 8 bundled customers match PUDL bundled customers,Derived from reported customer counts,https://s3.us-west-2.amazonaws.com/pudl.catalyst.coop/stable/core_eia861__yearly_sales.parquet,minority_coverage when the published bundled price covers less than 50% of bundled plus delivery-only customers in the same customer class; the price is not changed,"EIA Electric Sales, Revenue, and Average Price",https://www.eia.gov/electricity/sales_revenue_price/archive/f8612020.zip,2026-08-08,MTC throughout the proposed panel,https://www.nationalgrid.com/document/152381/download,
MTC_MA_MECO,11804,Massachusetts Electric Co,Massachusetts Electric (National Grid),MA,2021,MTC,MTC,National Grid plc,United Kingdom,Investor Owned,24.923183,597759,3995015,597759,583153,1180912,50.61842033953419,majority_coverage,Reported,Table 6: Utility Bundled Retail Sales - Residential,EIA Table 6 bundled customers match PUDL bundled customers,11.863975,65163,1264561,65163,95036,160199,40.67628387193428,minority_coverage,Reported,Table 7: Utility Bundled Retail Sales - Commercial,EIA Table 7 bundled customers match PUDL bundled customers,17.733738,1172,143836,1172,2523,3695,31.718538565629228,minority_coverage,Reported,Table 8: Utility Bundled Retail Sales - Industrial,EIA Table 8 bundled customers match PUDL bundled customers,Derived from reported customer counts,https://s3.us-west-2.amazonaws.com/pudl.catalyst.coop/stable/core_eia861__yearly_sales.parquet,minority_coverage when the published bundled price covers less than 50% of bundled plus delivery-only customers in the same customer class; the price is not changed,"EIA Electric Sales, Revenue, and Average Price",https://www.eia.gov/electricity/sales_revenue_price/archive/f8612021.zip,2026-08-08,MTC throughout the proposed panel,https://www.nationalgrid.com/document/152381/download,
MTC_MA_MECO,11804,Massachusetts Electric Co,Massachusetts Electric (National Grid),MA,2022,MTC,MTC,National Grid plc,United Kingdom,Investor Owned,28.533747,611277,4008052,611277,579581,1190858,51.330805184161335,majority_coverage,Reported,Table 6: Utility Bundled Retail Sales - Residential,EIA Table 6 bundled customers match PUDL bundled customers,14.893984,66685,1409079,66685,92744,159429,41.827396521335515,minority_coverage,Reported,Table 7: Utility Bundled Retail Sales - Commercial,EIA Table 7 bundled customers match PUDL bundled customers,23.954389,1180,151323,1180,2403,3583,32.93329612056935,minority_coverage,Reported,Table 8: Utility Bundled Retail Sales - Industrial,EIA Table 8 bundled customers match PUDL bundled customers,Derived from reported customer counts,https://s3.us-west-2.amazonaws.com/pudl.catalyst.coop/stable/core_eia861__yearly_sales.parquet,minority_coverage when the published bundled price covers less than 50% of bundled plus delivery-only customers in the same customer class; the price is not changed,"EIA Electric Sales, Revenue, and Average Price",https://www.eia.gov/electricity/sales_revenue_price/archive/f8612022.zip,2026-08-08,MTC throughout the proposed panel,https://www.nationalgrid.com/document/152381/download,
MTC_MA_MECO,11804,Massachusetts Electric Co,Massachusetts Electric (National Grid),MA,2023,MTC,MTC,National Grid plc,United Kingdom,Investor Owned,36.718551,573012,3346857,573012,621401,1194413,47.97436062735419,minority_coverage,Reported,Table 6: Utility Bundled Retail Sales - Residential,EIA Table 6 bundled customers match PUDL bundled customers,20.63076,60965,1141163,60965,97336,158301,38.51207509744095,minority_coverage,Reported,Table 7: Utility Bundled Retail Sales - Commercial,EIA Table 7 bundled customers match PUDL bundled customers,26.599892,1026,116761,1026,2485,3511,29.22244374821988,minority_coverage,Reported,Table 8: Utility Bundled Retail Sales - Industrial,EIA Table 8 bundled customers match PUDL bundled customers,Derived from reported customer counts,https://s3.us-west-2.amazonaws.com/pudl.catalyst.coop/stable/core_eia861__yearly_sales.parquet,minority_coverage when the published bundled price covers less than 50% of bundled plus delivery-only customers in the same customer class; the price is not changed,"EIA Electric Sales, Revenue, and Average Price",https://www.eia.gov/electricity/sales_revenue_price/archive/f8612023.zip,2026-08-08,MTC throughout the proposed panel,https://www.nationalgrid.com/document/152381/download,
MTC_MA_MECO,11804,Massachusetts Electric Co,Massachusetts Electric (National Grid),MA,2024,MTC,MTC,National Grid plc,United Kingdom,Investor Owned,33.59877,526437,3110674,526437,683676,1210113,43.50312739388801,minority_coverage,Reported,Table 6: Utility Bundled Retail Sales - Residential,EIA Table 6 bundled customers match PUDL bundled customers,23.025923,56090,1038014,56090,104042,160132,35.02735243424175,minority_coverage,Reported,Table 7: Utility Bundled Retail Sales - Commercial,EIA Table 7 bundled customers match PUDL bundled customers,23.886447,926,86673,926,2584,3510,26.381766381766383,minority_coverage,Reported,Table 8: Utility Bundled Retail Sales - Industrial,EIA Table 8 bundled customers match PUDL bundled customers,Derived from reported customer counts,https://s3.us-west-2.amazonaws.com/pudl.catalyst.coop/stable/core_eia861__yearly_sales.parquet,minority_coverage when the published bundled price covers less than 50% of bundled plus delivery-only customers in the same customer class; the price is not changed,"EIA Electric Sales, Revenue, and Average Price",https://www.eia.gov/electricity/sales_revenue_price/xls/f8612024.zip,2026-08-08,MTC throughout the proposed panel,https://www.nationalgrid.com/document/152381/download,
MTC_ME_CMP,3266,Central Maine Power Co,Central Maine Power,ME,2013,MTC,MTC,Avangrid / Iberdrola S.A.,Spain,Investor Owned,14.302326,31,86,31,547029,547060,0.005666654480312946,minority_coverage,Reported,Table 6: Utility Bundled Retail Sales - Residential,EIA Table 6 bundled customers match PUDL bundled customers,11.048035,6,229,6,60732,60738,0.009878494517435542,minority_coverage,Reported,Table 7: Utility Bundled Retail Sales - Commercial,EIA Table 7 bundled customers match PUDL bundled customers,,0,,0,2581,2581,0.0,no_published_price,Not reported,Table 8: Utility Bundled Retail Sales - Industrial,No EIA table row; PUDL reports zero bundled customers,Derived from reported customer counts,https://s3.us-west-2.amazonaws.com/pudl.catalyst.coop/stable/core_eia861__yearly_sales.parquet,minority_coverage when the published bundled price covers less than 50% of bundled plus delivery-only customers in the same customer class; the price is not changed,"EIA Electric Sales, Revenue, and Average Price",https://www.eia.gov/electricity/sales_revenue_price/archive/f8612013.zip,2026-08-08,MTC throughout the proposed panel,https://www.avangrid.com/aboutus/companyprofile,
MTC_ME_CMP,3266,Central Maine Power Co,Central Maine Power,ME,2014,MTC,MTC,Avangrid / Iberdrola S.A.,Spain,Investor Owned,14.910714,32,112,32,549484,549516,0.005823306327750239,minority_coverage,Reported,Table 6: Utility Bundled Retail Sales - Residential,EIA Table 6 bundled customers match PUDL bundled customers,12.161017,7,236,7,62110,62117,0.011269056779947518,minority_coverage,Reported,Table 7: Utility Bundled Retail Sales - Commercial,EIA Table 7 bundled customers match PUDL bundled customers,,0,,0,2644,2644,0.0,no_published_price,Not reported,Table 8: Utility Bundled Retail Sales - Industrial,No EIA table row; PUDL reports zero bundled customers,Derived from reported customer counts,https://s3.us-west-2.amazonaws.com/pudl.catalyst.coop/stable/core_eia861__yearly_sales.parquet,minority_coverage when the published bundled price covers less than 50% of bundled plus delivery-only customers in the same customer class; the price is not changed,"EIA Electric Sales, Revenue, and Average Price",https://www.eia.gov/electricity/sales_revenue_price/archive/f8612014.zip,2026-08-08,MTC throughout the proposed panel,https://www.avangrid.com/aboutus/companyprofile,
MTC_ME_CMP,3266,Central Maine Power Co,Central Maine Power,ME,2015,MTC,MTC,Avangrid / Iberdrola S.A.,Spain,Investor Owned,14.613239,422530,2805686,422530,118821,541351,78.05102419687043,majority_coverage,Reported,Table 6: Utility Bundled Retail Sales - Residential,EIA Table 6 bundled customers match PUDL bundled customers,11.767125,43392,1087365,43392,23662,67054,64.7120231455245,majority_coverage,Reported,Table 7: Utility Bundled Retail Sales - Commercial,EIA Table 7 bundled customers match PUDL bundled customers,9.1608412,1647,139187,1647,954,2601,63.32179930795848,majority_coverage,Reported,Table 8: Utility Bundled Retail Sales - Industrial,EIA Table 8 bundled customers match PUDL bundled customers,Derived from reported customer counts,https://s3.us-west-2.amazonaws.com/pudl.catalyst.coop/stable/core_eia861__yearly_sales.parquet,minority_coverage when the published bundled price covers less than 50% of bundled plus delivery-only customers in the same customer class; the price is not changed,"EIA Electric Sales, Revenue, and Average Price",https://www.eia.gov/electricity/sales_revenue_price/archive/f8612015.zip,2026-08-08,MTC throughout the proposed panel,https://www.avangrid.com/aboutus/companyprofile,
MTC_ME_CMP,3266,Central Maine Power Co,Central Maine Power,ME,2016,MTC,MTC,Avangrid / Iberdrola S.A.,Spain,Investor Owned,14.622934,434783,2877173,434783,105716,540499,80.44103689368528,majority_coverage,Reported,Table 6: Utility Bundled Retail Sales - Residential,EIA Table 6 bundled customers match PUDL bundled customers,11.4896,44115,1058593,44115,23094,67209,65.63853055394367,majority_coverage,Reported,Table 7: Utility Bundled Retail Sales - Commercial,EIA Table 7 bundled customers match PUDL bundled customers,8.6116762,1679,117487,1679,948,2627,63.91320898363152,majority_coverage,Reported,Table 8: Utility Bundled Retail Sales - Industrial,EIA Table 8 bundled customers match PUDL bundled customers,Derived from reported customer counts,https://s3.us-west-2.amazonaws.com/pudl.catalyst.coop/stable/core_eia861__yearly_sales.parquet,minority_coverage when the published bundled price covers less than 50% of bundled plus delivery-only customers in the same customer class; the price is not changed,"EIA Electric Sales, Revenue, and Average Price",https://www.eia.gov/electricity/sales_revenue_price/archive/f8612016.zip,2026-08-08,MTC throughout the proposed panel,https://www.avangrid.com/aboutus/companyprofile,
MTC_ME_CMP,3266,Central Maine Power Co,Central Maine Power,ME,2017,MTC,MTC,Avangrid / Iberdrola S.A.,Spain,Investor Owned,15.084688,454387,3018478,454387,95168,549555,82.68271601568541,majority_coverage,Reported,Table 6: Utility Bundled Retail Sales - Residential,EIA Table 6 bundled customers match PUDL bundled customers,11.494478,46783,1215361,46783,22021,68804,67.99459333759665,majority_coverage,Reported,Table 7: Utility Bundled Retail Sales - Commercial,EIA Table 7 bundled customers match PUDL bundled customers,9.1984943,1821,103343,1821,891,2712,67.14601769911505,majority_coverage,Reported,Table 8: Utility Bundled Retail Sales - Industrial,EIA Table 8 bundled customers match PUDL bundled customers,Derived from reported customer counts,https://s3.us-west-2.amazonaws.com/pudl.catalyst.coop/stable/core_eia861__yearly_sales.parquet,minority_coverage when the published bundled price covers less than 50% of bundled plus delivery-only customers in the same customer class; the price is not changed,"EIA Electric Sales, Revenue, and Average Price",https://www.eia.gov/electricity/sales_revenue_price/archive/f8612017.zip,2026-08-08,MTC throughout the proposed panel,https://www.avangrid.com/aboutus/companyprofile,
MTC_ME_CMP,3266,Central Maine Power Co,Central Maine Power,ME,2018,MTC,MTC,Avangrid / Iberdrola S.A.,Spain,Investor Owned,16.160681,468410,3274839,468410,82564,550974,85.01490088461524,majority_coverage,Reported,Table 6: Utility Bundled Retail Sales - Residential,EIA Table 6 bundled customers match PUDL bundled customers,13.933559,45356,1340018,45356,19559,64915,69.86982977740122,majority_coverage,Reported,Table 7: Utility Bundled Retail Sales - Commercial,EIA Table 7 bundled customers match PUDL bundled customers,14.922559,1820,110148,1820,863,2683,67.83451360417443,majority_coverage,Reported,Table 8: Utility Bundled Retail Sales - Industrial,EIA Table 8 bundled customers match PUDL bundled customers,Derived from reported customer counts,https://s3.us-west-2.amazonaws.com/pudl.catalyst.coop/stable/core_eia861__yearly_sales.parquet,minority_coverage when the published bundled price covers less than 50% of bundled plus delivery-only customers in the same customer class; the price is not changed,"EIA Electric Sales, Revenue, and Average Price",https://www.eia.gov/electricity/sales_revenue_price/archive/f8612018.zip,2026-08-08,MTC throughout the proposed panel,https://www.avangrid.com/aboutus/companyprofile,
MTC_ME_CMP,3266,Central Maine Power Co,Central Maine Power,ME,2019,MTC,MTC,Avangrid / Iberdrola S.A.,Spain,Investor Owned,17.32146,484082,3300764,484082,67430,551512,87.7736114536039,majority_coverage,Reported,Table 6: Utility Bundled Retail Sales - Residential,EIA Table 6 bundled customers match PUDL bundled customers,15.005346,47340,1253378,47340,21281,68621,68.98762769414611,majority_coverage,Reported,Table 7: Utility Bundled Retail Sales - Commercial,EIA Table 7 bundled customers match PUDL bundled customers,15.349405,1635,108513,1635,860,2495,65.53106212424849,majority_coverage,Reported,Table 8: Utility Bundled Retail Sales - Industrial,EIA Table 8 bundled customers match PUDL bundled customers,Derived from reported customer counts,https://s3.us-west-2.amazonaws.com/pudl.catalyst.coop/stable/core_eia861__yearly_sales.parquet,minority_coverage when the published bundled price covers less than 50% of bundled plus delivery-only customers in the same customer class; the price is not changed,"EIA Electric Sales, Revenue, and Average Price",https://www.eia.gov/electricity/sales_revenue_price/archive/f8612019.zip,2026-08-08,MTC throughout the proposed panel,https://www.avangrid.com/aboutus/companyprofile,
MTC_ME_CMP,3266,Central Maine Power Co,Central Maine Power,ME,2020,MTC,MTC,Avangrid / Iberdrola S.A.,Spain,Investor Owned,16.242065,495573,3456941,495573,61494,557067,88.96111239761106,majority_coverage,Reported,Table 6: Utility Bundled Retail Sales - Residential,EIA Table 6 bundled customers match PUDL bundled customers,13.795137,48251,1122468,48251,17706,65957,73.1552375032218,majority_coverage,Reported,Table 7: Utility Bundled Retail Sales - Commercial,EIA Table 7 bundled customers match PUDL bundled customers,13.747974,1432,92530,1432,830,2262,63.306808134394345,majority_coverage,Reported,Table 8: Utility Bundled Retail Sales - Industrial,EIA Table 8 bundled customers match PUDL bundled customers,Derived from reported customer counts,https://s3.us-west-2.amazonaws.com/pudl.catalyst.coop/stable/core_eia861__yearly_sales.parquet,minority_coverage when the published bundled price covers less than 50% of bundled plus delivery-only customers in the same customer class; the price is not changed,"EIA Electric Sales, Revenue, and Average Price",https://www.eia.gov/electricity/sales_revenue_price/archive/f8612020.zip,2026-08-08,MTC throughout the proposed panel,https://www.avangrid.com/aboutus/companyprofile,
MTC_ME_CMP,3266,Central Maine Power Co,Central Maine Power,ME,2021,MTC,MTC,Avangrid / Iberdrola S.A.,Spain,Investor Owned,16.460698,503190,3608474,503190,56996,560186,89.8255222372569,majority_coverage,Reported,Table 6: Utility Bundled Retail Sales - Residential,EIA Table 6 bundled customers match PUDL bundled customers,13.534435,49671,1181357,49671,16313,65984,75.27733996120271,majority_coverage,Reported,Table 7: Utility Bundled Retail Sales - Commercial,EIA Table 7 bundled customers match PUDL bundled customers,12.759757,1278,99516,1278,798,2076,61.5606936416185,majority_coverage,Reported,Table 8: Utility Bundled Retail Sales - Industrial,EIA Table 8 bundled customers match PUDL bundled customers,Derived from reported customer counts,https://s3.us-west-2.amazonaws.com/pudl.catalyst.coop/stable/core_eia861__yearly_sales.parquet,minority_coverage when the published bundled price covers less than 50% of bundled plus delivery-only customers in the same customer class; the price is not changed,"EIA Electric Sales, Revenue, and Average Price",https://www.eia.gov/electricity/sales_revenue_price/archive/f8612021.zip,2026-08-08,MTC throughout the proposed panel,https://www.avangrid.com/aboutus/companyprofile,
MTC_ME_CMP,3266,Central Maine Power Co,Central Maine Power,ME,2022,MTC,MTC,Avangrid / Iberdrola S.A.,Spain,Investor Owned,22.372158,512210,3643493,512210,52962,565172,90.62904744042521,majority_coverage,Reported,Table 6: Utility Bundled Retail Sales - Residential,EIA Table 6 bundled customers match PUDL bundled customers,19.23675,52046,1226990,52046,21205,73251,71.05158973938923,majority_coverage,Reported,Table 7: Utility Bundled Retail Sales - Commercial,EIA Table 7 bundled customers match PUDL bundled customers,19.556343,1161,93090,1161,770,1931,60.1242879337131,majority_coverage,Reported,Table 8: Utility Bundled Retail Sales - Industrial,EIA Table 8 bundled customers match PUDL bundled customers,Derived from reported customer counts,https://s3.us-west-2.amazonaws.com/pudl.catalyst.coop/stable/core_eia861__yearly_sales.parquet,minority_coverage when the published bundled price covers less than 50% of bundled plus delivery-only customers in the same customer class; the price is not changed,"EIA Electric Sales, Revenue, and Average Price",https://www.eia.gov/electricity/sales_revenue_price/archive/f8612022.zip,2026-08-08,MTC throughout the proposed panel,https://www.avangrid.com/aboutus/companyprofile,
MTC_ME_CMP,3266,Central Maine Power Co,Central Maine Power,ME,2023,MTC,MTC,Avangrid / Iberdrola S.A.,Spain,Investor Owned,27.452436,513418,3484270,513418,54554,567972,90.39494904678399,majority_coverage,Reported,Table 6: Utility Bundled Retail Sales - Residential,EIA Table 6 bundled customers match PUDL bundled customers,24.647608,52131,1062099,52131,23372,75503,69.04493861171079,majority_coverage,Reported,Table 7: Utility Bundled Retail Sales - Commercial,EIA Table 7 bundled customers match PUDL bundled customers,22.621011,1032,76398,1032,780,1812,56.95364238410596,majority_coverage,Reported,Table 8: Utility Bundled Retail Sales - Industrial,EIA Table 8 bundled customers match PUDL bundled customers,Derived from reported customer counts,https://s3.us-west-2.amazonaws.com/pudl.catalyst.coop/stable/core_eia861__yearly_sales.parquet,minority_coverage when the published bundled price covers less than 50% of bundled plus delivery-only customers in the same customer class; the price is not changed,"EIA Electric Sales, Revenue, and Average Price",https://www.eia.gov/electricity/sales_revenue_price/archive/f8612023.zip,2026-08-08,MTC throughout the proposed panel,https://www.avangrid.com/aboutus/companyprofile,
MTC_ME_CMP,3266,Central Maine Power Co,Central Maine Power,ME,2024,MTC,MTC,Avangrid / Iberdrola S.A.,Spain,Investor Owned,23.434731,519295,3471992,519295,58660,577955,89.85042088051839,majority_coverage,Reported,Table 6: Utility Bundled Retail Sales - Residential,EIA Table 6 bundled customers match PUDL bundled customers,21.08089,52081,997548,52081,25587,77668,67.05593037029408,majority_coverage,Reported,Table 7: Utility Bundled Retail Sales - Commercial,EIA Table 7 bundled customers match PUDL bundled customers,20.36466,927,78155,927,778,1705,54.36950146627566,majority_coverage,Reported,Table 8: Utility Bundled Retail Sales - Industrial,EIA Table 8 bundled customers match PUDL bundled customers,Derived from reported customer counts,https://s3.us-west-2.amazonaws.com/pudl.catalyst.coop/stable/core_eia861__yearly_sales.parquet,minority_coverage when the published bundled price covers less than 50% of bundled plus delivery-only customers in the same customer class; the price is not changed,"EIA Electric Sales, Revenue, and Average Price",https://www.eia.gov/electricity/sales_revenue_price/xls/f8612024.zip,2026-08-08,MTC throughout the proposed panel,https://www.avangrid.com/aboutus/companyprofile,
MTC_ME_VERSANT,1179,Versant Power,Versant Power,ME,2013,MTC,MTC,Emera Inc.,Canada,,,0,,0,101903,101903,0.0,no_published_price,Not reported,Table 6: Utility Bundled Retail Sales - Residential,No EIA table row; PUDL reports zero bundled customers,,0,,0,17505,17505,0.0,no_published_price,Not reported,Table 7: Utility Bundled Retail Sales - Commercial,No EIA table row; PUDL reports zero bundled customers,,0,,0,45,45,0.0,no_published_price,Not reported,Table 8: Utility Bundled Retail Sales - Industrial,No EIA table row; PUDL reports zero bundled customers,Derived from reported customer counts,https://s3.us-west-2.amazonaws.com/pudl.catalyst.coop/stable/core_eia861__yearly_sales.parquet,minority_coverage when the published bundled price covers less than 50% of bundled plus delivery-only customers in the same customer class; the price is not changed,"EIA Electric Sales, Revenue, and Average Price",https://www.eia.gov/electricity/sales_revenue_price/archive/f8612013.zip,2026-08-08,Foreign-parent category is MTC throughout; the Canadian parent changed from Emera to ENMAX in 2020,https://www.versantpower.com/about/news-press-releases/blog-details/versant-power-to-welcome-new-president-in-2026,
MTC_ME_VERSANT,1179,Versant Power,Versant Power,ME,2014,MTC,MTC,Emera Inc.,Canada,,,0,,0,131724,131724,0.0,no_published_price,Not reported,Table 6: Utility Bundled Retail Sales - Residential,No EIA table row; PUDL reports zero bundled customers,,0,,0,24156,24156,0.0,no_published_price,Not reported,Table 7: Utility Bundled Retail Sales - Commercial,No EIA table row; PUDL reports zero bundled customers,,0,,0,234,234,0.0,no_published_price,Not reported,Table 8: Utility Bundled Retail Sales - Industrial,No EIA table row; PUDL reports zero bundled customers,Derived from reported customer counts,https://s3.us-west-2.amazonaws.com/pudl.catalyst.coop/stable/core_eia861__yearly_sales.parquet,minority_coverage when the published bundled price covers less than 50% of bundled plus delivery-only customers in the same customer class; the price is not changed,"EIA Electric Sales, Revenue, and Average Price",https://www.eia.gov/electricity/sales_revenue_price/archive/f8612014.zip,2026-08-08,Foreign-parent category is MTC throughout; the Canadian parent changed from Emera to ENMAX in 2020,https://www.versantpower.com/about/news-press-releases/blog-details/versant-power-to-welcome-new-president-in-2026,
MTC_ME_VERSANT,1179,Versant Power,Versant Power,ME,2015,MTC,MTC,Emera Inc.,Canada,Investor Owned,15.651794,103358,748327,103358,28572,131930,78.34306071401501,majority_coverage,Reported,Table 6: Utility Bundled Retail Sales - Residential,EIA Table 6 bundled customers match PUDL bundled customers,13.045718,17380,579141,17380,7333,24713,70.32735807065107,majority_coverage,Reported,Table 7: Utility Bundled Retail Sales - Commercial,EIA Table 7 bundled customers match PUDL bundled customers,10.524991,44,37734,44,202,246,17.88617886178862,minority_coverage,Reported,Table 8: Utility Bundled Retail Sales - Industrial,EIA Table 8 bundled customers match PUDL bundled customers,Derived from reported customer counts,https://s3.us-west-2.amazonaws.com/pudl.catalyst.coop/stable/core_eia861__yearly_sales.parquet,minority_coverage when the published bundled price covers less than 50% of bundled plus delivery-only customers in the same customer class; the price is not changed,"EIA Electric Sales, Revenue, and Average Price",https://www.eia.gov/electricity/sales_revenue_price/archive/f8612015.zip,2026-08-08,Foreign-parent category is MTC throughout; the Canadian parent changed from Emera to ENMAX in 2020,https://www.versantpower.com/about/news-press-releases/blog-details/versant-power-to-welcome-new-president-in-2026,
MTC_ME_VERSANT,1179,Versant Power,Versant Power,ME,2016,MTC,MTC,Emera Inc.,Canada,Investor Owned,17.771597,125225,746759,125225,7479,132704,94.36414878225223,majority_coverage,Reported,Table 6: Utility Bundled Retail Sales - Residential,EIA Table 6 bundled customers match PUDL bundled customers,11.750817,22165,569677,22165,3165,25330,87.50493485984998,majority_coverage,Reported,Table 7: Utility Bundled Retail Sales - Commercial,EIA Table 7 bundled customers match PUDL bundled customers,10.821079,152,52090,152,102,254,59.84251968503937,majority_coverage,Reported,Table 8: Utility Bundled Retail Sales - Industrial,EIA Table 8 bundled customers match PUDL bundled customers,Derived from reported customer counts,https://s3.us-west-2.amazonaws.com/pudl.catalyst.coop/stable/core_eia861__yearly_sales.parquet,minority_coverage when the published bundled price covers less than 50% of bundled plus delivery-only customers in the same customer class; the price is not changed,"EIA Electric Sales, Revenue, and Average Price",https://www.eia.gov/electricity/sales_revenue_price/archive/f8612016.zip,2026-08-08,Foreign-parent category is MTC throughout; the Canadian parent changed from Emera to ENMAX in 2020,https://www.versantpower.com/about/news-press-releases/blog-details/versant-power-to-welcome-new-president-in-2026,
MTC_ME_VERSANT,1179,Versant Power,Versant Power,ME,2017,MTC,MTC,Emera Inc.,Canada,Investor Owned,17.577136,124462,752473,124462,8123,132585,93.8733642568918,majority_coverage,Reported,Table 6: Utility Bundled Retail Sales - Residential,EIA Table 6 bundled customers match PUDL bundled customers,11.767141,22009,577113,22009,3221,25230,87.23345223939754,majority_coverage,Reported,Table 7: Utility Bundled Retail Sales - Commercial,EIA Table 7 bundled customers match PUDL bundled customers,9.9555782,144,52902,144,108,252,57.142857142857146,majority_coverage,Reported,Table 8: Utility Bundled Retail Sales - Industrial,EIA Table 8 bundled customers match PUDL bundled customers,Derived from reported customer counts,https://s3.us-west-2.amazonaws.com/pudl.catalyst.coop/stable/core_eia861__yearly_sales.parquet,minority_coverage when the published bundled price covers less than 50% of bundled plus delivery-only customers in the same customer class; the price is not changed,"EIA Electric Sales, Revenue, and Average Price",https://www.eia.gov/electricity/sales_revenue_price/archive/f8612017.zip,2026-08-08,Foreign-parent category is MTC throughout; the Canadian parent changed from Emera to ENMAX in 2020,https://www.versantpower.com/about/news-press-releases/blog-details/versant-power-to-welcome-new-president-in-2026,
MTC_ME_VERSANT,1179,Versant Power,Versant Power,ME,2018,MTC,MTC,Emera Inc.,Canada,Investor Owned,18.568793,125158,772865,125158,8034,133192,93.96810619256412,majority_coverage,Reported,Table 6: Utility Bundled Retail Sales - Residential,EIA Table 6 bundled customers match PUDL bundled customers,12.144017,22530,575420,22530,3151,25681,87.73022857365368,majority_coverage,Reported,Table 7: Utility Bundled Retail Sales - Commercial,EIA Table 7 bundled customers match PUDL bundled customers,11.799271,145,65571,145,104,249,58.23293172690763,majority_coverage,Reported,Table 8: Utility Bundled Retail Sales - Industrial,EIA Table 8 bundled customers match PUDL bundled customers,Derived from reported customer counts,https://s3.us-west-2.amazonaws.com/pudl.catalyst.coop/stable/core_eia861__yearly_sales.parquet,minority_coverage when the published bundled price covers less than 50% of bundled plus delivery-only customers in the same customer class; the price is not changed,"EIA Electric Sales, Revenue, and Average Price",https://www.eia.gov/electricity/sales_revenue_price/archive/f8612018.zip,2026-08-08,Foreign-parent category is MTC throughout; the Canadian parent changed from Emera to ENMAX in 2020,https://www.versantpower.com/about/news-press-releases/blog-details/versant-power-to-welcome-new-president-in-2026,
MTC_ME_VERSANT,1179,Versant Power,Versant Power,ME,2019,MTC,MTC,Emera Inc.,Canada,Investor Owned,19.280909,125687,771446,125687,7947,133634,94.05316012392056,majority_coverage,Reported,Table 6: Utility Bundled Retail Sales - Residential,EIA Table 6 bundled customers match PUDL bundled customers,12.293873,22273,557594,22273,3373,25646,86.84785151680573,majority_coverage,Reported,Table 7: Utility Bundled Retail Sales - Commercial,EIA Table 7 bundled customers match PUDL bundled customers,10.02075,140,93010,140,109,249,56.22489959839358,majority_coverage,Reported,Table 8: Utility Bundled Retail Sales - Industrial,EIA Table 8 bundled customers match PUDL bundled customers,Derived from reported customer counts,https://s3.us-west-2.amazonaws.com/pudl.catalyst.coop/stable/core_eia861__yearly_sales.parquet,minority_coverage when the published bundled price covers less than 50% of bundled plus delivery-only customers in the same customer class; the price is not changed,"EIA Electric Sales, Revenue, and Average Price",https://www.eia.gov/electricity/sales_revenue_price/archive/f8612019.zip,2026-08-08,Foreign-parent category is MTC throughout; the Canadian parent changed from Emera to ENMAX in 2020,https://www.versantpower.com/about/news-press-releases/blog-details/versant-power-to-welcome-new-president-in-2026,
MTC_ME_VERSANT,1179,Versant Power,Versant Power,ME,2020,MTC,MTC,ENMAX Corp.,Canada,Investor Owned,17.464515,126828,777366,126828,7695,134523,94.2797885863384,majority_coverage,Reported,Table 6: Utility Bundled Retail Sales - Residential,EIA Table 6 bundled customers match PUDL bundled customers,12.776465,22277,378348,22277,3689,25966,85.79296002464761,majority_coverage,Reported,Table 7: Utility Bundled Retail Sales - Commercial,EIA Table 7 bundled customers match PUDL bundled customers,9.3307436,151,99110,151,115,266,56.766917293233085,majority_coverage,Reported,Table 8: Utility Bundled Retail Sales - Industrial,EIA Table 8 bundled customers match PUDL bundled customers,Derived from reported customer counts,https://s3.us-west-2.amazonaws.com/pudl.catalyst.coop/stable/core_eia861__yearly_sales.parquet,minority_coverage when the published bundled price covers less than 50% of bundled plus delivery-only customers in the same customer class; the price is not changed,"EIA Electric Sales, Revenue, and Average Price",https://www.eia.gov/electricity/sales_revenue_price/archive/f8612020.zip,2026-08-08,Foreign-parent category is MTC throughout; the Canadian parent changed from Emera to ENMAX in 2020,https://www.versantpower.com/about/news-press-releases/blog-details/versant-power-to-welcome-new-president-in-2026,
MTC_ME_VERSANT,1179,Versant Power,Versant Power,ME,2021,MTC,MTC,ENMAX Corp.,Canada,Investor Owned,17.678571,126991,808993,126991,8666,135657,93.6118298355411,majority_coverage,Reported,Table 6: Utility Bundled Retail Sales - Residential,EIA Table 6 bundled customers match PUDL bundled customers,14.097321,22865,324966,22865,3791,26656,85.77806122448979,majority_coverage,Reported,Table 7: Utility Bundled Retail Sales - Commercial,EIA Table 7 bundled customers match PUDL bundled customers,11.121305,158,78043,158,115,273,57.875457875457876,majority_coverage,Reported,Table 8: Utility Bundled Retail Sales - Industrial,EIA Table 8 bundled customers match PUDL bundled customers,Derived from reported customer counts,https://s3.us-west-2.amazonaws.com/pudl.catalyst.coop/stable/core_eia861__yearly_sales.parquet,minority_coverage when the published bundled price covers less than 50% of bundled plus delivery-only customers in the same customer class; the price is not changed,"EIA Electric Sales, Revenue, and Average Price",https://www.eia.gov/electricity/sales_revenue_price/archive/f8612021.zip,2026-08-08,Foreign-parent category is MTC throughout; the Canadian parent changed from Emera to ENMAX in 2020,https://www.versantpower.com/about/news-press-releases/blog-details/versant-power-to-welcome-new-president-in-2026,
MTC_ME_VERSANT,1179,Versant Power,Versant Power,ME,2022,MTC,MTC,ENMAX Corp.,Canada,Investor Owned,23.326472,129433,837572,129433,7052,136485,94.83313184599041,majority_coverage,Reported,Table 6: Utility Bundled Retail Sales - Residential,EIA Table 6 bundled customers match PUDL bundled customers,15.886677,23586,488126,23586,3654,27240,86.58590308370044,majority_coverage,Reported,Table 7: Utility Bundled Retail Sales - Commercial,EIA Table 7 bundled customers match PUDL bundled customers,9.2165043,39,63523,39,34,73,53.42465753424658,majority_coverage,Reported,Table 8: Utility Bundled Retail Sales - Industrial,EIA Table 8 bundled customers match PUDL bundled customers,Derived from reported customer counts,https://s3.us-west-2.amazonaws.com/pudl.catalyst.coop/stable/core_eia861__yearly_sales.parquet,minority_coverage when the published bundled price covers less than 50% of bundled plus delivery-only customers in the same customer class; the price is not changed,"EIA Electric Sales, Revenue, and Average Price",https://www.eia.gov/electricity/sales_revenue_price/archive/f8612022.zip,2026-08-08,Foreign-parent category is MTC throughout; the Canadian parent changed from Emera to ENMAX in 2020,https://www.versantpower.com/about/news-press-releases/blog-details/versant-power-to-welcome-new-president-in-2026,
MTC_ME_VERSANT,1179,Versant Power,Versant Power,ME,2023,MTC,MTC,ENMAX Corp.,Canada,Investor Owned,29.094892,130405,830962,130405,7058,137463,94.86552745102318,majority_coverage,Reported,Table 6: Utility Bundled Retail Sales - Residential,EIA Table 6 bundled customers match PUDL bundled customers,18.388071,23614,569870,23614,3867,27481,85.92845966303992,majority_coverage,Reported,Table 7: Utility Bundled Retail Sales - Commercial,EIA Table 7 bundled customers match PUDL bundled customers,13.178074,40,49165,40,36,76,52.63157894736842,majority_coverage,Reported,Table 8: Utility Bundled Retail Sales - Industrial,EIA Table 8 bundled customers match PUDL bundled customers,Derived from reported customer counts,https://s3.us-west-2.amazonaws.com/pudl.catalyst.coop/stable/core_eia861__yearly_sales.parquet,minority_coverage when the published bundled price covers less than 50% of bundled plus delivery-only customers in the same customer class; the price is not changed,"EIA Electric Sales, Revenue, and Average Price",https://www.eia.gov/electricity/sales_revenue_price/archive/f8612023.zip,2026-08-08,Foreign-parent category is MTC throughout; the Canadian parent changed from Emera to ENMAX in 2020,https://www.versantpower.com/about/news-press-releases/blog-details/versant-power-to-welcome-new-president-in-2026,
MTC_ME_VERSANT,1179,Versant Power,Versant Power,ME,2024,MTC,MTC,ENMAX Corp.,Canada,Investor Owned,28.08211,130632,791328,130632,7274,137906,94.72539265876756,majority_coverage,Reported,Table 6: Utility Bundled Retail Sales - Residential,EIA Table 6 bundled customers match PUDL bundled customers,19.993999,23586,556589,23586,3996,27582,85.51229062432022,majority_coverage,Reported,Table 7: Utility Bundled Retail Sales - Commercial,EIA Table 7 bundled customers match PUDL bundled customers,15.884759,37,38146,37,35,72,51.388888888888886,majority_coverage,Reported,Table 8: Utility Bundled Retail Sales - Industrial,EIA Table 8 bundled customers match PUDL bundled customers,Derived from reported customer counts,https://s3.us-west-2.amazonaws.com/pudl.catalyst.coop/stable/core_eia861__yearly_sales.parquet,minority_coverage when the published bundled price covers less than 50% of bundled plus delivery-only customers in the same customer class; the price is not changed,"EIA Electric Sales, Revenue, and Average Price",https://www.eia.gov/electricity/sales_revenue_price/xls/f8612024.zip,2026-08-08,Foreign-parent category is MTC throughout; the Canadian parent changed from Emera to ENMAX in 2020,https://www.versantpower.com/about/news-press-releases/blog-details/versant-power-to-welcome-new-president-in-2026,
MTC_NH_LIBERTY,26510,Liberty Utilities (Granite State Electri,Liberty Utilities (Granite State Electric),NH,2013,MTC,MTC,Algonquin Power & Utilities Corp.,Canada,Investor Owned,13.911086,35582,297907,35582,307,35889,99.14458469168827,majority_coverage,Reported,Table 6: Utility Bundled Retail Sales - Residential,EIA Table 6 bundled customers match PUDL bundled customers,12.050621,5381,232710,5381,1146,6527,82.44216332158726,majority_coverage,Reported,Table 7: Utility Bundled Retail Sales - Commercial,EIA Table 7 bundled customers match PUDL bundled customers,12.190155,164,21656,164,45,209,78.4688995215311,majority_coverage,Reported,Table 8: Utility Bundled Retail Sales - Industrial,EIA Table 8 bundled customers match PUDL bundled customers,Derived from reported customer counts,https://s3.us-west-2.amazonaws.com/pudl.catalyst.coop/stable/core_eia861__yearly_sales.parquet,minority_coverage when the published bundled price covers less than 50% of bundled plus delivery-only customers in the same customer class; the price is not changed,"EIA Electric Sales, Revenue, and Average Price",https://www.eia.gov/electricity/sales_revenue_price/archive/f8612013.zip,2026-08-08,MTC throughout the proposed panel,https://libertyutilities.com/who-we-are.html,
MTC_NH_LIBERTY,26510,Liberty Utilities (Granite State Electri,Liberty Utilities (Granite State Electric),NH,2014,MTC,MTC,Algonquin Power & Utilities Corp.,Canada,Investor Owned,17.008075,33394,272948,33394,2131,35525,94.00140745953554,majority_coverage,Reported,Table 6: Utility Bundled Retail Sales - Residential,EIA Table 6 bundled customers match PUDL bundled customers,14.583352,5600,239327,5600,1142,6742,83.06140611094631,majority_coverage,Reported,Table 7: Utility Bundled Retail Sales - Commercial,EIA Table 7 bundled customers match PUDL bundled customers,14.073079,159,28654,159,55,214,74.29906542056075,majority_coverage,Reported,Table 8: Utility Bundled Retail Sales - Industrial,EIA Table 8 bundled customers match PUDL bundled customers,Derived from reported customer counts,https://s3.us-west-2.amazonaws.com/pudl.catalyst.coop/stable/core_eia861__yearly_sales.parquet,minority_coverage when the published bundled price covers less than 50% of bundled plus delivery-only customers in the same customer class; the price is not changed,"EIA Electric Sales, Revenue, and Average Price",https://www.eia.gov/electricity/sales_revenue_price/archive/f8612014.zip,2026-08-08,MTC throughout the proposed panel,https://libertyutilities.com/who-we-are.html,
MTC_NH_LIBERTY,26510,Liberty Utilities (Granite State Electri,Liberty Utilities (Granite State Electric),NH,2015,MTC,MTC,Algonquin Power & Utilities Corp.,Canada,Investor Owned,19.54958,31232,259136,31232,4090,35322,88.42081422343016,majority_coverage,Reported,Table 6: Utility Bundled Retail Sales - Residential,EIA Table 6 bundled customers match PUDL bundled customers,17.13308,5281,206319,5281,1518,6799,77.67318723341668,majority_coverage,Reported,Table 7: Utility Bundled Retail Sales - Commercial,EIA Table 7 bundled customers match PUDL bundled customers,16.146763,134,27800,134,67,201,66.66666666666667,majority_coverage,Reported,Table 8: Utility Bundled Retail Sales - Industrial,EIA Table 8 bundled customers match PUDL bundled customers,Derived from reported customer counts,https://s3.us-west-2.amazonaws.com/pudl.catalyst.coop/stable/core_eia861__yearly_sales.parquet,minority_coverage when the published bundled price covers less than 50% of bundled plus delivery-only customers in the same customer class; the price is not changed,"EIA Electric Sales, Revenue, and Average Price",https://www.eia.gov/electricity/sales_revenue_price/archive/f8612015.zip,2026-08-08,MTC throughout the proposed panel,https://libertyutilities.com/who-we-are.html,
MTC_NH_LIBERTY,26510,Liberty Utilities (Granite State Electri,Liberty Utilities (Granite State Electric),NH,2016,MTC,MTC,Algonquin Power & Utilities Corp.,Canada,Investor Owned,16.592674,31827,249260,31827,4506,36333,87.59805135826934,majority_coverage,Reported,Table 6: Utility Bundled Retail Sales - Residential,EIA Table 6 bundled customers match PUDL bundled customers,13.397092,5392,177284,5392,1770,7162,75.28623289583915,majority_coverage,Reported,Table 7: Utility Bundled Retail Sales - Commercial,EIA Table 7 bundled customers match PUDL bundled customers,14.504279,127,11569,127,71,198,64.14141414141415,majority_coverage,Reported,Table 8: Utility Bundled Retail Sales - Industrial,EIA Table 8 bundled customers match PUDL bundled customers,Derived from reported customer counts,https://s3.us-west-2.amazonaws.com/pudl.catalyst.coop/stable/core_eia861__yearly_sales.parquet,minority_coverage when the published bundled price covers less than 50% of bundled plus delivery-only customers in the same customer class; the price is not changed,"EIA Electric Sales, Revenue, and Average Price",https://www.eia.gov/electricity/sales_revenue_price/archive/f8612016.zip,2026-08-08,MTC throughout the proposed panel,https://libertyutilities.com/who-we-are.html,
MTC_NH_LIBERTY,26510,Liberty Utilities (Granite State Electri,Liberty Utilities (Granite State Electric),NH,2017,MTC,MTC,Algonquin Power & Utilities Corp.,Canada,Investor Owned,16.421878,31920,247996,31920,4548,36468,87.52879236590984,majority_coverage,Reported,Table 6: Utility Bundled Retail Sales - Residential,EIA Table 6 bundled customers match PUDL bundled customers,13.462909,5017,163611,5017,2230,7247,69.22864633641507,majority_coverage,Reported,Table 7: Utility Bundled Retail Sales - Commercial,EIA Table 7 bundled customers match PUDL bundled customers,14.759712,127,9988,127,71,198,64.14141414141415,majority_coverage,Reported,Table 8: Utility Bundled Retail Sales - Industrial,EIA Table 8 bundled customers match PUDL bundled customers,Derived from reported customer counts,https://s3.us-west-2.amazonaws.com/pudl.catalyst.coop/stable/core_eia861__yearly_sales.parquet,minority_coverage when the published bundled price covers less than 50% of bundled plus delivery-only customers in the same customer class; the price is not changed,"EIA Electric Sales, Revenue, and Average Price",https://www.eia.gov/electricity/sales_revenue_price/archive/f8612017.zip,2026-08-08,MTC throughout the proposed panel,https://libertyutilities.com/who-we-are.html,
MTC_NH_LIBERTY,26510,Liberty Utilities (Granite State Electri,Liberty Utilities (Granite State Electric),NH,2018,MTC,MTC,Algonquin Power & Utilities Corp.,Canada,Investor Owned,18.259419,32649,265871,32649,4041,36690,88.98609975470156,majority_coverage,Reported,Table 6: Utility Bundled Retail Sales - Residential,EIA Table 6 bundled customers match PUDL bundled customers,15.165407,5030,166438,5030,2176,7206,69.80294199278379,majority_coverage,Reported,Table 7: Utility Bundled Retail Sales - Commercial,EIA Table 7 bundled customers match PUDL bundled customers,15.044408,130,15988,130,66,196,66.3265306122449,majority_coverage,Reported,Table 8: Utility Bundled Retail Sales - Industrial,EIA Table 8 bundled customers match PUDL bundled customers,Derived from reported customer counts,https://s3.us-west-2.amazonaws.com/pudl.catalyst.coop/stable/core_eia861__yearly_sales.parquet,minority_coverage when the published bundled price covers less than 50% of bundled plus delivery-only customers in the same customer class; the price is not changed,"EIA Electric Sales, Revenue, and Average Price",https://www.eia.gov/electricity/sales_revenue_price/archive/f8612018.zip,2026-08-08,MTC throughout the proposed panel,https://libertyutilities.com/who-we-are.html,
MTC_NH_LIBERTY,26510,Liberty Utilities (Granite State Electri,Liberty Utilities (Granite State Electric),NH,2019,MTC,MTC,Algonquin Power & Utilities Corp.,Canada,Investor Owned,17.993258,33532,261065,33532,3560,37092,90.40224307128221,majority_coverage,Reported,Table 6: Utility Bundled Retail Sales - Residential,EIA Table 6 bundled customers match PUDL bundled customers,15.050232,5247,161054,5247,2051,7298,71.89640997533571,majority_coverage,Reported,Table 7: Utility Bundled Retail Sales - Commercial,EIA Table 7 bundled customers match PUDL bundled customers,15.802855,134,12468,134,62,196,68.36734693877551,majority_coverage,Reported,Table 8: Utility Bundled Retail Sales - Industrial,EIA Table 8 bundled customers match PUDL bundled customers,Derived from reported customer counts,https://s3.us-west-2.amazonaws.com/pudl.catalyst.coop/stable/core_eia861__yearly_sales.parquet,minority_coverage when the published bundled price covers less than 50% of bundled plus delivery-only customers in the same customer class; the price is not changed,"EIA Electric Sales, Revenue, and Average Price",https://www.eia.gov/electricity/sales_revenue_price/archive/f8612019.zip,2026-08-08,MTC throughout the proposed panel,https://libertyutilities.com/who-we-are.html,
MTC_NH_LIBERTY,26510,Liberty Utilities (Granite State Electri,Liberty Utilities (Granite State Electric),NH,2020,MTC,MTC,Algonquin Power & Utilities Corp.,Canada,Investor Owned,17.145602,34240,281555,34240,3321,37561,91.15838236468677,majority_coverage,Reported,Table 6: Utility Bundled Retail Sales - Residential,EIA Table 6 bundled customers match PUDL bundled customers,14.501826,5358,149817,5358,1991,7349,72.9078786229419,majority_coverage,Reported,Table 7: Utility Bundled Retail Sales - Commercial,EIA Table 7 bundled customers match PUDL bundled customers,14.883689,135,14530,135,58,193,69.94818652849742,majority_coverage,Reported,Table 8: Utility Bundled Retail Sales - Industrial,EIA Table 8 bundled customers match PUDL bundled customers,Derived from reported customer counts,https://s3.us-west-2.amazonaws.com/pudl.catalyst.coop/stable/core_eia861__yearly_sales.parquet,minority_coverage when the published bundled price covers less than 50% of bundled plus delivery-only customers in the same customer class; the price is not changed,"EIA Electric Sales, Revenue, and Average Price",https://www.eia.gov/electricity/sales_revenue_price/archive/f8612020.zip,2026-08-08,MTC throughout the proposed panel,https://libertyutilities.com/who-we-are.html,
MTC_NH_LIBERTY,26510,Liberty Utilities (Granite State Electri,Liberty Utilities (Granite State Electric),NH,2021,MTC,MTC,Algonquin Power & Utilities Corp.,Canada,Investor Owned,18.321745,34954,288353,34954,3007,37961,92.07871236268802,majority_coverage,Reported,Table 6: Utility Bundled Retail Sales - Residential,EIA Table 6 bundled customers match PUDL bundled customers,15.397552,5477,153175,5477,1949,7426,73.75437651494748,majority_coverage,Reported,Table 7: Utility Bundled Retail Sales - Commercial,EIA Table 7 bundled customers match PUDL bundled customers,15.972324,132,10912,132,57,189,69.84126984126983,majority_coverage,Reported,Table 8: Utility Bundled Retail Sales - Industrial,EIA Table 8 bundled customers match PUDL bundled customers,Derived from reported customer counts,https://s3.us-west-2.amazonaws.com/pudl.catalyst.coop/stable/core_eia861__yearly_sales.parquet,minority_coverage when the published bundled price covers less than 50% of bundled plus delivery-only customers in the same customer class; the price is not changed,"EIA Electric Sales, Revenue, and Average Price",https://www.eia.gov/electricity/sales_revenue_price/archive/f8612021.zip,2026-08-08,MTC throughout the proposed panel,https://libertyutilities.com/who-we-are.html,
MTC_NH_LIBERTY,26510,Liberty Utilities (Granite State Electri,Liberty Utilities (Granite State Electric),NH,2022,MTC,MTC,Algonquin Power & Utilities Corp.,Canada,Investor Owned,26.187174,35789,285392,35789,2696,38485,92.99467324931791,majority_coverage,Reported,Table 6: Utility Bundled Retail Sales - Residential,EIA Table 6 bundled customers match PUDL bundled customers,23.314449,5562,153211,5562,1748,7310,76.0875512995896,majority_coverage,Reported,Table 7: Utility Bundled Retail Sales - Commercial,EIA Table 7 bundled customers match PUDL bundled customers,20.52789,134,12370,134,49,183,73.22404371584699,majority_coverage,Reported,Table 8: Utility Bundled Retail Sales - Industrial,EIA Table 8 bundled customers match PUDL bundled customers,Derived from reported customer counts,https://s3.us-west-2.amazonaws.com/pudl.catalyst.coop/stable/core_eia861__yearly_sales.parquet,minority_coverage when the published bundled price covers less than 50% of bundled plus delivery-only customers in the same customer class; the price is not changed,"EIA Electric Sales, Revenue, and Average Price",https://www.eia.gov/electricity/sales_revenue_price/archive/f8612022.zip,2026-08-08,MTC throughout the proposed panel,https://libertyutilities.com/who-we-are.html,
MTC_NH_LIBERTY,26510,Liberty Utilities (Granite State Electri,Liberty Utilities (Granite State Electric),NH,2023,MTC,MTC,Algonquin Power & Utilities Corp.,Canada,Investor Owned,30.774397,29719,225427,29719,9568,39287,75.6458879527579,majority_coverage,Reported,Table 6: Utility Bundled Retail Sales - Residential,EIA Table 6 bundled customers match PUDL bundled customers,25.683984,4236,128468,4236,2767,7003,60.48836213051549,majority_coverage,Reported,Table 7: Utility Bundled Retail Sales - Commercial,EIA Table 7 bundled customers match PUDL bundled customers,25.000484,80,10341,80,84,164,48.78048780487805,minority_coverage,Reported,Table 8: Utility Bundled Retail Sales - Industrial,EIA Table 8 bundled customers match PUDL bundled customers,Derived from reported customer counts,https://s3.us-west-2.amazonaws.com/pudl.catalyst.coop/stable/core_eia861__yearly_sales.parquet,minority_coverage when the published bundled price covers less than 50% of bundled plus delivery-only customers in the same customer class; the price is not changed,"EIA Electric Sales, Revenue, and Average Price",https://www.eia.gov/electricity/sales_revenue_price/archive/f8612023.zip,2026-08-08,MTC throughout the proposed panel,https://libertyutilities.com/who-we-are.html,
MTC_NH_LIBERTY,26510,Liberty Utilities (Granite State Electri,Liberty Utilities (Granite State Electric),NH,2024,MTC,MTC,Algonquin Power & Utilities Corp.,Canada,Investor Owned,22.867179,24689,193863,24689,14978,39667,62.24065343988706,majority_coverage,Reported,Table 6: Utility Bundled Retail Sales - Residential,EIA Table 6 bundled customers match PUDL bundled customers,18.15488,3312,98541,3312,3645,6957,47.60672703751617,minority_coverage,Reported,Table 7: Utility Bundled Retail Sales - Commercial,EIA Table 7 bundled customers match PUDL bundled customers,17.671597,62,7911,62,111,173,35.83815028901734,minority_coverage,Reported,Table 8: Utility Bundled Retail Sales - Industrial,EIA Table 8 bundled customers match PUDL bundled customers,Derived from reported customer counts,https://s3.us-west-2.amazonaws.com/pudl.catalyst.coop/stable/core_eia861__yearly_sales.parquet,minority_coverage when the published bundled price covers less than 50% of bundled plus delivery-only customers in the same customer class; the price is not changed,"EIA Electric Sales, Revenue, and Average Price",https://www.eia.gov/electricity/sales_revenue_price/xls/f8612024.zip,2026-08-08,MTC throughout the proposed panel,https://libertyutilities.com/who-we-are.html,
MTC_NY_CENTHUD,3249,Central Hudson Gas & Elec Corp,Central Hudson,NY,2013,MTC,MTC,Fortis Inc.,Canada,Investor Owned,16.859186,217523,1760152,217523,36370,253893,85.67506784354039,majority_coverage,Reported,Table 6: Utility Bundled Retail Sales - Residential,EIA Table 6 bundled customers match PUDL bundled customers,13.207978,34217,849055,34217,11044,45261,75.59930182718013,majority_coverage,Reported,Table 7: Utility Bundled Retail Sales - Commercial,EIA Table 7 bundled customers match PUDL bundled customers,10.687106,799,101993,799,272,1071,74.60317460317461,majority_coverage,Reported,Table 8: Utility Bundled Retail Sales - Industrial,EIA Table 8 bundled customers match PUDL bundled customers,Derived from reported customer counts,https://s3.us-west-2.amazonaws.com/pudl.catalyst.coop/stable/core_eia861__yearly_sales.parquet,minority_coverage when the published bundled price covers less than 50% of bundled plus delivery-only customers in the same customer class; the price is not changed,"EIA Electric Sales, Revenue, and Average Price",https://www.eia.gov/electricity/sales_revenue_price/archive/f8612013.zip,2026-08-08,Fortis acquired Central Hudson in 2013; code MTC for each project year under an end-of-year ownership rule,https://www.fortisinc.com/company/our-companies/index,https://www.fortisinc.com/company/about-fortis
MTC_NY_CENTHUD,3249,Central Hudson Gas & Elec Corp,Central Hudson,NY,2014,MTC,MTC,Fortis Inc.,Canada,Investor Owned,18.782612,213187,1684952,213187,41162,254349,83.81672426469143,majority_coverage,Reported,Table 6: Utility Bundled Retail Sales - Residential,EIA Table 6 bundled customers match PUDL bundled customers,15.531153,33384,801954,33384,11856,45240,73.79310344827586,majority_coverage,Reported,Table 7: Utility Bundled Retail Sales - Commercial,EIA Table 7 bundled customers match PUDL bundled customers,13.020486,763,82543,763,295,1058,72.117202268431,majority_coverage,Reported,Table 8: Utility Bundled Retail Sales - Industrial,EIA Table 8 bundled customers match PUDL bundled customers,Derived from reported customer counts,https://s3.us-west-2.amazonaws.com/pudl.catalyst.coop/stable/core_eia861__yearly_sales.parquet,minority_coverage when the published bundled price covers less than 50% of bundled plus delivery-only customers in the same customer class; the price is not changed,"EIA Electric Sales, Revenue, and Average Price",https://www.eia.gov/electricity/sales_revenue_price/archive/f8612014.zip,2026-08-08,Fortis acquired Central Hudson in 2013; code MTC for each project year under an end-of-year ownership rule,https://www.fortisinc.com/company/our-companies/index,https://www.fortisinc.com/company/about-fortis
MTC_NY_CENTHUD,3249,Central Hudson Gas & Elec Corp,Central Hudson,NY,2015,MTC,MTC,Fortis Inc.,Canada,Investor Owned,17.673278,213731,1712057,213731,42047,255778,83.5611350467984,majority_coverage,Reported,Table 6: Utility Bundled Retail Sales - Residential,EIA Table 6 bundled customers match PUDL bundled customers,13.935449,33288,773716,33288,12324,45612,72.98079452775585,majority_coverage,Reported,Table 7: Utility Bundled Retail Sales - Commercial,EIA Table 7 bundled customers match PUDL bundled customers,10.916402,727,68136,727,316,1043,69.70278044103547,majority_coverage,Reported,Table 8: Utility Bundled Retail Sales - Industrial,EIA Table 8 bundled customers match PUDL bundled customers,Derived from reported customer counts,https://s3.us-west-2.amazonaws.com/pudl.catalyst.coop/stable/core_eia861__yearly_sales.parquet,minority_coverage when the published bundled price covers less than 50% of bundled plus delivery-only customers in the same customer class; the price is not changed,"EIA Electric Sales, Revenue, and Average Price",https://www.eia.gov/electricity/sales_revenue_price/archive/f8612015.zip,2026-08-08,Fortis acquired Central Hudson in 2013; code MTC for each project year under an end-of-year ownership rule,https://www.fortisinc.com/company/our-companies/index,https://www.fortisinc.com/company/about-fortis
MTC_NY_CENTHUD,3249,Central Hudson Gas & Elec Corp,Central Hudson,NY,2016,MTC,MTC,Fortis Inc.,Canada,Investor Owned,16.477993,226402,1783747,226402,39659,266061,85.09401979245361,majority_coverage,Reported,Table 6: Utility Bundled Retail Sales - Residential,EIA Table 6 bundled customers match PUDL bundled customers,12.67255,34264,771166,34264,12206,46470,73.73359156445018,majority_coverage,Reported,Table 7: Utility Bundled Retail Sales - Commercial,EIA Table 7 bundled customers match PUDL bundled customers,9.7629533,745,83106,745,304,1049,71.02001906577694,majority_coverage,Reported,Table 8: Utility Bundled Retail Sales - Industrial,EIA Table 8 bundled customers match PUDL bundled customers,Derived from reported customer counts,https://s3.us-west-2.amazonaws.com/pudl.catalyst.coop/stable/core_eia861__yearly_sales.parquet,minority_coverage when the published bundled price covers less than 50% of bundled plus delivery-only customers in the same customer class; the price is not changed,"EIA Electric Sales, Revenue, and Average Price",https://www.eia.gov/electricity/sales_revenue_price/archive/f8612016.zip,2026-08-08,Fortis acquired Central Hudson in 2013; code MTC for each project year under an end-of-year ownership rule,https://www.fortisinc.com/company/our-companies/index,https://www.fortisinc.com/company/about-fortis
MTC_NY_CENTHUD,3249,Central Hudson Gas & Elec Corp,Central Hudson,NY,2017,MTC,MTC,Fortis Inc.,Canada,Investor Owned,17.037434,222189,1698369,222189,35122,257311,86.35036978597884,majority_coverage,Reported,Table 6: Utility Bundled Retail Sales - Residential,EIA Table 6 bundled customers match PUDL bundled customers,12.885271,34900,791884,34900,11158,46058,75.77402405662426,majority_coverage,Reported,Table 7: Utility Bundled Retail Sales - Commercial,EIA Table 7 bundled customers match PUDL bundled customers,10.412156,724,70580,724,291,1015,71.33004926108374,majority_coverage,Reported,Table 8: Utility Bundled Retail Sales - Industrial,EIA Table 8 bundled customers match PUDL bundled customers,Derived from reported customer counts,https://s3.us-west-2.amazonaws.com/pudl.catalyst.coop/stable/core_eia861__yearly_sales.parquet,minority_coverage when the published bundled price covers less than 50% of bundled plus delivery-only customers in the same customer class; the price is not changed,"EIA Electric Sales, Revenue, and Average Price",https://www.eia.gov/electricity/sales_revenue_price/archive/f8612017.zip,2026-08-08,Fortis acquired Central Hudson in 2013; code MTC for each project year under an end-of-year ownership rule,https://www.fortisinc.com/company/our-companies/index,https://www.fortisinc.com/company/about-fortis
MTC_NY_CENTHUD,3249,Central Hudson Gas & Elec Corp,Central Hudson,NY,2018,MTC,MTC,Fortis Inc.,Canada,Investor Owned,18.586594,227332,1889082,227332,31996,259328,87.66195705824285,majority_coverage,Reported,Table 6: Utility Bundled Retail Sales - Residential,EIA Table 6 bundled customers match PUDL bundled customers,14.007225,36284,842608,36284,10372,46656,77.76920438957475,majority_coverage,Reported,Table 7: Utility Bundled Retail Sales - Commercial,EIA Table 7 bundled customers match PUDL bundled customers,11.126686,766,72052,766,275,1041,73.58309317963497,majority_coverage,Reported,Table 8: Utility Bundled Retail Sales - Industrial,EIA Table 8 bundled customers match PUDL bundled customers,Derived from reported customer counts,https://s3.us-west-2.amazonaws.com/pudl.catalyst.coop/stable/core_eia861__yearly_sales.parquet,minority_coverage when the published bundled price covers less than 50% of bundled plus delivery-only customers in the same customer class; the price is not changed,"EIA Electric Sales, Revenue, and Average Price",https://www.eia.gov/electricity/sales_revenue_price/archive/f8612018.zip,2026-08-08,Fortis acquired Central Hudson in 2013; code MTC for each project year under an end-of-year ownership rule,https://www.fortisinc.com/company/our-companies/index,https://www.fortisinc.com/company/about-fortis
MTC_NY_CENTHUD,3249,Central Hudson Gas & Elec Corp,Central Hudson,NY,2019,MTC,MTC,Fortis Inc.,Canada,Investor Owned,17.191798,222451,1742232,222451,38645,261096,85.19893066151913,majority_coverage,Reported,Table 6: Utility Bundled Retail Sales - Residential,EIA Table 6 bundled customers match PUDL bundled customers,13.00712,35776,782433,35776,11350,47126,75.91563043755039,majority_coverage,Reported,Table 7: Utility Bundled Retail Sales - Commercial,EIA Table 7 bundled customers match PUDL bundled customers,10.107472,749,70809,749,292,1041,71.95004803073968,majority_coverage,Reported,Table 8: Utility Bundled Retail Sales - Industrial,EIA Table 8 bundled customers match PUDL bundled customers,Derived from reported customer counts,https://s3.us-west-2.amazonaws.com/pudl.catalyst.coop/stable/core_eia861__yearly_sales.parquet,minority_coverage when the published bundled price covers less than 50% of bundled plus delivery-only customers in the same customer class; the price is not changed,"EIA Electric Sales, Revenue, and Average Price",https://www.eia.gov/electricity/sales_revenue_price/archive/f8612019.zip,2026-08-08,Fortis acquired Central Hudson in 2013; code MTC for each project year under an end-of-year ownership rule,https://www.fortisinc.com/company/our-companies/index,https://www.fortisinc.com/company/about-fortis
MTC_NY_CENTHUD,3249,Central Hudson Gas & Elec Corp,Central Hudson,NY,2020,MTC,MTC,Fortis Inc.,Canada,Investor Owned,17.573713,211342,1776665,211342,52080,263422,80.2294417322775,majority_coverage,Reported,Table 6: Utility Bundled Retail Sales - Residential,EIA Table 6 bundled customers match PUDL bundled customers,13.229555,32912,737659,32912,14442,47354,69.5020484014022,majority_coverage,Reported,Table 7: Utility Bundled Retail Sales - Commercial,EIA Table 7 bundled customers match PUDL bundled customers,9.9310602,690,69771,690,318,1008,68.45238095238095,majority_coverage,Reported,Table 8: Utility Bundled Retail Sales - Industrial,EIA Table 8 bundled customers match PUDL bundled customers,Derived from reported customer counts,https://s3.us-west-2.amazonaws.com/pudl.catalyst.coop/stable/core_eia861__yearly_sales.parquet,minority_coverage when the published bundled price covers less than 50% of bundled plus delivery-only customers in the same customer class; the price is not changed,"EIA Electric Sales, Revenue, and Average Price",https://www.eia.gov/electricity/sales_revenue_price/archive/f8612020.zip,2026-08-08,Fortis acquired Central Hudson in 2013; code MTC for each project year under an end-of-year ownership rule,https://www.fortisinc.com/company/our-companies/index,https://www.fortisinc.com/company/about-fortis
MTC_NY_CENTHUD,3249,Central Hudson Gas & Elec Corp,Central Hudson,NY,2021,MTC,MTC,Fortis Inc.,Canada,Investor Owned,18.529658,215501,1829227,215501,44690,260191,82.82415610071064,majority_coverage,Reported,Table 6: Utility Bundled Retail Sales - Residential,EIA Table 6 bundled customers match PUDL bundled customers,15.412829,33370,769738,33370,13380,46750,71.37967914438502,majority_coverage,Reported,Table 7: Utility Bundled Retail Sales - Commercial,EIA Table 7 bundled customers match PUDL bundled customers,12.371853,612,66720,612,272,884,69.23076923076923,majority_coverage,Reported,Table 8: Utility Bundled Retail Sales - Industrial,EIA Table 8 bundled customers match PUDL bundled customers,Derived from reported customer counts,https://s3.us-west-2.amazonaws.com/pudl.catalyst.coop/stable/core_eia861__yearly_sales.parquet,minority_coverage when the published bundled price covers less than 50% of bundled plus delivery-only customers in the same customer class; the price is not changed,"EIA Electric Sales, Revenue, and Average Price",https://www.eia.gov/electricity/sales_revenue_price/archive/f8612021.zip,2026-08-08,Fortis acquired Central Hudson in 2013; code MTC for each project year under an end-of-year ownership rule,https://www.fortisinc.com/company/our-companies/index,https://www.fortisinc.com/company/about-fortis
MTC_NY_CENTHUD,3249,Central Hudson Gas & Elec Corp,Central Hudson,NY,2022,MTC,MTC,Fortis Inc.,Canada,Investor Owned,22.260445,233720,2122918,233720,37513,271233,86.1694557815605,majority_coverage,Reported,Table 6: Utility Bundled Retail Sales - Residential,EIA Table 6 bundled customers match PUDL bundled customers,19.615668,37720,874245,37720,12121,49841,75.68066451315183,majority_coverage,Reported,Table 7: Utility Bundled Retail Sales - Commercial,EIA Table 7 bundled customers match PUDL bundled customers,16.465644,749,65913,749,263,1012,74.01185770750988,majority_coverage,Reported,Table 8: Utility Bundled Retail Sales - Industrial,EIA Table 8 bundled customers match PUDL bundled customers,Derived from reported customer counts,https://s3.us-west-2.amazonaws.com/pudl.catalyst.coop/stable/core_eia861__yearly_sales.parquet,minority_coverage when the published bundled price covers less than 50% of bundled plus delivery-only customers in the same customer class; the price is not changed,"EIA Electric Sales, Revenue, and Average Price",https://www.eia.gov/electricity/sales_revenue_price/archive/f8612022.zip,2026-08-08,Fortis acquired Central Hudson in 2013; code MTC for each project year under an end-of-year ownership rule,https://www.fortisinc.com/company/our-companies/index,https://www.fortisinc.com/company/about-fortis
MTC_NY_CENTHUD,3249,Central Hudson Gas & Elec Corp,Central Hudson,NY,2023,MTC,MTC,Fortis Inc.,Canada,Investor Owned,25.12523,241785,1866092,241785,28256,270041,89.53640373128525,majority_coverage,Reported,Table 6: Utility Bundled Retail Sales - Residential,EIA Table 6 bundled customers match PUDL bundled customers,18.094435,39820,968353,39820,10196,50016,79.61452335252719,majority_coverage,Reported,Table 7: Utility Bundled Retail Sales - Commercial,EIA Table 7 bundled customers match PUDL bundled customers,16.659887,750,52609,750,243,993,75.52870090634441,majority_coverage,Reported,Table 8: Utility Bundled Retail Sales - Industrial,EIA Table 8 bundled customers match PUDL bundled customers,Derived from reported customer counts,https://s3.us-west-2.amazonaws.com/pudl.catalyst.coop/stable/core_eia861__yearly_sales.parquet,minority_coverage when the published bundled price covers less than 50% of bundled plus delivery-only customers in the same customer class; the price is not changed,"EIA Electric Sales, Revenue, and Average Price",https://www.eia.gov/electricity/sales_revenue_price/archive/f8612023.zip,2026-08-08,Fortis acquired Central Hudson in 2013; code MTC for each project year under an end-of-year ownership rule,https://www.fortisinc.com/company/our-companies/index,https://www.fortisinc.com/company/about-fortis
MTC_NY_CENTHUD,3249,Central Hudson Gas & Elec Corp,Central Hudson,NY,2024,MTC,MTC,Fortis Inc.,Canada,Investor Owned,25.144244,229592,1839240,229592,41267,270859,84.76439771246294,majority_coverage,Reported,Table 6: Utility Bundled Retail Sales - Residential,EIA Table 6 bundled customers match PUDL bundled customers,17.41606,37980,1005836,37980,11492,49472,76.77069857697283,majority_coverage,Reported,Table 7: Utility Bundled Retail Sales - Commercial,EIA Table 7 bundled customers match PUDL bundled customers,16.08669,602,63537,602,259,861,69.91869918699187,majority_coverage,Reported,Table 8: Utility Bundled Retail Sales - Industrial,EIA Table 8 bundled customers match PUDL bundled customers,Derived from reported customer counts,https://s3.us-west-2.amazonaws.com/pudl.catalyst.coop/stable/core_eia861__yearly_sales.parquet,minority_coverage when the published bundled price covers less than 50% of bundled plus delivery-only customers in the same customer class; the price is not changed,"EIA Electric Sales, Revenue, and Average Price",https://www.eia.gov/electricity/sales_revenue_price/xls/f8612024.zip,2026-08-08,Fortis acquired Central Hudson in 2013; code MTC for each project year under an end-of-year ownership rule,https://www.fortisinc.com/company/our-companies/index,https://www.fortisinc.com/company/about-fortis
MTC_NY_NIMO,13573,Niagara Mohawk Power Corp.,Niagara Mohawk (National Grid),NY,2013,MTC,MTC,National Grid plc,United Kingdom,Investor Owned,14.182387,1165012,9012097,1165012,301568,1466580,79.43733038770473,majority_coverage,Reported,Table 6: Utility Bundled Retail Sales - Residential,EIA Table 6 bundled customers match PUDL bundled customers,12.058666,97955,3289630,97955,71720,169675,57.73095623987034,majority_coverage,Reported,Table 7: Utility Bundled Retail Sales - Commercial,EIA Table 7 bundled customers match PUDL bundled customers,8.1045231,630,1084851,630,1026,1656,38.04347826086956,minority_coverage,Reported,Table 8: Utility Bundled Retail Sales - Industrial,EIA Table 8 bundled customers match PUDL bundled customers,Derived from reported customer counts,https://s3.us-west-2.amazonaws.com/pudl.catalyst.coop/stable/core_eia861__yearly_sales.parquet,minority_coverage when the published bundled price covers less than 50% of bundled plus delivery-only customers in the same customer class; the price is not changed,"EIA Electric Sales, Revenue, and Average Price",https://www.eia.gov/electricity/sales_revenue_price/archive/f8612013.zip,2026-08-08,MTC throughout the proposed panel,https://www.nationalgrid.com/document/152396/download,
MTC_NY_NIMO,13573,Niagara Mohawk Power Corp.,Niagara Mohawk (National Grid),NY,2014,MTC,MTC,National Grid plc,United Kingdom,Investor Owned,15.848715,1164691,8914956,1164691,306231,1470922,79.18101707636434,majority_coverage,Reported,Table 6: Utility Bundled Retail Sales - Residential,EIA Table 6 bundled customers match PUDL bundled customers,13.327764,94509,3220135,94509,74452,168961,55.935393374802466,majority_coverage,Reported,Table 7: Utility Bundled Retail Sales - Commercial,EIA Table 7 bundled customers match PUDL bundled customers,8.6545029,588,1017505,588,1048,1636,35.94132029339853,minority_coverage,Reported,Table 8: Utility Bundled Retail Sales - Industrial,EIA Table 8 bundled customers match PUDL bundled customers,Derived from reported customer counts,https://s3.us-west-2.amazonaws.com/pudl.catalyst.coop/stable/core_eia861__yearly_sales.parquet,minority_coverage when the published bundled price covers less than 50% of bundled plus delivery-only customers in the same customer class; the price is not changed,"EIA Electric Sales, Revenue, and Average Price",https://www.eia.gov/electricity/sales_revenue_price/archive/f8612014.zip,2026-08-08,MTC throughout the proposed panel,https://www.nationalgrid.com/document/152396/download,
MTC_NY_NIMO,13573,Niagara Mohawk Power Corp.,Niagara Mohawk (National Grid),NY,2015,MTC,MTC,National Grid plc,United Kingdom,Investor Owned,13.307529,1189904,9157873,1189904,285904,1475808,80.62729027082113,majority_coverage,Reported,Table 6: Utility Bundled Retail Sales - Residential,EIA Table 6 bundled customers match PUDL bundled customers,10.892874,98408,2945264,98408,71998,170406,57.749140288487496,majority_coverage,Reported,Table 7: Utility Bundled Retail Sales - Commercial,EIA Table 7 bundled customers match PUDL bundled customers,6.3485607,569,933232,569,1054,1623,35.05853357979051,minority_coverage,Reported,Table 8: Utility Bundled Retail Sales - Industrial,EIA Table 8 bundled customers match PUDL bundled customers,Derived from reported customer counts,https://s3.us-west-2.amazonaws.com/pudl.catalyst.coop/stable/core_eia861__yearly_sales.parquet,minority_coverage when the published bundled price covers less than 50% of bundled plus delivery-only customers in the same customer class; the price is not changed,"EIA Electric Sales, Revenue, and Average Price",https://www.eia.gov/electricity/sales_revenue_price/archive/f8612015.zip,2026-08-08,MTC throughout the proposed panel,https://www.nationalgrid.com/document/152396/download,
MTC_NY_NIMO,13573,Niagara Mohawk Power Corp.,Niagara Mohawk (National Grid),NY,2016,MTC,MTC,National Grid plc,United Kingdom,Investor Owned,12.075027,1220352,9291884,1220352,264515,1484867,82.185946620135,majority_coverage,Reported,Table 6: Utility Bundled Retail Sales - Residential,EIA Table 6 bundled customers match PUDL bundled customers,9.4945287,102502,3113035,102502,70240,172742,59.33820379525535,majority_coverage,Reported,Table 7: Utility Bundled Retail Sales - Commercial,EIA Table 7 bundled customers match PUDL bundled customers,5.3443608,560,905678,560,1045,1605,34.890965732087224,minority_coverage,Reported,Table 8: Utility Bundled Retail Sales - Industrial,EIA Table 8 bundled customers match PUDL bundled customers,Derived from reported customer counts,https://s3.us-west-2.amazonaws.com/pudl.catalyst.coop/stable/core_eia861__yearly_sales.parquet,minority_coverage when the published bundled price covers less than 50% of bundled plus delivery-only customers in the same customer class; the price is not changed,"EIA Electric Sales, Revenue, and Average Price",https://www.eia.gov/electricity/sales_revenue_price/archive/f8612016.zip,2026-08-08,MTC throughout the proposed panel,https://www.nationalgrid.com/document/152396/download,
MTC_NY_NIMO,13573,Niagara Mohawk Power Corp.,Niagara Mohawk (National Grid),NY,2017,MTC,MTC,National Grid plc,United Kingdom,Investor Owned,12.606772,1243100,9134205,1243100,250597,1493697,83.22303653284435,majority_coverage,Reported,Table 6: Utility Bundled Retail Sales - Residential,EIA Table 6 bundled customers match PUDL bundled customers,9.7338608,105040,3141777,105040,69264,174304,60.26252983293556,majority_coverage,Reported,Table 7: Utility Bundled Retail Sales - Commercial,EIA Table 7 bundled customers match PUDL bundled customers,5.7792619,556,903342,556,1036,1592,34.92462311557789,minority_coverage,Reported,Table 8: Utility Bundled Retail Sales - Industrial,EIA Table 8 bundled customers match PUDL bundled customers,Derived from reported customer counts,https://s3.us-west-2.amazonaws.com/pudl.catalyst.coop/stable/core_eia861__yearly_sales.parquet,minority_coverage when the published bundled price covers less than 50% of bundled plus delivery-only customers in the same customer class; the price is not changed,"EIA Electric Sales, Revenue, and Average Price",https://www.eia.gov/electricity/sales_revenue_price/archive/f8612017.zip,2026-08-08,MTC throughout the proposed panel,https://www.nationalgrid.com/document/152396/download,
MTC_NY_NIMO,13573,Niagara Mohawk Power Corp.,Niagara Mohawk (National Grid),NY,2018,MTC,MTC,National Grid plc,United Kingdom,Investor Owned,12.591437,1269781,9952519,1269781,231640,1501421,84.57194884046513,majority_coverage,Reported,Table 6: Utility Bundled Retail Sales - Residential,EIA Table 6 bundled customers match PUDL bundled customers,9.9869447,107628,3393251,107628,68421,176049,61.13525211730825,majority_coverage,Reported,Table 7: Utility Bundled Retail Sales - Commercial,EIA Table 7 bundled customers match PUDL bundled customers,6.4363868,560,916783,560,1026,1586,35.30895334174023,minority_coverage,Reported,Table 8: Utility Bundled Retail Sales - Industrial,EIA Table 8 bundled customers match PUDL bundled customers,Derived from reported customer counts,https://s3.us-west-2.amazonaws.com/pudl.catalyst.coop/stable/core_eia861__yearly_sales.parquet,minority_coverage when the published bundled price covers less than 50% of bundled plus delivery-only customers in the same customer class; the price is not changed,"EIA Electric Sales, Revenue, and Average Price",https://www.eia.gov/electricity/sales_revenue_price/archive/f8612018.zip,2026-08-08,MTC throughout the proposed panel,https://www.nationalgrid.com/document/152396/download,
MTC_NY_NIMO,13573,Niagara Mohawk Power Corp.,Niagara Mohawk (National Grid),NY,2019,MTC,MTC,National Grid plc,United Kingdom,Investor Owned,12.542832,1285489,9632256,1285489,222218,1507707,85.26119464856235,majority_coverage,Reported,Table 6: Utility Bundled Retail Sales - Residential,EIA Table 6 bundled customers match PUDL bundled customers,8.7868848,110404,3439286,110404,67190,177594,62.166514634503415,majority_coverage,Reported,Table 7: Utility Bundled Retail Sales - Commercial,EIA Table 7 bundled customers match PUDL bundled customers,5.0022881,560,1046711,560,1022,1582,35.39823008849557,minority_coverage,Reported,Table 8: Utility Bundled Retail Sales - Industrial,EIA Table 8 bundled customers match PUDL bundled customers,Derived from reported customer counts,https://s3.us-west-2.amazonaws.com/pudl.catalyst.coop/stable/core_eia861__yearly_sales.parquet,minority_coverage when the published bundled price covers less than 50% of bundled plus delivery-only customers in the same customer class; the price is not changed,"EIA Electric Sales, Revenue, and Average Price",https://www.eia.gov/electricity/sales_revenue_price/archive/f8612019.zip,2026-08-08,MTC throughout the proposed panel,https://www.nationalgrid.com/document/152396/download,
MTC_NY_NIMO,13573,Niagara Mohawk Power Corp.,Niagara Mohawk (National Grid),NY,2020,MTC,MTC,National Grid plc,United Kingdom,Investor Owned,12.640154,1307935,10300885,1307935,206712,1514647,86.35246364334397,majority_coverage,Reported,Table 6: Utility Bundled Retail Sales - Residential,EIA Table 6 bundled customers match PUDL bundled customers,8.600259,112928,3339925,112928,66147,179075,63.06184559542091,majority_coverage,Reported,Table 7: Utility Bundled Retail Sales - Commercial,EIA Table 7 bundled customers match PUDL bundled customers,4.9481663,568,941761,568,1012,1580,35.949367088607595,minority_coverage,Reported,Table 8: Utility Bundled Retail Sales - Industrial,EIA Table 8 bundled customers match PUDL bundled customers,Derived from reported customer counts,https://s3.us-west-2.amazonaws.com/pudl.catalyst.coop/stable/core_eia861__yearly_sales.parquet,minority_coverage when the published bundled price covers less than 50% of bundled plus delivery-only customers in the same customer class; the price is not changed,"EIA Electric Sales, Revenue, and Average Price",https://www.eia.gov/electricity/sales_revenue_price/archive/f8612020.zip,2026-08-08,MTC throughout the proposed panel,https://www.nationalgrid.com/document/152396/download,
MTC_NY_NIMO,13573,Niagara Mohawk Power Corp.,Niagara Mohawk (National Grid),NY,2021,MTC,MTC,National Grid plc,United Kingdom,Investor Owned,14.893209,1341789,10510294,1341789,181452,1523241,88.0877681207373,majority_coverage,Reported,Table 6: Utility Bundled Retail Sales - Residential,EIA Table 6 bundled customers match PUDL bundled customers,10.902965,117461,3703277,117461,63752,181213,64.81930104352337,majority_coverage,Reported,Table 7: Utility Bundled Retail Sales - Commercial,EIA Table 7 bundled customers match PUDL bundled customers,6.5912694,582,958656,582,988,1570,37.07006369426752,minority_coverage,Reported,Table 8: Utility Bundled Retail Sales - Industrial,EIA Table 8 bundled customers match PUDL bundled customers,Derived from reported customer counts,https://s3.us-west-2.amazonaws.com/pudl.catalyst.coop/stable/core_eia861__yearly_sales.parquet,minority_coverage when the published bundled price covers less than 50% of bundled plus delivery-only customers in the same customer class; the price is not changed,"EIA Electric Sales, Revenue, and Average Price",https://www.eia.gov/electricity/sales_revenue_price/archive/f8612021.zip,2026-08-08,MTC throughout the proposed panel,https://www.nationalgrid.com/document/152396/download,
MTC_NY_NIMO,13573,Niagara Mohawk Power Corp.,Niagara Mohawk (National Grid),NY,2022,MTC,MTC,National Grid plc,United Kingdom,Investor Owned,18.643349,1379221,10679796,1379221,145403,1524624,90.46302563779659,majority_coverage,Reported,Table 6: Utility Bundled Retail Sales - Residential,EIA Table 6 bundled customers match PUDL bundled customers,14.238739,122483,3884844,122483,60248,182731,67.02913025157198,majority_coverage,Reported,Table 7: Utility Bundled Retail Sales - Commercial,EIA Table 7 bundled customers match PUDL bundled customers,9.3450865,602,824460,602,966,1568,38.392857142857146,minority_coverage,Reported,Table 8: Utility Bundled Retail Sales - Industrial,EIA Table 8 bundled customers match PUDL bundled customers,Derived from reported customer counts,https://s3.us-west-2.amazonaws.com/pudl.catalyst.coop/stable/core_eia861__yearly_sales.parquet,minority_coverage when the published bundled price covers less than 50% of bundled plus delivery-only customers in the same customer class; the price is not changed,"EIA Electric Sales, Revenue, and Average Price",https://www.eia.gov/electricity/sales_revenue_price/archive/f8612022.zip,2026-08-08,MTC throughout the proposed panel,https://www.nationalgrid.com/document/152396/download,
MTC_NY_NIMO,13573,Niagara Mohawk Power Corp.,Niagara Mohawk (National Grid),NY,2023,MTC,MTC,National Grid plc,United Kingdom,Investor Owned,16.974024,1416116,10750064,1416116,110614,1526730,92.7548420480373,majority_coverage,Reported,Table 6: Utility Bundled Retail Sales - Residential,EIA Table 6 bundled customers match PUDL bundled customers,11.401853,125987,3745529,125987,57771,183758,68.5613687567344,majority_coverage,Reported,Table 7: Utility Bundled Retail Sales - Commercial,EIA Table 7 bundled customers match PUDL bundled customers,6.7760342,611,830868,611,949,1560,39.166666666666664,minority_coverage,Reported,Table 8: Utility Bundled Retail Sales - Industrial,EIA Table 8 bundled customers match PUDL bundled customers,Derived from reported customer counts,https://s3.us-west-2.amazonaws.com/pudl.catalyst.coop/stable/core_eia861__yearly_sales.parquet,minority_coverage when the published bundled price covers less than 50% of bundled plus delivery-only customers in the same customer class; the price is not changed,"EIA Electric Sales, Revenue, and Average Price",https://www.eia.gov/electricity/sales_revenue_price/archive/f8612023.zip,2026-08-08,MTC throughout the proposed panel,https://www.nationalgrid.com/document/152396/download,
MTC_NY_NIMO,13573,Niagara Mohawk Power Corp.,Niagara Mohawk (National Grid),NY,2024,MTC,MTC,National Grid plc,United Kingdom,Investor Owned,17.222104,1430208,10935613,1430208,102086,1532294,93.33770151158981,majority_coverage,Reported,Table 6: Utility Bundled Retail Sales - Residential,EIA Table 6 bundled customers match PUDL bundled customers,10.42868,129036,3963116,129036,56036,185072,69.72205411947782,majority_coverage,Reported,Table 7: Utility Bundled Retail Sales - Commercial,EIA Table 7 bundled customers match PUDL bundled customers,5.9980794,622,1442245,622,932,1554,40.02574002574003,minority_coverage,Reported,Table 8: Utility Bundled Retail Sales - Industrial,EIA Table 8 bundled customers match PUDL bundled customers,Derived from reported customer counts,https://s3.us-west-2.amazonaws.com/pudl.catalyst.coop/stable/core_eia861__yearly_sales.parquet,minority_coverage when the published bundled price covers less than 50% of bundled plus delivery-only customers in the same customer class; the price is not changed,"EIA Electric Sales, Revenue, and Average Price",https://www.eia.gov/electricity/sales_revenue_price/xls/f8612024.zip,2026-08-08,MTC throughout the proposed panel,https://www.nationalgrid.com/document/152396/download,
MTC_NY_NYSEG,13511,New York State Elec & Gas Corp,NYSEG,NY,2013,MTC,MTC,Avangrid / Iberdrola S.A.,Spain,Investor Owned,11.675316,574429,4949765,574429,187235,761664,75.41763822367868,majority_coverage,Reported,Table 6: Utility Bundled Retail Sales - Residential,EIA Table 6 bundled customers match PUDL bundled customers,11.515487,69136,1438211,69136,48703,117839,58.669880090632134,majority_coverage,Reported,Table 7: Utility Bundled Retail Sales - Commercial,EIA Table 7 bundled customers match PUDL bundled customers,5.9777871,758,323235,758,1397,2155,35.17401392111369,minority_coverage,Reported,Table 8: Utility Bundled Retail Sales - Industrial,EIA Table 8 bundled customers match PUDL bundled customers,Derived from reported customer counts,https://s3.us-west-2.amazonaws.com/pudl.catalyst.coop/stable/core_eia861__yearly_sales.parquet,minority_coverage when the published bundled price covers less than 50% of bundled plus delivery-only customers in the same customer class; the price is not changed,"EIA Electric Sales, Revenue, and Average Price",https://www.eia.gov/electricity/sales_revenue_price/archive/f8612013.zip,2026-08-08,MTC throughout the proposed panel,https://www.avangrid.com/aboutus/companyprofile,
MTC_NY_NYSEG,13511,New York State Elec & Gas Corp,NYSEG,NY,2014,MTC,MTC,Avangrid / Iberdrola S.A.,Spain,Investor Owned,13.009419,583185,5015098,583185,180404,763589,76.37420130462854,majority_coverage,Reported,Table 6: Utility Bundled Retail Sales - Residential,EIA Table 6 bundled customers match PUDL bundled customers,13.04886,69443,1413210,69443,48422,117865,58.91740550629958,majority_coverage,Reported,Table 7: Utility Bundled Retail Sales - Commercial,EIA Table 7 bundled customers match PUDL bundled customers,8.8112721,725,192298,725,1377,2102,34.490960989533775,minority_coverage,Reported,Table 8: Utility Bundled Retail Sales - Industrial,EIA Table 8 bundled customers match PUDL bundled customers,Derived from reported customer counts,https://s3.us-west-2.amazonaws.com/pudl.catalyst.coop/stable/core_eia861__yearly_sales.parquet,minority_coverage when the published bundled price covers less than 50% of bundled plus delivery-only customers in the same customer class; the price is not changed,"EIA Electric Sales, Revenue, and Average Price",https://www.eia.gov/electricity/sales_revenue_price/archive/f8612014.zip,2026-08-08,MTC throughout the proposed panel,https://www.avangrid.com/aboutus/companyprofile,
MTC_NY_NYSEG,13511,New York State Elec & Gas Corp,NYSEG,NY,2015,MTC,MTC,Avangrid / Iberdrola S.A.,Spain,Investor Owned,11.995675,597341,5167329,597341,166909,764250,78.16041871115473,majority_coverage,Reported,Table 6: Utility Bundled Retail Sales - Residential,EIA Table 6 bundled customers match PUDL bundled customers,11.414518,70993,1364889,70993,47146,118139,60.09277207357435,majority_coverage,Reported,Table 7: Utility Bundled Retail Sales - Commercial,EIA Table 7 bundled customers match PUDL bundled customers,7.2063733,682,172847,682,1266,1948,35.01026694045174,minority_coverage,Reported,Table 8: Utility Bundled Retail Sales - Industrial,EIA Table 8 bundled customers match PUDL bundled customers,Derived from reported customer counts,https://s3.us-west-2.amazonaws.com/pudl.catalyst.coop/stable/core_eia861__yearly_sales.parquet,minority_coverage when the published bundled price covers less than 50% of bundled plus delivery-only customers in the same customer class; the price is not changed,"EIA Electric Sales, Revenue, and Average Price",https://www.eia.gov/electricity/sales_revenue_price/archive/f8612015.zip,2026-08-08,MTC throughout the proposed panel,https://www.avangrid.com/aboutus/companyprofile,
MTC_NY_NYSEG,13511,New York State Elec & Gas Corp,NYSEG,NY,2016,MTC,MTC,Avangrid / Iberdrola S.A.,Spain,Investor Owned,11.497309,608584,5123827,608584,158370,766954,79.35078244588333,majority_coverage,Reported,Table 6: Utility Bundled Retail Sales - Residential,EIA Table 6 bundled customers match PUDL bundled customers,10.358175,73348,1416262,73348,46882,120230,61.0064043915828,majority_coverage,Reported,Table 7: Utility Bundled Retail Sales - Commercial,EIA Table 7 bundled customers match PUDL bundled customers,6.5599981,700,164122,700,1280,1980,35.35353535353536,minority_coverage,Reported,Table 8: Utility Bundled Retail Sales - Industrial,EIA Table 8 bundled customers match PUDL bundled customers,Derived from reported customer counts,https://s3.us-west-2.amazonaws.com/pudl.catalyst.coop/stable/core_eia861__yearly_sales.parquet,minority_coverage when the published bundled price covers less than 50% of bundled plus delivery-only customers in the same customer class; the price is not changed,"EIA Electric Sales, Revenue, and Average Price",https://www.eia.gov/electricity/sales_revenue_price/archive/f8612016.zip,2026-08-08,MTC throughout the proposed panel,https://www.avangrid.com/aboutus/companyprofile,
MTC_NY_NYSEG,13511,New York State Elec & Gas Corp,NYSEG,NY,2017,MTC,MTC,Avangrid / Iberdrola S.A.,Spain,Investor Owned,11.930874,622558,5160517,622558,148970,771528,80.69156271710165,majority_coverage,Reported,Table 6: Utility Bundled Retail Sales - Residential,EIA Table 6 bundled customers match PUDL bundled customers,10.269409,74565,1490487,74565,45768,120333,61.965545610929674,majority_coverage,Reported,Table 7: Utility Bundled Retail Sales - Commercial,EIA Table 7 bundled customers match PUDL bundled customers,6.5562629,687,148908,687,1235,1922,35.74401664932362,minority_coverage,Reported,Table 8: Utility Bundled Retail Sales - Industrial,EIA Table 8 bundled customers match PUDL bundled customers,Derived from reported customer counts,https://s3.us-west-2.amazonaws.com/pudl.catalyst.coop/stable/core_eia861__yearly_sales.parquet,minority_coverage when the published bundled price covers less than 50% of bundled plus delivery-only customers in the same customer class; the price is not changed,"EIA Electric Sales, Revenue, and Average Price",https://www.eia.gov/electricity/sales_revenue_price/archive/f8612017.zip,2026-08-08,MTC throughout the proposed panel,https://www.avangrid.com/aboutus/companyprofile,
MTC_NY_NYSEG,13511,New York State Elec & Gas Corp,NYSEG,NY,2018,MTC,MTC,Avangrid / Iberdrola S.A.,Spain,Investor Owned,12.52517,642348,5636726,642348,133673,776021,82.77456409040477,majority_coverage,Reported,Table 6: Utility Bundled Retail Sales - Residential,EIA Table 6 bundled customers match PUDL bundled customers,11.132992,75867,1539719,75867,44946,120813,62.79704998634253,majority_coverage,Reported,Table 7: Utility Bundled Retail Sales - Commercial,EIA Table 7 bundled customers match PUDL bundled customers,9.3363732,653,101759,653,1199,1852,35.259179265658744,minority_coverage,Reported,Table 8: Utility Bundled Retail Sales - Industrial,EIA Table 8 bundled customers match PUDL bundled customers,Derived from reported customer counts,https://s3.us-west-2.amazonaws.com/pudl.catalyst.coop/stable/core_eia861__yearly_sales.parquet,minority_coverage when the published bundled price covers less than 50% of bundled plus delivery-only customers in the same customer class; the price is not changed,"EIA Electric Sales, Revenue, and Average Price",https://www.eia.gov/electricity/sales_revenue_price/archive/f8612018.zip,2026-08-08,MTC throughout the proposed panel,https://www.avangrid.com/aboutus/companyprofile,
MTC_NY_NYSEG,13511,New York State Elec & Gas Corp,NYSEG,NY,2019,MTC,MTC,Avangrid / Iberdrola S.A.,Spain,Investor Owned,11.386247,649945,5588259,649945,128303,778248,83.51386704495225,majority_coverage,Reported,Table 6: Utility Bundled Retail Sales - Residential,EIA Table 6 bundled customers match PUDL bundled customers,9.6231178,78268,1601694,78268,44287,122555,63.863571457712865,majority_coverage,Reported,Table 7: Utility Bundled Retail Sales - Commercial,EIA Table 7 bundled customers match PUDL bundled customers,7.4168158,608,102273,608,1182,1790,33.96648044692738,minority_coverage,Reported,Table 8: Utility Bundled Retail Sales - Industrial,EIA Table 8 bundled customers match PUDL bundled customers,Derived from reported customer counts,https://s3.us-west-2.amazonaws.com/pudl.catalyst.coop/stable/core_eia861__yearly_sales.parquet,minority_coverage when the published bundled price covers less than 50% of bundled plus delivery-only customers in the same customer class; the price is not changed,"EIA Electric Sales, Revenue, and Average Price",https://www.eia.gov/electricity/sales_revenue_price/archive/f8612019.zip,2026-08-08,MTC throughout the proposed panel,https://www.avangrid.com/aboutus/companyprofile,
MTC_NY_NYSEG,13511,New York State Elec & Gas Corp,NYSEG,NY,2020,MTC,MTC,Avangrid / Iberdrola S.A.,Spain,Investor Owned,11.490268,656837,5841290,656837,125533,782370,83.95477842964327,majority_coverage,Reported,Table 6: Utility Bundled Retail Sales - Residential,EIA Table 6 bundled customers match PUDL bundled customers,9.6621609,78979,1504888,78979,44260,123239,64.08604419055656,majority_coverage,Reported,Table 7: Utility Bundled Retail Sales - Commercial,EIA Table 7 bundled customers match PUDL bundled customers,7.4740557,590,105418,590,1138,1728,34.14351851851852,minority_coverage,Reported,Table 8: Utility Bundled Retail Sales - Industrial,EIA Table 8 bundled customers match PUDL bundled customers,Derived from reported customer counts,https://s3.us-west-2.amazonaws.com/pudl.catalyst.coop/stable/core_eia861__yearly_sales.parquet,minority_coverage when the published bundled price covers less than 50% of bundled plus delivery-only customers in the same customer class; the price is not changed,"EIA Electric Sales, Revenue, and Average Price",https://www.eia.gov/electricity/sales_revenue_price/archive/f8612020.zip,2026-08-08,MTC throughout the proposed panel,https://www.avangrid.com/aboutus/companyprofile,
MTC_NY_NYSEG,13511,New York State Elec & Gas Corp,NYSEG,NY,2021,MTC,MTC,Avangrid / Iberdrola S.A.,Spain,Investor Owned,12.90823,678499,6074761,678499,108511,787010,86.21224635010991,majority_coverage,Reported,Table 6: Utility Bundled Retail Sales - Residential,EIA Table 6 bundled customers match PUDL bundled customers,11.91067,82179,1621703,82179,42769,124948,65.77056055319012,majority_coverage,Reported,Table 7: Utility Bundled Retail Sales - Commercial,EIA Table 7 bundled customers match PUDL bundled customers,9.5275071,576,112171,576,1097,1673,34.42916915720263,minority_coverage,Reported,Table 8: Utility Bundled Retail Sales - Industrial,EIA Table 8 bundled customers match PUDL bundled customers,Derived from reported customer counts,https://s3.us-west-2.amazonaws.com/pudl.catalyst.coop/stable/core_eia861__yearly_sales.parquet,minority_coverage when the published bundled price covers less than 50% of bundled plus delivery-only customers in the same customer class; the price is not changed,"EIA Electric Sales, Revenue, and Average Price",https://www.eia.gov/electricity/sales_revenue_price/archive/f8612021.zip,2026-08-08,MTC throughout the proposed panel,https://www.avangrid.com/aboutus/companyprofile,
MTC_NY_NYSEG,13511,New York State Elec & Gas Corp,NYSEG,NY,2022,MTC,MTC,Avangrid / Iberdrola S.A.,Spain,Investor Owned,15.695361,700370,6188500,700370,88750,789120,88.75329480940795,majority_coverage,Reported,Table 6: Utility Bundled Retail Sales - Residential,EIA Table 6 bundled customers match PUDL bundled customers,15.373511,85380,1699440,85380,40400,125780,67.8804261408809,majority_coverage,Reported,Table 7: Utility Bundled Retail Sales - Commercial,EIA Table 7 bundled customers match PUDL bundled customers,12.829901,578,108707,578,1042,1620,35.67901234567901,minority_coverage,Reported,Table 8: Utility Bundled Retail Sales - Industrial,EIA Table 8 bundled customers match PUDL bundled customers,Derived from reported customer counts,https://s3.us-west-2.amazonaws.com/pudl.catalyst.coop/stable/core_eia861__yearly_sales.parquet,minority_coverage when the published bundled price covers less than 50% of bundled plus delivery-only customers in the same customer class; the price is not changed,"EIA Electric Sales, Revenue, and Average Price",https://www.eia.gov/electricity/sales_revenue_price/archive/f8612022.zip,2026-08-08,MTC throughout the proposed panel,https://www.avangrid.com/aboutus/companyprofile,
MTC_NY_NYSEG,13511,New York State Elec & Gas Corp,NYSEG,NY,2023,MTC,MTC,Avangrid / Iberdrola S.A.,Spain,Investor Owned,15.529676,723220,6169049,723220,68544,791764,91.34287489706529,majority_coverage,Reported,Table 6: Utility Bundled Retail Sales - Residential,EIA Table 6 bundled customers match PUDL bundled customers,13.310948,87138,1739668,87138,38673,125811,69.26103440875599,majority_coverage,Reported,Table 7: Utility Bundled Retail Sales - Commercial,EIA Table 7 bundled customers match PUDL bundled customers,8.9282147,563,92108,563,1000,1563,36.02047344849648,minority_coverage,Reported,Table 8: Utility Bundled Retail Sales - Industrial,EIA Table 8 bundled customers match PUDL bundled customers,Derived from reported customer counts,https://s3.us-west-2.amazonaws.com/pudl.catalyst.coop/stable/core_eia861__yearly_sales.parquet,minority_coverage when the published bundled price covers less than 50% of bundled plus delivery-only customers in the same customer class; the price is not changed,"EIA Electric Sales, Revenue, and Average Price",https://www.eia.gov/electricity/sales_revenue_price/archive/f8612023.zip,2026-08-08,MTC throughout the proposed panel,https://www.avangrid.com/aboutus/companyprofile,
MTC_NY_NYSEG,13511,New York State Elec & Gas Corp,NYSEG,NY,2024,MTC,MTC,Avangrid / Iberdrola S.A.,Spain,Investor Owned,18.320617,735192,6375673,735192,57108,792300,92.79212419538054,majority_coverage,Reported,Table 6: Utility Bundled Retail Sales - Residential,EIA Table 6 bundled customers match PUDL bundled customers,14.957555,90322,1914373,90322,37245,127567,70.80357772778227,majority_coverage,Reported,Table 7: Utility Bundled Retail Sales - Commercial,EIA Table 7 bundled customers match PUDL bundled customers,12.46572,543,83140,543,957,1500,36.2,minority_coverage,Reported,Table 8: Utility Bundled Retail Sales - Industrial,EIA Table 8 bundled customers match PUDL bundled customers,Derived from reported customer counts,https://s3.us-west-2.amazonaws.com/pudl.catalyst.coop/stable/core_eia861__yearly_sales.parquet,minority_coverage when the published bundled price covers less than 50% of bundled plus delivery-only customers in the same customer class; the price is not changed,"EIA Electric Sales, Revenue, and Average Price",https://www.eia.gov/electricity/sales_revenue_price/xls/f8612024.zip,2026-08-08,MTC throughout the proposed panel,https://www.avangrid.com/aboutus/companyprofile,
MTC_NY_RGE,16183,Rochester Gas & Electric Corp,Rochester Gas & Electric,NY,2013,MTC,MTC,Avangrid / Iberdrola S.A.,Spain,Investor Owned,13.3108,246295,1921297,246295,83885,330180,74.59416076079714,majority_coverage,Reported,Table 6: Utility Bundled Retail Sales - Residential,EIA Table 6 bundled customers match PUDL bundled customers,13.039684,20991,601602,20991,18639,39630,52.96744890234671,majority_coverage,Reported,Table 7: Utility Bundled Retail Sales - Commercial,EIA Table 7 bundled customers match PUDL bundled customers,11.714802,314,70842,314,579,893,35.162374020156776,minority_coverage,Reported,Table 8: Utility Bundled Retail Sales - Industrial,EIA Table 8 bundled customers match PUDL bundled customers,Derived from reported customer counts,https://s3.us-west-2.amazonaws.com/pudl.catalyst.coop/stable/core_eia861__yearly_sales.parquet,minority_coverage when the published bundled price covers less than 50% of bundled plus delivery-only customers in the same customer class; the price is not changed,"EIA Electric Sales, Revenue, and Average Price",https://www.eia.gov/electricity/sales_revenue_price/archive/f8612013.zip,2026-08-08,MTC throughout the proposed panel,https://www.avangrid.com/aboutus/companyprofile,
MTC_NY_RGE,16183,Rochester Gas & Electric Corp,Rochester Gas & Electric,NY,2014,MTC,MTC,Avangrid / Iberdrola S.A.,Spain,Investor Owned,14.221115,253092,1946739,253092,78275,331367,76.37815473478047,majority_coverage,Reported,Table 6: Utility Bundled Retail Sales - Residential,EIA Table 6 bundled customers match PUDL bundled customers,13.504697,21250,611565,21250,18759,40009,53.113049563848136,majority_coverage,Reported,Table 7: Utility Bundled Retail Sales - Commercial,EIA Table 7 bundled customers match PUDL bundled customers,12.069216,293,61835,293,568,861,34.03019744483159,minority_coverage,Reported,Table 8: Utility Bundled Retail Sales - Industrial,EIA Table 8 bundled customers match PUDL bundled customers,Derived from reported customer counts,https://s3.us-west-2.amazonaws.com/pudl.catalyst.coop/stable/core_eia861__yearly_sales.parquet,minority_coverage when the published bundled price covers less than 50% of bundled plus delivery-only customers in the same customer class; the price is not changed,"EIA Electric Sales, Revenue, and Average Price",https://www.eia.gov/electricity/sales_revenue_price/archive/f8612014.zip,2026-08-08,MTC throughout the proposed panel,https://www.avangrid.com/aboutus/companyprofile,
MTC_NY_RGE,16183,Rochester Gas & Electric Corp,Rochester Gas & Electric,NY,2015,MTC,MTC,Avangrid / Iberdrola S.A.,Spain,Investor Owned,13.072587,261440,2015852,261440,71316,332756,78.56807991441175,majority_coverage,Reported,Table 6: Utility Bundled Retail Sales - Residential,EIA Table 6 bundled customers match PUDL bundled customers,12.30968,21193,541850,21193,19022,40215,52.69924157652617,majority_coverage,Reported,Table 7: Utility Bundled Retail Sales - Commercial,EIA Table 7 bundled customers match PUDL bundled customers,10.504544,282,47865,282,559,841,33.53151010701546,minority_coverage,Reported,Table 8: Utility Bundled Retail Sales - Industrial,EIA Table 8 bundled customers match PUDL bundled customers,Derived from reported customer counts,https://s3.us-west-2.amazonaws.com/pudl.catalyst.coop/stable/core_eia861__yearly_sales.parquet,minority_coverage when the published bundled price covers less than 50% of bundled plus delivery-only customers in the same customer class; the price is not changed,"EIA Electric Sales, Revenue, and Average Price",https://www.eia.gov/electricity/sales_revenue_price/archive/f8612015.zip,2026-08-08,MTC throughout the proposed panel,https://www.avangrid.com/aboutus/companyprofile,
MTC_NY_RGE,16183,Rochester Gas & Electric Corp,Rochester Gas & Electric,NY,2016,MTC,MTC,Avangrid / Iberdrola S.A.,Spain,Investor Owned,12.71526,270864,2152350,270864,63886,334750,80.91530993278566,majority_coverage,Reported,Table 6: Utility Bundled Retail Sales - Residential,EIA Table 6 bundled customers match PUDL bundled customers,11.800714,21958,537670,21958,18375,40333,54.44177224605162,majority_coverage,Reported,Table 7: Utility Bundled Retail Sales - Commercial,EIA Table 7 bundled customers match PUDL bundled customers,9.8248028,300,48688,300,529,829,36.18817852834741,minority_coverage,Reported,Table 8: Utility Bundled Retail Sales - Industrial,EIA Table 8 bundled customers match PUDL bundled customers,Derived from reported customer counts,https://s3.us-west-2.amazonaws.com/pudl.catalyst.coop/stable/core_eia861__yearly_sales.parquet,minority_coverage when the published bundled price covers less than 50% of bundled plus delivery-only customers in the same customer class; the price is not changed,"EIA Electric Sales, Revenue, and Average Price",https://www.eia.gov/electricity/sales_revenue_price/archive/f8612016.zip,2026-08-08,MTC throughout the proposed panel,https://www.avangrid.com/aboutus/companyprofile,
MTC_NY_RGE,16183,Rochester Gas & Electric Corp,Rochester Gas & Electric,NY,2017,MTC,MTC,Avangrid / Iberdrola S.A.,Spain,Investor Owned,13.513321,279183,2132418,279183,57853,337036,82.83477135973605,majority_coverage,Reported,Table 6: Utility Bundled Retail Sales - Residential,EIA Table 6 bundled customers match PUDL bundled customers,12.257826,22538,534399,22538,18031,40569,55.55473391012843,majority_coverage,Reported,Table 7: Utility Bundled Retail Sales - Commercial,EIA Table 7 bundled customers match PUDL bundled customers,10.902621,294,43418,294,510,804,36.56716417910448,minority_coverage,Reported,Table 8: Utility Bundled Retail Sales - Industrial,EIA Table 8 bundled customers match PUDL bundled customers,Derived from reported customer counts,https://s3.us-west-2.amazonaws.com/pudl.catalyst.coop/stable/core_eia861__yearly_sales.parquet,minority_coverage when the published bundled price covers less than 50% of bundled plus delivery-only customers in the same customer class; the price is not changed,"EIA Electric Sales, Revenue, and Average Price",https://www.eia.gov/electricity/sales_revenue_price/archive/f8612017.zip,2026-08-08,MTC throughout the proposed panel,https://www.avangrid.com/aboutus/companyprofile,
MTC_NY_RGE,16183,Rochester Gas & Electric Corp,Rochester Gas & Electric,NY,2018,MTC,MTC,Avangrid / Iberdrola S.A.,Spain,Investor Owned,13.976534,290274,2351870,290274,49651,339925,85.39354269324116,majority_coverage,Reported,Table 6: Utility Bundled Retail Sales - Residential,EIA Table 6 bundled customers match PUDL bundled customers,13.168932,22898,578545,22898,17727,40625,56.36430769230769,majority_coverage,Reported,Table 7: Utility Bundled Retail Sales - Commercial,EIA Table 7 bundled customers match PUDL bundled customers,13.061717,289,37283,289,487,776,37.24226804123711,minority_coverage,Reported,Table 8: Utility Bundled Retail Sales - Industrial,EIA Table 8 bundled customers match PUDL bundled customers,Derived from reported customer counts,https://s3.us-west-2.amazonaws.com/pudl.catalyst.coop/stable/core_eia861__yearly_sales.parquet,minority_coverage when the published bundled price covers less than 50% of bundled plus delivery-only customers in the same customer class; the price is not changed,"EIA Electric Sales, Revenue, and Average Price",https://www.eia.gov/electricity/sales_revenue_price/archive/f8612018.zip,2026-08-08,MTC throughout the proposed panel,https://www.avangrid.com/aboutus/companyprofile,
MTC_NY_RGE,16183,Rochester Gas & Electric Corp,Rochester Gas & Electric,NY,2019,MTC,MTC,Avangrid / Iberdrola S.A.,Spain,Investor Owned,12.850189,296612,2293322,296612,45046,341658,86.81547044120144,majority_coverage,Reported,Table 6: Utility Bundled Retail Sales - Residential,EIA Table 6 bundled customers match PUDL bundled customers,11.40632,23505,634628,23505,17631,41136,57.13973162193699,majority_coverage,Reported,Table 7: Utility Bundled Retail Sales - Commercial,EIA Table 7 bundled customers match PUDL bundled customers,10.879224,279,42492,279,468,747,37.34939759036145,minority_coverage,Reported,Table 8: Utility Bundled Retail Sales - Industrial,EIA Table 8 bundled customers match PUDL bundled customers,Derived from reported customer counts,https://s3.us-west-2.amazonaws.com/pudl.catalyst.coop/stable/core_eia861__yearly_sales.parquet,minority_coverage when the published bundled price covers less than 50% of bundled plus delivery-only customers in the same customer class; the price is not changed,"EIA Electric Sales, Revenue, and Average Price",https://www.eia.gov/electricity/sales_revenue_price/archive/f8612019.zip,2026-08-08,MTC throughout the proposed panel,https://www.avangrid.com/aboutus/companyprofile,
MTC_NY_RGE,16183,Rochester Gas & Electric Corp,Rochester Gas & Electric,NY,2020,MTC,MTC,Avangrid / Iberdrola S.A.,Spain,Investor Owned,12.607443,302686,2474727,302686,41523,344209,87.93668962752281,majority_coverage,Reported,Table 6: Utility Bundled Retail Sales - Residential,EIA Table 6 bundled customers match PUDL bundled customers,10.88392,23411,630634,23411,17521,40932,57.19485976741913,majority_coverage,Reported,Table 7: Utility Bundled Retail Sales - Commercial,EIA Table 7 bundled customers match PUDL bundled customers,10.019286,276,42517,276,457,733,37.653478854024556,minority_coverage,Reported,Table 8: Utility Bundled Retail Sales - Industrial,EIA Table 8 bundled customers match PUDL bundled customers,Derived from reported customer counts,https://s3.us-west-2.amazonaws.com/pudl.catalyst.coop/stable/core_eia861__yearly_sales.parquet,minority_coverage when the published bundled price covers less than 50% of bundled plus delivery-only customers in the same customer class; the price is not changed,"EIA Electric Sales, Revenue, and Average Price",https://www.eia.gov/electricity/sales_revenue_price/archive/f8612020.zip,2026-08-08,MTC throughout the proposed panel,https://www.avangrid.com/aboutus/companyprofile,
MTC_NY_RGE,16183,Rochester Gas & Electric Corp,Rochester Gas & Electric,NY,2021,MTC,MTC,Avangrid / Iberdrola S.A.,Spain,Investor Owned,13.53733,287962,2398911,287962,58862,346824,83.02827947316219,majority_coverage,Reported,Table 6: Utility Bundled Retail Sales - Residential,EIA Table 6 bundled customers match PUDL bundled customers,12.452053,22330,698272,22330,18818,41148,54.26752211529114,majority_coverage,Reported,Table 7: Utility Bundled Retail Sales - Commercial,EIA Table 7 bundled customers match PUDL bundled customers,12.794646,260,37876,260,455,715,36.36363636363637,minority_coverage,Reported,Table 8: Utility Bundled Retail Sales - Industrial,EIA Table 8 bundled customers match PUDL bundled customers,Derived from reported customer counts,https://s3.us-west-2.amazonaws.com/pudl.catalyst.coop/stable/core_eia861__yearly_sales.parquet,minority_coverage when the published bundled price covers less than 50% of bundled plus delivery-only customers in the same customer class; the price is not changed,"EIA Electric Sales, Revenue, and Average Price",https://www.eia.gov/electricity/sales_revenue_price/archive/f8612021.zip,2026-08-08,MTC throughout the proposed panel,https://www.avangrid.com/aboutus/companyprofile,
MTC_NY_RGE,16183,Rochester Gas & Electric Corp,Rochester Gas & Electric,NY,2022,MTC,MTC,Avangrid / Iberdrola S.A.,Spain,Investor Owned,15.788978,276292,2276305,276292,72648,348940,79.18037484954434,majority_coverage,Reported,Table 6: Utility Bundled Retail Sales - Residential,EIA Table 6 bundled customers match PUDL bundled customers,15.604324,20893,727772,20893,19934,40827,51.174467876650255,majority_coverage,Reported,Table 7: Utility Bundled Retail Sales - Commercial,EIA Table 7 bundled customers match PUDL bundled customers,16.642816,222,36897,222,466,688,32.26744186046512,minority_coverage,Reported,Table 8: Utility Bundled Retail Sales - Industrial,EIA Table 8 bundled customers match PUDL bundled customers,Derived from reported customer counts,https://s3.us-west-2.amazonaws.com/pudl.catalyst.coop/stable/core_eia861__yearly_sales.parquet,minority_coverage when the published bundled price covers less than 50% of bundled plus delivery-only customers in the same customer class; the price is not changed,"EIA Electric Sales, Revenue, and Average Price",https://www.eia.gov/electricity/sales_revenue_price/archive/f8612022.zip,2026-08-08,MTC throughout the proposed panel,https://www.avangrid.com/aboutus/companyprofile,
MTC_NY_RGE,16183,Rochester Gas & Electric Corp,Rochester Gas & Electric,NY,2023,MTC,MTC,Avangrid / Iberdrola S.A.,Spain,Investor Owned,16.133144,290313,2334938,290313,60235,350548,82.81690381916314,majority_coverage,Reported,Table 6: Utility Bundled Retail Sales - Residential,EIA Table 6 bundled customers match PUDL bundled customers,12.957993,21087,725066,21087,19328,40415,52.176172213287145,majority_coverage,Reported,Table 7: Utility Bundled Retail Sales - Commercial,EIA Table 7 bundled customers match PUDL bundled customers,11.952742,222,36354,222,429,651,34.10138248847926,minority_coverage,Reported,Table 8: Utility Bundled Retail Sales - Industrial,EIA Table 8 bundled customers match PUDL bundled customers,Derived from reported customer counts,https://s3.us-west-2.amazonaws.com/pudl.catalyst.coop/stable/core_eia861__yearly_sales.parquet,minority_coverage when the published bundled price covers less than 50% of bundled plus delivery-only customers in the same customer class; the price is not changed,"EIA Electric Sales, Revenue, and Average Price",https://www.eia.gov/electricity/sales_revenue_price/archive/f8612023.zip,2026-08-08,MTC throughout the proposed panel,https://www.avangrid.com/aboutus/companyprofile,
MTC_NY_RGE,16183,Rochester Gas & Electric Corp,Rochester Gas & Electric,NY,2024,MTC,MTC,Avangrid / Iberdrola S.A.,Spain,Investor Owned,18.761332,294053,2393943,294053,57428,351481,83.66113673285327,majority_coverage,Reported,Table 6: Utility Bundled Retail Sales - Residential,EIA Table 6 bundled customers match PUDL bundled customers,14.837276,21739,696117,21739,18488,40227,54.04081835583066,majority_coverage,Reported,Table 7: Utility Bundled Retail Sales - Commercial,EIA Table 7 bundled customers match PUDL bundled customers,12.984571,227,44137,227,407,634,35.80441640378549,minority_coverage,Reported,Table 8: Utility Bundled Retail Sales - Industrial,EIA Table 8 bundled customers match PUDL bundled customers,Derived from reported customer counts,https://s3.us-west-2.amazonaws.com/pudl.catalyst.coop/stable/core_eia861__yearly_sales.parquet,minority_coverage when the published bundled price covers less than 50% of bundled plus delivery-only customers in the same customer class; the price is not changed,"EIA Electric Sales, Revenue, and Average Price",https://www.eia.gov/electricity/sales_revenue_price/xls/f8612024.zip,2026-08-08,MTC throughout the proposed panel,https://www.avangrid.com/aboutus/companyprofile,
MTC_VT_GMP,7601,Green Mountain Power Corp,Green Mountain Power,VT,2013,MTC,MTC,Energir L.P.,Canada,Investor Owned,17.080882,220367,1556518,220367,0,220367,100.0,majority_coverage,Reported,Table 6: Utility Bundled Retail Sales - Residential,EIA Table 6 bundled customers match PUDL bundled customers,14.499857,38438,1560705,38438,0,38438,100.0,majority_coverage,Reported,Table 7: Utility Bundled Retail Sales - Commercial,EIA Table 7 bundled customers match PUDL bundled customers,10.458238,67,1178382,67,0,67,100.0,majority_coverage,Reported,Table 8: Utility Bundled Retail Sales - Industrial,EIA Table 8 bundled customers match PUDL bundled customers,Derived from reported customer counts,https://s3.us-west-2.amazonaws.com/pudl.catalyst.coop/stable/core_eia861__yearly_sales.parquet,minority_coverage when the published bundled price covers less than 50% of bundled plus delivery-only customers in the same customer class; the price is not changed,"EIA Electric Sales, Revenue, and Average Price",https://www.eia.gov/electricity/sales_revenue_price/archive/f8612013.zip,2026-08-08,MTC throughout the proposed panel,https://energir.com/en/about/the-company/who-we-are/our-subsidiaries,
MTC_VT_GMP,7601,Green Mountain Power Corp,Green Mountain Power,VT,2014,MTC,MTC,Energir L.P.,Canada,Investor Owned,17.444412,219910,1551471,219910,0,219910,100.0,majority_coverage,Reported,Table 6: Utility Bundled Retail Sales - Residential,EIA Table 6 bundled customers match PUDL bundled customers,14.409449,38953,1572378,38953,0,38953,100.0,majority_coverage,Reported,Table 7: Utility Bundled Retail Sales - Commercial,EIA Table 7 bundled customers match PUDL bundled customers,9.7264459,65,1157833,65,0,65,100.0,majority_coverage,Reported,Table 8: Utility Bundled Retail Sales - Industrial,EIA Table 8 bundled customers match PUDL bundled customers,Derived from reported customer counts,https://s3.us-west-2.amazonaws.com/pudl.catalyst.coop/stable/core_eia861__yearly_sales.parquet,minority_coverage when the published bundled price covers less than 50% of bundled plus delivery-only customers in the same customer class; the price is not changed,"EIA Electric Sales, Revenue, and Average Price",https://www.eia.gov/electricity/sales_revenue_price/archive/f8612014.zip,2026-08-08,MTC throughout the proposed panel,https://energir.com/en/about/the-company/who-we-are/our-subsidiaries,
MTC_VT_GMP,7601,Green Mountain Power Corp,Green Mountain Power,VT,2015,MTC,MTC,Energir L.P.,Canada,Investor Owned,16.912265,220648,1521795,220648,0,220648,100.0,majority_coverage,Reported,Table 6: Utility Bundled Retail Sales - Residential,EIA Table 6 bundled customers match PUDL bundled customers,14.325131,39912,1540314,39912,0,39912,100.0,majority_coverage,Reported,Table 7: Utility Bundled Retail Sales - Commercial,EIA Table 7 bundled customers match PUDL bundled customers,9.8135487,72,1167865,72,0,72,100.0,majority_coverage,Reported,Table 8: Utility Bundled Retail Sales - Industrial,EIA Table 8 bundled customers match PUDL bundled customers,Derived from reported customer counts,https://s3.us-west-2.amazonaws.com/pudl.catalyst.coop/stable/core_eia861__yearly_sales.parquet,minority_coverage when the published bundled price covers less than 50% of bundled plus delivery-only customers in the same customer class; the price is not changed,"EIA Electric Sales, Revenue, and Average Price",https://www.eia.gov/electricity/sales_revenue_price/archive/f8612015.zip,2026-08-08,MTC throughout the proposed panel,https://energir.com/en/about/the-company/who-we-are/our-subsidiaries,
MTC_VT_GMP,7601,Green Mountain Power Corp,Green Mountain Power,VT,2016,MTC,MTC,Energir L.P.,Canada,Investor Owned,17.266629,220612,1493928,220612,0,220612,100.0,majority_coverage,Reported,Table 6: Utility Bundled Retail Sales - Residential,EIA Table 6 bundled customers match PUDL bundled customers,14.350674,41635,1542060,41635,0,41635,100.0,majority_coverage,Reported,Table 7: Utility Bundled Retail Sales - Commercial,EIA Table 7 bundled customers match PUDL bundled customers,9.7738121,69,1186845,69,0,69,100.0,majority_coverage,Reported,Table 8: Utility Bundled Retail Sales - Industrial,EIA Table 8 bundled customers match PUDL bundled customers,Derived from reported customer counts,https://s3.us-west-2.amazonaws.com/pudl.catalyst.coop/stable/core_eia861__yearly_sales.parquet,minority_coverage when the published bundled price covers less than 50% of bundled plus delivery-only customers in the same customer class; the price is not changed,"EIA Electric Sales, Revenue, and Average Price",https://www.eia.gov/electricity/sales_revenue_price/archive/f8612016.zip,2026-08-08,MTC throughout the proposed panel,https://energir.com/en/about/the-company/who-we-are/our-subsidiaries,
MTC_VT_GMP,7601,Green Mountain Power Corp,Green Mountain Power,VT,2017,MTC,MTC,Energir L.P.,Canada,Investor Owned,17.60801,221420,1466486,221420,0,221420,100.0,majority_coverage,Reported,Table 6: Utility Bundled Retail Sales - Residential,EIA Table 6 bundled customers match PUDL bundled customers,14.408925,42410,1507059,42410,0,42410,100.0,majority_coverage,Reported,Table 7: Utility Bundled Retail Sales - Commercial,EIA Table 7 bundled customers match PUDL bundled customers,9.7623317,66,1173316,66,0,66,100.0,majority_coverage,Reported,Table 8: Utility Bundled Retail Sales - Industrial,EIA Table 8 bundled customers match PUDL bundled customers,Derived from reported customer counts,https://s3.us-west-2.amazonaws.com/pudl.catalyst.coop/stable/core_eia861__yearly_sales.parquet,minority_coverage when the published bundled price covers less than 50% of bundled plus delivery-only customers in the same customer class; the price is not changed,"EIA Electric Sales, Revenue, and Average Price",https://www.eia.gov/electricity/sales_revenue_price/archive/f8612017.zip,2026-08-08,MTC throughout the proposed panel,https://energir.com/en/about/the-company/who-we-are/our-subsidiaries,
MTC_VT_GMP,7601,Green Mountain Power Corp,Green Mountain Power,VT,2018,MTC,MTC,Energir L.P.,Canada,Investor Owned,18.076834,221911,1531308,221911,0,221911,100.0,majority_coverage,Reported,Table 6: Utility Bundled Retail Sales - Residential,EIA Table 6 bundled customers match PUDL bundled customers,15.214809,42769,1526171,42769,0,42769,100.0,majority_coverage,Reported,Table 7: Utility Bundled Retail Sales - Commercial,EIA Table 7 bundled customers match PUDL bundled customers,10.340887,68,1164784,68,0,68,100.0,majority_coverage,Reported,Table 8: Utility Bundled Retail Sales - Industrial,EIA Table 8 bundled customers match PUDL bundled customers,Derived from reported customer counts,https://s3.us-west-2.amazonaws.com/pudl.catalyst.coop/stable/core_eia861__yearly_sales.parquet,minority_coverage when the published bundled price covers less than 50% of bundled plus delivery-only customers in the same customer class; the price is not changed,"EIA Electric Sales, Revenue, and Average Price",https://www.eia.gov/electricity/sales_revenue_price/archive/f8612018.zip,2026-08-08,MTC throughout the proposed panel,https://energir.com/en/about/the-company/who-we-are/our-subsidiaries,
MTC_VT_GMP,7601,Green Mountain Power Corp,Green Mountain Power,VT,2019,MTC,MTC,Energir L.P.,Canada,Investor Owned,17.654379,222599,1501956,222599,0,222599,100.0,majority_coverage,Reported,Table 6: Utility Bundled Retail Sales - Residential,EIA Table 6 bundled customers match PUDL bundled customers,16.279528,44060,1478366,44060,0,44060,100.0,majority_coverage,Reported,Table 7: Utility Bundled Retail Sales - Commercial,EIA Table 7 bundled customers match PUDL bundled customers,10.715928,72,1148104,72,0,72,100.0,majority_coverage,Reported,Table 8: Utility Bundled Retail Sales - Industrial,EIA Table 8 bundled customers match PUDL bundled customers,Derived from reported customer counts,https://s3.us-west-2.amazonaws.com/pudl.catalyst.coop/stable/core_eia861__yearly_sales.parquet,minority_coverage when the published bundled price covers less than 50% of bundled plus delivery-only customers in the same customer class; the price is not changed,"EIA Electric Sales, Revenue, and Average Price",https://www.eia.gov/electricity/sales_revenue_price/archive/f8612019.zip,2026-08-08,MTC throughout the proposed panel,https://energir.com/en/about/the-company/who-we-are/our-subsidiaries,
MTC_VT_GMP,7601,Green Mountain Power Corp,Green Mountain Power,VT,2020,MTC,MTC,Energir L.P.,Canada,Investor Owned,20.001197,222757,1554517,222757,0,222757,100.0,majority_coverage,Reported,Table 6: Utility Bundled Retail Sales - Residential,EIA Table 6 bundled customers match PUDL bundled customers,16.736801,44773,1373787,44773,0,44773,100.0,majority_coverage,Reported,Table 7: Utility Bundled Retail Sales - Commercial,EIA Table 7 bundled customers match PUDL bundled customers,10.916897,72,1112459,72,0,72,100.0,majority_coverage,Reported,Table 8: Utility Bundled Retail Sales - Industrial,EIA Table 8 bundled customers match PUDL bundled customers,Derived from reported customer counts,https://s3.us-west-2.amazonaws.com/pudl.catalyst.coop/stable/core_eia861__yearly_sales.parquet,minority_coverage when the published bundled price covers less than 50% of bundled plus delivery-only customers in the same customer class; the price is not changed,"EIA Electric Sales, Revenue, and Average Price",https://www.eia.gov/electricity/sales_revenue_price/archive/f8612020.zip,2026-08-08,MTC throughout the proposed panel,https://energir.com/en/about/the-company/who-we-are/our-subsidiaries,
MTC_VT_GMP,7601,Green Mountain Power Corp,Green Mountain Power,VT,2021,MTC,MTC,Energir L.P.,Canada,Investor Owned,19.583093,225106,1567112,225106,0,225106,100.0,majority_coverage,Reported,Table 6: Utility Bundled Retail Sales - Residential,EIA Table 6 bundled customers match PUDL bundled customers,16.970975,45499,1423831,45499,0,45499,100.0,majority_coverage,Reported,Table 7: Utility Bundled Retail Sales - Commercial,EIA Table 7 bundled customers match PUDL bundled customers,11.025351,72,1109561,72,0,72,100.0,majority_coverage,Reported,Table 8: Utility Bundled Retail Sales - Industrial,EIA Table 8 bundled customers match PUDL bundled customers,Derived from reported customer counts,https://s3.us-west-2.amazonaws.com/pudl.catalyst.coop/stable/core_eia861__yearly_sales.parquet,minority_coverage when the published bundled price covers less than 50% of bundled plus delivery-only customers in the same customer class; the price is not changed,"EIA Electric Sales, Revenue, and Average Price",https://www.eia.gov/electricity/sales_revenue_price/archive/f8612021.zip,2026-08-08,MTC throughout the proposed panel,https://energir.com/en/about/the-company/who-we-are/our-subsidiaries,
MTC_VT_GMP,7601,Green Mountain Power Corp,Green Mountain Power,VT,2022,MTC,MTC,Energir L.P.,Canada,Investor Owned,20.368832,225059,1567812,225059,0,225059,100.0,majority_coverage,Reported,Table 6: Utility Bundled Retail Sales - Residential,EIA Table 6 bundled customers match PUDL bundled customers,17.654635,46568,1456592,46568,0,46568,100.0,majority_coverage,Reported,Table 7: Utility Bundled Retail Sales - Commercial,EIA Table 7 bundled customers match PUDL bundled customers,11.411827,73,1105029,73,0,73,100.0,majority_coverage,Reported,Table 8: Utility Bundled Retail Sales - Industrial,EIA Table 8 bundled customers match PUDL bundled customers,Derived from reported customer counts,https://s3.us-west-2.amazonaws.com/pudl.catalyst.coop/stable/core_eia861__yearly_sales.parquet,minority_coverage when the published bundled price covers less than 50% of bundled plus delivery-only customers in the same customer class; the price is not changed,"EIA Electric Sales, Revenue, and Average Price",https://www.eia.gov/electricity/sales_revenue_price/archive/f8612022.zip,2026-08-08,MTC throughout the proposed panel,https://energir.com/en/about/the-company/who-we-are/our-subsidiaries,
MTC_VT_GMP,7601,Green Mountain Power Corp,Green Mountain Power,VT,2023,MTC,MTC,Energir L.P.,Canada,Investor Owned,21.020105,225952,1556800,225952,0,225952,100.0,majority_coverage,Reported,Table 6: Utility Bundled Retail Sales - Residential,EIA Table 6 bundled customers match PUDL bundled customers,18.273414,47258,1443403,47258,0,47258,100.0,majority_coverage,Reported,Table 7: Utility Bundled Retail Sales - Commercial,EIA Table 7 bundled customers match PUDL bundled customers,10.588328,75,1032826,75,0,75,100.0,majority_coverage,Reported,Table 8: Utility Bundled Retail Sales - Industrial,EIA Table 8 bundled customers match PUDL bundled customers,Derived from reported customer counts,https://s3.us-west-2.amazonaws.com/pudl.catalyst.coop/stable/core_eia861__yearly_sales.parquet,minority_coverage when the published bundled price covers less than 50% of bundled plus delivery-only customers in the same customer class; the price is not changed,"EIA Electric Sales, Revenue, and Average Price",https://www.eia.gov/electricity/sales_revenue_price/archive/f8612023.zip,2026-08-08,MTC throughout the proposed panel,https://energir.com/en/about/the-company/who-we-are/our-subsidiaries,
MTC_VT_GMP,7601,Green Mountain Power Corp,Green Mountain Power,VT,2024,MTC,MTC,Energir L.P.,Canada,Investor Owned,22.090347,226675,1594099,226675,0,226675,100.0,majority_coverage,Reported,Table 6: Utility Bundled Retail Sales - Residential,EIA Table 6 bundled customers match PUDL bundled customers,19.245643,48745,1471398,48745,0,48745,100.0,majority_coverage,Reported,Table 7: Utility Bundled Retail Sales - Commercial,EIA Table 7 bundled customers match PUDL bundled customers,10.836235,74,1020096,74,0,74,100.0,majority_coverage,Reported,Table 8: Utility Bundled Retail Sales - Industrial,EIA Table 8 bundled customers match PUDL bundled customers,Derived from reported customer counts,https://s3.us-west-2.amazonaws.com/pudl.catalyst.coop/stable/core_eia861__yearly_sales.parquet,minority_coverage when the published bundled price covers less than 50% of bundled plus delivery-only customers in the same customer class; the price is not changed,"EIA Electric Sales, Revenue, and Average Price",https://www.eia.gov/electricity/sales_revenue_price/xls/f8612024.zip,2026-08-08,MTC throughout the proposed panel,https://energir.com/en/about/the-company/who-we-are/our-subsidiaries,
